time,open,high,low,close
1650211200,78.45,78.64,77.0,77.68
1650225600,77.68,77.86,75.04,75.37
1650240000,75.37,76.4,75.17,75.8
1650254400,75.8,75.95,71.52,72.76
1650268800,72.76,73.62,72.27,73.05
1650283200,73.05,74.95,73.05,74.46
1650297600,74.46,77.02,73.54,76.29
1650312000,76.29,77.93,76.26,77.7
1650326400,77.7,78.41,76.75,76.87
1650340800,76.87,77.85,76.78,77.45
1650355200,77.45,78.85,77.15,78.12
1650369600,78.12,81.05,78.02,80.15
1650384000,80.15,80.45,78.73,79.6
1650398400,79.6,80.35,78.88,80.26
1650412800,80.26,80.38,78.81,79.66
1650427200,79.66,79.89,78.29,79.07
1650441600,79.07,81.09,78.91,81.07
1650456000,81.07,81.31,77.7,78.25
1650470400,78.25,78.91,77.34,77.98
1650484800,77.98,79.14,77.66,78.18
1650499200,78.18,79.16,78.07,78.89
1650513600,78.89,79.23,77.75,78.52
1650528000,78.52,79.88,77.89,79.42
1650542400,79.42,80.14,78.62,78.89
1650556800,78.89,79.08,76.05,76.15
1650571200,76.15,76.68,74.01,74.95
1650585600,74.95,76.27,74.57,75.82
1650600000,75.82,77.16,75.79,76.68
1650614400,76.68,76.74,74.93,75.86
1650628800,75.86,76.35,73.5,73.72
1650643200,73.72,74.94,73.26,74.22
1650657600,74.22,74.5,73.67,73.98
1650672000,73.98,74.38,73.4,73.78
1650686400,73.78,74.19,72.9,73.97
1650700800,73.97,74.38,73.64,73.87
1650715200,73.87,74.18,73.18,74.08
1650729600,74.08,74.3,73.21,73.56
1650744000,73.56,73.81,72.33,72.78
1650758400,72.78,73.43,72.72,73.17
1650772800,73.17,73.45,72.82,73.06
1650787200,73.06,73.16,72.53,72.68
1650801600,72.68,72.82,71.85,72.35
1650816000,72.35,72.64,70.89,72.43
1650830400,72.43,72.59,71.43,71.44
1650844800,71.44,71.67,69.33,70.39
1650859200,70.39,70.64,67.5,67.78
1650873600,67.78,69.22,67.29,69.2
1650888000,69.2,70.35,68.9,69.32
1650902400,69.32,71.9,69.18,71.77
1650916800,71.77,72.97,71.62,72.85
1650931200,72.85,73.15,71.69,72.0
1650945600,72.0,72.75,71.76,72.09
1650960000,72.09,72.59,71.07,71.39
1650974400,71.39,71.78,67.84,68.1
1650988800,68.1,69.45,67.67,68.26
1651003200,68.26,69.71,67.45,68.65
1651017600,68.65,70.09,68.24,69.23
1651032000,69.23,70.7,68.9,70.7
1651046400,70.7,70.92,69.41,70.27
1651060800,70.27,71.96,69.76,70.44
1651075200,70.44,70.71,68.5,68.78
1651089600,68.78,69.95,68.73,69.81
1651104000,69.81,70.26,69.2,69.34
1651118400,69.34,70.03,69.01,69.66
1651132800,69.66,70.72,69.62,70.11
1651147200,70.11,70.35,67.17,67.72
1651161600,67.72,68.5,67.15,67.74
1651176000,67.74,68.19,66.52,67.2
1651190400,67.2,67.72,66.14,66.67
1651204800,66.67,67.96,66.17,67.68
1651219200,67.68,67.81,65.1,65.71
1651233600,65.71,66.5,65.0,65.38
1651248000,65.38,65.67,62.09,62.58
1651262400,62.58,63.76,62.54,63.36
1651276800,63.36,64.64,63.26,63.83
1651291200,63.83,64.46,63.17,63.27
1651305600,63.27,63.43,62.51,62.86
1651320000,62.86,62.98,60.0,60.35
1651334400,60.35,60.77,58.63,59.59
1651348800,59.59,59.7,54.88,56.91
1651363200,56.91,58.78,56.21,58.61
1651377600,58.61,60.08,57.7,58.44
1651392000,58.44,59.73,58.22,58.38
1651406400,58.38,60.48,57.54,60.38
1651420800,60.38,61.11,56.81,57.53
1651435200,57.53,59.43,57.33,58.7
1651449600,58.7,60.31,58.45,58.72
1651464000,58.72,60.59,58.61,59.41
1651478400,59.41,59.7,56.68,56.97
1651492800,56.97,61.58,56.71,61.28
1651507200,61.28,62.41,59.37,59.65
1651521600,59.65,61.23,59.01,60.32
1651536000,60.32,61.83,59.84,61.59
1651550400,61.59,62.5,60.72,61.16
1651564800,61.16,61.82,60.29,61.33
1651579200,61.33,61.58,60.13,60.41
1651593600,60.41,60.67,58.07,58.58
1651608000,58.58,60.0,58.1,59.58
1651622400,59.58,60.74,59.24,59.99
1651636800,59.99,61.14,59.26,61.08
1651651200,61.08,62.14,60.79,61.74
1651665600,61.74,61.94,60.15,60.65
1651680000,60.65,67.63,60.51,67.24
1651694400,67.24,67.43,66.03,67.24
1651708800,67.24,69.45,66.75,68.55
1651723200,68.55,68.77,66.7,67.1
1651737600,67.1,67.28,65.34,65.62
1651752000,65.62,66.32,57.65,58.36
1651766400,58.36,59.26,56.4,58.45
1651780800,58.45,59.83,57.89,58.99
1651795200,58.99,59.35,57.81,58.35
1651809600,58.35,59.13,56.82,57.72
1651824000,57.72,58.2,55.97,56.45
1651838400,56.45,58.08,55.03,56.72
1651852800,56.72,57.6,56.21,57.19
1651867200,57.19,57.6,56.4,56.95
1651881600,56.95,57.27,55.8,55.94
1651896000,55.94,56.26,55.07,56.08
1651910400,56.08,57.04,56.02,56.67
1651924800,56.67,57.34,56.24,57.18
1651939200,57.18,57.49,56.83,56.9
1651953600,56.9,56.93,53.06,55.02
1651968000,55.02,55.47,52.33,53.41
1651982400,53.41,54.76,53.22,53.86
1651996800,53.86,54.69,53.01,54.03
1652011200,54.03,54.21,51.32,51.99
1652025600,51.99,53.21,50.57,52.77
1652040000,52.77,52.89,51.07,51.59
1652054400,51.59,53.05,49.89,50.82
1652068800,50.82,51.9,49.88,50.21
1652083200,50.21,51.09,47.2,49.39
1652097600,49.39,50.42,46.67,47.35
1652112000,47.35,47.91,42.11,43.92
1652126400,43.92,46.5,41.01,41.17
1652140800,41.17,43.85,39.9,41.99
1652155200,41.99,48.99,41.79,46.19
1652169600,46.19,48.28,46.08,47.91
1652184000,47.91,50.32,45.44,47.33
1652198400,47.33,48.6,45.5,45.7
1652212800,45.7,45.95,42.19,44.53
1652227200,44.53,46.24,43.27,43.57
1652241600,43.57,44.1,32.16,36.5
1652256000,36.5,41.5,35.79,37.59
1652270400,37.59,40.11,26.0,34.37
1652284800,34.37,34.92,29.84,30.54
1652299200,30.54,32.16,27.5,31.1
1652313600,31.1,33.71,28.57,28.64
1652328000,28.64,29.96,23.35,28.23
1652342400,28.23,29.93,27.15,28.23
1652356800,28.23,33.95,27.62,30.66
1652371200,30.66,33.23,29.42,30.31
1652385600,30.31,30.99,28.2,30.3
1652400000,30.3,34.48,29.5,33.55
1652414400,33.55,36.0,32.93,33.5
1652428800,33.5,36.32,33.48,36.29
1652443200,36.29,37.98,34.59,35.5
1652457600,35.5,36.1,32.82,33.32
1652472000,33.32,34.71,31.66,32.18
1652486400,32.18,33.47,31.95,32.58
1652500800,32.58,32.76,31.16,31.71
1652515200,31.71,33.25,30.14,30.6
1652529600,30.6,30.98,29.25,29.68
1652544000,29.68,32.49,29.35,31.24
1652558400,31.24,34.33,31.16,33.91
1652572800,33.91,34.43,31.84,32.4
1652587200,32.4,34.22,31.91,33.34
1652601600,33.34,35.23,32.84,34.8
1652616000,34.8,35.32,33.74,34.42
1652630400,34.42,35.5,34.22,35.07
1652644800,35.07,37.1,34.9,36.52
1652659200,36.52,36.53,33.91,34.18
1652673600,34.18,34.58,32.39,33.3
1652688000,33.3,34.1,31.37,32.79
1652702400,32.79,33.96,32.03,32.68
1652716800,32.68,33.52,31.94,32.88
1652731200,32.88,34.05,32.34,32.52
1652745600,32.52,34.5,32.45,34.18
1652760000,34.18,34.79,33.33,33.8
1652774400,33.8,34.75,33.76,34.11
1652788800,34.11,35.78,33.23,33.42
1652803200,33.42,33.98,32.16,33.33
1652817600,33.33,34.7,33.11,34.37
1652832000,34.37,35.15,33.14,33.26
1652846400,33.26,33.98,33.06,33.53
1652860800,33.53,33.62,32.79,33.09
1652875200,33.09,33.24,30.19,30.48
1652889600,30.48,31.28,30.01,31.0
1652904000,31.0,31.02,29.33,29.57
1652918400,29.57,30.06,28.44,29.77
1652932800,29.77,30.07,28.7,29.41
1652947200,29.41,29.44,27.45,29.24
1652961600,29.24,31.92,28.65,31.15
1652976000,31.15,31.28,29.55,29.57
1652990400,29.57,30.58,28.89,30.36
1653004800,30.36,31.5,29.62,29.69
1653019200,29.69,30.46,29.26,30.0
1653033600,30.0,31.95,29.9,31.34
1653048000,31.34,31.72,28.53,28.69
1653062400,28.69,29.46,27.77,29.35
1653076800,29.35,29.45,28.69,28.76
1653091200,28.76,29.53,28.14,29.45
1653105600,29.45,29.78,28.91,29.48
1653120000,29.48,29.69,28.74,29.07
1653134400,29.07,30.0,28.56,29.94
1653148800,29.94,30.59,29.41,29.56
1653163200,29.56,30.08,29.1,29.87
1653177600,29.87,30.29,29.27,29.67
1653192000,29.67,29.99,28.94,29.6
1653206400,29.6,30.92,29.51,30.14
1653220800,30.14,32.72,30.13,31.48
1653235200,31.48,31.86,30.86,31.03
1653249600,31.03,32.46,30.79,31.69
1653264000,31.69,32.24,30.82,31.22
1653278400,31.22,32.48,30.89,32.07
1653292800,32.07,32.55,31.31,32.18
1653307200,32.18,32.53,30.91,31.91
1653321600,31.91,33.08,29.82,29.86
1653336000,29.86,30.52,28.5,29.04
1653350400,29.04,29.54,28.78,29.22
1653364800,29.22,29.64,29.01,29.26
1653379200,29.26,29.28,28.12,28.57
1653393600,28.57,28.98,26.83,28.72
1653408000,28.72,28.99,27.79,28.45
1653422400,28.45,29.45,28.32,29.05
1653436800,29.05,29.71,28.5,29.49
1653451200,29.49,29.51,28.17,28.36
1653465600,28.36,28.77,27.52,27.73
1653480000,27.73,28.59,27.61,27.94
1653494400,27.94,28.06,27.08,27.34
1653508800,27.34,27.8,27.12,27.22
1653523200,27.22,28.0,27.14,27.62
1653537600,27.62,27.63,25.22,25.57
1653552000,25.57,25.61,23.16,24.17
1653566400,24.17,25.27,22.72,24.83
1653580800,24.83,25.63,24.02,24.07
1653595200,24.07,24.62,23.33,23.4
1653609600,23.4,23.67,21.87,22.83
1653624000,22.83,23.2,21.65,22.5
1653638400,22.5,22.73,21.41,22.31
1653652800,22.31,23.86,22.09,22.91
1653667200,22.91,23.14,21.33,22.12
1653681600,22.12,23.8,21.97,22.55
1653696000,22.55,23.68,22.16,22.77
1653710400,22.77,23.56,22.6,22.98
1653724800,22.98,23.05,22.27,22.67
1653739200,22.67,25.0,22.41,24.58
1653753600,24.58,25.7,24.05,25.43
1653768000,25.43,25.5,24.62,24.74
1653782400,24.74,24.99,23.7,24.27
1653796800,24.27,24.84,23.88,24.7
1653811200,24.7,26.4,24.61,26.05
1653825600,26.05,27.0,25.89,26.08
1653840000,26.08,26.31,25.21,25.3
1653854400,25.3,26.39,25.26,26.14
1653868800,26.14,27.62,25.3,27.02
1653883200,27.02,28.47,26.59,27.94
1653897600,27.94,28.11,26.52,26.84
1653912000,26.84,27.3,26.17,26.93
1653926400,26.93,27.45,26.64,26.81
1653940800,26.81,28.39,26.7,27.68
1653955200,27.68,29.11,27.51,28.39
1653969600,28.39,28.44,26.39,27.07
1653984000,27.07,27.4,26.46,27.17
1653998400,27.17,27.26,25.52,27.0
1654012800,27.0,27.39,25.89,26.06
1654027200,26.06,26.78,26.01,26.41
1654041600,26.41,27.04,25.65,25.86
1654056000,25.86,25.99,25.21,25.52
1654070400,25.52,26.1,25.4,25.71
1654084800,25.71,26.78,24.64,24.69
1654099200,24.69,24.99,23.99,24.27
1654113600,24.27,24.31,23.16,23.68
1654128000,23.68,23.67,22.65,22.84
1654142400,22.84,23.74,22.75,23.61
1654156800,23.61,24.13,23.26,24.06
1654171200,24.06,24.54,23.2,24.27
1654185600,24.27,24.67,23.96,24.26
1654200000,24.26,24.88,24.16,24.62
1654214400,24.62,24.68,24.05,24.12
1654228800,24.12,24.26,23.7,23.94
1654243200,23.94,24.07,22.56,22.74
1654257600,22.74,23.04,22.45,22.76
1654272000,22.76,23.18,22.65,22.81
1654286400,22.81,23.41,22.76,22.98
1654300800,22.98,23.14,22.1,22.36
1654315200,22.36,23.26,22.31,23.2
1654329600,23.2,23.41,22.96,23.03
1654344000,23.03,23.6,22.65,23.35
1654358400,23.35,23.48,23.07,23.14
1654372800,23.14,24.66,23.09,24.56
1654387200,24.56,24.62,23.92,24.25
1654401600,24.25,25.12,23.91,24.73
1654416000,24.73,25.2,24.34,24.52
1654430400,24.52,24.65,24.03,24.64
1654444800,24.64,24.95,24.26,24.73
1654459200,24.73,25.1,24.1,24.16
1654473600,24.16,26.55,24.02,26.47
1654488000,26.47,27.77,26.31,27.19
1654502400,27.19,27.67,26.84,26.93
1654516800,26.93,27.2,26.04,26.57
1654531200,26.57,26.59,25.5,25.99
1654545600,25.99,26.25,25.15,25.97
1654560000,25.97,26.19,23.09,23.93
1654574400,23.93,24.0,23.46,23.91
1654588800,23.91,24.2,23.3,23.63
1654603200,23.63,24.63,23.38,24.32
1654617600,24.32,25.67,24.05,25.15
1654632000,25.15,25.87,24.11,24.58
1654646400,24.58,25.44,23.71,23.93
1654660800,23.93,24.63,23.81,24.49
1654675200,24.49,24.83,24.3,24.52
1654689600,24.52,25.07,24.04,24.6
1654704000,24.6,24.73,23.82,24.09
1654718400,24.09,24.74,24.03,24.49
1654732800,24.49,24.59,23.7,24.05
1654747200,24.05,24.65,23.95,24.63
1654761600,24.63,25.27,24.46,24.64
1654776000,24.64,25.03,24.45,24.76
1654790400,24.76,25.38,24.15,24.24
1654804800,24.24,24.52,24.07,24.41
1654819200,24.41,24.85,23.75,24.6
1654833600,24.6,24.74,24.25,24.26
1654848000,24.26,24.38,23.64,23.97
1654862400,23.97,24.15,22.65,22.93
1654876800,22.93,23.0,22.14,22.39
1654891200,22.39,22.69,21.88,22.06
1654905600,22.06,22.59,21.97,22.5
1654920000,22.5,23.0,22.36,22.92
1654934400,22.92,22.98,21.11,21.35
1654948800,21.35,21.55,19.73,20.03
1654963200,20.03,20.68,19.62,20.34
1654977600,20.34,20.57,19.65,19.89
1654992000,19.89,20.14,18.19,18.5
1655006400,18.5,18.91,17.9,18.84
1655020800,18.84,19.16,18.09,18.38
1655035200,18.38,19.34,17.5,18.99
1655049600,18.99,19.22,18.37,18.48
1655064000,18.48,18.69,17.21,17.27
1655078400,17.27,17.49,15.6,16.36
1655092800,16.36,17.15,15.43,15.62
1655107200,15.62,15.73,14.56,14.97
1655121600,14.97,16.02,14.61,15.8
1655136000,15.8,16.9,15.58,16.11
1655150400,16.11,17.13,15.31,16.1
1655164800,16.1,16.6,14.64,16.29
1655179200,16.29,17.28,15.79,17.09
1655193600,17.09,17.14,15.96,16.25
1655208000,16.25,17.0,15.75,16.69
1655222400,16.69,16.82,15.96,16.11
1655236800,16.11,16.79,15.52,16.53
1655251200,16.53,16.78,15.67,15.69
1655265600,15.69,15.72,15.0,15.2
1655280000,15.2,15.79,14.52,15.63
1655294400,15.63,16.33,15.5,15.85
1655308800,15.85,17.78,14.83,17.03
1655323200,17.03,18.47,16.87,18.28
1655337600,18.28,18.7,17.64,17.7
1655352000,17.7,17.99,16.86,16.89
1655366400,16.89,17.14,15.97,16.25
1655380800,16.25,16.81,15.74,16.29
1655395200,16.29,16.85,15.98,16.09
1655409600,16.09,16.43,15.49,15.78
1655424000,15.78,16.49,15.46,15.89
1655438400,15.89,16.72,15.83,16.34
1655452800,16.34,16.53,16.08,16.26
1655467200,16.26,16.42,15.86,16.09
1655481600,16.09,16.19,15.77,16.06
1655496000,16.06,16.29,15.9,15.97
1655510400,15.97,16.3,15.61,15.77
1655524800,15.77,15.95,14.85,14.97
1655539200,14.97,15.38,14.54,15.14
1655553600,15.14,15.2,14.86,14.93
1655568000,14.93,15.19,14.15,14.19
1655582400,14.19,15.12,13.76,14.81
1655596800,14.81,15.04,14.11,14.18
1655611200,14.18,14.4,13.71,14.05
1655625600,14.05,15.36,13.96,15.23
1655640000,15.23,15.54,14.8,15.45
1655654400,15.45,15.91,15.05,15.59
1655668800,15.59,16.42,15.56,16.16
1655683200,16.16,16.29,15.34,15.61
1655697600,15.61,15.82,15.31,15.74
1655712000,15.74,17.86,15.7,17.66
1655726400,17.66,17.7,16.99,17.36
1655740800,17.36,17.46,16.61,16.75
1655755200,16.75,17.29,16.5,17.09
1655769600,17.09,17.38,16.61,17.07
1655784000,17.07,17.87,16.81,17.44
1655798400,17.44,18.2,17.35,17.54
1655812800,17.54,18.49,17.51,18.01
1655827200,18.01,18.13,16.84,16.9
1655841600,16.9,17.32,16.62,16.89
1655856000,16.89,16.91,16.06,16.16
1655870400,16.16,16.69,15.98,16.04
1655884800,16.04,16.97,15.95,16.72
1655899200,16.72,17.4,16.48,16.54
1655913600,16.54,16.74,16.2,16.36
1655928000,16.36,16.5,16.01,16.07
1655942400,16.07,17.0,16.01,16.62
1655956800,16.62,17.67,16.59,17.35
1655971200,17.35,18.12,17.2,17.76
1655985600,17.76,18.04,17.07,17.37
1656000000,17.37,17.94,17.06,17.89
1656014400,17.89,18.4,17.69,18.27
1656028800,18.27,20.02,17.96,19.54
1656043200,19.54,19.89,18.94,19.24
1656057600,19.24,19.85,19.02,19.57
1656072000,19.57,20.08,19.0,19.23
1656086400,19.23,19.48,18.79,19.46
1656100800,19.46,20.94,19.43,20.48
1656115200,20.48,21.68,20.28,21.09
1656129600,21.09,21.45,20.81,21.36
1656144000,21.36,21.49,20.61,20.66
1656158400,20.66,20.8,19.85,19.9
1656172800,19.9,20.7,19.85,20.35
1656187200,20.35,21.54,20.21,21.35
1656201600,21.35,22.07,20.83,21.01
1656216000,21.01,21.41,20.75,21.04
1656230400,21.04,21.58,20.95,21.43
1656244800,21.43,21.7,20.63,20.95
1656259200,20.95,21.0,20.08,20.38
1656273600,20.38,20.84,19.58,19.72
1656288000,19.72,20.28,19.66,20.15
1656302400,20.15,20.99,20.05,20.85
1656316800,20.85,21.39,20.84,20.88
1656331200,20.88,20.98,19.7,19.96
1656345600,19.96,20.08,19.15,19.28
1656360000,19.28,19.7,19.22,19.33
1656374400,19.33,19.84,18.71,19.11
1656388800,19.11,19.74,18.97,19.59
1656403200,19.59,20.14,19.44,19.58
1656417600,19.58,20.52,19.12,19.15
1656432000,19.15,19.4,18.53,18.78
1656446400,18.78,18.9,17.96,18.1
1656460800,18.1,18.67,18.01,18.37
1656475200,18.37,18.63,17.78,18.3
1656489600,18.3,18.45,17.48,17.75
1656504000,17.75,17.89,17.26,17.65
1656518400,17.65,17.9,17.15,17.84
1656532800,17.84,18.3,17.45,17.78
1656547200,17.78,17.8,17.01,17.32
1656561600,17.32,17.42,16.36,16.5
1656576000,16.5,16.5,15.82,16.1
1656590400,16.1,16.56,15.74,16.4
1656604800,16.4,16.64,16.01,16.25
1656619200,16.25,17.16,15.9,16.97
1656633600,16.97,17.65,16.67,16.68
1656648000,16.68,16.73,15.78,16.36
1656662400,16.36,16.61,15.77,16.0
1656676800,16.0,16.41,15.83,15.97
1656691200,15.97,16.52,15.9,16.45
1656705600,16.45,16.66,16.01,16.11
1656720000,16.11,16.32,15.93,15.99
1656734400,15.99,16.49,15.95,16.18
1656748800,16.18,16.39,15.97,16.26
1656763200,16.26,16.49,16.12,16.24
1656777600,16.24,16.6,16.14,16.38
1656792000,16.38,16.61,16.28,16.31
1656806400,16.31,16.47,16.08,16.28
1656820800,16.28,16.59,15.95,16.1
1656835200,16.1,16.17,15.93,16.1
1656849600,16.1,16.17,15.81,15.91
1656864000,15.91,16.58,15.89,16.45
1656878400,16.45,16.91,16.37,16.63
1656892800,16.63,16.83,16.28,16.32
1656907200,16.32,17.12,16.31,16.63
1656921600,16.63,17.27,16.6,17.22
1656936000,17.22,17.65,17.02,17.27
1656950400,17.27,17.61,17.13,17.42
1656964800,17.42,18.06,17.28,17.91
1656979200,17.91,18.16,17.59,17.88
1656993600,17.88,18.25,17.64,17.92
1657008000,17.92,17.93,16.91,16.99
1657022400,16.99,17.08,16.64,17.0
1657036800,17.0,17.97,16.73,17.8
1657051200,17.8,18.65,17.72,18.01
1657065600,18.01,18.44,17.76,18.08
1657080000,18.08,18.8,18.01,18.57
1657094400,18.57,18.93,18.24,18.28
1657108800,18.28,18.59,18.11,18.39
1657123200,18.39,19.38,18.32,18.95
1657137600,18.95,19.48,18.77,19.16
1657152000,19.16,19.62,19.01,19.4
1657166400,19.4,19.42,18.81,19.3
1657180800,19.3,19.62,19.23,19.43
1657195200,19.43,20.09,19.05,19.84
1657209600,19.84,20.61,19.79,20.46
1657224000,20.46,20.47,19.99,20.18
1657238400,20.18,21.15,19.9,20.72
1657252800,20.72,20.85,19.81,20.08
1657267200,20.08,20.2,19.42,19.76
1657281600,19.76,20.44,19.4,20.32
1657296000,20.32,20.44,19.86,20.09
1657310400,20.09,20.33,19.65,19.69
1657324800,19.69,20.14,19.55,19.77
1657339200,19.77,20.1,19.68,20.02
1657353600,20.02,20.19,19.69,19.78
1657368000,19.78,19.98,19.67,19.85
1657382400,19.85,20.26,19.81,20.03
1657396800,20.03,20.16,19.82,19.87
1657411200,19.87,19.97,19.25,19.41
1657425600,19.41,19.72,19.27,19.63
1657440000,19.63,19.65,19.04,19.19
1657454400,19.19,19.29,18.83,18.94
1657468800,18.94,19.25,18.72,19.23
1657483200,19.23,19.41,18.99,19.14
1657497600,19.14,19.16,18.52,18.66
1657512000,18.66,18.69,18.16,18.34
1657526400,18.34,18.75,18.31,18.37
1657540800,18.37,18.65,18.06,18.26
1657555200,18.26,18.52,18.21,18.32
1657569600,18.32,18.37,17.3,17.32
1657584000,17.32,17.68,17.21,17.5
1657598400,17.5,17.8,17.25,17.41
1657612800,17.41,17.83,17.3,17.68
1657627200,17.68,18.03,17.54,17.85
1657641600,17.85,18.05,17.01,17.12
1657656000,17.12,17.38,16.69,16.74
1657670400,16.74,17.13,16.68,16.96
1657684800,16.96,17.41,16.91,17.39
1657699200,17.39,17.63,17.31,17.55
1657713600,17.55,17.84,16.32,17.39
1657728000,17.39,18.26,17.28,17.88
1657742400,17.88,18.94,17.73,18.82
1657756800,18.82,18.96,18.5,18.77
1657771200,18.77,19.04,18.35,18.4
1657785600,18.4,18.46,17.85,17.93
1657800000,17.93,18.83,17.77,18.7
1657814400,18.7,19.98,18.58,19.67
1657828800,19.67,19.83,19.44,19.75
1657843200,19.75,20.31,19.46,19.84
1657857600,19.84,20.04,19.6,19.84
1657872000,19.84,20.19,19.74,19.77
1657886400,19.77,20.12,19.22,19.23
1657900800,19.23,19.94,19.07,19.9
1657915200,19.9,20.09,19.27,19.35
1657929600,19.35,19.5,19.07,19.29
1657944000,19.29,19.32,18.68,18.76
1657958400,18.76,19.18,18.73,19.06
1657972800,19.06,20.23,18.99,20.17
1657987200,20.17,21.5,20.15,20.99
1658001600,20.99,21.44,20.78,21.25
1658016000,21.25,21.66,20.79,21.16
1658030400,21.16,22.1,21.09,21.63
1658044800,21.63,21.77,21.15,21.52
1658059200,21.52,21.61,21.1,21.22
1658073600,21.22,21.58,20.66,21.02
1658088000,21.02,21.2,20.55,20.61
1658102400,20.61,22.0,20.57,21.87
1658116800,21.87,24.09,21.65,23.79
1658131200,23.79,24.37,23.41,23.59
1658145600,23.59,24.16,23.27,24.04
1658160000,24.04,24.08,22.22,22.49
1658174400,22.49,24.29,22.32,23.96
1658188800,23.96,24.76,23.17,23.35
1658203200,23.35,23.85,23.03,23.24
1658217600,23.24,24.41,23.13,24.11
1658232000,24.11,25.39,23.99,25.31
1658246400,25.31,26.3,24.78,24.94
1658260800,24.94,25.43,24.45,24.71
1658275200,24.71,25.47,24.46,25.33
1658289600,25.33,25.97,24.93,24.95
1658304000,24.95,25.64,24.54,25.23
1658318400,25.23,26.38,24.86,25.46
1658332800,25.46,25.54,24.16,24.28
1658347200,24.28,24.51,23.38,23.59
1658361600,23.59,24.03,22.77,22.86
1658376000,22.86,23.73,22.63,23.49
1658390400,23.49,23.9,23.23,23.71
1658404800,23.71,24.36,23.57,24.1
1658419200,24.1,25.45,24.07,25.29
1658433600,25.29,25.44,24.7,24.99
1658448000,24.99,25.42,24.51,24.84
1658462400,24.84,25.28,24.55,25.15
1658476800,25.15,25.51,24.9,25.43
1658491200,25.43,25.55,24.06,24.23
1658505600,24.23,24.55,23.6,23.71
1658520000,23.71,23.94,23.57,23.61
1658534400,23.61,24.23,23.29,24.06
1658548800,24.06,24.65,24.05,24.39
1658563200,24.39,24.64,23.33,23.36
1658577600,23.36,23.69,23.17,23.54
1658592000,23.54,23.65,22.81,23.21
1658606400,23.21,23.78,23.07,23.58
1658620800,23.58,23.92,23.25,23.32
1658635200,23.32,24.22,23.21,24.0
1658649600,24.0,24.25,23.72,24.03
1658664000,24.03,24.13,23.63,24.04
1658678400,24.04,24.1,23.76,23.92
1658692800,23.92,24.48,23.66,23.77
1658707200,23.77,23.84,21.82,21.99
1658721600,21.99,22.44,21.84,22.12
1658736000,22.12,22.37,21.92,22.23
1658750400,22.23,22.24,21.74,21.96
1658764800,21.96,22.1,21.23,21.61
1658779200,21.61,22.03,20.86,20.9
1658793600,20.9,20.97,20.26,20.75
1658808000,20.75,20.94,20.48,20.55
1658822400,20.55,20.83,20.47,20.71
1658836800,20.71,20.9,19.83,19.88
1658851200,19.88,20.29,19.53,19.69
1658865600,19.69,20.73,19.55,20.69
1658880000,20.69,20.74,20.19,20.23
1658894400,20.23,21.18,20.2,21.09
1658908800,21.09,21.27,20.76,20.78
1658923200,20.78,21.41,20.71,21.23
1658937600,21.23,23.35,20.9,22.82
1658952000,22.82,23.49,22.81,23.39
1658966400,23.39,23.62,22.82,22.93
1658980800,22.93,23.13,22.68,22.78
1658995200,22.78,23.26,22.61,23.22
1659009600,23.22,24.32,22.4,24.11
1659024000,24.11,24.46,23.82,23.99
1659038400,23.99,24.7,23.99,24.19
1659052800,24.19,24.81,24.02,24.7
1659067200,24.7,25.21,24.33,24.43
1659081600,24.43,24.76,23.67,23.91
1659096000,23.91,25.38,23.45,24.99
1659110400,24.99,25.02,23.76,24.48
1659124800,24.48,25.06,24.25,24.47
1659139200,24.47,24.91,24.11,24.28
1659153600,24.28,24.63,23.88,24.5
1659168000,24.5,24.73,24.1,24.53
1659182400,24.53,25.83,24.42,25.67
1659196800,25.67,25.78,24.58,24.71
1659211200,24.71,24.84,23.95,24.22
1659225600,24.22,24.67,23.99,24.46
1659240000,24.46,24.88,24.4,24.5
1659254400,24.5,25.03,24.08,24.8
1659268800,24.8,24.88,24.31,24.63
1659283200,24.63,25.24,24.09,24.64
1659297600,24.64,24.71,23.51,23.69
1659312000,23.69,24.32,23.58,24.1
1659326400,24.1,24.28,23.31,23.8
1659340800,23.8,23.89,23.1,23.4
1659355200,23.4,23.94,22.94,23.7
1659369600,23.7,23.74,22.95,23.14
1659384000,23.14,23.71,23.08,23.57
1659398400,23.57,23.81,22.31,22.43
1659412800,22.43,22.72,22.21,22.68
1659427200,22.68,22.82,22.28,22.67
1659441600,22.67,23.25,22.22,23.13
1659456000,23.13,23.97,22.9,23.1
1659470400,23.1,23.31,22.72,22.81
1659484800,22.81,23.06,22.25,23.03
1659499200,23.03,23.6,22.94,23.39
1659513600,23.39,23.95,23.39,23.92
1659528000,23.92,24.19,23.68,23.78
1659542400,23.78,24.09,23.65,23.98
1659556800,23.98,24.03,22.93,23.02
1659571200,23.02,24.01,22.9,23.6
1659585600,23.6,23.92,23.25,23.47
1659600000,23.47,23.57,23.14,23.37
1659614400,23.37,23.73,23.05,23.38
1659628800,23.38,23.55,22.85,23.14
1659643200,23.14,23.46,23.01,23.35
1659657600,23.35,24.09,23.08,24.03
1659672000,24.03,24.14,23.73,23.85
1659686400,23.85,24.68,23.72,24.66
1659700800,24.66,24.76,24.05,24.14
1659715200,24.14,24.31,23.9,24.15
1659729600,24.15,24.99,24.07,24.95
1659744000,24.95,25.45,24.71,24.98
1659758400,24.98,25.27,24.86,25.2
1659772800,25.2,25.99,25.2,25.44
1659787200,25.44,26.0,25.44,25.77
1659801600,25.77,26.92,25.75,26.56
1659816000,26.56,26.98,26.14,26.64
1659830400,26.64,26.64,25.83,26.2
1659844800,26.2,26.37,25.93,26.1
1659859200,26.1,26.48,25.81,26.44
1659873600,26.44,28.3,26.44,27.99
1659888000,27.99,28.11,27.65,27.8
1659902400,27.8,28.5,27.61,27.87
1659916800,27.87,28.29,27.56,28.17
1659931200,28.17,28.67,27.98,28.4
1659945600,28.4,30.17,28.2,29.75
1659960000,29.75,30.89,28.71,29.02
1659974400,29.02,29.06,28.32,28.58
1659988800,28.58,28.97,27.83,27.91
1660003200,27.91,28.4,27.6,28.03
1660017600,28.03,28.79,27.97,28.48
1660032000,28.48,28.48,27.2,27.37
1660046400,27.37,28.31,26.9,27.13
1660060800,27.13,27.55,27.02,27.33
1660075200,27.33,27.81,27.27,27.39
1660089600,27.39,27.88,26.58,27.53
1660104000,27.53,27.79,27.14,27.39
1660118400,27.39,28.43,27.36,28.04
1660132800,28.04,30.29,28.02,29.52
1660147200,29.52,29.58,28.52,28.67
1660161600,28.67,29.18,28.58,29.16
1660176000,29.16,29.64,28.84,29.55
1660190400,29.55,30.0,29.34,29.6
1660204800,29.6,29.74,29.26,29.5
1660219200,29.5,30.1,28.75,28.8
1660233600,28.8,29.05,28.55,28.88
1660248000,28.88,29.28,28.22,28.51
1660262400,28.51,29.24,28.04,28.96
1660276800,28.96,29.12,28.64,28.82
1660291200,28.82,29.18,28.16,28.39
1660305600,28.39,29.19,28.34,28.98
1660320000,28.98,29.34,28.73,29.15
1660334400,29.15,29.44,28.96,29.32
1660348800,29.32,30.37,29.05,30.11
1660363200,30.11,30.15,29.53,29.56
1660377600,29.56,29.71,29.29,29.57
1660392000,29.57,29.72,29.13,29.52
1660406400,29.52,29.65,28.84,29.02
1660420800,29.02,29.32,28.93,29.15
1660435200,29.15,29.47,28.66,29.29
1660449600,29.29,29.84,29.23,29.67
1660464000,29.67,29.7,29.08,29.21
1660478400,29.21,29.22,28.46,28.86
1660492800,28.86,28.9,27.81,28.27
1660507200,28.27,28.45,28.0,28.17
1660521600,28.17,29.28,27.94,28.89
1660536000,28.89,29.06,27.35,27.69
1660550400,27.69,27.89,27.34,27.58
1660564800,27.58,28.11,27.32,28.09
1660579200,28.09,28.12,27.45,27.65
1660593600,27.65,27.98,27.03,27.87
1660608000,27.87,28.1,27.23,27.8
1660622400,27.8,27.9,27.36,27.81
1660636800,27.81,28.41,27.61,28.0
1660651200,28.0,28.11,27.29,27.62
1660665600,27.62,27.71,26.9,27.31
1660680000,27.31,27.57,27.0,27.09
1660694400,27.09,27.65,27.04,27.61
1660708800,27.61,28.21,27.18,27.26
1660723200,27.26,27.55,27.04,27.14
1660737600,27.14,27.18,25.91,26.1
1660752000,26.1,26.65,26.03,26.13
1660766400,26.13,26.33,25.23,25.54
1660780800,25.54,25.89,25.3,25.85
1660795200,25.85,25.98,25.63,25.87
1660809600,25.87,26.16,25.61,26.09
1660824000,26.09,26.27,25.38,25.7
1660838400,25.7,25.75,25.01,25.27
1660852800,25.27,25.46,23.74,24.18
1660867200,24.18,24.41,23.01,23.17
1660881600,23.17,23.33,21.0,22.31
1660896000,22.31,22.63,21.92,22.59
1660910400,22.59,22.93,22.27,22.79
1660924800,22.79,23.29,22.43,22.92
1660939200,22.92,23.03,22.08,22.42
1660953600,22.42,22.99,22.41,22.75
1660968000,22.75,23.07,22.57,22.94
1660982400,22.94,22.97,22.64,22.68
1660996800,22.68,22.89,22.56,22.76
1661011200,22.76,22.8,21.72,21.84
1661025600,21.84,22.38,21.6,22.28
1661040000,22.28,22.66,22.21,22.39
1661054400,22.39,22.94,22.12,22.88
1661068800,22.88,23.21,22.74,23.11
1661083200,23.11,23.2,22.63,22.82
1661097600,22.82,23.09,22.7,22.99
1661112000,22.99,23.57,22.47,22.95
1661126400,22.95,22.99,22.59,22.64
1661140800,22.64,22.86,21.94,21.96
1661155200,21.96,22.35,21.61,22.09
1661169600,22.09,22.37,21.82,22.31
1661184000,22.31,22.43,21.8,22.07
1661198400,22.07,22.62,21.94,22.55
1661212800,22.55,22.9,22.45,22.57
1661227200,22.57,22.72,21.8,22.41
1661241600,22.41,22.88,22.4,22.86
1661256000,22.86,23.74,22.62,23.3
1661270400,23.3,23.45,23.01,23.3
1661284800,23.3,23.68,23.17,23.5
1661299200,23.5,23.62,22.78,23.02
1661313600,23.02,23.37,22.82,23.01
1661328000,23.01,23.26,22.94,23.21
1661342400,23.21,23.51,22.9,23.45
1661356800,23.45,23.63,23.15,23.46
1661371200,23.46,23.52,22.94,22.99
1661385600,22.99,23.3,22.94,22.99
1661400000,22.99,23.64,22.97,23.52
1661414400,23.52,23.65,23.25,23.42
1661428800,23.42,23.49,22.63,22.87
1661443200,22.87,23.05,22.73,23.02
1661457600,23.02,23.23,22.84,22.97
1661472000,22.97,23.1,22.66,22.96
1661486400,22.96,23.06,22.32,22.54
1661500800,22.54,22.62,21.9,22.23
1661515200,22.23,23.22,21.51,21.78
1661529600,21.78,21.86,21.26,21.49
1661544000,21.49,21.65,20.3,20.64
1661558400,20.64,20.87,20.36,20.51
1661572800,20.51,20.73,19.96,20.72
1661587200,20.72,20.77,20.46,20.64
1661601600,20.64,20.65,19.89,20.18
1661616000,20.18,20.4,19.88,20.21
1661630400,20.21,20.24,19.76,20.03
1661644800,20.03,20.23,19.78,19.81
1661659200,19.81,20.2,19.6,20.1
1661673600,20.1,20.45,19.92,20.11
1661688000,20.11,20.16,19.65,20.01
1661702400,20.01,20.27,19.77,19.8
1661716800,19.8,19.9,18.04,18.51
1661731200,18.51,18.66,17.83,18.16
1661745600,18.16,18.24,17.46,18.03
1661760000,18.03,18.17,17.81,18.04
1661774400,18.04,19.32,17.97,19.03
1661788800,19.03,19.25,18.81,18.98
1661803200,18.98,19.46,18.92,19.3
1661817600,19.3,19.66,18.99,19.48
1661832000,19.48,20.53,19.44,20.27
1661846400,20.27,20.64,20.05,20.15
1661860800,20.15,20.24,19.0,19.36
1661875200,19.36,19.97,18.85,19.58
1661889600,19.58,19.8,19.23,19.39
1661904000,19.39,19.96,19.38,19.79
1661918400,19.79,20.07,19.57,19.6
1661932800,19.6,19.9,19.32,19.78
1661947200,19.78,19.98,19.25,19.54
1661961600,19.54,19.61,19.12,19.39
1661976000,19.39,19.47,18.96,19.12
1661990400,19.12,19.39,18.82,19.08
1662004800,19.08,19.27,18.76,18.93
1662019200,18.93,19.31,18.79,19.2
1662033600,19.2,19.26,18.31,18.53
1662048000,18.53,18.89,18.43,18.85
1662062400,18.85,19.46,18.81,19.31
1662076800,19.31,19.43,18.91,19.26
1662091200,19.26,19.6,19.1,19.21
1662105600,19.21,19.25,18.91,19.15
1662120000,19.15,19.65,19.02,19.55
1662134400,19.55,19.59,18.65,18.81
1662148800,18.81,18.93,18.66,18.83
1662163200,18.83,18.99,18.6,18.73
1662177600,18.73,18.98,18.54,18.72
1662192000,18.72,18.94,18.67,18.8
1662206400,18.8,18.96,18.7,18.77
1662220800,18.77,18.89,18.66,18.73
1662235200,18.73,18.88,18.69,18.87
1662249600,18.87,19.11,18.83,18.9
1662264000,18.9,18.95,18.75,18.77
1662278400,18.77,18.99,18.7,18.96
1662292800,18.96,19.15,18.76,18.96
1662307200,18.96,19.05,18.85,18.94
1662321600,18.94,19.03,18.81,19.0
1662336000,19.0,19.14,18.93,19.05
1662350400,19.05,19.08,18.7,18.75
1662364800,18.75,18.8,18.39,18.53
1662379200,18.53,18.87,18.48,18.74
1662393600,18.74,18.84,18.61,18.67
1662408000,18.67,19.49,18.65,19.44
1662422400,19.44,20.49,19.43,19.91
1662436800,19.91,20.13,19.84,19.98
1662451200,19.98,20.29,19.78,20.16
1662465600,20.16,20.25,19.41,19.97
1662480000,19.97,20.0,18.27,18.42
1662494400,18.42,18.54,18.11,18.19
1662508800,18.19,18.3,17.8,18.24
1662523200,18.24,18.46,18.13,18.37
1662537600,18.37,18.55,18.2,18.26
1662552000,18.26,18.68,18.11,18.59
1662566400,18.59,18.9,18.5,18.68
1662580800,18.68,19.29,18.68,18.99
1662595200,18.99,19.15,18.83,18.93
1662609600,18.93,19.16,18.55,18.78
1662624000,18.78,19.0,18.69,18.74
1662638400,18.74,19.12,18.38,18.95
1662652800,18.95,19.05,18.69,19.05
1662667200,19.05,19.14,18.89,19.13
1662681600,19.13,19.97,19.09,19.84
1662696000,19.84,20.19,19.77,20.03
1662710400,20.03,20.27,19.98,20.1
1662724800,20.1,20.44,20.05,20.31
1662739200,20.31,20.43,20.03,20.3
1662753600,20.3,20.83,20.1,20.38
1662768000,20.38,21.18,20.22,20.53
1662782400,20.53,20.86,20.22,20.29
1662796800,20.29,20.52,20.24,20.37
1662811200,20.37,20.49,20.02,20.16
1662825600,20.16,20.47,20.1,20.37
1662840000,20.37,20.81,20.2,20.43
1662854400,20.43,20.75,20.23,20.32
1662868800,20.32,20.47,19.93,20.38
1662883200,20.38,20.45,20.24,20.39
1662897600,20.39,20.62,20.3,20.47
1662912000,20.47,20.95,20.4,20.51
1662926400,20.51,20.9,20.12,20.67
1662940800,20.67,21.0,20.04,20.3
1662955200,20.3,20.84,20.2,20.78
1662969600,20.78,21.74,20.65,21.47
1662984000,21.47,21.89,21.03,21.13
1662998400,21.13,21.49,20.81,21.38
1663012800,21.38,21.64,21.13,21.36
1663027200,21.36,21.49,20.74,21.47
1663041600,21.47,21.77,21.17,21.65
1663056000,21.65,21.79,21.32,21.54
1663070400,21.54,21.62,19.54,19.63
1663084800,19.63,19.85,18.89,19.28
1663099200,19.28,19.4,18.73,18.83
1663113600,18.83,19.28,18.69,19.19
1663128000,19.19,19.3,18.75,18.98
1663142400,18.98,19.22,18.79,18.89
1663156800,18.89,19.26,18.72,19.03
1663171200,19.03,19.06,18.42,18.93
1663185600,18.93,19.2,18.72,19.1
1663200000,19.1,19.13,18.44,18.62
1663214400,18.62,19.36,18.44,19.18
1663228800,19.18,19.17,18.74,18.95
1663243200,18.95,19.11,18.13,18.38
1663257600,18.38,18.62,18.28,18.39
1663272000,18.39,18.53,18.06,18.18
1663286400,18.18,18.28,17.87,18.15
1663300800,18.15,18.3,18.1,18.16
1663315200,18.16,18.17,17.62,18.09
1663329600,18.09,18.14,17.57,17.97
1663344000,17.97,17.97,17.54,17.89
1663358400,17.89,18.25,17.87,18.04
1663372800,18.04,18.51,18.03,18.21
1663387200,18.21,18.42,18.06,18.22
1663401600,18.22,18.29,18.08,18.13
1663416000,18.13,18.44,18.07,18.33
1663430400,18.33,18.57,18.32,18.39
1663444800,18.39,18.52,18.32,18.46
1663459200,18.46,18.74,18.27,18.38
1663473600,18.38,18.58,18.36,18.42
1663488000,18.42,18.53,18.08,18.17
1663502400,18.17,18.29,18.0,18.06
1663516800,18.06,18.12,17.63,17.9
1663531200,17.9,17.93,16.05,16.69
1663545600,16.69,17.04,16.36,16.63
1663560000,16.63,16.96,16.47,16.68
1663574400,16.68,16.92,16.48,16.82
1663588800,16.82,17.36,16.8,17.03
1663603200,17.03,17.28,16.88,17.2
1663617600,17.2,17.35,17.12,17.26
1663632000,17.26,17.37,16.96,17.12
1663646400,17.12,17.4,16.96,17.07
1663660800,17.07,17.14,16.74,16.88
1663675200,16.88,17.06,16.56,16.99
1663689600,16.99,17.03,16.6,16.82
1663704000,16.82,16.88,16.55,16.65
1663718400,16.65,16.92,16.57,16.82
1663732800,16.82,16.94,16.43,16.61
1663747200,16.61,16.98,16.55,16.9
1663761600,16.9,17.08,16.76,16.85
1663776000,16.85,17.93,16.85,17.01
1663790400,17.01,17.03,16.16,16.51
1663804800,16.51,16.78,16.37,16.68
1663819200,16.68,17.18,16.68,17.17
1663833600,17.17,17.7,17.11,17.59
1663848000,17.59,17.63,17.11,17.29
1663862400,17.29,17.84,17.13,17.64
1663876800,17.64,17.87,17.51,17.66
1663891200,17.66,18.03,17.52,17.9
1663905600,17.9,18.23,17.78,17.83
1663920000,17.83,17.89,17.27,17.36
1663934400,17.36,17.6,17.12,17.43
1663948800,17.43,17.49,17.17,17.48
1663963200,17.48,18.09,17.47,17.96
1663977600,17.96,18.14,17.77,17.98
1663992000,17.98,18.19,17.82,17.87
1664006400,17.87,18.08,17.75,17.95
1664020800,17.95,18.1,17.8,17.83
1664035200,17.83,17.94,17.78,17.85
1664049600,17.85,17.9,17.53,17.59
1664064000,17.59,17.81,17.55,17.8
1664078400,17.8,17.87,17.64,17.78
1664092800,17.78,17.79,17.65,17.75
1664107200,17.75,17.79,17.39,17.56
1664121600,17.56,17.65,17.35,17.47
1664136000,17.47,17.49,17.11,17.31
1664150400,17.31,17.49,17.1,17.23
1664164800,17.23,17.33,16.95,17.2
1664179200,17.2,17.48,17.1,17.19
1664193600,17.19,17.47,17.12,17.38
1664208000,17.38,17.58,17.19,17.45
1664222400,17.45,17.58,17.3,17.56
1664236800,17.56,18.03,17.49,17.96
1664251200,17.96,18.27,17.8,18.12
1664265600,18.12,18.16,17.96,18.01
1664280000,18.01,18.47,17.82,17.87
1664294400,17.87,17.93,17.02,17.12
1664308800,17.12,17.33,17.05,17.29
1664323200,17.29,17.36,16.74,16.99
1664337600,16.99,17.09,16.72,17.0
1664352000,17.0,17.09,16.75,16.94
1664366400,16.94,17.28,16.93,17.24
1664380800,17.24,17.36,17.1,17.28
1664395200,17.28,17.44,17.2,17.25
1664409600,17.25,17.39,17.11,17.27
1664424000,17.27,17.33,17.04,17.12
1664438400,17.12,17.29,17.07,17.18
1664452800,17.18,17.21,16.86,17.11
1664467200,17.11,17.27,17.0,17.23
1664481600,17.23,17.36,17.12,17.33
1664496000,17.33,17.44,17.14,17.25
1664510400,17.25,17.56,17.2,17.5
1664524800,17.5,17.58,17.27,17.3
1664539200,17.3,17.73,17.01,17.37
1664553600,17.37,17.52,17.15,17.21
1664568000,17.21,17.33,17.0,17.18
1664582400,17.18,17.3,17.1,17.28
1664596800,17.28,17.3,17.14,17.25
1664611200,17.25,17.28,17.12,17.19
1664625600,17.19,17.25,17.11,17.17
1664640000,17.17,17.19,16.91,16.98
1664654400,16.98,17.04,16.85,16.95
1664668800,16.95,17.06,16.92,16.96
1664683200,16.96,17.16,16.96,16.98
1664697600,16.98,17.02,16.56,16.78
1664712000,16.78,16.82,16.64,16.73
1664726400,16.73,16.94,16.7,16.86
1664740800,16.86,16.88,16.42,16.52
1664755200,16.52,16.76,16.31,16.6
1664769600,16.6,16.71,16.42,16.66
1664784000,16.66,16.86,16.56,16.81
1664798400,16.81,17.09,16.68,16.89
1664812800,16.89,17.08,16.87,16.97
1664827200,16.97,17.3,16.96,17.14
1664841600,17.14,17.26,17.05,17.22
1664856000,17.22,17.39,17.11,17.34
1664870400,17.34,17.46,17.22,17.32
1664884800,17.32,17.54,17.25,17.38
1664899200,17.38,17.42,17.18,17.38
1664913600,17.38,17.53,17.34,17.43
1664928000,17.43,17.45,17.25,17.29
1664942400,17.29,17.47,17.23,17.32
1664956800,17.32,17.33,17.03,17.09
1664971200,17.09,17.12,16.93,17.07
1664985600,17.07,17.37,17.04,17.22
1665000000,17.22,17.39,17.17,17.37
1665014400,17.37,17.67,17.33,17.52
1665028800,17.52,17.61,17.31,17.43
1665043200,17.43,17.43,17.26,17.36
1665057600,17.36,17.45,17.14,17.25
1665072000,17.25,17.32,17.07,17.1
1665086400,17.1,17.14,16.96,17.02
1665100800,17.02,17.15,17.01,17.07
1665115200,17.07,17.12,16.97,17.05
1665129600,17.05,17.15,17.02,17.05
1665144000,17.05,17.08,16.7,16.85
1665158400,16.85,16.86,16.7,16.8
1665172800,16.8,16.91,16.78,16.89
1665187200,16.89,16.99,16.86,16.92
1665201600,16.92,16.95,16.82,16.88
1665216000,16.88,16.91,16.83,16.89
1665230400,16.89,16.9,16.77,16.82
1665244800,16.82,16.88,16.77,16.78
1665259200,16.78,16.82,16.6,16.76
1665273600,16.76,16.8,16.69,16.73
1665288000,16.73,16.91,16.7,16.84
1665302400,16.84,16.97,16.8,16.91
1665316800,16.91,16.97,16.88,16.96
1665331200,16.96,16.99,16.85,16.93
1665345600,16.93,16.99,16.75,16.88
1665360000,16.88,17.24,16.85,16.96
1665374400,16.96,17.01,16.82,16.86
1665388800,16.86,16.88,16.5,16.68
1665403200,16.68,16.79,16.6,16.67
1665417600,16.67,16.69,16.52,16.57
1665432000,16.57,16.61,16.12,16.19
1665446400,16.19,16.2,15.54,15.87
1665460800,15.87,16.06,15.85,16.01
1665475200,16.01,16.07,15.93,16.05
1665489600,16.05,16.31,15.83,16.19
1665504000,16.19,16.21,15.87,15.93
1665518400,15.93,16.0,15.83,15.94
1665532800,15.94,16.09,15.87,15.89
1665547200,15.89,16.08,15.89,15.98
1665561600,15.98,16.15,15.96,16.07
1665576000,16.07,16.1,15.84,16.02
1665590400,16.02,16.04,15.8,15.98
1665604800,15.98,16.04,15.93,15.94
1665619200,15.94,15.98,15.33,15.59
1665633600,15.59,15.62,14.89,15.15
1665648000,15.15,15.23,14.45,14.99
1665662400,14.99,15.39,14.31,15.26
1665676800,15.26,15.74,15.21,15.62
1665691200,15.62,15.8,15.61,15.64
1665705600,15.64,16.36,15.6,16.12
1665720000,16.12,16.35,16.06,16.13
1665734400,16.13,16.29,16.06,16.13
1665748800,16.13,16.4,15.9,15.91
1665763200,15.91,15.96,15.66,15.72
1665777600,15.72,15.78,15.53,15.66
1665792000,15.66,15.75,15.58,15.69
1665806400,15.69,15.76,15.63,15.71
1665820800,15.71,15.74,15.48,15.72
1665835200,15.72,15.74,15.57,15.67
1665849600,15.67,15.74,15.58,15.61
1665864000,15.61,15.63,15.34,15.42
1665878400,15.42,15.57,15.39,15.49
1665892800,15.49,15.6,15.46,15.58
1665907200,15.58,15.73,15.55,15.59
1665921600,15.59,15.65,15.52,15.6
1665936000,15.6,15.86,15.53,15.85
1665950400,15.85,15.87,15.59,15.73
1665964800,15.73,15.81,15.63,15.73
1665979200,15.73,15.96,15.67,15.89
1665993600,15.89,16.16,15.8,16.03
1666008000,16.03,16.26,15.95,16.07
1666022400,16.07,16.17,15.95,16.01
1666036800,16.01,16.27,16.0,16.16
1666051200,16.16,16.35,16.05,16.22
1666065600,16.22,16.33,16.16,16.28
1666080000,16.28,16.31,15.91,16.04
1666094400,16.04,16.15,15.76,15.88
1666108800,15.88,16.02,15.56,15.76
1666123200,15.76,15.94,15.74,15.86
1666137600,15.86,15.92,15.62,15.64
1666152000,15.64,15.75,15.45,15.57
1666166400,15.57,15.63,15.4,15.54
1666180800,15.54,15.65,15.4,15.61
1666195200,15.61,15.63,15.42,15.58
1666209600,15.58,15.63,14.98,15.04
1666224000,15.04,15.18,14.85,15.12
1666238400,15.12,15.39,15.12,15.23
1666252800,15.23,15.33,15.13,15.3
1666267200,15.3,15.39,15.14,15.26
1666281600,15.26,15.44,15.03,15.32
1666296000,15.32,15.37,15.11,15.13
1666310400,15.13,15.16,14.75,15.08
1666324800,15.08,15.12,14.91,14.98
1666339200,14.98,14.99,14.67,14.73
1666353600,14.73,15.31,14.55,15.3
1666368000,15.3,15.6,15.23,15.51
1666382400,15.51,15.74,15.42,15.67
1666396800,15.67,15.88,15.54,15.64
1666411200,15.64,15.67,15.5,15.64
1666425600,15.64,15.84,15.62,15.79
1666440000,15.79,15.93,15.65,15.69
1666454400,15.69,15.72,15.55,15.66
1666468800,15.66,15.77,15.63,15.66
1666483200,15.66,15.88,15.59,15.76
1666497600,15.76,15.84,15.67,15.77
1666512000,15.77,15.86,15.61,15.67
1666526400,15.67,15.78,15.58,15.63
1666540800,15.63,16.06,15.61,16.02
1666555200,16.02,16.42,15.94,16.31
1666569600,16.31,16.49,16.05,16.08
1666584000,16.08,16.14,15.85,15.95
1666598400,15.95,16.09,15.86,16.06
1666612800,16.06,16.08,15.63,15.8
1666627200,15.8,15.84,15.62,15.75
1666641600,15.75,15.83,15.68,15.74
1666656000,15.74,15.89,15.57,15.835
1666670400,15.835,15.88,15.72,15.751
1666684800,15.751,15.77,15.584,15.68
1666699200,15.68,16.43,15.601,16.328
1666713600,16.328,17.1,16.33,16.818
1666728000,16.818,16.867,16.39,16.621
1666742400,16.621,17.045,16.62,16.951
1666756800,16.951,17.226,16.94,17.09
1666771200,17.09,17.349,16.964,17.063
1666785600,17.063,17.332,16.831,17.129
1666800000,17.129,17.227,16.861,16.993
1666814400,16.993,17.159,16.91,16.992
1666828800,16.992,17.186,16.869,17.109
1666843200,17.109,17.5,17.039,17.2
1666857600,17.2,17.242,16.902,17.002
1666872000,17.002,17.37,16.81,17.218
1666886400,17.218,17.42,17.155,17.336
1666900800,17.336,17.367,16.835,16.878
1666915200,16.878,17.116,16.708,17.021
1666929600,17.021,17.174,16.915,17.173
1666944000,17.173,17.459,17.082,17.253
1666958400,17.253,17.76,17.091,17.584
1666972800,17.584,18.244,17.561,18.164
1666987200,18.164,18.39,18.115,18.32
1667001600,18.32,18.781,18.254,18.734
1667016000,18.734,18.766,18.32,18.475
1667030400,18.475,18.888,18.3,18.377
1667044800,18.377,18.686,18.31,18.503
1667059200,18.503,18.81,18.343,18.437
1667073600,18.437,18.519,18.151,18.28
1667088000,18.28,18.433,18.152,18.403
1667102400,18.403,18.824,18.294,18.77
1667116800,18.77,18.792,18.281,18.496
1667131200,18.496,18.51,17.974,18.081
1667145600,18.081,18.279,17.99,18.196
1667160000,18.196,18.354,17.906,18.241
1667174400,18.241,18.735,18.17,18.711
1667188800,18.711,18.93,18.453,18.683
1667203200,18.683,19.52,18.425,19.35
1667217600,19.35,19.798,18.952,19.143
1667232000,19.143,19.278,18.817,18.854
1667246400,18.854,19.469,18.804,19.266
1667260800,19.266,19.486,19.086,19.091
1667275200,19.091,19.456,18.94,19.349
1667289600,19.349,19.528,19.022,19.095
1667304000,19.095,19.205,18.7,18.811
1667318400,18.811,18.889,18.584,18.611
1667332800,18.611,18.724,18.563,18.614
1667347200,18.614,18.63,18.22,18.38
1667361600,18.38,18.4,17.937,18.096
1667376000,18.096,18.229,17.636,17.84
1667390400,17.84,18.189,17.73,18.049
1667404800,18.049,18.758,17.669,17.85
1667419200,17.85,17.954,17.406,17.902
1667433600,17.902,18.76,17.788,18.684
1667448000,18.684,18.849,18.463,18.528
1667462400,18.528,18.867,18.134,18.262
1667476800,18.262,18.476,18.021,18.267
1667491200,18.267,18.453,18.25,18.34
1667505600,18.34,18.349,17.92,18.022
1667520000,18.022,18.539,17.863,18.533
1667534400,18.533,19.186,18.43,19.169
1667548800,19.169,19.252,18.819,18.845
1667563200,18.845,19.689,18.59,19.044
1667577600,19.044,19.268,18.902,19.263
1667592000,19.263,19.409,19.18,19.375
1667606400,19.375,19.855,19.294,19.643
1667620800,19.643,19.699,19.439,19.621
1667635200,19.621,19.622,19.18,19.428
1667649600,19.428,20.288,19.2,19.937
1667664000,19.937,20.6,19.602,19.85
1667678400,19.85,19.877,19.288,19.593
1667692800,19.593,19.747,19.13,19.422
1667707200,19.422,19.613,19.3,19.512
1667721600,19.512,19.576,19.305,19.408
1667736000,19.408,19.44,19.2,19.237
1667750400,19.237,19.299,18.84,18.963
1667764800,18.963,19.021,18.181,18.219
1667779200,18.219,18.625,18.166,18.515
1667793600,18.515,18.667,17.646,17.749
1667808000,17.749,18.436,17.719,18.327
1667822400,18.327,18.585,17.947,18.579
1667836800,18.579,18.788,18.318,18.748
1667851200,18.748,18.847,17.727,18.065
1667865600,18.065,18.142,17.15,17.23
1667880000,17.23,17.41,16.101,16.803
1667894400,16.803,16.927,16.451,16.546
1667908800,16.546,16.917,16.227,16.641
1667923200,16.641,18.0,14.639,15.802
1667937600,15.802,16.214,15.17,15.994
1667952000,15.994,16.14,14.993,15.438
1667966400,15.438,15.858,15.098,15.386
1667980800,15.386,15.436,14.169,14.788
1667995200,14.788,14.91,13.711,13.846
1668009600,13.846,14.143,12.653,13.054
1668024000,13.054,13.281,11.916,12.858
1668038400,12.858,13.741,12.611,13.445
1668052800,13.445,14.655,13.323,14.355
1668067200,14.355,14.432,13.799,14.178
1668081600,14.178,15.835,14.146,15.573
1668096000,15.573,15.941,15.018,15.468
1668110400,15.468,15.73,15.22,15.403
1668124800,15.403,15.45,14.675,14.851
1668139200,14.851,15.099,14.576,14.949
1668153600,14.949,15.086,14.754,14.872
1668168000,14.872,15.125,13.751,14.127
1668182400,14.127,14.163,13.56,13.903
1668196800,13.903,14.15,13.636,14.12
1668211200,14.12,14.138,13.443,13.59
1668225600,13.59,13.668,12.872,13.416
1668240000,13.416,13.523,13.174,13.33
1668254400,13.33,13.444,13.134,13.392
1668268800,13.392,13.436,13.262,13.326
1668283200,13.326,13.334,12.962,13.086
1668297600,13.086,13.35,12.994,13.289
1668312000,13.289,13.342,12.78,12.97
1668326400,12.97,13.068,12.612,12.995
1668340800,12.995,13.329,12.92,13.15
1668355200,13.15,13.264,12.924,13.025
1668369600,13.025,13.228,12.7,13.011
1668384000,13.011,13.109,12.196,12.321
1668398400,12.321,13.298,12.028,13.138
1668412800,13.138,13.55,13.129,13.327
1668427200,13.327,13.594,12.91,13.136
1668441600,13.136,13.175,12.8,12.868
1668456000,12.868,13.17,12.834,13.127
1668470400,13.127,13.395,12.994,13.286
1668484800,13.286,13.342,13.05,13.306
1668499200,13.306,13.487,13.259,13.361
1668513600,13.361,13.716,13.325,13.538
1668528000,13.538,13.996,13.321,13.611
1668542400,13.611,13.65,13.412,13.505
1668556800,13.505,13.703,13.371,13.702
1668571200,13.702,13.712,13.4,13.411
1668585600,13.411,13.439,13.142,13.176
1668600000,13.176,13.27,12.852,12.948
1668614400,12.948,13.128,12.78,13.037
1668628800,13.037,13.113,12.95,13.04
1668643200,13.04,13.241,13.0,13.102
1668657600,13.102,13.34,12.902,13.155
1668672000,13.155,13.212,12.943,13.049
1668686400,13.049,13.073,12.645,12.802
1668700800,12.802,13.069,12.766,12.982
1668715200,12.982,13.043,12.842,12.859
1668729600,12.859,13.284,12.845,13.236
1668744000,13.236,13.277,13.106,13.116
1668758400,13.116,13.194,13.004,13.157
1668772800,13.157,13.226,13.034,13.138
1668787200,13.138,13.206,12.88,12.95
1668801600,12.95,13.009,12.887,12.986
1668816000,12.986,12.988,12.706,12.832
1668830400,12.832,12.837,12.477,12.686
1668844800,12.686,12.777,12.614,12.772
1668859200,12.772,12.883,12.681,12.822
1668873600,12.822,12.908,12.773,12.81
1668888000,12.81,12.966,12.79,12.88
1668902400,12.88,13.046,12.843,12.954
1668916800,12.954,13.133,12.951,13.015
1668931200,13.015,13.031,12.542,12.603
1668945600,12.603,12.8,12.501,12.735
1668960000,12.735,12.736,12.426,12.54
1668974400,12.54,12.569,12.039,12.177
1668988800,12.177,12.188,11.701,11.853
1669003200,11.853,12.093,11.806,11.881
1669017600,11.881,11.979,11.762,11.842
1669032000,11.842,12.084,11.809,12.012
1669046400,12.012,12.048,11.53,11.71
1669060800,11.71,12.001,11.65,11.806
1669075200,11.806,12.046,11.755,11.873
1669089600,11.873,11.878,11.469,11.617
1669104000,11.617,11.627,11.417,11.514
1669118400,11.514,12.386,11.465,12.31
1669132800,12.31,12.349,12.107,12.207
1669147200,12.207,12.37,12.173,12.341
1669161600,12.341,12.822,12.331,12.77
1669176000,12.77,12.826,12.63,12.722
1669190400,12.722,12.885,12.667,12.781
1669204800,12.781,12.802,12.467,12.533
1669219200,12.533,12.82,12.407,12.708
1669233600,12.708,13.053,12.657,13.049
1669248000,13.049,13.381,12.928,13.338
1669262400,13.338,13.392,13.094,13.103
1669276800,13.103,13.123,12.851,12.893
1669291200,12.893,12.946,12.75,12.852
1669305600,12.852,12.946,12.795,12.871
1669320000,12.871,12.964,12.85,12.939
1669334400,12.939,12.941,12.551,12.61
1669348800,12.61,12.724,12.51,12.71
1669363200,12.71,12.837,12.599,12.798
1669377600,12.798,13.027,12.718,12.839
1669392000,12.839,12.946,12.716,12.885
1669406400,12.885,12.979,12.799,12.813
1669420800,12.813,13.23,12.814,13.001
1669435200,13.001,13.023,12.848,12.913
1669449600,12.913,13.099,12.908,13.054
1669464000,13.054,13.167,12.908,12.975
1669478400,12.975,13.037,12.669,12.764
1669492800,12.764,12.793,12.605,12.762
1669507200,12.762,12.932,12.677,12.895
1669521600,12.895,13.0,12.886,12.913
1669536000,12.913,13.03,12.885,12.977
1669550400,12.977,13.226,12.964,13.179
1669564800,13.179,13.25,13.08,13.185
1669579200,13.185,13.229,12.83,12.855
1669593600,12.855,12.981,11.93,12.217
1669608000,12.217,12.367,12.155,12.365
1669622400,12.365,12.391,12.22,12.275
1669636800,12.275,12.488,12.187,12.237
1669651200,12.237,12.61,12.098,12.387
1669665600,12.387,12.524,12.364,12.441
1669680000,12.441,12.493,12.266,12.349
1669694400,12.349,12.555,12.345,12.489
1669708800,12.489,12.723,12.489,12.621
1669723200,12.621,12.636,12.406,12.473
1669737600,12.473,12.483,12.342,12.411
1669752000,12.411,12.562,12.396,12.456
1669766400,12.456,13.106,12.452,12.667
1669780800,12.667,13.062,12.667,13.018
1669795200,13.018,13.154,12.834,12.959
1669809600,12.959,12.969,12.75,12.834
1669824000,12.834,13.036,12.486,12.923
1669838400,12.923,13.189,12.896,13.131
1669852800,13.131,13.312,13.014,13.128
1669867200,13.128,13.191,12.992,12.995
1669881600,12.995,13.089,12.971,13.079
1669896000,13.079,13.153,12.842,13.067
1669910400,13.067,13.087,12.884,12.922
1669924800,12.922,12.96,12.779,12.896
1669939200,12.896,13.064,12.772,12.934
1669953600,12.934,13.083,12.815,13.047
1669968000,13.047,13.228,13.033,13.156
1669982400,13.156,13.243,12.891,13.123
1669996800,13.123,13.41,13.037,13.385
1670011200,13.385,13.657,13.323,13.574
1670025600,13.574,13.737,13.45,13.46
1670040000,13.46,13.512,13.282,13.339
1670054400,13.339,13.558,13.276,13.491
1670068800,13.491,13.644,13.483,13.586
1670083200,13.586,13.9,13.563,13.83
1670097600,13.83,13.831,13.389,13.403
1670112000,13.403,13.776,13.39,13.632
1670126400,13.632,13.762,13.578,13.717
1670140800,13.717,13.775,13.56,13.599
1670155200,13.599,13.756,13.597,13.696
1670169600,13.696,13.739,13.571,13.676
1670184000,13.676,13.94,13.675,13.919
1670198400,13.919,14.185,13.84,14.128
1670212800,14.128,14.303,14.089,14.165
1670227200,14.165,14.347,14.1,14.145
1670241600,14.145,14.148,13.707,13.809
1670256000,13.809,13.843,13.4,13.535
1670270400,13.535,13.616,13.496,13.599
1670284800,13.599,13.677,13.533,13.586
1670299200,13.586,13.64,13.485,13.632
1670313600,13.632,13.671,13.426,13.572
1670328000,13.572,13.626,13.465,13.587
1670342400,13.587,13.61,13.462,13.517
1670356800,13.517,13.687,13.478,13.662
1670371200,13.662,13.693,13.519,13.552
1670385600,13.552,13.584,12.979,13.044
1670400000,13.044,13.253,12.983,13.181
1670414400,13.181,13.292,13.153,13.22
1670428800,13.22,13.244,13.128,13.188
1670443200,13.188,13.279,13.102,13.259
1670457600,13.259,13.334,13.214,13.27
1670472000,13.27,13.285,13.151,13.25
1670486400,13.25,13.266,13.045,13.181
1670500800,13.181,13.273,13.141,13.241
1670515200,13.241,13.503,13.226,13.47
1670529600,13.47,13.514,13.357,13.405
1670544000,13.405,13.511,13.374,13.411
1670558400,13.411,13.525,13.392,13.481
1670572800,13.481,13.602,13.438,13.525
1670587200,13.525,13.616,13.35,13.539
1670601600,13.539,13.547,13.395,13.43
1670616000,13.43,13.476,13.346,13.451
1670630400,13.451,13.455,13.33,13.381
1670644800,13.381,13.453,13.361,13.414
1670659200,13.414,13.432,13.34,13.403
1670673600,13.403,13.493,13.371,13.485
1670688000,13.485,13.6,13.441,13.521
1670702400,13.521,13.55,13.435,13.478
1670716800,13.478,13.496,13.434,13.444
1670731200,13.444,13.457,13.401,13.411
1670745600,13.411,13.426,13.363,13.421
1670760000,13.421,13.442,13.407,13.437
1670774400,13.437,13.494,13.397,13.417
1670788800,13.417,13.419,12.9,12.972
1670803200,12.972,12.997,12.442,12.695
1670817600,12.695,12.765,12.683,12.719
1670832000,12.719,12.86,12.69,12.834
1670846400,12.834,12.833,12.67,12.759
1670860800,12.759,12.842,12.692,12.839
1670875200,12.839,13.052,12.813,12.996
1670889600,12.996,13.036,12.812,12.833
1670904000,12.833,12.935,12.548,12.712
1670918400,12.712,13.178,12.673,13.161
1670932800,13.161,14.434,13.005,13.804
1670947200,13.804,13.871,13.467,13.51
1670961600,13.51,13.77,13.48,13.75
1670976000,13.75,13.854,13.726,13.76
1670990400,13.76,13.813,13.631,13.679
1671004800,13.679,13.815,13.592,13.753
1671019200,13.753,14.029,13.707,14.007
1671033600,14.007,14.185,13.542,13.644
1671048000,13.644,13.823,13.565,13.71
1671062400,13.71,13.895,13.466,13.807
1671076800,13.807,13.824,13.55,13.556
1671091200,13.556,13.673,13.45,13.619
1671105600,13.619,13.623,13.421,13.478
1671120000,13.478,13.486,13.15,13.298
1671134400,13.298,13.316,13.061,13.17
1671148800,13.17,13.29,13.069,13.228
1671163200,13.228,13.277,13.114,13.246
1671177600,13.246,13.26,12.566,12.703
1671192000,12.703,12.728,12.354,12.528
1671206400,12.528,12.557,12.316,12.55
1671220800,12.55,12.617,11.57,11.828
1671235200,11.828,11.908,11.509,11.758
1671249600,11.758,11.973,11.695,11.966
1671264000,11.966,11.99,11.843,11.882
1671278400,11.882,11.913,11.795,11.897
1671292800,11.897,11.904,11.758,11.804
1671307200,11.804,11.979,11.773,11.943
1671321600,11.943,11.973,11.864,11.956
1671336000,11.956,12.024,11.873,11.888
1671350400,11.888,11.917,11.775,11.876
1671364800,11.876,11.921,11.821,11.822
1671379200,11.822,11.969,11.808,11.928
1671393600,11.928,12.023,11.868,11.92
1671408000,11.92,12.093,11.66,11.793
1671422400,11.793,11.89,11.78,11.827
1671436800,11.827,12.063,11.823,11.969
1671451200,11.969,12.018,11.851,11.876
1671465600,11.876,11.922,11.57,11.685
1671480000,11.685,11.714,11.106,11.383
1671494400,11.383,11.788,11.318,11.716
1671508800,11.716,12.01,11.702,11.927
1671523200,11.927,12.029,11.882,11.95
1671537600,11.95,12.046,11.781,11.924
1671552000,11.924,11.943,11.807,11.925
1671566400,11.925,11.993,11.873,11.939
1671580800,11.939,11.985,11.722,11.774
1671595200,11.774,11.81,11.662,11.792
1671609600,11.792,11.894,11.731,11.876
1671624000,11.876,11.89,11.745,11.848
1671638400,11.848,11.869,11.687,11.714
1671652800,11.714,11.722,11.613,11.698
1671667200,11.698,11.797,11.66,11.726
1671681600,11.726,11.737,11.603,11.669
1671696000,11.669,11.759,11.634,11.718
1671710400,11.718,11.752,11.44,11.489
1671724800,11.489,11.63,11.468,11.624
1671739200,11.624,11.872,11.616,11.847
1671753600,11.847,11.882,11.748,11.839
1671768000,11.839,11.883,11.79,11.796
1671782400,11.796,11.852,11.738,11.814
1671796800,11.814,11.862,11.615,11.798
1671811200,11.798,11.842,11.744,11.786
1671825600,11.786,11.806,11.727,11.775
1671840000,11.775,11.815,11.761,11.808
1671854400,11.808,11.826,11.691,11.71
1671868800,11.71,11.712,11.643,11.687
1671883200,11.687,11.705,11.659,11.682
1671897600,11.682,11.71,11.641,11.687
1671912000,11.687,11.696,11.631,11.67
1671926400,11.67,11.721,11.643,11.655
1671940800,11.655,11.661,11.602,11.621
1671955200,11.621,11.621,11.524,11.581
1671969600,11.581,11.639,11.495,11.546
1671984000,11.546,11.611,11.503,11.603
1671998400,11.603,11.728,11.563,11.673
1672012800,11.673,11.766,11.601,11.747
1672027200,11.747,11.77,11.665,11.68
1672041600,11.68,11.737,11.65,11.719
1672056000,11.719,11.749,11.574,11.613
1672070400,11.613,11.634,11.558,11.615
1672084800,11.615,11.741,11.566,11.707
1672099200,11.707,11.755,11.655,11.707
1672113600,11.707,11.726,11.673,11.689
1672128000,11.689,11.791,11.664,11.717
1672142400,11.717,11.798,11.612,11.704
1672156800,11.704,11.726,11.522,11.62
1672171200,11.62,11.662,11.583,11.641
1672185600,11.641,11.672,11.33,11.436
1672200000,11.436,11.441,11.11,11.31
1672214400,11.31,11.415,11.258,11.352
1672228800,11.352,11.482,11.271,11.278
1672243200,11.278,11.364,11.266,11.286
1672257600,11.286,11.311,11.07,11.204
1672272000,11.204,11.216,10.951,11.182
1672286400,11.182,11.222,11.141,11.194
1672300800,11.194,11.211,11.04,11.145
1672315200,11.145,11.21,11.1,11.116
1672329600,11.116,11.174,10.966,11.013
1672344000,11.013,11.024,10.591,10.967
1672358400,10.967,10.975,10.792,10.864
1672372800,10.864,10.947,10.68,10.759
1672387200,10.759,10.801,10.663,10.708
1672401600,10.708,10.792,10.533,10.763
1672416000,10.763,10.89,10.724,10.834
1672430400,10.834,10.943,10.794,10.869
1672444800,10.869,10.907,10.833,10.859
1672459200,10.859,10.97,10.853,10.919
1672473600,10.919,10.976,10.91,10.93
1672488000,10.93,11.074,10.926,10.965
1672502400,10.965,10.999,10.925,10.978
1672516800,10.978,10.995,10.836,10.903
1672531200,10.903,10.904,10.79,10.815
1672545600,10.815,10.815,10.677,10.704
1672560000,10.704,10.75,10.64,10.745
1672574400,10.745,10.77,10.71,10.759
1672588800,10.759,10.901,10.735,10.88
1672603200,10.88,10.931,10.839,10.86
1672617600,10.86,10.912,10.695,10.839
1672632000,10.839,11.301,10.824,11.121
1672646400,11.121,11.193,11.091,11.139
1672660800,11.139,11.215,11.107,11.177
1672675200,11.177,11.207,11.121,11.186
1672689600,11.186,11.29,11.061,11.162
1672704000,11.162,11.198,11.058,11.136
1672718400,11.136,11.353,11.135,11.271
1672732800,11.271,11.362,11.16,11.273
1672747200,11.273,11.43,11.231,11.402
1672761600,11.402,11.551,11.256,11.299
1672776000,11.299,11.39,11.29,11.377
1672790400,11.377,11.859,11.34,11.814
1672804800,11.814,11.95,11.728,11.896
1672819200,11.896,11.982,11.675,11.764
1672833600,11.764,12.139,11.751,12.107
1672848000,12.107,12.286,11.941,12.135
1672862400,12.135,12.136,11.926,12.072
1672876800,12.072,12.138,11.953,12.096
1672891200,12.096,12.173,11.945,11.993
1672905600,11.993,12.018,11.801,11.893
1672920000,11.893,11.917,11.734,11.771
1672934400,11.771,11.859,11.707,11.831
1672948800,11.831,11.852,11.645,11.743
1672963200,11.743,11.817,11.678,11.683
1672977600,11.683,11.703,11.48,11.533
1672992000,11.533,11.588,11.372,11.451
1673006400,11.451,11.609,11.305,11.593
1673020800,11.593,11.753,11.532,11.746
1673035200,11.746,11.818,11.638,11.772
1673049600,11.772,11.866,11.735,11.81
1673064000,11.81,11.845,11.736,11.817
1673078400,11.817,11.836,11.694,11.712
1673092800,11.712,11.747,11.684,11.718
1673107200,11.718,11.774,11.644,11.771
1673121600,11.771,11.778,11.668,11.74
1673136000,11.74,11.767,11.577,11.677
1673150400,11.677,11.734,11.656,11.724
1673164800,11.724,11.868,11.72,11.799
1673179200,11.799,11.979,11.777,11.944
1673193600,11.944,11.965,11.786,11.874
1673208000,11.874,12.15,11.873,12.086
1673222400,12.086,12.624,12.07,12.517
1673236800,12.517,12.569,12.403,12.441
1673251200,12.441,12.58,12.278,12.401
1673265600,12.401,12.651,12.271,12.542
1673280000,12.542,12.645,12.31,12.312
1673294400,12.312,12.356,12.075,12.178
1673308800,12.178,12.417,12.006,12.309
1673323200,12.309,12.407,12.251,12.321
1673337600,12.321,12.571,12.285,12.451
1673352000,12.451,12.95,12.311,12.698
1673366400,12.698,12.82,12.57,12.792
1673380800,12.792,12.819,12.638,12.73
1673395200,12.73,12.776,12.382,12.444
1673409600,12.444,12.543,12.369,12.533
1673424000,12.533,12.55,12.408,12.483
1673438400,12.483,12.588,12.239,12.465
1673452800,12.465,15.0,12.37,14.557
1673467200,14.557,16.056,14.295,15.838
1673481600,15.838,16.534,15.513,15.943
1673496000,15.943,16.149,15.223,15.36
1673510400,15.36,15.549,15.035,15.215
1673524800,15.215,15.75,14.444,14.969
1673539200,14.969,15.734,14.861,15.317
1673553600,15.317,15.5,15.183,15.446
1673568000,15.446,15.471,14.947,15.429
1673582400,15.429,15.658,15.216,15.557
1673596800,15.557,16.39,15.45,15.611
1673611200,15.611,15.785,15.328,15.655
1673625600,15.655,15.698,15.356,15.643
1673640000,15.643,16.6,15.612,15.956
1673654400,15.956,17.215,15.872,16.845
1673668800,16.845,18.05,16.5,17.539
1673683200,17.539,18.58,15.71,16.995
1673697600,16.995,17.422,16.587,17.016
1673712000,17.016,17.125,16.63,16.732
1673726400,16.732,17.084,16.617,16.941
1673740800,16.941,17.051,16.165,16.52
1673755200,16.52,16.62,16.121,16.361
1673769600,16.361,16.49,16.02,16.407
1673784000,16.407,17.1,16.278,17.038
1673798400,17.038,17.1,16.456,16.814
1673812800,16.814,16.966,16.681,16.817
1673827200,16.817,17.372,16.54,16.818
1673841600,16.818,17.224,16.764,16.974
1673856000,16.974,16.984,16.0,16.514
1673870400,16.514,16.636,16.013,16.57
1673884800,16.57,16.941,16.453,16.816
1673899200,16.816,16.92,16.6,16.762
1673913600,16.762,17.5,16.521,16.901
1673928000,16.901,17.062,16.762,16.868
1673942400,16.868,17.056,16.79,16.925
1673956800,16.925,18.23,16.7,17.761
1673971200,17.761,17.763,17.323,17.631
1673985600,17.631,17.703,17.01,17.131
1674000000,17.131,17.378,16.958,17.246
1674014400,17.246,17.42,17.101,17.181
1674028800,17.181,17.197,16.767,16.859
1674043200,16.859,17.323,15.74,16.335
1674057600,16.335,16.676,15.373,16.374
1674072000,16.374,16.416,15.679,15.823
1674086400,15.823,15.941,15.71,15.861
1674100800,15.861,16.124,15.857,15.902
1674115200,15.902,16.314,15.867,15.955
1674129600,15.955,16.147,15.708,15.938
1674144000,15.938,16.209,15.77,16.144
1674158400,16.144,16.29,16.052,16.179
1674172800,16.179,16.295,16.019,16.147
1674187200,16.147,16.245,15.883,15.957
1674201600,15.957,16.027,15.854,15.98
1674216000,15.98,16.279,15.954,16.183
1674230400,16.183,16.76,16.167,16.734
1674244800,16.734,17.579,16.682,17.496
1674259200,17.496,17.61,17.1,17.341
1674273600,17.341,17.48,17.207,17.382
1674288000,17.382,17.769,16.7,17.218
1674302400,17.218,17.514,17.088,17.273
1674316800,17.273,17.524,17.213,17.407
1674331200,17.407,17.428,16.8,16.887
1674345600,16.887,17.101,16.799,16.961
1674360000,16.961,17.218,16.932,17.138
1674374400,17.138,17.58,17.082,17.39
1674388800,17.39,18.49,17.222,18.137
1674403200,18.137,18.38,17.72,17.859
1674417600,17.859,17.87,17.024,17.35
1674432000,17.35,18.067,17.316,17.948
1674446400,17.948,18.096,17.588,17.671
1674460800,17.671,18.0,17.557,17.904
1674475200,17.904,17.917,17.21,17.51
1674489600,17.51,17.915,17.431,17.671
1674504000,17.671,18.35,17.645,17.998
1674518400,17.998,18.994,17.757,18.704
1674532800,18.704,18.73,18.479,18.571
1674547200,18.571,18.629,18.12,18.215
1674561600,18.215,18.296,17.821,18.252
1674576000,18.252,18.274,17.8,18.068
1674590400,18.068,18.107,16.73,16.995
1674604800,16.995,17.066,16.504,16.972
1674619200,16.972,17.373,16.941,17.295
1674633600,17.295,17.526,17.13,17.246
1674648000,17.246,17.753,17.091,17.337
1674662400,17.337,17.568,17.193,17.546
1674676800,17.546,18.28,17.487,17.8
1674691200,17.8,18.08,17.782,18.002
1674705600,18.002,18.462,17.941,18.09
1674720000,18.09,18.256,17.777,17.94
1674734400,17.94,18.81,17.765,18.061
1674748800,18.061,18.25,17.858,18.024
1674763200,18.024,18.365,17.934,18.1
1674777600,18.1,18.259,17.45,17.832
1674792000,17.832,18.195,17.806,18.177
1674806400,18.177,18.202,17.922,17.993
1674820800,17.993,18.183,17.625,18.056
1674835200,18.056,19.294,18.04,19.243
1674849600,19.243,21.691,19.147,21.221
1674864000,21.221,21.83,20.461,21.037
1674878400,21.037,21.198,20.39,20.575
1674892800,20.575,20.587,20.264,20.457
1674907200,20.457,20.849,20.035,20.56
1674921600,20.56,21.115,20.519,20.854
1674936000,20.854,20.88,20.394,20.539
1674950400,20.539,20.886,20.253,20.305
1674964800,20.305,20.694,20.135,20.387
1674979200,20.387,20.744,20.354,20.671
1674993600,20.671,20.872,20.406,20.577
1675008000,20.577,21.14,20.423,20.984
1675022400,20.984,21.177,20.603,20.99
1675036800,20.99,21.094,20.306,20.66
1675051200,20.66,20.85,20.575,20.725
1675065600,20.725,21.326,19.635,19.978
1675080000,19.978,20.606,19.841,20.424
1675094400,20.424,21.277,19.744,20.259
1675108800,20.259,20.38,19.298,19.75
1675123200,19.75,19.765,19.328,19.682
1675137600,19.682,19.84,19.452,19.809
1675152000,19.809,19.838,19.31,19.514
1675166400,19.514,20.093,19.402,19.973
1675180800,19.973,20.146,19.79,20.031
1675195200,20.031,20.206,19.62,19.807
1675209600,19.807,19.934,19.4,19.644
1675224000,19.644,19.717,19.048,19.255
1675238400,19.255,19.277,18.901,19.157
1675252800,19.157,19.299,18.7,18.845
1675267200,18.845,20.1,18.711,19.903
1675281600,19.903,21.062,19.9,20.966
1675296000,20.966,22.5,20.968,22.135
1675310400,22.135,22.35,21.579,21.739
1675324800,21.739,22.335,21.692,21.875
1675339200,21.875,22.799,21.85,22.168
1675353600,22.168,22.365,21.81,21.979
1675368000,21.979,22.508,20.806,21.218
1675382400,21.218,21.376,20.881,21.151
1675396800,21.151,21.35,20.967,21.048
1675411200,21.048,21.365,20.931,21.345
1675425600,21.345,21.947,20.68,21.644
1675440000,21.644,21.799,21.18,21.228
1675454400,21.228,21.462,21.057,21.375
1675468800,21.375,21.509,21.13,21.184
1675483200,21.184,21.268,20.973,21.241
1675497600,21.241,21.366,21.073,21.268
1675512000,21.268,21.7,21.22,21.343
1675526400,21.343,21.37,21.084,21.259
1675540800,21.259,21.387,20.812,21.032
1675555200,21.032,21.155,20.743,20.929
1675569600,20.929,21.079,20.9,20.969
1675584000,20.969,21.084,20.875,20.892
1675598400,20.892,20.964,19.71,20.275
1675612800,20.275,20.349,19.731,19.943
1675627200,19.943,20.217,19.702,20.089
1675641600,20.089,20.258,19.841,19.982
1675656000,19.982,20.076,19.569,20.034
1675670400,20.034,20.105,19.822,20.037
1675684800,20.037,20.386,19.911,20.35
1675699200,20.35,20.437,20.138,20.301
1675713600,20.301,20.303,19.4,19.574
1675728000,19.574,20.036,19.516,19.986
1675742400,19.986,20.116,19.934,19.975
1675756800,19.975,20.274,19.893,20.169
1675771200,20.169,20.243,19.94,20.014
1675785600,20.014,20.494,19.68,20.249
1675800000,20.249,20.99,20.154,20.851
1675814400,20.851,21.046,20.673,20.774
1675828800,20.774,20.856,20.535,20.63
1675843200,20.63,20.667,20.406,20.644
1675857600,20.644,20.832,20.031,20.098
1675872000,20.098,20.221,19.623,19.976
1675886400,19.976,20.15,19.753,20.11
1675900800,20.11,20.252,19.083,19.284
1675915200,19.284,19.797,19.096,19.694
1675929600,19.694,19.864,19.663,19.718
1675944000,19.718,19.977,19.531,19.612
1675958400,19.612,19.669,18.21,18.587
1675972800,18.587,18.602,17.367,17.891
1675987200,17.891,17.965,17.708,17.77
1676001600,17.77,18.171,17.452,18.162
1676016000,18.162,18.237,17.881,17.905
1676030400,17.905,18.174,17.686,17.9
1676044800,17.9,18.164,17.7,18.122
1676059200,18.122,18.146,17.6,17.769
1676073600,17.769,17.87,17.639,17.867
1676088000,17.867,17.886,17.69,17.814
1676102400,17.814,17.826,17.669,17.794
1676116800,17.794,18.086,17.75,17.972
1676131200,17.972,17.974,17.695,17.804
1676145600,17.804,18.101,17.746,17.995
1676160000,17.995,18.037,17.817,17.846
1676174400,17.846,17.971,17.78,17.934
1676188800,17.934,18.282,17.93,18.159
1676203200,18.159,18.236,17.985,18.214
1676217600,18.214,18.475,18.211,18.397
1676232000,18.397,18.46,17.5,17.766
1676246400,17.766,17.848,17.138,17.506
1676260800,17.506,17.783,17.483,17.759
1676275200,17.759,17.776,16.9,17.273
1676289600,17.273,17.74,17.241,17.268
1676304000,17.268,17.483,16.821,17.378
1676318400,17.378,17.684,17.246,17.616
1676332800,17.616,17.679,17.343,17.382
1676347200,17.382,17.566,17.327,17.548
1676361600,17.548,17.696,17.356,17.678
1676376000,17.678,18.29,17.09,18.001
1676390400,18.001,18.12,17.814,18.083
1676404800,18.083,18.18,17.971,18.141
1676419200,18.141,18.178,17.907,18.041
1676433600,18.041,18.1,17.92,17.953
1676448000,17.953,18.367,17.9,18.355
1676462400,18.355,18.65,18.309,18.529
1676476800,18.529,19.201,18.484,19.186
1676491200,19.186,19.964,19.14,19.957
1676505600,19.957,20.4,19.763,20.049
1676520000,20.049,20.114,19.77,19.895
1676534400,19.895,19.951,19.662,19.715
1676548800,19.715,20.071,19.314,20.045
1676563200,20.045,20.318,19.624,19.904
1676577600,19.904,19.919,18.552,18.595
1676592000,18.595,19.045,18.475,18.993
1676606400,18.993,19.179,18.846,18.964
1676620800,18.964,19.172,18.897,19.1
1676635200,19.1,19.338,18.881,19.172
1676649600,19.172,19.518,18.936,19.496
1676664000,19.496,19.64,19.06,19.456
1676678400,19.456,20.108,19.446,19.665
1676692800,19.665,19.841,19.562,19.635
1676707200,19.635,19.699,19.429,19.547
1676721600,19.547,19.808,19.5,19.736
1676736000,19.736,19.799,19.321,19.444
1676750400,19.444,19.648,19.3,19.56
1676764800,19.56,19.68,19.463,19.561
1676779200,19.561,19.77,19.538,19.583
1676793600,19.583,19.851,19.556,19.809
1676808000,19.809,20.397,19.807,20.161
1676822400,20.161,20.434,19.542,19.677
1676836800,19.677,20.037,19.241,19.83
1676851200,19.83,19.96,19.0,19.715
1676865600,19.715,20.756,19.705,20.677
1676880000,20.677,20.964,20.309,20.917
1676894400,20.917,21.387,20.728,21.123
1676908800,21.123,21.136,20.7,20.978
1676923200,20.978,21.109,20.761,20.847
1676937600,20.847,20.999,20.522,20.536
1676952000,20.536,20.85,20.417,20.752
1676966400,20.752,20.971,19.962,20.124
1676980800,20.124,20.64,19.901,20.615
1676995200,20.615,21.689,20.203,21.056
1677009600,21.056,21.308,20.77,20.995
1677024000,20.995,21.59,20.33,21.38
1677038400,21.38,21.409,20.522,20.958
1677052800,20.958,21.249,19.95,20.269
1677067200,20.269,20.457,19.572,19.682
1677081600,19.682,20.232,19.573,20.0
1677096000,20.0,20.38,19.825,20.311
1677110400,20.311,20.686,20.223,20.528
1677124800,20.528,20.715,20.437,20.551
1677139200,20.551,20.749,19.803,19.918
1677153600,19.918,20.291,19.726,19.848
1677168000,19.848,19.888,19.521,19.79
1677182400,19.79,19.861,19.514,19.718
1677196800,19.718,19.837,19.536,19.648
1677211200,19.648,19.729,19.501,19.622
1677225600,19.622,19.66,19.212,19.508
1677240000,19.508,19.623,18.716,18.824
1677254400,18.824,18.822,18.076,18.412
1677268800,18.412,18.558,18.017,18.38
1677283200,18.38,18.393,18.121,18.161
1677297600,18.161,18.594,18.137,18.247
1677312000,18.247,18.343,18.11,18.209
1677326400,18.209,18.261,17.919,18.133
1677340800,18.133,18.228,17.74,17.861
1677355200,17.861,17.983,17.409,17.931
1677369600,17.931,18.084,17.808,18.044
1677384000,18.044,18.08,17.947,18.052
1677398400,18.052,18.198,17.971,18.172
1677412800,18.172,18.219,17.98,18.152
1677427200,18.152,18.478,18.022,18.452
1677441600,18.452,18.564,18.17,18.421
1677456000,18.421,18.438,18.245,18.276
1677470400,18.276,18.294,18.032,18.116
1677484800,18.116,18.18,17.945,18.115
1677499200,18.115,18.642,18.045,18.315
1677513600,18.315,18.378,17.7,17.882
1677528000,17.882,17.972,17.741,17.917
1677542400,17.917,17.939,17.655,17.806
1677556800,17.806,17.813,17.343,17.374
1677571200,17.374,17.577,17.3,17.518
1677585600,17.518,17.68,17.314,17.535
1677600000,17.535,17.627,17.155,17.242
1677614400,17.242,17.293,16.9,17.08
1677628800,17.08,17.537,16.964,17.516
1677643200,17.516,17.746,17.449,17.672
1677657600,17.672,17.829,17.646,17.763
1677672000,17.763,17.82,17.573,17.73
1677686400,17.73,17.731,17.31,17.353
1677700800,17.353,17.784,17.302,17.765
1677715200,17.765,17.858,17.39,17.436
1677729600,17.436,17.521,17.126,17.268
1677744000,17.268,17.401,17.187,17.318
1677758400,17.318,17.344,17.102,17.282
1677772800,17.282,17.424,17.134,17.42
1677787200,17.42,17.508,17.339,17.464
1677801600,17.464,17.478,15.625,16.168
1677816000,16.168,16.402,16.132,16.388
1677830400,16.388,16.541,16.37,16.488
1677844800,16.488,16.637,16.398,16.476
1677859200,16.476,16.587,16.402,16.516
1677873600,16.516,16.683,16.355,16.655
1677888000,16.655,16.9,16.637,16.743
1677902400,16.743,16.8,16.578,16.737
1677916800,16.737,16.83,16.695,16.737
1677931200,16.737,16.764,16.503,16.507
1677945600,16.507,16.611,16.21,16.264
1677960000,16.264,16.303,15.718,16.134
1677974400,16.134,16.511,16.055,16.342
1677988800,16.342,16.468,16.304,16.353
1678003200,16.353,16.37,16.213,16.233
1678017600,16.233,16.379,16.225,16.362
1678032000,16.362,16.424,16.289,16.336
1678046400,16.336,16.46,16.05,16.138
1678060800,16.138,16.179,15.807,16.045
1678075200,16.045,16.13,15.901,16.066
1678089600,16.066,16.19,15.961,16.135
1678104000,16.135,16.647,16.06,16.533
1678118400,16.533,16.614,16.363,16.384
1678132800,16.384,16.711,16.28,16.505
1678147200,16.505,16.74,16.371,16.547
1678161600,16.547,16.563,16.428,16.451
1678176000,16.451,16.466,16.156,16.183
1678190400,16.183,16.33,15.868,16.194
1678204800,16.194,16.345,15.913,16.026
1678219200,16.026,16.178,15.84,16.165
1678233600,16.165,16.252,16.042,16.124
1678248000,16.124,16.185,15.811,15.878
1678262400,15.878,16.04,15.822,15.997
1678276800,15.997,16.009,15.527,15.892
1678291200,15.892,15.959,15.266,15.466
1678305600,15.466,15.648,14.957,15.102
1678320000,15.102,15.405,15.071,15.357
1678334400,15.357,15.428,15.256,15.309
1678348800,15.309,15.475,15.206,15.461
1678363200,15.461,15.684,15.383,15.474
1678377600,15.474,15.506,14.783,14.874
1678392000,14.874,14.878,14.166,14.401
1678406400,14.401,14.532,14.123,14.458
1678420800,14.458,14.529,14.216,14.414
1678435200,14.414,14.426,13.864,14.375
1678449600,14.375,15.18,14.27,14.753
1678464000,14.753,14.946,14.564,14.792
1678478400,14.792,15.014,14.584,14.782
1678492800,14.782,15.173,14.681,14.686
1678507200,14.686,14.709,14.0,14.134
1678521600,14.134,14.479,14.024,14.171
1678536000,14.171,14.29,13.922,13.996
1678550400,13.996,14.335,13.901,14.246
1678564800,14.246,14.549,14.164,14.509
1678579200,14.509,14.508,14.287,14.381
1678593600,14.381,14.46,14.211,14.29
1678608000,14.29,14.507,14.263,14.444
1678622400,14.444,14.496,14.191,14.29
1678636800,14.29,15.094,14.227,14.747
1678651200,14.747,16.4,14.742,16.176
1678665600,16.176,16.44,15.973,16.015
1678680000,16.015,16.15,15.964,16.047
1678694400,16.047,16.062,15.446,15.695
1678708800,15.695,16.776,15.55,16.46
1678723200,16.46,16.589,16.255,16.382
1678737600,16.382,16.57,16.256,16.461
1678752000,16.461,16.535,16.325,16.451
1678766400,16.451,16.661,16.197,16.276
1678780800,16.276,16.464,16.08,16.307
1678795200,16.307,17.932,16.212,17.771
1678809600,17.771,17.82,16.836,17.332
1678824000,17.332,17.418,16.533,17.148
1678838400,17.148,17.395,16.949,17.294
1678852800,17.294,17.44,17.084,17.314
1678867200,17.314,17.324,16.507,16.855
1678881600,16.855,17.14,15.78,15.981
1678896000,15.981,15.993,15.311,15.577
1678910400,15.577,15.777,15.394,15.55
1678924800,15.55,15.715,15.224,15.527
1678939200,15.527,15.836,15.318,15.752
1678953600,15.752,15.888,15.513,15.801
1678968000,15.801,15.852,15.355,15.804
1678982400,15.804,16.081,15.625,15.978
1678996800,15.978,15.98,15.565,15.819
1679011200,15.819,16.26,15.617,16.162
1679025600,16.162,16.44,16.036,16.312
1679040000,16.312,16.915,16.251,16.896
1679054400,16.896,16.909,16.24,16.473
1679068800,16.473,16.741,16.367,16.74
1679083200,16.74,17.78,16.573,17.648
1679097600,17.648,18.303,17.374,17.946
1679112000,17.946,17.988,17.614,17.717
1679126400,17.717,17.737,17.413,17.664
1679140800,17.664,17.737,17.096,17.328
1679155200,17.328,17.531,16.825,17.249
1679169600,17.249,17.43,16.871,16.99
1679184000,16.99,17.376,16.97,17.344
1679198400,17.344,17.389,17.038,17.262
1679212800,17.262,17.632,17.167,17.543
1679227200,17.543,17.853,17.479,17.686
1679241600,17.686,18.084,17.638,17.83
1679256000,17.83,17.89,17.4,17.533
1679270400,17.533,17.789,17.121,17.16
1679284800,17.16,17.623,16.991,17.585
1679299200,17.585,17.698,17.295,17.376
1679313600,17.376,17.479,17.156,17.254
1679328000,17.254,17.388,16.631,16.796
1679342400,16.796,17.04,16.518,16.631
1679356800,16.631,16.913,16.438,16.651
1679371200,16.651,16.744,16.33,16.429
1679385600,16.429,17.017,16.32,16.944
1679400000,16.944,17.555,16.876,17.17
1679414400,17.17,17.42,16.96,17.226
1679428800,17.226,17.52,17.221,17.434
1679443200,17.434,17.566,17.15,17.368
1679457600,17.368,17.67,17.253,17.353
1679472000,17.353,17.543,17.23,17.417
1679486400,17.417,17.927,17.304,17.63
1679500800,17.63,17.749,16.26,16.372
1679515200,16.372,16.861,16.252,16.735
1679529600,16.735,16.898,16.555,16.716
1679544000,16.716,17.14,16.669,17.102
1679558400,17.102,17.453,17.102,17.415
1679572800,17.415,17.868,17.188,17.663
1679587200,17.663,17.746,17.281,17.517
1679601600,17.517,17.613,17.394,17.536
1679616000,17.536,17.648,17.419,17.472
1679630400,17.472,17.495,17.305,17.411
1679644800,17.411,17.44,16.96,17.152
1679659200,17.152,17.316,16.925,17.133
1679673600,17.133,17.196,16.65,17.059
1679688000,17.059,17.085,16.76,16.952
1679702400,16.952,17.149,16.859,17.04
1679716800,17.04,17.102,16.82,16.821
1679731200,16.821,16.847,16.644,16.749
1679745600,16.749,16.863,16.628,16.789
1679760000,16.789,16.82,16.378,16.406
1679774400,16.406,16.888,16.37,16.882
1679788800,16.882,17.056,16.851,17.021
1679803200,17.021,17.126,16.927,17.007
1679817600,17.007,17.188,16.946,17.069
1679832000,17.069,17.279,17.064,17.113
1679846400,17.113,17.204,17.013,17.072
1679860800,17.072,17.175,16.95,17.101
1679875200,17.101,17.143,16.817,16.881
1679889600,16.881,16.96,16.711,16.747
1679904000,16.747,16.925,16.67,16.873
1679918400,16.873,16.96,16.035,16.432
1679932800,16.432,16.577,16.363,16.394
1679947200,16.394,16.527,16.295,16.479
1679961600,16.479,16.567,16.28,16.414
1679976000,16.414,16.653,16.386,16.54
1679990400,16.54,16.695,16.369,16.613
1680004800,16.613,16.679,16.482,16.591
1680019200,16.591,16.843,16.333,16.763
1680033600,16.763,16.804,16.58,16.708
1680048000,16.708,16.836,16.651,16.777
1680062400,16.777,17.24,16.772,17.2
1680076800,17.2,17.401,17.173,17.305
1680091200,17.305,17.337,17.088,17.235
1680105600,17.235,17.39,17.105,17.371
1680120000,17.371,17.412,17.162,17.31
1680134400,17.31,17.561,16.863,17.221
1680148800,17.221,17.314,17.146,17.252
1680163200,17.252,17.386,17.065,17.375
1680177600,17.375,17.56,17.226,17.27
1680192000,17.27,17.428,17.1,17.207
1680206400,17.207,17.395,17.083,17.228
1680220800,17.228,17.442,17.143,17.392
1680235200,17.392,17.505,17.058,17.249
1680249600,17.249,17.348,17.094,17.164
1680264000,17.164,17.784,17.069,17.542
1680278400,17.542,17.73,17.482,17.72
1680292800,17.72,17.834,17.571,17.7
1680307200,17.7,17.891,17.646,17.768
1680321600,17.768,17.835,17.54,17.659
1680336000,17.659,17.729,17.602,17.607
1680350400,17.607,17.69,17.53,17.646
1680364800,17.646,17.762,17.54,17.632
1680379200,17.632,17.838,17.625,17.788
1680393600,17.788,17.849,17.575,17.708
1680408000,17.708,17.76,17.641,17.716
1680422400,17.716,17.799,17.616,17.708
1680436800,17.708,17.729,17.202,17.356
1680451200,17.356,17.402,17.05,17.15
1680465600,17.15,17.285,17.075,17.239
1680480000,17.239,17.258,16.765,16.939
1680494400,16.939,17.134,16.863,17.126
1680508800,17.126,17.385,17.114,17.243
1680523200,17.243,17.376,17.064,17.192
1680537600,17.192,17.45,17.07,17.278
1680552000,17.278,17.313,16.614,17.095
1680566400,17.095,17.14,16.958,17.051
1680580800,17.051,17.228,17.0,17.131
1680595200,17.131,17.422,17.089,17.37
1680609600,17.37,17.479,17.225,17.363
1680624000,17.363,17.557,17.317,17.524
1680638400,17.524,17.669,17.514,17.652
1680652800,17.652,18.164,17.601,18.104
1680667200,18.104,18.261,18.02,18.183
1680681600,18.183,18.29,18.11,18.27
1680696000,18.27,18.387,17.669,17.823
1680710400,17.823,17.953,17.654,17.888
1680724800,17.888,18.046,17.837,17.99
1680739200,17.99,18.019,17.625,17.908
1680753600,17.908,17.915,17.705,17.762
1680768000,17.762,17.979,17.701,17.915
1680782400,17.915,18.33,17.781,18.238
1680796800,18.238,18.311,17.998,18.079
1680811200,18.079,18.192,17.868,17.958
1680825600,17.958,18.135,17.921,17.979
1680840000,17.979,18.058,17.655,17.693
1680854400,17.693,17.742,17.531,17.595
1680868800,17.595,17.684,17.4,17.656
1680883200,17.656,17.688,17.554,17.605
1680897600,17.605,17.675,17.537,17.594
1680912000,17.594,17.624,17.423,17.583
1680926400,17.583,17.734,17.572,17.69
1680940800,17.69,17.715,17.626,17.642
1680955200,17.642,17.686,17.573,17.652
1680969600,17.652,17.655,17.426,17.511
1680984000,17.511,17.537,17.311,17.445
1680998400,17.445,17.578,17.426,17.459
1681012800,17.459,17.555,17.245,17.281
1681027200,17.281,17.379,17.234,17.367
1681041600,17.367,17.449,17.257,17.34
1681056000,17.34,17.568,17.316,17.489
1681070400,17.489,17.639,17.433,17.527
1681084800,17.527,17.616,17.421,17.536
1681099200,17.536,17.604,17.466,17.529
1681113600,17.529,17.634,17.498,17.521
1681128000,17.521,17.573,17.329,17.479
1681142400,17.479,17.89,17.42,17.747
1681156800,17.747,17.97,17.658,17.934
1681171200,17.934,18.09,17.865,18.031
1681185600,18.031,18.365,17.995,18.316
1681200000,18.316,18.45,18.178,18.411
1681214400,18.411,18.625,18.29,18.452
1681228800,18.452,18.474,18.17,18.214
1681243200,18.214,18.242,18.089,18.135
1681257600,18.135,18.227,17.663,17.747
1681272000,17.747,18.108,17.693,18.108
1681286400,18.108,18.159,17.956,18.007
1681300800,18.007,18.714,17.931,18.132
1681315200,18.132,18.209,17.859,17.971
1681329600,17.971,18.288,17.957,18.256
1681344000,18.256,18.583,18.109,18.537
1681358400,18.537,18.579,18.284,18.437
1681372800,18.437,18.9,18.437,18.684
1681387200,18.684,18.999,18.684,18.888
1681401600,18.888,19.088,18.796,18.917
1681416000,18.917,18.922,18.74,18.835
1681430400,18.835,19.343,18.815,19.219
1681444800,19.219,19.326,18.961,19.0
1681459200,19.0,19.16,18.975,19.136
1681473600,19.136,19.149,18.45,18.565
1681488000,18.565,18.942,18.475,18.933
1681502400,18.933,19.295,18.877,19.226
1681516800,19.226,19.257,19.071,19.226
1681531200,19.226,19.235,19.0,19.151
1681545600,19.151,19.48,19.104,19.459
1681560000,19.459,19.55,19.091,19.204
1681574400,19.204,19.297,19.008,19.128
1681588800,19.128,19.155,19.003,19.102
1681603200,19.102,19.211,18.842,19.16
1681617600,19.16,19.4,19.144,19.378
1681632000,19.378,19.443,19.02,19.065
1681646400,19.065,19.22,18.961,19.199
1681660800,19.199,19.524,19.15,19.311
1681675200,19.311,20.5,19.132,20.188
1681689600,20.188,21.122,19.93,20.672
1681704000,20.672,21.076,20.47,20.61
1681718400,20.61,20.757,20.213,20.39
1681732800,20.39,21.313,20.388,20.745
1681747200,20.745,20.999,20.492,20.689
1681761600,20.689,20.741,20.458,20.54
1681776000,20.54,20.93,20.25,20.877
1681790400,20.877,21.52,20.769,21.468
1681804800,21.468,21.589,21.254,21.459
1681819200,21.459,21.548,21.068,21.154
1681833600,21.154,21.222,20.91,20.953
1681848000,20.953,21.24,20.88,21.211
1681862400,21.211,21.217,21.009,21.073
1681876800,21.073,21.126,20.675,20.727
1681891200,20.727,20.732,18.316,19.573
1681905600,19.573,19.855,19.423,19.672
1681920000,19.672,19.72,19.36,19.406
1681934400,19.406,19.492,18.498,18.98
1681948800,18.98,19.16,18.744,18.99
1681963200,18.99,19.266,18.966,19.065
1681977600,19.065,19.205,18.713,18.782
1681992000,18.782,19.435,18.728,18.878
1682006400,18.878,18.877,18.0,18.434
1682020800,18.434,18.573,18.262,18.3
1682035200,18.3,18.511,18.224,18.426
1682049600,18.426,18.43,17.837,18.21
1682064000,18.21,18.294,17.78,17.871
1682078400,17.871,18.075,17.636,17.753
1682092800,17.753,17.817,16.5,16.937
1682107200,16.937,17.019,16.71,16.922
1682121600,16.922,17.064,16.806,17.043
1682136000,17.043,17.166,16.905,16.949
1682150400,16.949,17.187,16.936,17.144
1682164800,17.144,17.347,17.08,17.225
1682179200,17.225,17.336,17.074,17.158
1682193600,17.158,17.28,17.074,17.206
1682208000,17.206,17.221,16.901,17.049
1682222400,17.049,17.19,17.001,17.169
1682236800,17.169,17.21,17.09,17.187
1682251200,17.187,17.249,16.75,16.876
1682265600,16.876,16.98,16.422,16.626
1682280000,16.626,16.923,16.556,16.832
1682294400,16.832,17.063,16.577,16.88
1682308800,16.88,16.889,16.536,16.713
1682323200,16.713,17.04,16.528,17.035
1682337600,17.035,17.245,16.867,16.909
1682352000,16.909,17.137,16.654,16.947
1682366400,16.947,17.038,16.871,16.913
1682380800,16.913,16.996,16.729,16.821
1682395200,16.821,17.2,16.773,16.967
1682409600,16.967,17.121,16.902,17.027
1682424000,17.027,17.176,16.874,16.948
1682438400,16.948,17.287,16.851,17.133
1682452800,17.133,17.765,17.115,17.619
1682467200,17.619,17.709,17.433,17.456
1682481600,17.456,17.596,17.402,17.446
1682496000,17.446,17.981,17.428,17.832
1682510400,17.832,18.235,17.825,18.086
1682524800,18.086,18.121,16.5,16.759
1682539200,16.759,17.228,16.18,17.167
1682553600,17.167,17.743,17.096,17.369
1682568000,17.369,17.609,17.231,17.41
1682582400,17.41,17.485,17.305,17.379
1682596800,17.379,17.727,17.138,17.66
1682611200,17.66,17.913,17.522,17.826
1682625600,17.826,17.919,17.55,17.712
1682640000,17.712,17.749,17.601,17.667
1682654400,17.667,17.805,17.644,17.798
1682668800,17.798,17.799,17.452,17.454
1682683200,17.454,17.614,17.201,17.379
1682697600,17.379,17.61,17.302,17.531
1682712000,17.531,17.598,17.45,17.54
1682726400,17.54,17.614,17.422,17.559
1682740800,17.559,17.66,17.432,17.527
1682755200,17.527,17.577,17.46,17.512
1682769600,17.512,17.72,17.49,17.595
1682784000,17.595,17.674,17.27,17.56
1682798400,17.56,17.572,17.349,17.48
1682812800,17.48,17.486,17.241,17.295
1682827200,17.295,17.429,17.254,17.386
1682841600,17.386,17.493,17.341,17.371
1682856000,17.371,17.844,17.317,17.622
1682870400,17.622,17.762,17.2,17.323
1682884800,17.323,17.324,17.041,17.083
1682899200,17.083,17.213,16.664,16.945
1682913600,16.945,17.112,16.842,17.076
1682928000,17.076,17.13,16.966,16.977
1682942400,16.977,17.056,16.778,16.825
1682956800,16.825,16.94,16.584,16.625
1682971200,16.625,16.704,16.505,16.638
1682985600,16.638,16.654,16.47,16.6
1683000000,16.6,16.698,16.508,16.673
1683014400,16.673,16.723,16.559,16.631
1683028800,16.631,16.916,16.491,16.833
1683043200,16.833,16.964,16.762,16.898
1683057600,16.898,16.922,16.817,16.839
1683072000,16.839,16.845,16.587,16.712
1683086400,16.712,16.797,16.661,16.686
1683100800,16.686,16.775,16.584,16.586
1683115200,16.586,16.623,16.383,16.545
1683129600,16.545,17.374,16.49,16.933
1683144000,16.933,17.335,16.924,17.208
1683158400,17.208,17.262,17.1,17.153
1683172800,17.153,17.166,17.036,17.05
1683187200,17.05,17.169,17.013,17.065
1683201600,17.065,17.102,16.765,16.888
1683216000,16.888,17.013,16.802,16.912
1683230400,16.912,16.973,16.808,16.91
1683244800,16.91,17.194,16.873,17.017
1683259200,17.017,17.108,16.927,17.017
1683273600,17.017,17.087,16.956,17.044
1683288000,17.044,17.176,16.703,17.029
1683302400,17.029,17.387,17.026,17.364
1683316800,17.364,17.413,17.307,17.368
1683331200,17.368,17.5,17.15,17.172
1683345600,17.172,17.241,16.982,16.987
1683360000,16.987,17.054,16.82,16.953
1683374400,16.953,16.97,16.42,16.471
1683388800,16.471,16.724,16.421,16.642
1683403200,16.642,16.675,16.536,16.572
1683417600,16.572,16.687,16.44,16.496
1683432000,16.496,16.676,16.482,16.652
1683446400,16.652,16.692,16.527,16.568
1683460800,16.568,16.717,16.562,16.634
1683475200,16.634,16.687,16.492,16.555
1683489600,16.555,16.649,16.237,16.402
1683504000,16.402,16.494,15.799,15.978
1683518400,15.978,15.996,15.586,15.706
1683532800,15.706,15.947,15.637,15.911
1683547200,15.911,15.945,15.702,15.748
1683561600,15.748,15.768,14.901,15.238
1683576000,15.238,15.431,15.216,15.397
1683590400,15.397,15.52,15.342,15.436
1683604800,15.436,15.565,15.337,15.49
1683619200,15.49,15.498,15.339,15.425
1683633600,15.425,15.498,15.225,15.269
1683648000,15.269,15.422,15.21,15.337
1683662400,15.337,15.398,15.241,15.307
1683676800,15.307,15.464,15.277,15.285
1683691200,15.285,15.372,15.25,15.269
1683705600,15.269,15.298,15.09,15.22
1683720000,15.22,15.72,15.152,15.554
1683734400,15.554,15.621,14.699,15.485
1683748800,15.485,15.675,15.415,15.507
1683763200,15.507,15.525,15.295,15.334
1683777600,15.334,15.435,15.284,15.338
1683792000,15.338,15.366,15.149,15.319
1683806400,15.319,15.463,14.886,15.081
1683820800,15.081,15.117,14.757,14.914
1683835200,14.914,15.016,14.863,14.948
1683849600,14.948,14.984,14.562,14.694
1683864000,14.694,14.927,14.624,14.893
1683878400,14.893,15.006,14.845,14.951
1683892800,14.951,15.048,14.772,14.813
1683907200,14.813,14.97,14.496,14.937
1683921600,14.937,15.208,14.864,15.18
1683936000,15.18,15.198,14.968,15.097
1683950400,15.097,15.133,15.043,15.12
1683964800,15.12,15.18,15.057,15.094
1683979200,15.094,15.119,14.908,14.946
1683993600,14.946,15.024,14.897,14.941
1684008000,14.941,14.981,14.894,14.909
1684022400,14.909,14.956,14.785,14.927
1684036800,14.927,14.995,14.903,14.958
1684051200,14.958,15.0,14.927,14.969
1684065600,14.969,15.14,14.931,15.106
1684080000,15.106,15.136,14.863,14.91
1684094400,14.91,15.04,14.861,15.017
1684108800,15.017,15.189,14.798,15.117
1684123200,15.117,15.285,15.077,15.27
1684137600,15.27,15.346,15.229,15.239
1684152000,15.239,15.318,15.135,15.304
1684166400,15.304,15.339,15.123,15.18
1684180800,15.18,15.214,15.041,15.078
1684195200,15.078,15.151,14.82,14.934
1684209600,14.934,15.04,14.894,15.028
1684224000,15.028,15.049,14.898,14.929
1684238400,14.929,14.967,14.818,14.869
1684252800,14.869,14.939,14.74,14.775
1684267200,14.775,14.912,14.726,14.898
1684281600,14.898,15.058,14.814,14.969
1684296000,14.969,15.02,14.802,14.821
1684310400,14.821,14.883,14.705,14.731
1684324800,14.731,14.819,14.616,14.71
1684339200,14.71,15.278,14.662,15.225
1684353600,15.225,15.293,15.136,15.168
1684368000,15.168,15.185,15.061,15.158
1684382400,15.158,15.179,14.95,15.056
1684396800,15.056,15.088,14.99,15.022
1684411200,15.022,15.034,14.795,14.823
1684425600,14.823,14.87,14.407,14.573
1684440000,14.573,14.81,14.543,14.676
1684454400,14.676,14.706,14.564,14.655
1684468800,14.655,14.726,14.626,14.684
1684483200,14.684,14.749,14.628,14.645
1684497600,14.645,14.834,14.56,14.69
1684512000,14.69,14.792,14.652,14.699
1684526400,14.699,14.711,14.645,14.672
1684540800,14.672,14.671,14.527,14.627
1684555200,14.627,14.628,14.523,14.568
1684569600,14.568,14.624,14.551,14.587
1684584000,14.587,14.648,14.566,14.643
1684598400,14.643,14.695,14.573,14.653
1684612800,14.653,14.67,14.588,14.618
1684627200,14.618,14.69,14.584,14.606
1684641600,14.606,14.647,14.592,14.619
1684656000,14.619,14.624,14.426,14.461
1684670400,14.461,14.506,14.232,14.349
1684684800,14.349,14.382,14.258,14.36
1684699200,14.36,14.369,14.176,14.308
1684713600,14.308,14.332,14.072,14.267
1684728000,14.267,14.401,14.233,14.338
1684742400,14.338,14.626,14.337,14.566
1684756800,14.566,14.626,14.419,14.575
1684771200,14.575,14.758,14.554,14.673
1684785600,14.673,14.769,14.66,14.673
1684800000,14.673,14.962,14.597,14.909
1684814400,14.909,14.956,14.718,14.794
1684828800,14.794,14.815,14.73,14.753
1684843200,14.753,14.78,14.662,14.78
1684857600,14.78,14.786,14.604,14.672
1684872000,14.672,14.72,14.632,14.714
1684886400,14.714,14.717,14.322,14.393
1684900800,14.393,14.446,14.298,14.308
1684915200,14.308,14.417,14.294,14.339
1684929600,14.339,14.378,13.999,14.089
1684944000,14.089,14.155,14.018,14.108
1684958400,14.108,14.204,14.1,14.132
1684972800,14.132,14.151,13.7,14.107
1684987200,14.107,14.194,14.084,14.126
1685001600,14.126,14.187,14.109,14.168
1685016000,14.168,14.247,13.986,14.033
1685030400,14.033,14.251,14.023,14.131
1685044800,14.131,14.156,14.041,14.081
1685059200,14.081,14.113,13.992,14.092
1685073600,14.092,14.1,13.955,14.08
1685088000,14.08,14.145,14.061,14.131
1685102400,14.131,14.293,14.086,14.269
1685116800,14.269,14.38,14.108,14.356
1685131200,14.356,14.39,14.323,14.325
1685145600,14.325,14.445,14.306,14.433
1685160000,14.433,14.468,14.381,14.403
1685174400,14.403,14.411,14.259,14.273
1685188800,14.273,14.389,14.273,14.363
1685203200,14.363,14.429,14.298,14.418
1685217600,14.418,14.62,14.407,14.558
1685232000,14.558,14.789,14.497,14.75
1685246400,14.75,14.818,14.428,14.725
1685260800,14.725,14.734,14.24,14.483
1685275200,14.483,14.522,14.406,14.522
1685289600,14.522,14.746,14.465,14.635
1685304000,14.635,15.051,14.635,14.899
1685318400,14.899,14.979,14.727,14.73
1685332800,14.73,14.808,14.657,14.711
1685347200,14.711,14.738,14.624,14.685
1685361600,14.685,14.69,14.469,14.483
1685376000,14.483,14.514,14.376,14.475
1685390400,14.475,14.498,14.352,14.468
1685404800,14.468,14.563,14.359,14.472
1685419200,14.472,14.559,14.41,14.487
1685433600,14.487,14.724,14.483,14.709
1685448000,14.709,14.716,14.386,14.447
1685462400,14.447,14.564,14.366,14.524
1685476800,14.524,14.557,14.424,14.437
1685491200,14.437,14.46,14.166,14.318
1685505600,14.318,14.319,14.023,14.131
1685520000,14.131,14.157,14.015,14.092
1685534400,14.092,14.129,13.938,14.018
1685548800,14.018,14.114,14.009,14.074
1685563200,14.074,14.133,14.0,14.1
1685577600,14.1,14.179,13.807,14.018
1685592000,14.018,14.073,13.975,13.988
1685606400,13.988,14.162,13.983,14.141
1685620800,14.141,14.221,14.118,14.205
1685635200,14.205,14.293,14.076,14.165
1685649600,14.165,14.184,14.051,14.08
1685664000,14.08,14.278,13.964,14.255
1685678400,14.255,14.386,14.234,14.334
1685692800,14.334,14.5,14.334,14.443
1685707200,14.443,14.494,14.316,14.468
1685721600,14.468,14.565,14.37,14.507
1685736000,14.507,14.551,14.383,14.485
1685750400,14.485,14.531,14.384,14.467
1685764800,14.467,14.581,14.46,14.574
1685779200,14.574,14.577,14.514,14.534
1685793600,14.534,14.59,14.492,14.587
1685808000,14.587,14.59,14.445,14.484
1685822400,14.484,14.58,14.472,14.574
1685836800,14.574,14.631,14.513,14.613
1685851200,14.613,14.715,14.61,14.707
1685865600,14.707,14.766,14.692,14.737
1685880000,14.737,14.799,14.711,14.794
1685894400,14.794,14.893,14.776,14.855
1685908800,14.855,14.934,14.748,14.782
1685923200,14.782,14.872,14.652,14.668
1685937600,14.668,14.818,14.617,14.8
1685952000,14.8,14.866,14.718,14.818
1685966400,14.818,14.898,13.974,13.988
1685980800,13.988,14.104,13.46,13.913
1685995200,13.913,13.92,13.772,13.864
1686009600,13.864,13.996,13.812,13.992
1686024000,13.992,14.151,13.981,14.1
1686038400,14.1,14.142,14.018,14.073
1686052800,14.073,14.259,13.812,14.18
1686067200,14.18,14.651,14.166,14.608
1686081600,14.608,14.672,14.503,14.619
1686096000,14.619,14.698,14.467,14.622
1686110400,14.622,14.655,14.511,14.547
1686124800,14.547,14.593,14.267,14.458
1686139200,14.458,14.466,14.052,14.071
1686153600,14.071,14.146,13.975,14.12
1686168000,14.12,14.144,13.949,14.014
1686182400,14.014,14.084,13.82,13.889
1686196800,13.889,13.959,13.776,13.902
1686211200,13.902,13.947,13.845,13.923
1686225600,13.923,14.094,13.872,14.056
1686240000,14.056,14.071,13.841,13.979
1686254400,13.979,14.027,13.908,13.917
1686268800,13.917,13.945,13.718,13.826
1686283200,13.826,13.862,13.726,13.758
1686297600,13.758,13.973,13.745,13.919
1686312000,13.919,14.249,13.917,14.024
1686326400,14.024,14.046,13.753,13.777
1686340800,13.777,13.864,13.704,13.75
1686355200,13.75,13.758,13.017,13.066
1686369600,13.066,13.163,9.796,11.234
1686384000,11.234,11.658,11.153,11.641
1686398400,11.641,11.638,11.162,11.252
1686412800,11.252,11.812,11.183,11.611
1686427200,11.611,11.709,11.498,11.636
1686441600,11.636,11.704,11.563,11.663
1686456000,11.663,11.666,11.484,11.617
1686470400,11.617,11.728,11.561,11.674
1686484800,11.674,11.708,11.454,11.466
1686499200,11.466,11.74,11.455,11.706
1686513600,11.706,11.8,11.424,11.567
1686528000,11.567,11.581,11.166,11.38
1686542400,11.38,11.491,11.305,11.336
1686556800,11.336,11.587,11.293,11.512
1686571200,11.512,11.523,11.37,11.465
1686585600,11.465,11.535,11.302,11.447
1686600000,11.447,11.599,11.429,11.508
1686614400,11.508,11.724,11.419,11.642
1686628800,11.642,11.725,11.468,11.675
1686643200,11.675,11.89,11.663,11.86
1686657600,11.86,12.064,11.593,11.623
1686672000,11.623,11.823,11.619,11.718
1686686400,11.718,11.789,11.657,11.787
1686700800,11.787,11.889,11.729,11.879
1686715200,11.879,11.889,11.759,11.788
1686729600,11.788,11.899,11.774,11.891
1686744000,11.891,11.955,11.846,11.891
1686758400,11.891,11.941,11.683,11.828
1686772800,11.828,11.839,11.184,11.371
1686787200,11.371,11.561,11.331,11.541
1686801600,11.541,11.547,11.178,11.232
1686816000,11.232,11.249,11.022,11.241
1686830400,11.241,11.334,11.166,11.204
1686844800,11.204,11.521,11.139,11.45
1686859200,11.45,11.53,11.209,11.397
1686873600,11.397,11.501,11.32,11.488
1686888000,11.488,11.508,11.399,11.401
1686902400,11.401,11.473,11.277,11.332
1686916800,11.332,11.459,11.18,11.447
1686931200,11.447,11.721,11.416,11.564
1686945600,11.564,11.634,11.513,11.539
1686960000,11.539,11.574,11.463,11.51
1686974400,11.51,11.826,11.483,11.694
1686988800,11.694,11.841,11.681,11.737
1687003200,11.737,11.801,11.627,11.689
1687017600,11.689,11.75,11.629,11.652
1687032000,11.652,11.692,11.596,11.618
1687046400,11.618,11.624,11.439,11.527
1687060800,11.527,11.595,11.479,11.527
1687075200,11.527,11.583,11.476,11.525
1687089600,11.525,11.554,11.474,11.538
1687104000,11.538,11.601,11.525,11.569
1687118400,11.569,11.577,11.234,11.329
1687132800,11.329,11.375,11.243,11.325
1687147200,11.325,11.38,11.314,11.328
1687161600,11.328,11.351,11.275,11.298
1687176000,11.298,11.37,11.204,11.275
1687190400,11.275,11.514,11.163,11.393
1687204800,11.393,11.489,11.374,11.467
1687219200,11.467,11.582,11.443,11.458
1687233600,11.458,11.516,11.423,11.443
1687248000,11.443,11.444,11.342,11.411
1687262400,11.411,11.433,11.17,11.329
1687276800,11.329,11.917,11.299,11.882
1687291200,11.882,12.121,11.872,12.116
1687305600,12.116,12.38,12.059,12.29
1687320000,12.29,12.392,12.211,12.303
1687334400,12.303,12.337,12.151,12.253
1687348800,12.253,12.595,12.143,12.464
1687363200,12.464,13.035,12.419,12.901
1687377600,12.901,12.992,12.765,12.89
1687392000,12.89,13.227,12.851,13.103
1687406400,13.103,13.111,12.864,13.08
1687420800,13.08,13.136,12.579,12.781
1687435200,12.781,13.055,12.578,12.734
1687449600,12.734,12.885,12.725,12.83
1687464000,12.83,12.844,12.61,12.651
1687478400,12.651,12.808,12.641,12.782
1687492800,12.782,12.844,12.729,12.779
1687507200,12.779,12.856,12.739,12.832
1687521600,12.832,13.19,12.616,13.159
1687536000,13.159,13.491,13.019,13.264
1687550400,13.264,13.506,13.089,13.282
1687564800,13.282,13.381,13.14,13.353
1687579200,13.353,13.392,13.116,13.134
1687593600,13.134,13.213,13.102,13.152
1687608000,13.152,13.226,12.758,12.845
1687622400,12.845,13.06,12.729,12.981
1687636800,12.981,13.043,12.826,13.01
1687651200,13.01,13.495,12.961,13.483
1687665600,13.483,13.603,13.333,13.564
1687680000,13.564,13.677,13.422,13.587
1687694400,13.587,13.591,13.3,13.359
1687708800,13.359,13.486,13.339,13.423
1687723200,13.423,13.534,13.337,13.429
1687737600,13.429,13.445,13.101,13.354
1687752000,13.354,13.512,13.239,13.402
1687766400,13.402,13.646,13.325,13.543
1687780800,13.543,13.688,13.428,13.542
1687795200,13.542,13.546,12.959,13.263
1687809600,13.263,13.309,12.954,13.15
1687824000,13.15,13.338,13.088,13.308
1687838400,13.308,13.38,13.171,13.347
1687852800,13.347,13.404,13.231,13.368
1687867200,13.368,13.467,13.111,13.191
1687881600,13.191,13.36,13.131,13.303
1687896000,13.303,13.324,13.146,13.191
1687910400,13.191,13.211,12.878,12.991
1687924800,12.991,13.015,12.671,12.687
1687939200,12.687,12.836,12.653,12.777
1687953600,12.777,12.897,12.616,12.805
1687968000,12.805,12.814,12.076,12.242
1687982400,12.242,12.401,12.112,12.337
1687996800,12.337,12.389,12.259,12.327
1688011200,12.327,12.396,12.274,12.368
1688025600,12.368,12.954,12.338,12.888
1688040000,12.888,12.942,12.622,12.642
1688054400,12.642,12.749,12.555,12.737
1688068800,12.737,12.75,12.575,12.667
1688083200,12.667,13.038,12.565,13.016
1688097600,13.016,13.256,12.961,13.075
1688112000,13.075,13.24,13.051,13.223
1688126400,13.223,13.325,12.105,12.606
1688140800,12.606,13.087,12.48,12.895
1688155200,12.895,13.091,12.86,13.024
1688169600,13.024,13.153,12.974,13.017
1688184000,13.017,13.047,12.826,12.942
1688198400,12.942,13.002,12.877,12.952
1688212800,12.952,13.092,12.886,12.898
1688227200,12.898,12.97,12.871,12.938
1688241600,12.938,12.998,12.904,12.997
1688256000,12.997,13.0,12.705,12.745
1688270400,12.745,12.889,12.703,12.883
1688284800,12.883,13.068,12.848,13.001
1688299200,13.001,13.091,12.821,13.008
1688313600,13.008,13.093,12.896,12.999
1688328000,12.999,13.214,12.981,13.123
1688342400,13.123,13.591,13.065,13.391
1688356800,13.391,13.451,13.146,13.274
1688371200,13.274,13.349,13.152,13.236
1688385600,13.236,13.311,13.102,13.282
1688400000,13.282,13.406,13.123,13.312
1688414400,13.312,13.332,13.131,13.248
1688428800,13.248,13.342,13.131,13.329
1688443200,13.329,13.334,13.172,13.189
1688457600,13.189,13.282,13.079,13.28
1688472000,13.28,13.359,13.168,13.268
1688486400,13.268,13.41,13.008,13.087
1688500800,13.087,13.147,12.997,13.036
1688515200,13.036,13.13,12.934,13.127
1688529600,13.127,13.154,13.028,13.107
1688544000,13.107,13.125,12.502,12.641
1688558400,12.641,12.744,12.478,12.558
1688572800,12.558,12.707,12.506,12.595
1688587200,12.595,12.721,12.553,12.659
1688601600,12.659,12.715,12.54,12.611
1688616000,12.611,12.895,12.583,12.834
1688630400,12.834,13.111,12.777,12.858
1688644800,12.858,12.88,12.229,12.646
1688659200,12.646,12.742,12.494,12.643
1688673600,12.643,12.666,12.345,12.352
1688688000,12.352,12.615,12.236,12.587
1688702400,12.587,12.611,12.46,12.509
1688716800,12.509,12.662,12.48,12.595
1688731200,12.595,12.747,12.539,12.692
1688745600,12.692,12.729,12.559,12.666
1688760000,12.666,12.741,12.599,12.729
1688774400,12.729,13.354,12.715,13.332
1688788800,13.332,13.796,13.268,13.46
1688803200,13.46,13.755,13.451,13.541
1688817600,13.541,13.881,13.494,13.729
1688832000,13.729,13.849,13.528,13.543
1688846400,13.543,13.665,13.488,13.631
1688860800,13.631,14.144,13.582,14.061
1688875200,14.061,14.195,13.869,13.942
1688889600,13.942,14.181,13.912,14.089
1688904000,14.089,14.131,13.825,13.831
1688918400,13.831,13.858,13.681,13.737
1688932800,13.737,13.771,13.561,13.582
1688947200,13.582,13.59,13.22,13.288
1688961600,13.288,13.392,13.226,13.349
1688976000,13.349,13.366,13.158,13.346
1688990400,13.346,13.395,13.261,13.345
1689004800,13.345,13.756,13.261,13.727
1689019200,13.727,13.843,13.29,13.378
1689033600,13.378,13.683,13.362,13.631
1689048000,13.631,13.675,13.465,13.479
1689062400,13.479,13.51,13.319,13.349
1689076800,13.349,13.486,13.304,13.34
1689091200,13.34,13.349,13.171,13.25
1689105600,13.25,13.308,13.151,13.258
1689120000,13.258,13.294,13.142,13.157
1689134400,13.157,13.259,13.125,13.216
1689148800,13.216,13.279,13.149,13.256
1689163200,13.256,13.359,13.012,13.046
1689177600,13.046,13.09,12.84,12.926
1689192000,12.926,13.038,12.875,13.008
1689206400,13.008,13.026,12.881,12.944
1689220800,12.944,13.137,12.898,13.049
1689235200,13.049,13.233,13.043,13.218
1689249600,13.218,13.715,13.117,13.651
1689264000,13.651,14.198,13.655,14.087
1689278400,14.087,14.128,13.765,14.117
1689292800,14.117,14.811,14.104,14.768
1689307200,14.768,15.797,14.648,15.317
1689321600,15.317,15.982,15.082,15.45
1689336000,15.45,15.89,15.122,15.596
1689350400,15.596,15.779,14.035,14.308
1689364800,14.308,14.651,14.108,14.642
1689379200,14.642,14.73,14.41,14.441
1689393600,14.441,14.981,14.428,14.919
1689408000,14.919,15.035,14.779,15.018
1689422400,15.018,15.348,14.871,15.125
1689436800,15.125,15.189,14.96,15.059
1689451200,15.059,15.064,14.678,14.846
1689465600,14.846,14.93,14.436,14.535
1689480000,14.535,14.707,14.529,14.636
1689494400,14.636,14.727,14.415,14.533
1689508800,14.533,14.834,14.518,14.599
1689523200,14.599,14.6,14.268,14.288
1689537600,14.288,14.433,14.153,14.28
1689552000,14.28,14.479,14.191,14.436
1689566400,14.436,14.57,14.369,14.535
1689580800,14.535,14.617,13.832,14.139
1689595200,14.139,14.409,13.935,14.253
1689609600,14.253,14.354,13.886,14.146
1689624000,14.146,14.444,14.017,14.392
1689638400,14.392,14.582,14.33,14.349
1689652800,14.349,14.385,13.907,13.997
1689667200,13.997,14.11,13.811,13.838
1689681600,13.838,14.002,13.727,13.933
1689696000,13.933,14.009,13.59,13.759
1689710400,13.759,13.825,13.652,13.802
1689724800,13.802,14.091,13.752,14.021
1689739200,14.021,14.104,13.93,13.988
1689753600,13.988,14.009,13.782,14.003
1689768000,14.003,14.093,13.772,13.949
1689782400,13.949,14.265,13.859,14.184
1689796800,14.184,14.195,13.916,13.989
1689811200,13.989,14.159,13.93,14.05
1689825600,14.05,14.285,14.029,14.267
1689840000,14.267,14.419,14.239,14.245
1689854400,14.245,14.274,13.684,13.814
1689868800,13.814,13.877,13.671,13.849
1689883200,13.849,13.91,13.697,13.861
1689897600,13.861,14.015,13.716,13.97
1689912000,13.97,13.989,13.838,13.881
1689926400,13.881,13.986,13.843,13.886
1689940800,13.886,14.046,13.886,13.936
1689955200,13.936,14.064,13.837,13.954
1689969600,13.954,14.014,13.881,13.976
1689984000,13.976,14.055,13.928,13.96
1689998400,13.96,13.999,13.882,13.931
1690012800,13.931,13.939,13.602,13.747
1690027200,13.747,13.788,13.707,13.779
1690041600,13.779,13.785,13.648,13.692
1690056000,13.692,13.713,13.292,13.514
1690070400,13.514,13.59,13.383,13.56
1690084800,13.56,13.665,13.544,13.569
1690099200,13.569,13.61,13.532,13.567
1690113600,13.567,13.582,13.503,13.534
1690128000,13.534,13.747,13.526,13.607
1690142400,13.607,13.657,13.464,13.532
1690156800,13.532,13.593,13.294,13.329
1690171200,13.329,13.48,13.212,13.438
1690185600,13.438,13.492,12.766,13.104
1690200000,13.104,13.136,12.872,12.942
1690214400,12.942,13.098,12.896,13.04
1690228800,13.04,13.124,13.008,13.099
1690243200,13.099,13.229,13.029,13.226
1690257600,13.226,13.244,13.072,13.099
1690272000,13.099,13.294,13.092,13.265
1690286400,13.265,13.552,13.131,13.334
1690300800,13.334,13.441,13.265,13.311
1690315200,13.311,13.416,13.262,13.329
1690329600,13.329,13.361,13.11,13.25
1690344000,13.25,13.314,13.171,13.248
1690358400,13.248,13.285,13.12,13.154
1690372800,13.154,13.282,13.137,13.273
1690387200,13.273,13.354,13.072,13.337
1690401600,13.337,13.451,13.21,13.256
1690416000,13.256,13.32,13.195,13.262
1690430400,13.262,13.346,13.207,13.258
1690444800,13.258,13.424,13.217,13.357
1690459200,13.357,13.37,13.139,13.188
1690473600,13.188,13.243,13.012,13.114
1690488000,13.114,13.175,13.081,13.148
1690502400,13.148,13.221,13.113,13.154
1690516800,13.154,13.193,13.026,13.035
1690531200,13.035,13.125,13.003,13.093
1690545600,13.093,13.29,13.085,13.199
1690560000,13.199,13.241,13.102,13.212
1690574400,13.212,13.253,13.186,13.22
1690588800,13.22,13.29,13.191,13.236
1690603200,13.236,13.259,13.165,13.179
1690617600,13.179,13.223,13.142,13.166
1690632000,13.166,13.235,13.163,13.198
1690646400,13.198,13.26,13.164,13.236
1690660800,13.236,13.265,13.211,13.228
1690675200,13.228,13.341,13.191,13.32
1690689600,13.32,13.335,13.229,13.232
1690704000,13.232,13.281,13.203,13.261
1690718400,13.261,13.364,13.194,13.276
1690732800,13.276,13.405,13.054,13.127
1690747200,13.127,13.156,12.897,13.122
1690761600,13.122,13.276,13.06,13.17
1690776000,13.17,13.184,13.053,13.058
1690790400,13.058,13.131,13.043,13.115
1690804800,13.115,13.126,12.868,12.895
1690819200,12.895,12.995,12.693,12.782
1690833600,12.782,12.888,12.688,12.806
1690848000,12.806,12.883,12.569,12.586
1690862400,12.586,12.7,12.55,12.651
1690876800,12.651,12.751,12.644,12.684
1690891200,12.684,12.735,12.515,12.703
1690905600,12.703,12.84,12.635,12.787
1690920000,12.787,12.893,12.704,12.881
1690934400,12.881,12.953,12.779,12.79
1690948800,12.79,12.799,12.701,12.724
1690963200,12.724,12.777,12.663,12.77
1690977600,12.77,12.783,12.516,12.604
1690992000,12.604,12.633,12.405,12.53
1691006400,12.53,12.583,12.49,12.537
1691020800,12.537,12.586,12.486,12.508
1691035200,12.508,12.522,12.393,12.424
1691049600,12.424,12.539,12.352,12.521
1691064000,12.521,12.62,12.454,12.543
1691078400,12.543,12.637,12.49,12.526
1691092800,12.526,12.586,12.379,12.436
1691107200,12.436,12.497,12.383,12.483
1691121600,12.483,12.504,12.416,12.467
1691136000,12.467,12.519,12.427,12.442
1691150400,12.442,12.609,12.43,12.554
1691164800,12.554,12.59,12.356,12.409
1691179200,12.409,12.464,12.227,12.4
1691193600,12.4,12.432,12.315,12.373
1691208000,12.373,12.376,12.295,12.333
1691222400,12.333,12.358,12.305,12.315
1691236800,12.315,12.363,12.275,12.311
1691251200,12.311,12.393,12.279,12.34
1691265600,12.34,12.449,12.32,12.441
1691280000,12.441,12.589,12.418,12.584
1691294400,12.584,12.63,12.554,12.583
1691308800,12.583,12.664,12.56,12.606
1691323200,12.606,12.621,12.519,12.55
1691337600,12.55,12.628,12.524,12.577
1691352000,12.577,12.649,12.537,12.593
1691366400,12.593,12.758,12.549,12.711
1691380800,12.711,12.736,12.554,12.665
1691395200,12.665,12.738,12.629,12.715
1691409600,12.715,12.745,12.409,12.421
1691424000,12.421,12.498,12.189,12.455
1691438400,12.455,12.473,12.4,12.465
1691452800,12.465,12.487,12.377,12.433
1691467200,12.433,12.534,12.412,12.469
1691481600,12.469,12.582,12.451,12.582
1691496000,12.582,12.645,12.45,12.596
1691510400,12.596,12.751,12.58,12.654
1691524800,12.654,12.787,12.633,12.685
1691539200,12.685,12.738,12.586,12.623
1691553600,12.623,12.711,12.606,12.697
1691568000,12.697,12.705,12.627,12.687
1691582400,12.687,12.797,12.608,12.631
1691596800,12.631,12.651,12.544,12.552
1691611200,12.552,12.65,12.488,12.627
1691625600,12.627,12.658,12.557,12.564
1691640000,12.564,12.566,12.484,12.498
1691654400,12.498,12.528,12.464,12.489
1691668800,12.489,12.655,12.485,12.545
1691683200,12.545,12.595,12.5,12.516
1691697600,12.516,12.536,12.464,12.48
1691712000,12.48,12.516,12.412,12.46
1691726400,12.46,12.502,12.444,12.447
1691740800,12.447,12.503,12.411,12.497
1691755200,12.497,12.546,12.388,12.415
1691769600,12.415,12.437,12.346,12.42
1691784000,12.42,12.453,12.392,12.442
1691798400,12.442,12.469,12.417,12.437
1691812800,12.437,12.454,12.419,12.448
1691827200,12.448,12.485,12.429,12.468
1691841600,12.468,12.486,12.44,12.452
1691856000,12.452,12.464,12.385,12.394
1691870400,12.394,12.394,12.346,12.388
1691884800,12.388,12.388,12.271,12.322
1691899200,12.322,12.351,12.289,12.351
1691913600,12.351,12.373,12.334,12.355
1691928000,12.355,12.366,12.303,12.326
1691942400,12.326,12.416,12.302,12.408
1691956800,12.408,12.421,12.192,12.266
1691971200,12.266,12.328,12.165,12.309
1691985600,12.309,12.382,12.299,12.349
1692000000,12.349,12.375,12.316,12.331
1692014400,12.331,12.457,12.285,12.407
1692028800,12.407,12.427,12.237,12.303
1692043200,12.303,12.37,12.291,12.366
1692057600,12.366,12.377,12.306,12.323
1692072000,12.323,12.322,12.257,12.305
1692086400,12.305,12.337,12.281,12.283
1692100800,12.283,12.337,12.221,12.229
1692115200,12.229,12.247,11.27,11.707
1692129600,11.707,11.833,11.668,11.822
1692144000,11.822,11.859,11.781,11.786
1692158400,11.786,11.817,11.675,11.68
1692172800,11.68,11.696,11.565,11.633
1692187200,11.633,11.635,11.39,11.468
1692201600,11.468,11.585,11.412,11.509
1692216000,11.509,11.532,11.075,11.376
1692230400,11.376,11.447,11.105,11.415
1692244800,11.415,11.482,11.387,11.481
1692259200,11.481,11.5,11.392,11.423
1692273600,11.423,11.473,11.122,11.175
1692288000,11.175,11.291,11.072,11.267
1692302400,11.267,11.274,9.633,10.568
1692316800,10.568,10.728,10.526,10.652
1692331200,10.652,10.947,10.571,10.943
1692345600,10.943,10.993,10.83,10.889
1692360000,10.889,10.904,10.737,10.761
1692374400,10.761,10.85,10.575,10.723
1692388800,10.723,10.84,10.72,10.798
1692403200,10.798,10.883,10.718,10.747
1692417600,10.747,10.795,10.556,10.686
1692432000,10.686,10.748,10.673,10.707
1692446400,10.707,10.809,10.686,10.806
1692460800,10.806,10.842,10.744,10.798
1692475200,10.798,10.811,10.734,10.809
1692489600,10.809,10.833,10.751,10.786
1692504000,10.786,10.797,10.729,10.772
1692518400,10.772,10.896,10.755,10.874
1692532800,10.874,10.892,10.783,10.844
1692547200,10.844,10.879,10.805,10.857
1692561600,10.857,10.917,10.844,10.855
1692576000,10.855,10.87,10.742,10.763
1692590400,10.763,10.825,10.712,10.728
1692604800,10.728,10.734,10.472,10.551
1692619200,10.551,10.602,10.167,10.291
1692633600,10.291,10.393,10.265,10.363
1692648000,10.363,10.418,10.341,10.347
1692662400,10.347,10.374,10.272,10.292
1692676800,10.292,10.32,10.171,10.286
1692691200,10.286,10.304,10.169,10.188
1692705600,10.188,10.264,10.037,10.038
1692720000,10.038,10.047,9.803,9.889
1692734400,9.889,10.171,9.788,10.134
1692748800,10.134,10.183,10.087,10.107
1692763200,10.107,10.257,10.106,10.192
1692777600,10.192,10.208,10.106,10.115
1692792000,10.115,10.309,10.047,10.287
1692806400,10.287,10.467,10.249,10.422
1692820800,10.422,10.443,10.24,10.325
1692835200,10.325,10.349,10.249,10.286
1692849600,10.286,10.326,10.253,10.308
1692864000,10.308,10.351,10.271,10.302
1692878400,10.302,10.303,10.041,10.061
1692892800,10.061,10.152,10.036,10.078
1692907200,10.078,10.13,9.964,10.111
1692921600,10.111,10.127,9.937,10.006
1692936000,10.006,10.044,9.897,9.998
1692950400,9.998,10.054,9.995,10.03
1692964800,10.03,10.059,9.876,9.966
1692979200,9.966,10.057,9.93,9.995
1692993600,9.995,10.073,9.976,10.043
1693008000,10.043,10.084,10.013,10.07
1693022400,10.07,10.074,10.004,10.021
1693036800,10.021,10.065,10.003,10.038
1693051200,10.038,10.061,10.014,10.046
1693065600,10.046,10.052,10.001,10.04
1693080000,10.04,10.127,10.015,10.088
1693094400,10.088,10.137,10.063,10.071
1693108800,10.071,10.124,10.069,10.11
1693123200,10.11,10.232,10.107,10.174
1693137600,10.174,10.272,10.132,10.232
1693152000,10.232,10.246,10.14,10.186
1693166400,10.186,10.216,10.152,10.196
1693180800,10.196,10.201,10.032,10.045
1693195200,10.045,10.071,9.913,10.005
1693209600,10.005,10.062,9.933,10.059
1693224000,10.059,10.382,10.052,10.323
1693238400,10.323,10.44,10.256,10.333
1693252800,10.333,10.375,10.239,10.365
1693267200,10.365,10.615,10.365,10.515
1693281600,10.515,10.523,10.383,10.426
1693296000,10.426,10.479,10.32,10.344
1693310400,10.344,11.198,10.336,10.826
1693324800,10.826,10.96,10.807,10.849
1693339200,10.849,10.903,10.769,10.808
1693353600,10.808,10.823,10.587,10.643
1693368000,10.643,10.67,10.57,10.592
1693382400,10.592,10.626,10.496,10.505
1693396800,10.505,10.547,10.372,10.405
1693411200,10.405,10.418,10.327,10.374
1693425600,10.374,10.435,10.372,10.399
1693440000,10.399,10.4,10.26,10.294
1693454400,10.294,10.415,10.284,10.346
1693468800,10.346,10.543,10.316,10.453
1693483200,10.453,10.468,10.154,10.212
1693497600,10.212,10.212,9.916,10.027
1693512000,10.027,10.041,9.901,9.978
1693526400,9.978,10.021,9.951,10.005
1693540800,10.005,10.028,9.962,9.987
1693555200,9.987,10.025,9.968,10.015
1693569600,10.015,10.057,9.856,9.909
1693584000,9.909,9.954,9.747,9.89
1693598400,9.89,9.975,9.862,9.92
1693612800,9.92,9.96,9.874,9.905
1693627200,9.905,9.935,9.871,9.89
1693641600,9.89,9.899,9.815,9.852
1693656000,9.852,9.9,9.793,9.859
1693670400,9.859,9.882,9.751,9.863
1693684800,9.863,9.925,9.847,9.906
1693699200,9.906,9.944,9.877,9.938
1693713600,9.938,9.988,9.914,9.931
1693728000,9.931,9.935,9.879,9.925
1693742400,9.925,9.949,9.846,9.869
1693756800,9.869,9.936,9.816,9.903
1693771200,9.903,9.934,9.837,9.868
1693785600,9.868,10.043,9.858,9.956
1693800000,9.956,9.978,9.866,9.943
1693814400,9.943,9.969,9.871,9.876
1693828800,9.876,9.914,9.783,9.852
1693843200,9.852,9.902,9.808,9.841
1693857600,9.841,9.853,9.67,9.805
1693872000,9.805,9.814,9.651,9.721
1693886400,9.721,9.798,9.72,9.786
1693900800,9.786,9.887,9.757,9.862
1693915200,9.862,9.96,9.807,9.911
1693929600,9.911,9.947,9.85,9.853
1693944000,9.853,9.954,9.843,9.908
1693958400,9.908,9.989,9.889,9.932
1693972800,9.932,9.934,9.841,9.87
1693987200,9.87,9.936,9.862,9.901
1694001600,9.901,9.956,9.816,9.88
1694016000,9.88,10.05,9.799,9.898
1694030400,9.898,9.964,9.897,9.94
1694044800,9.94,10.006,9.919,10.001
1694059200,10.001,10.016,9.93,9.956
1694073600,9.956,9.974,9.861,9.869
1694088000,9.869,9.941,9.827,9.911
1694102400,9.911,9.975,9.905,9.969
1694116800,9.969,10.133,9.96,10.087
1694131200,10.087,10.152,10.011,10.068
1694145600,10.068,10.104,10.021,10.069
1694160000,10.069,10.075,9.852,9.93
1694174400,9.93,9.966,9.905,9.915
1694188800,9.915,9.919,9.861,9.913
1694203200,9.913,9.927,9.87,9.918
1694217600,9.918,9.92,9.859,9.89
1694232000,9.89,9.908,9.856,9.882
1694246400,9.882,9.903,9.872,9.888
1694260800,9.888,9.893,9.838,9.87
1694275200,9.87,9.881,9.849,9.867
1694289600,9.867,9.873,9.824,9.83
1694304000,9.83,9.833,9.585,9.637
1694318400,9.637,9.638,9.345,9.537
1694332800,9.537,9.536,9.477,9.51
1694347200,9.51,9.694,9.507,9.55
1694361600,9.55,9.555,9.402,9.51
1694376000,9.51,9.57,9.435,9.458
1694390400,9.458,9.489,9.349,9.447
1694404800,9.447,9.508,9.424,9.45
1694419200,9.45,9.459,9.128,9.192
1694433600,9.192,9.319,9.139,9.281
1694448000,9.281,9.314,9.073,9.124
1694462400,9.124,9.237,9.08,9.227
1694476800,9.227,9.529,9.203,9.423
1694491200,9.423,9.461,9.254,9.312
1694505600,9.312,9.552,9.284,9.46
1694520000,9.46,9.468,9.293,9.299
1694534400,9.299,9.418,9.206,9.272
1694548800,9.272,9.295,9.191,9.206
1694563200,9.206,9.28,9.171,9.199
1694577600,9.199,9.431,9.096,9.156
1694592000,9.156,9.299,9.143,9.257
1694606400,9.257,9.335,9.186,9.295
1694620800,9.295,9.338,9.212,9.268
1694635200,9.268,9.338,9.265,9.284
1694649600,9.284,9.47,9.281,9.338
1694664000,9.338,9.353,9.25,9.323
1694678400,9.323,9.348,9.247,9.338
1694692800,9.338,9.436,9.283,9.363
1694707200,9.363,9.434,9.309,9.384
1694721600,9.384,9.446,9.343,9.394
1694736000,9.394,9.52,9.37,9.455
1694750400,9.455,9.469,9.304,9.324
1694764800,9.324,9.353,9.257,9.267
1694779200,9.267,9.325,9.182,9.237
1694793600,9.237,9.268,9.207,9.251
1694808000,9.251,9.492,9.231,9.422
1694822400,9.422,9.609,9.393,9.501
1694836800,9.501,9.557,9.463,9.502
1694851200,9.502,9.51,9.415,9.461
1694865600,9.461,9.473,9.353,9.406
1694880000,9.406,9.464,9.363,9.377
1694894400,9.377,9.404,9.362,9.374
1694908800,9.374,9.376,9.205,9.278
1694923200,9.278,9.293,9.218,9.225
1694937600,9.225,9.298,9.17,9.253
1694952000,9.253,9.268,9.182,9.203
1694966400,9.203,9.205,9.109,9.163
1694980800,9.163,9.166,9.007,9.089
1694995200,9.089,9.124,8.81,9.119
1695009600,9.119,9.18,9.05,9.113
1695024000,9.113,9.28,9.097,9.258
1695038400,9.258,9.309,9.172,9.251
1695052800,9.251,9.274,9.061,9.143
1695067200,9.143,9.177,9.081,9.101
1695081600,9.101,9.159,9.031,9.139
1695096000,9.139,9.175,9.082,9.151
1695110400,9.151,9.303,9.15,9.218
1695124800,9.218,9.273,9.101,9.271
1695139200,9.271,9.274,9.158,9.17
1695153600,9.17,9.229,9.136,9.205
1695168000,9.205,9.229,9.05,9.084
1695182400,9.084,9.11,9.045,9.098
1695196800,9.098,9.14,9.015,9.093
1695211200,9.093,9.104,8.969,9.088
1695225600,9.088,9.12,8.879,8.961
1695240000,8.961,9.092,8.949,9.041
1695254400,9.041,9.109,8.978,9.069
1695268800,9.069,9.075,8.935,8.958
1695283200,8.958,8.982,8.762,8.847
1695297600,8.847,8.894,8.788,8.867
1695312000,8.867,8.905,8.831,8.861
1695326400,8.861,8.869,8.783,8.818
1695340800,8.818,8.901,8.725,8.863
1695355200,8.863,8.896,8.832,8.889
1695369600,8.889,8.92,8.874,8.895
1695384000,8.895,8.907,8.819,8.829
1695398400,8.829,8.845,8.785,8.808
1695412800,8.808,8.883,8.793,8.858
1695427200,8.858,8.933,8.819,8.859
1695441600,8.859,8.916,8.822,8.913
1695456000,8.913,8.973,8.897,8.962
1695470400,8.962,8.98,8.887,8.902
1695484800,8.902,8.917,8.864,8.898
1695499200,8.898,8.91,8.854,8.9
1695513600,8.9,8.947,8.869,8.913
1695528000,8.913,8.932,8.872,8.904
1695542400,8.904,8.978,8.905,8.952
1695556800,8.952,9.04,8.948,8.983
1695571200,8.983,9.022,8.864,8.879
1695585600,8.879,8.914,8.751,8.776
1695600000,8.776,8.813,8.622,8.777
1695614400,8.777,8.871,8.752,8.861
1695628800,8.861,8.878,8.799,8.8
1695643200,8.8,8.873,8.748,8.865
1695657600,8.865,8.935,8.868,8.924
1695672000,8.924,8.958,8.88,8.944
1695686400,8.944,9.062,8.898,9.012
1695700800,9.012,9.022,8.955,8.955
1695715200,8.955,9.027,8.943,9.018
1695729600,9.018,9.052,8.9,8.92
1695744000,8.92,8.988,8.911,8.983
1695758400,8.983,9.06,8.887,9.04
1695772800,9.04,9.086,9.021,9.067
1695787200,9.067,9.081,9.0,9.009
1695801600,9.009,9.182,8.969,9.128
1695816000,9.128,9.185,8.883,8.93
1695830400,8.93,8.967,8.814,8.939
1695844800,8.939,8.949,8.878,8.927
1695859200,8.927,9.012,8.905,8.96
1695873600,8.96,9.107,8.924,9.092
1695888000,9.092,9.177,9.048,9.123
1695902400,9.123,9.274,9.118,9.26
1695916800,9.26,9.347,9.209,9.255
1695931200,9.255,9.275,9.182,9.262
1695945600,9.262,9.343,9.253,9.334
1695960000,9.334,9.361,9.258,9.341
1695974400,9.341,9.344,9.213,9.219
1695988800,9.219,9.261,9.111,9.197
1696003200,9.197,9.212,9.078,9.085
1696017600,9.085,9.179,9.069,9.167
1696032000,9.167,9.201,9.111,9.133
1696046400,9.133,9.191,9.127,9.167
1696060800,9.167,9.206,9.15,9.155
1696075200,9.155,9.284,9.138,9.238
1696089600,9.238,9.291,9.222,9.255
1696104000,9.255,9.265,9.201,9.236
1696118400,9.236,9.345,9.21,9.33
1696132800,9.33,9.477,9.304,9.451
1696147200,9.451,9.693,9.43,9.626
1696161600,9.626,9.669,9.555,9.604
1696176000,9.604,9.607,9.448,9.496
1696190400,9.496,9.823,9.455,9.749
1696204800,9.749,9.825,9.683,9.775
1696219200,9.775,9.786,9.644,9.765
1696233600,9.765,9.812,9.674,9.679
1696248000,9.679,9.721,9.456,9.5
1696262400,9.5,9.58,9.261,9.387
1696276800,9.387,9.393,9.146,9.312
1696291200,9.312,9.335,9.265,9.291
1696305600,9.291,9.355,9.255,9.338
1696320000,9.338,9.415,9.329,9.39
1696334400,9.39,9.419,9.221,9.247
1696348800,9.247,9.364,9.232,9.318
1696363200,9.318,9.479,9.285,9.409
1696377600,9.409,9.432,9.115,9.301
1696392000,9.301,9.755,9.261,9.612
1696406400,9.612,9.828,9.593,9.711
1696420800,9.711,9.786,9.582,9.732
1696435200,9.732,10.131,9.725,10.011
1696449600,10.011,10.26,9.954,10.092
1696464000,10.092,10.263,10.027,10.041
1696478400,10.041,10.056,9.946,10.013
1696492800,10.013,10.323,9.975,10.184
1696507200,10.184,10.234,9.826,9.928
1696521600,9.928,10.187,9.812,10.177
1696536000,10.177,10.215,10.093,10.123
1696550400,10.123,10.481,10.122,10.406
1696564800,10.406,10.633,10.293,10.608
1696579200,10.608,10.779,10.542,10.625
1696593600,10.625,10.832,10.526,10.729
1696608000,10.729,10.809,10.635,10.639
1696622400,10.639,10.737,10.618,10.649
1696636800,10.649,10.987,10.647,10.925
1696651200,10.925,11.8,10.662,10.779
1696665600,10.779,10.824,10.524,10.566
1696680000,10.566,10.731,10.254,10.506
1696694400,10.506,10.502,10.247,10.28
1696708800,10.28,10.39,10.273,10.342
1696723200,10.342,10.525,10.294,10.467
1696737600,10.467,10.482,10.155,10.218
1696752000,10.218,10.248,10.01,10.035
1696766400,10.035,10.132,9.971,10.035
1696780800,10.035,10.096,9.951,10.085
1696795200,10.085,10.194,10.071,10.079
1696809600,10.079,10.079,9.896,9.949
1696824000,9.949,10.003,9.873,9.884
1696838400,9.884,9.951,9.607,9.638
1696852800,9.638,9.721,9.513,9.532
1696867200,9.532,9.562,9.279,9.498
1696881600,9.498,9.54,9.408,9.536
1696896000,9.536,9.585,9.47,9.573
1696910400,9.573,9.765,9.543,9.751
1696924800,9.751,9.832,9.654,9.665
1696939200,9.665,9.826,9.588,9.606
1696953600,9.606,9.634,9.464,9.504
1696968000,9.504,9.576,9.417,9.518
1696982400,9.518,9.566,9.285,9.32
1696996800,9.32,9.385,9.26,9.272
1697011200,9.272,9.439,9.267,9.374
1697025600,9.374,9.509,9.275,9.316
1697040000,9.316,9.384,9.205,9.348
1697054400,9.348,9.353,9.247,9.297
1697068800,9.297,9.315,9.123,9.131
1697083200,9.131,9.213,9.127,9.16
1697097600,9.16,9.162,8.933,9.04
1697112000,9.04,9.056,8.879,8.958
1697126400,8.958,9.089,8.889,9.053
1697140800,9.053,9.195,9.033,9.107
1697155200,9.107,9.191,9.096,9.111
1697169600,9.111,9.186,9.106,9.145
1697184000,9.145,9.165,9.093,9.13
1697198400,9.13,9.189,9.023,9.024
1697212800,9.024,9.189,9.022,9.153
1697227200,9.153,9.335,9.12,9.146
1697241600,9.146,9.221,9.126,9.22
1697256000,9.22,9.243,9.139,9.181
1697270400,9.181,9.224,9.179,9.187
1697284800,9.187,9.2,9.145,9.189
1697299200,9.189,9.244,9.143,9.16
1697313600,9.16,9.202,9.105,9.14
1697328000,9.14,9.259,9.115,9.17
1697342400,9.17,9.182,9.129,9.163
1697356800,9.163,9.218,9.102,9.107
1697371200,9.107,9.152,9.066,9.122
1697385600,9.122,9.193,9.09,9.158
1697400000,9.158,9.217,9.13,9.173
1697414400,9.173,9.381,9.156,9.374
1697428800,9.374,9.552,9.344,9.469
1697443200,9.469,9.525,9.422,9.472
1697457600,9.472,9.811,9.27,9.31
1697472000,9.31,9.461,9.296,9.399
1697486400,9.399,9.449,9.345,9.391
1697500800,9.391,9.398,9.28,9.308
1697515200,9.308,9.344,9.265,9.33
1697529600,9.33,9.388,9.271,9.289
1697544000,9.289,9.294,9.0,9.13
1697558400,9.13,9.161,9.035,9.125
1697572800,9.125,9.144,9.078,9.1
1697587200,9.1,9.108,9.031,9.102
1697601600,9.102,9.203,9.078,9.127
1697616000,9.127,9.188,9.085,9.129
1697630400,9.129,9.137,8.98,9.009
1697644800,9.009,9.059,8.898,8.926
1697659200,8.926,8.937,8.832,8.901
1697673600,8.901,8.901,8.636,8.801
1697688000,8.801,8.93,8.782,8.917
1697702400,8.917,8.933,8.86,8.912
1697716800,8.912,9.018,8.874,9.008
1697731200,9.008,9.107,8.922,9.058
1697745600,9.058,9.092,8.997,9.058
1697760000,9.058,9.274,9.018,9.221
1697774400,9.221,9.257,9.155,9.21
1697788800,9.21,9.377,9.212,9.241
1697803200,9.241,9.28,9.145,9.174
1697817600,9.174,9.226,9.075,9.223
1697832000,9.223,9.246,9.189,9.212
1697846400,9.212,9.314,9.165,9.22
1697860800,9.22,9.467,9.198,9.441
1697875200,9.441,9.563,9.366,9.552
1697889600,9.552,9.753,9.483,9.728
1697904000,9.728,9.804,9.609,9.656
1697918400,9.656,9.678,9.583,9.628
1697932800,9.628,9.727,9.53,9.594
1697947200,9.594,10.059,9.568,9.865
1697961600,9.865,9.971,9.661,9.701
1697976000,9.701,9.845,9.692,9.759
1697990400,9.759,9.935,9.747,9.871
1698004800,9.871,10.078,9.848,10.078
1698019200,10.078,10.307,9.983,10.224
1698033600,10.224,10.387,10.09,10.152
1698048000,10.152,10.181,9.874,10.015
1698062400,10.015,10.053,9.852,9.968
1698076800,9.968,10.223,9.898,10.202
1698091200,10.202,10.679,10.093,10.588
1698105600,10.588,10.74,10.431,10.435
1698120000,10.435,10.605,10.281,10.459
1698134400,10.459,10.661,10.418,10.661
1698148800,10.661,10.804,10.071,10.224
1698163200,10.224,10.359,10.104,10.286
1698177600,10.286,10.412,10.16,10.323
1698192000,10.323,10.562,10.218,10.388
1698206400,10.388,10.568,10.169,10.25
1698220800,10.25,10.416,10.175,10.331
1698235200,10.331,10.602,10.329,10.548
1698249600,10.548,10.639,10.283,10.463
1698264000,10.463,10.528,10.339,10.525
1698278400,10.525,10.953,10.464,10.923
1698292800,10.923,11.469,10.813,11.369
1698307200,11.369,11.452,10.918,10.987
1698321600,10.987,11.217,10.367,10.533
1698336000,10.533,10.793,10.435,10.774
1698350400,10.774,11.16,10.747,11.05
1698364800,11.05,11.066,10.594,10.749
1698379200,10.749,10.795,10.605,10.61
1698393600,10.61,10.882,10.608,10.715
1698408000,10.715,10.878,10.569,10.73
1698422400,10.73,10.754,10.394,10.578
1698436800,10.578,10.63,10.493,10.596
1698451200,10.596,10.757,10.555,10.757
1698465600,10.757,11.083,10.712,10.869
1698480000,10.869,11.014,10.853,10.896
1698494400,10.896,10.911,10.692,10.845
1698508800,10.845,10.996,10.771,10.912
1698523200,10.912,11.036,10.908,10.974
1698537600,10.974,11.139,10.792,10.844
1698552000,10.844,11.032,10.797,11.019
1698566400,11.019,11.044,10.893,10.932
1698580800,10.932,11.305,10.907,11.179
1698595200,11.179,11.437,11.126,11.264
1698609600,11.264,11.404,11.228,11.379
1698624000,11.379,11.453,11.188,11.206
1698638400,11.206,11.294,11.064,11.199
1698652800,11.199,11.642,11.158,11.529
1698667200,11.529,11.688,11.461,11.62
1698681600,11.62,11.642,11.335,11.536
1698696000,11.536,11.539,11.427,11.469
1698710400,11.469,11.679,11.413,11.439
1698724800,11.439,11.766,11.391,11.459
1698739200,11.459,11.733,11.311,11.643
1698753600,11.643,11.7,10.986,11.227
1698768000,11.227,11.411,11.168,11.233
1698782400,11.233,11.337,11.154,11.328
1698796800,11.328,11.39,11.203,11.225
1698811200,11.225,11.229,10.929,11.06
1698825600,11.06,11.244,10.991,11.058
1698840000,11.058,11.302,10.891,11.051
1698854400,11.051,12.251,11.033,11.982
1698868800,11.982,12.335,11.983,12.239
1698883200,12.239,12.55,12.137,12.412
1698897600,12.412,12.435,11.929,12.016
1698912000,12.016,12.102,11.861,12.088
1698926400,12.088,12.13,11.534,11.535
1698940800,11.535,11.895,11.44,11.89
1698955200,11.89,11.972,11.754,11.886
1698969600,11.886,11.887,11.433,11.736
1698984000,11.736,11.93,11.532,11.801
1698998400,11.801,11.894,11.558,11.693
1699012800,11.693,12.086,11.627,12.022
1699027200,12.022,12.16,11.863,12.043
1699041600,12.043,12.195,12.007,12.12
1699056000,12.12,12.239,11.994,12.151
1699070400,12.151,12.203,12.004,12.019
1699084800,12.019,12.165,11.962,12.006
1699099200,12.006,12.146,11.925,12.074
1699113600,12.074,12.135,12.038,12.063
1699128000,12.063,12.333,12.039,12.224
1699142400,12.224,12.371,12.103,12.35
1699156800,12.35,12.408,12.224,12.405
1699171200,12.405,12.651,12.296,12.57
1699185600,12.57,12.69,12.204,12.276
1699200000,12.276,12.479,12.245,12.366
1699214400,12.366,12.456,12.111,12.362
1699228800,12.362,12.672,12.305,12.577
1699243200,12.577,12.712,12.236,12.628
1699257600,12.628,13.146,12.557,13.042
1699272000,13.042,13.174,12.874,12.993
1699286400,12.993,13.047,12.793,13.02
1699300800,13.02,13.106,12.869,13.085
1699315200,13.085,13.11,12.715,12.894
1699329600,12.894,13.078,12.807,13.051
1699344000,13.051,13.057,12.615,12.687
1699358400,12.687,12.763,12.344,12.511
1699372800,12.511,12.896,12.296,12.829
1699387200,12.829,12.986,12.741,12.815
1699401600,12.815,12.848,12.666,12.781
1699416000,12.781,12.911,12.696,12.819
1699430400,12.819,12.901,12.777,12.803
1699444800,12.803,12.882,12.7,12.781
1699459200,12.781,13.098,12.741,13.011
1699473600,13.011,13.158,12.931,12.993
1699488000,12.993,13.32,12.913,13.229
1699502400,13.229,13.488,13.206,13.306
1699516800,13.306,13.749,13.305,13.714
1699531200,13.714,13.978,13.514,13.751
1699545600,13.751,13.847,11.774,12.727
1699560000,12.727,13.007,12.318,12.967
1699574400,12.967,13.6,12.894,13.454
1699588800,13.454,13.498,13.167,13.344
1699603200,13.344,13.397,13.041,13.396
1699617600,13.396,13.518,13.008,13.313
1699632000,13.313,14.859,13.303,14.521
1699646400,14.521,14.87,14.425,14.761
1699660800,14.761,14.852,14.157,14.167
1699675200,14.167,14.386,14.009,14.267
1699689600,14.267,14.333,14.113,14.231
1699704000,14.231,15.509,14.15,15.165
1699718400,15.165,16.786,15.152,16.761
1699732800,16.761,17.016,16.263,16.808
1699747200,16.808,17.025,15.899,16.551
1699761600,16.551,18.525,16.318,18.412
1699776000,18.412,19.075,18.076,18.544
1699790400,18.544,18.681,17.685,18.085
1699804800,18.085,18.494,17.737,18.41
1699819200,18.41,19.759,18.276,18.971
1699833600,18.971,19.771,18.14,18.228
1699848000,18.228,18.51,17.862,18.1
1699862400,18.1,18.42,17.73,17.951
1699876800,17.951,18.026,17.048,17.604
1699891200,17.604,17.741,17.074,17.283
1699905600,17.283,17.329,16.112,16.122
1699920000,16.122,16.805,15.579,16.733
1699934400,16.733,17.323,16.621,17.277
1699948800,17.277,17.681,16.546,16.782
1699963200,16.782,18.101,16.459,17.32
1699977600,17.32,17.896,16.22,16.728
1699992000,16.728,17.275,16.673,17.054
1700006400,17.054,17.579,17.017,17.398
1700020800,17.398,18.984,17.371,18.619
1700035200,18.619,19.874,18.51,19.659
1700049600,19.659,20.573,19.273,20.446
1700064000,20.446,20.953,19.938,20.754
1700078400,20.754,20.963,20.18,20.707
1700092800,20.707,22.638,20.267,22.436
1700107200,22.436,24.056,22.014,23.434
1700121600,23.434,24.094,22.77,23.182
1700136000,23.182,23.598,22.281,22.806
1700150400,22.806,23.072,20.811,22.024
1700164800,22.024,22.349,21.09,21.715
1700179200,21.715,24.674,21.715,23.553
1700193600,23.553,23.954,22.635,22.719
1700208000,22.719,22.939,21.446,21.789
1700222400,21.789,22.31,20.009,20.175
1700236800,20.175,21.737,20.148,21.18
1700251200,21.18,22.733,21.195,21.921
1700265600,21.921,21.954,20.765,20.817
1700280000,20.817,21.264,20.189,21.064
1700294400,21.064,21.398,20.83,21.073
1700308800,21.073,22.426,20.652,22.214
1700323200,22.214,22.68,21.73,22.291
1700337600,22.291,22.429,21.809,21.999
1700352000,21.999,21.991,20.763,21.125
1700366400,21.125,21.867,20.959,21.738
1700380800,21.738,22.179,21.213,21.336
1700395200,21.336,21.604,21.062,21.531
1700409600,21.531,22.318,21.385,22.273
1700424000,22.273,23.046,21.858,22.862
1700438400,22.862,23.268,22.364,22.583
1700452800,22.583,22.772,22.118,22.373
1700467200,22.373,22.549,21.853,21.962
1700481600,21.962,22.151,21.462,21.897
1700496000,21.897,22.016,21.115,21.258
1700510400,21.258,21.442,20.716,20.85
1700524800,20.85,21.074,20.421,20.799
1700539200,20.799,21.021,20.57,20.602
1700553600,20.602,21.695,20.582,21.423
1700568000,21.423,21.919,20.57,21.49
1700582400,21.49,22.289,20.054,20.804
1700596800,20.804,21.046,18.93,19.023
1700611200,19.023,19.906,18.969,19.9
1700625600,19.9,20.474,19.685,20.175
1700640000,20.175,20.401,19.917,19.97
1700654400,19.97,20.411,19.82,19.995
1700668800,19.995,21.247,19.766,20.934
1700683200,20.934,21.168,20.722,20.787
1700697600,20.787,21.25,20.615,20.83
1700712000,20.83,21.484,20.77,21.08
1700726400,21.08,21.263,20.673,20.827
1700740800,20.827,21.172,20.511,20.611
1700755200,20.611,20.915,20.431,20.497
1700769600,20.497,20.873,20.472,20.642
1700784000,20.642,20.857,20.46,20.755
1700798400,20.755,20.99,20.506,20.702
1700812800,20.702,21.479,20.59,21.088
1700827200,21.088,21.685,21.032,21.586
1700841600,21.586,21.872,20.937,21.016
1700856000,21.016,21.223,20.705,20.888
1700870400,20.888,21.488,20.725,21.363
1700884800,21.363,21.37,21.097,21.186
1700899200,21.186,21.278,20.63,20.754
1700913600,20.754,20.978,20.72,20.968
1700928000,20.968,21.254,20.961,21.153
1700942400,21.153,21.38,21.112,21.374
1700956800,21.374,21.435,20.983,21.05
1700971200,21.05,21.523,20.96,21.276
1700985600,21.276,21.415,21.023,21.062
1701000000,21.062,21.206,20.664,20.697
1701014400,20.697,20.844,20.092,20.832
1701028800,20.832,21.446,20.804,21.077
1701043200,21.077,21.313,20.506,20.634
1701057600,20.634,20.924,20.272,20.509
1701072000,20.509,20.691,20.243,20.507
1701086400,20.507,20.721,20.068,20.117
1701100800,20.117,20.561,19.811,19.999
1701115200,19.999,20.407,19.846,20.359
1701129600,20.359,20.451,20.144,20.217
1701144000,20.217,20.296,19.519,19.718
1701158400,19.718,20.195,19.566,20.178
1701172800,20.178,20.451,19.986,20.363
1701187200,20.363,20.865,20.263,20.701
1701201600,20.701,20.787,20.506,20.698
1701216000,20.698,20.982,20.558,20.862
1701230400,20.862,21.398,20.754,21.153
1701244800,21.153,21.571,20.834,21.187
1701259200,21.187,21.294,20.762,21.261
1701273600,21.261,21.346,20.811,21.089
1701288000,21.089,21.3,20.814,21.125
1701302400,21.125,21.462,20.836,21.377
1701316800,21.377,21.479,21.009,21.052
1701331200,21.052,21.113,20.912,21.097
1701345600,21.097,21.195,20.812,21.089
1701360000,21.089,21.141,20.924,21.08
1701374400,21.08,21.518,21.054,21.408
1701388800,21.408,22.378,21.121,22.378
1701403200,22.378,22.645,22.102,22.282
1701417600,22.282,22.575,22.223,22.338
1701432000,22.338,22.449,22.18,22.225
1701446400,22.225,22.382,21.85,21.855
1701460800,21.855,21.982,21.76,21.878
1701475200,21.878,22.116,21.767,22.053
1701489600,22.053,22.275,21.88,22.1
1701504000,22.1,22.155,21.966,22.008
1701518400,22.008,22.095,21.759,21.961
1701532800,21.961,22.443,21.909,22.311
1701547200,22.311,22.397,22.073,22.252
1701561600,22.252,22.765,22.181,22.325
1701576000,22.325,22.352,22.022,22.189
1701590400,22.189,22.205,21.908,22.031
1701604800,22.031,22.031,21.592,21.847
1701619200,21.847,21.879,21.622,21.746
1701633600,21.746,22.299,21.729,21.957
1701648000,21.957,22.492,21.929,22.174
1701662400,22.174,22.739,22.168,22.472
1701676800,22.472,23.225,20.684,22.026
1701691200,22.026,22.097,21.159,21.416
1701705600,21.416,21.875,21.39,21.75
1701720000,21.75,22.741,21.731,22.725
1701734400,22.725,23.25,22.362,22.727
1701748800,22.727,22.909,22.044,22.2
1701763200,22.2,22.289,21.885,22.014
1701777600,22.014,22.417,21.818,22.362
1701792000,22.362,24.273,22.221,23.551
1701806400,23.551,24.835,23.418,24.567
1701820800,24.567,26.974,24.479,26.712
1701835200,26.712,26.763,25.339,25.914
1701849600,25.914,26.387,25.188,25.612
1701864000,25.612,26.708,25.468,25.852
1701878400,25.852,27.704,25.666,27.411
1701892800,27.411,27.488,26.089,26.226
1701907200,26.226,26.46,25.764,26.396
1701921600,26.396,27.108,26.303,26.627
1701936000,26.627,27.91,26.089,26.543
1701950400,26.543,26.967,25.907,26.874
1701964800,26.874,27.234,26.369,26.452
1701979200,26.452,26.857,26.141,26.282
1701993600,26.282,26.873,26.054,26.72
1702008000,26.72,27.487,26.531,26.912
1702022400,26.912,27.792,26.801,27.555
1702036800,27.555,28.565,27.026,27.727
1702051200,27.727,29.512,27.698,29.43
1702065600,29.43,30.817,29.161,30.458
1702080000,30.458,32.224,30.494,31.822
1702094400,31.822,33.004,31.466,32.872
1702108800,32.872,34.306,32.127,33.608
1702123200,33.608,34.016,32.594,32.967
1702137600,32.967,33.004,31.31,32.219
1702152000,32.219,32.485,31.331,31.912
1702166400,31.912,33.426,31.939,32.938
1702180800,32.938,34.27,32.294,32.652
1702195200,32.652,32.754,31.549,32.295
1702209600,32.295,33.323,32.21,33.179
1702224000,33.179,35.743,32.652,35.561
1702238400,35.561,38.002,35.301,37.184
1702252800,37.184,37.524,31.873,36.426
1702267200,36.426,37.213,34.581,35.316
1702281600,35.316,36.915,34.286,36.412
1702296000,36.412,36.752,34.721,35.487
1702310400,35.487,37.582,34.901,36.855
1702324800,36.855,39.436,35.718,38.101
1702339200,38.101,42.921,38.054,41.98
1702353600,41.98,42.594,40.783,40.937
1702368000,40.937,41.386,40.053,40.104
1702382400,40.104,40.737,37.017,37.659
1702396800,37.659,38.373,36.053,37.714
1702411200,37.714,38.035,36.317,37.491
1702425600,37.491,37.588,34.671,35.016
1702440000,35.016,35.537,34.087,35.283
1702454400,35.283,36.76,35.2,35.881
1702468800,35.881,40.447,35.838,39.018
1702483200,39.018,41.466,38.043,41.046
1702497600,41.046,41.354,38.81,39.007
1702512000,39.007,39.406,38.206,38.751
1702526400,38.751,39.137,38.151,38.722
1702540800,38.722,39.649,37.734,39.61
1702555200,39.61,39.612,36.264,38.247
1702569600,38.247,39.561,38.243,38.86
1702584000,38.86,40.325,38.501,39.291
1702598400,39.291,39.734,38.521,39.532
1702612800,39.532,40.468,38.963,39.399
1702627200,39.399,41.472,39.087,41.012
1702641600,41.012,41.779,39.599,40.427
1702656000,40.427,42.255,39.073,41.337
1702670400,41.337,42.331,39.652,39.737
1702684800,39.737,41.348,38.5,41.179
1702699200,41.179,42.338,40.871,41.896
1702713600,41.896,43.769,41.621,43.669
1702728000,43.669,45.043,42.767,44.948
1702742400,44.948,45.368,42.521,42.533
1702756800,42.533,43.274,41.787,42.237
1702771200,42.237,43.524,42.027,43.348
1702785600,43.348,44.029,41.309,41.473
1702800000,41.473,42.646,41.33,42.286
1702814400,42.286,42.435,40.833,42.062
1702828800,42.062,42.864,41.499,41.864
1702843200,41.864,42.076,40.326,40.623
1702857600,40.623,41.431,39.019,39.547
1702872000,39.547,40.161,38.768,38.876
1702886400,38.876,39.316,36.569,38.158
1702900800,38.158,39.977,37.636,39.137
1702915200,39.137,40.533,38.857,39.814
1702929600,39.814,41.393,39.315,41.141
1702944000,41.141,42.155,40.673,40.741
1702958400,40.741,41.144,40.345,40.804
1702972800,40.804,41.526,40.354,41.037
1702987200,41.037,41.664,39.446,39.807
1703001600,39.807,41.018,38.772,40.514
1703016000,40.514,40.995,39.465,39.749
1703030400,39.749,40.345,39.089,40.284
1703044800,40.284,41.917,40.003,41.506
1703059200,41.506,43.063,41.281,42.572
1703073600,42.572,43.947,42.171,43.764
1703088000,43.764,44.543,42.561,43.011
1703102400,43.011,43.525,42.233,43.475
1703116800,43.475,44.989,43.11,44.208
1703131200,44.208,45.496,44.121,44.859
1703145600,44.859,46.454,44.65,45.479
1703160000,45.479,45.734,44.422,44.737
1703174400,44.737,47.49,44.714,45.71
1703188800,45.71,46.399,45.303,46.018
1703203200,46.018,48.965,46.009,47.761
1703217600,47.761,48.582,45.55,45.919
1703232000,45.919,46.2,43.739,44.624
1703246400,44.624,45.239,43.808,45.151
1703260800,45.151,46.143,44.382,45.082
1703275200,45.082,45.634,44.59,45.358
1703289600,45.358,45.355,43.396,43.882
1703304000,43.882,45.693,43.69,45.16
1703318400,45.16,46.054,44.86,45.066
1703332800,45.066,45.57,44.827,45.099
1703347200,45.099,45.925,44.385,45.299
1703361600,45.299,48.344,45.294,48.141
1703376000,48.141,48.683,46.513,48.579
1703390400,48.579,50.014,46.429,48.212
1703404800,48.212,48.412,46.513,47.524
1703419200,47.524,48.069,47.09,47.888
1703433600,47.888,49.49,47.677,49.454
1703448000,49.454,49.463,46.457,47.719
1703462400,47.719,48.458,46.575,47.442
1703476800,47.442,47.907,46.939,47.039
1703491200,47.039,47.332,46.004,46.518
1703505600,46.518,48.924,46.18,48.747
1703520000,48.747,48.996,47.56,47.754
1703534400,47.754,48.546,46.913,48.246
1703548800,48.246,48.404,47.009,47.415
1703563200,47.415,47.611,45.176,46.071
1703577600,46.071,46.77,45.7,46.63
1703592000,46.63,46.743,44.843,44.895
1703606400,44.895,45.582,40.644,43.014
1703620800,43.014,44.55,42.977,44.41
1703635200,44.41,44.853,42.516,42.775
1703649600,42.775,43.865,42.756,43.31
1703664000,43.31,44.969,43.099,44.526
1703678400,44.526,44.596,43.037,43.275
1703692800,43.275,43.344,41.952,42.927
1703707200,42.927,43.461,42.133,42.439
1703721600,42.439,43.438,41.573,42.175
1703736000,42.175,42.698,41.038,41.557
1703750400,41.557,42.396,41.298,42.198
1703764800,42.198,42.303,39.308,40.145
1703779200,40.145,40.381,39.307,39.979
1703793600,39.979,40.517,39.434,39.832
1703808000,39.832,41.2,38.566,41.087
1703822400,41.087,41.548,40.934,41.387
1703836800,41.387,42.158,40.622,41.882
1703851200,41.882,42.058,39.501,39.879
1703865600,39.879,40.537,39.332,40.409
1703880000,40.409,40.523,39.426,40.219
1703894400,40.219,40.406,39.577,39.78
1703908800,39.78,40.072,39.06,39.143
1703923200,39.143,39.225,38.202,39.206
1703937600,39.206,39.906,38.991,39.863
1703952000,39.863,40.148,39.529,39.993
1703966400,39.993,40.126,39.164,39.379
1703980800,39.379,39.619,38.624,38.95
1703995200,38.95,40.393,38.856,40.35
1704009600,40.35,40.595,39.884,40.029
1704024000,40.029,40.317,39.223,39.266
1704038400,39.266,39.977,39.234,39.383
1704052800,39.383,39.729,37.518,38.586
1704067200,38.586,39.699,38.431,38.543
1704081600,38.543,38.709,38.079,38.564
1704096000,38.564,39.922,38.51,39.572
1704110400,39.572,40.321,39.363,40.18
1704124800,40.18,41.124,39.925,41.094
1704139200,41.094,42.05,40.831,41.974
1704153600,41.974,42.88,41.659,42.107
1704168000,42.107,43.368,41.943,43.237
1704182400,43.237,43.484,42.054,42.38
1704196800,42.38,42.529,40.568,41.181
1704211200,41.181,41.449,40.567,40.815
1704225600,40.815,41.099,40.363,40.645
1704240000,40.645,41.039,40.412,40.773
1704254400,40.773,41.3,40.611,40.714
1704268800,40.714,41.466,38.987,39.366
1704283200,39.366,39.381,32.0,37.079
1704297600,37.079,37.199,35.624,36.196
1704312000,36.196,37.419,36.141,36.768
1704326400,36.768,37.182,36.179,36.974
1704340800,36.974,37.38,36.586,36.591
1704355200,36.591,37.155,36.093,37.044
1704369600,37.044,39.429,36.804,39.324
1704384000,39.324,39.369,38.032,38.765
1704398400,38.765,39.404,38.31,38.707
1704412800,38.707,38.908,36.585,36.975
1704427200,36.975,37.306,36.697,37.037
1704441600,37.037,37.737,36.354,36.416
1704456000,36.416,36.976,35.598,36.11
1704470400,36.11,36.302,34.995,35.783
1704484800,35.783,36.57,35.769,36.446
1704499200,36.446,36.506,35.369,35.453
1704513600,35.453,35.733,33.432,34.444
1704528000,34.444,35.022,34.12,34.76
1704542400,34.76,35.175,34.372,34.923
1704556800,34.923,35.395,34.533,34.726
1704571200,34.726,34.892,33.662,34.634
1704585600,34.634,35.445,34.23,34.508
1704600000,34.508,35.765,34.498,35.082
1704614400,35.082,35.336,34.328,34.893
1704628800,34.893,35.742,34.451,34.672
1704643200,34.672,35.492,34.243,34.927
1704657600,34.927,35.016,33.099,33.623
1704672000,33.623,33.963,31.167,31.907
1704686400,31.907,33.22,31.629,32.618
1704700800,32.618,33.788,32.317,33.704
1704715200,33.704,34.514,33.577,34.209
1704729600,34.209,36.399,33.921,36.191
1704744000,36.191,36.274,35.508,36.076
1704758400,36.076,36.532,35.03,35.937
1704772800,35.937,37.587,35.877,37.017
1704787200,37.017,37.477,36.211,36.434
1704801600,36.434,36.562,34.51,35.605
1704816000,35.605,35.745,34.668,35.069
1704830400,35.069,35.743,33.796,34.641
1704844800,34.641,34.885,34.161,34.473
1704859200,34.473,34.723,34.113,34.148
1704873600,34.148,35.228,33.698,34.927
1704888000,34.927,35.012,33.362,34.704
1704902400,34.704,35.965,34.487,35.35
1704916800,35.35,39.52,34.481,38.544
1704931200,38.544,38.783,38.029,38.755
1704945600,38.755,39.268,37.536,38.398
1704960000,38.398,39.763,38.348,39.697
1704974400,39.697,41.743,39.025,39.488
1704988800,39.488,39.957,38.374,39.928
1705003200,39.928,40.381,39.114,39.31
1705017600,39.31,39.588,38.364,38.821
1705032000,38.821,39.371,38.508,38.717
1705046400,38.717,39.043,38.217,38.626
1705060800,38.626,38.991,37.119,37.42
1705075200,37.42,37.766,35.936,36.605
1705089600,36.605,37.199,34.429,35.923
1705104000,35.923,36.167,34.717,35.477
1705118400,35.477,36.071,35.388,35.869
1705132800,35.869,36.09,35.564,35.904
1705147200,35.904,36.294,35.644,36.109
1705161600,36.109,36.446,35.867,36.255
1705176000,36.255,36.625,36.142,36.482
1705190400,36.482,36.587,35.838,36.034
1705204800,36.034,37.249,35.81,36.422
1705219200,36.422,36.97,36.23,36.418
1705233600,36.418,37.252,36.169,37.189
1705248000,37.189,37.869,36.038,36.13
1705262400,36.13,36.563,35.288,35.294
1705276800,35.294,36.473,35.237,36.017
1705291200,36.017,36.418,35.754,35.978
1705305600,35.978,36.531,35.874,36.344
1705320000,36.344,36.508,35.154,35.279
1705334400,35.279,36.823,35.197,36.418
1705348800,36.418,36.537,35.373,35.605
1705363200,35.605,36.273,35.602,36.258
1705377600,36.258,36.292,35.504,35.811
1705392000,35.811,36.558,35.614,35.754
1705406400,35.754,36.264,34.779,35.677
1705420800,35.677,35.874,35.352,35.498
1705435200,35.498,36.224,35.498,35.567
1705449600,35.567,36.427,35.492,36.222
1705464000,36.222,36.269,35.38,35.43
1705478400,35.43,36.526,35.303,36.284
1705492800,36.284,36.517,35.742,35.787
1705507200,35.787,36.106,35.258,35.921
1705521600,35.921,36.448,35.755,36.07
1705536000,36.07,36.192,35.498,35.716
1705550400,35.716,35.977,35.453,35.88
1705564800,35.88,35.906,35.044,35.257
1705579200,35.257,35.382,34.819,35.224
1705593600,35.224,35.227,32.728,32.98
1705608000,32.98,33.886,32.924,33.588
1705622400,33.588,33.694,32.601,33.13
1705636800,33.13,33.745,33.02,33.436
1705651200,33.436,33.737,33.289,33.686
1705665600,33.686,33.683,32.498,32.665
1705680000,32.665,32.877,31.202,32.728
1705694400,32.728,33.127,32.406,32.727
1705708800,32.727,32.993,32.436,32.749
1705723200,32.749,32.942,32.562,32.591
1705737600,32.591,32.728,32.038,32.398
1705752000,32.398,32.691,32.248,32.454
1705766400,32.454,32.596,32.174,32.346
1705780800,32.346,32.957,32.276,32.886
1705795200,32.886,33.132,32.457,33.005
1705809600,33.005,33.231,32.769,33.094
1705824000,33.094,33.433,32.963,33.308
1705838400,33.308,33.492,32.852,32.966
1705852800,32.966,33.26,32.665,33.111
1705867200,33.111,33.141,32.445,32.534
1705881600,32.534,32.736,31.973,32.23
1705896000,32.23,32.389,31.602,31.983
1705910400,31.983,31.983,30.682,31.197
1705924800,31.197,31.646,30.178,30.627
1705939200,30.627,30.8,29.325,29.871
1705953600,29.871,30.596,29.425,29.532
1705968000,29.532,30.226,29.315,29.941
1705982400,29.941,30.218,29.155,29.335
1705996800,29.335,29.495,27.417,27.916
1706011200,27.916,29.291,27.216,29.074
1706025600,29.074,29.454,28.702,28.87
1706040000,28.87,30.677,28.77,30.608
1706054400,30.608,30.648,29.529,29.611
1706068800,29.611,30.751,29.492,30.547
1706083200,30.547,31.791,30.482,31.212
1706097600,31.212,31.886,30.523,30.973
1706112000,30.973,31.611,30.48,30.654
1706126400,30.654,31.273,30.044,31.179
1706140800,31.179,31.346,30.556,30.747
1706155200,30.747,30.785,30.229,30.566
1706169600,30.566,30.658,30.031,30.337
1706184000,30.337,30.471,29.617,29.79
1706198400,29.79,31.051,29.663,30.538
1706212800,30.538,30.733,30.267,30.508
1706227200,30.508,30.941,30.12,30.733
1706241600,30.733,30.922,30.463,30.612
1706256000,30.612,32.323,30.598,32.249
1706270400,32.249,32.37,31.492,32.127
1706284800,32.127,33.072,32.088,32.694
1706299200,32.694,32.944,32.123,32.254
1706313600,32.254,32.812,32.121,32.697
1706328000,32.697,32.867,31.983,32.067
1706342400,32.067,32.436,31.854,32.311
1706356800,32.311,32.782,32.233,32.648
1706371200,32.648,32.847,32.305,32.722
1706385600,32.722,33.287,32.7,33.255
1706400000,33.255,36.069,33.184,35.849
1706414400,35.849,36.358,35.337,35.668
1706428800,35.668,36.704,35.585,36.153
1706443200,36.153,36.321,35.317,35.623
1706457600,35.623,35.989,34.436,34.627
1706472000,34.627,35.114,34.373,34.805
1706486400,34.805,35.74,34.549,35.379
1706500800,35.379,35.531,34.795,34.846
1706515200,34.846,35.335,34.713,34.916
1706529600,34.916,35.827,34.329,35.826
1706544000,35.826,36.54,35.457,35.933
1706558400,35.933,36.239,35.805,36.041
1706572800,36.041,36.445,35.636,35.736
1706587200,35.736,36.028,35.486,35.725
1706601600,35.725,37.141,35.505,37.038
1706616000,37.038,37.01,35.603,36.13
1706630400,36.13,36.499,35.779,36.183
1706644800,36.183,36.343,35.002,35.212
1706659200,35.212,35.308,34.651,34.963
1706673600,34.963,35.163,34.621,34.974
1706688000,34.974,35.034,34.011,34.71
1706702400,34.71,35.471,34.285,35.218
1706716800,35.218,35.483,34.693,35.139
1706731200,35.139,35.239,33.132,33.18
1706745600,33.18,33.326,32.305,32.886
1706760000,32.886,33.477,32.776,33.34
1706774400,33.34,33.535,33.013,33.044
1706788800,33.044,33.933,32.823,33.359
1706803200,33.359,33.843,32.925,33.712
1706817600,33.712,33.927,33.513,33.841
1706832000,33.841,34.477,33.742,34.395
1706846400,34.395,34.912,34.047,34.891
1706860800,34.891,36.305,34.698,36.248
1706875200,36.248,36.836,35.427,36.585
1706889600,36.585,36.947,35.829,36.236
1706904000,36.236,36.797,36.111,36.761
1706918400,36.761,37.606,36.005,36.031
1706932800,36.031,36.418,35.859,35.957
1706947200,35.957,36.12,35.57,35.731
1706961600,35.731,35.915,35.4,35.784
1706976000,35.784,36.602,35.731,36.273
1706990400,36.273,36.293,35.87,35.951
1707004800,35.951,36.543,35.722,36.209
1707019200,36.209,36.227,35.49,35.715
1707033600,35.715,36.138,35.406,35.971
1707048000,35.971,36.284,35.564,35.764
1707062400,35.764,35.864,35.327,35.483
1707076800,35.483,35.585,34.69,34.853
1707091200,34.853,35.046,34.308,34.924
1707105600,34.924,35.719,34.683,35.555
1707120000,35.555,35.764,35.306,35.618
1707134400,35.618,35.895,34.553,34.636
1707148800,34.636,34.847,34.436,34.579
1707163200,34.579,34.588,34.103,34.529
1707177600,34.529,34.736,34.312,34.445
1707192000,34.445,34.532,34.031,34.266
1707206400,34.266,34.522,33.715,33.983
1707220800,33.983,34.242,33.745,34.24
1707235200,34.24,34.407,33.977,34.245
1707249600,34.245,34.451,34.067,34.145
1707264000,34.145,34.389,33.87,33.883
1707278400,33.883,34.275,33.637,34.029
1707292800,34.029,34.451,33.918,34.159
1707307200,34.159,34.647,34.123,34.406
1707321600,34.406,35.45,34.358,35.052
1707336000,35.052,35.505,35.044,35.296
1707350400,35.296,35.59,35.255,35.489
1707364800,35.489,35.736,35.082,35.234
1707379200,35.234,35.639,35.222,35.332
1707393600,35.332,36.13,35.168,36.026
1707408000,36.026,36.094,35.216,35.486
1707422400,35.486,35.752,35.316,35.421
1707436800,35.421,36.275,35.404,35.922
1707451200,35.922,36.13,35.721,36.094
1707465600,36.094,36.453,36.04,36.451
1707480000,36.451,37.817,36.421,37.57
1707494400,37.57,38.145,37.132,38.096
1707508800,38.096,38.611,37.969,38.02
1707523200,38.02,39.472,38.008,39.415
1707537600,39.415,39.785,39.011,39.069
1707552000,39.069,39.338,38.204,38.796
1707566400,38.796,39.57,38.27,39.344
1707580800,39.344,39.656,38.96,39.382
1707595200,39.382,41.219,39.168,40.203
1707609600,40.203,40.633,40.096,40.364
1707624000,40.364,40.87,40.184,40.849
1707638400,40.849,41.201,40.227,40.52
1707652800,40.52,40.695,39.668,39.879
1707667200,39.879,40.154,39.594,39.802
1707681600,39.802,40.076,39.371,39.716
1707696000,39.716,40.115,38.626,38.746
1707710400,38.746,39.02,38.38,38.879
1707724800,38.879,39.127,38.424,38.633
1707739200,38.633,40.233,38.534,40.177
1707753600,40.177,41.15,39.852,40.328
1707768000,40.328,41.216,40.064,40.987
1707782400,40.987,41.727,40.552,40.591
1707796800,40.591,41.242,40.579,41.108
1707811200,41.108,41.593,40.809,41.055
1707825600,41.055,41.064,38.943,39.465
1707840000,39.465,39.933,38.928,39.564
1707854400,39.564,40.148,39.471,39.755
1707868800,39.755,39.766,39.163,39.531
1707883200,39.531,39.966,39.308,39.921
1707897600,39.921,41.922,39.781,41.511
1707912000,41.511,42.338,41.115,41.706
1707926400,41.706,41.9,41.079,41.867
1707940800,41.867,42.451,41.722,42.246
1707955200,42.246,42.791,41.877,42.418
1707969600,42.418,42.989,41.43,42.936
1707984000,42.936,43.639,42.314,42.912
1707998400,42.912,43.227,41.523,41.909
1708012800,41.909,42.302,41.335,41.716
1708027200,41.716,41.91,40.972,41.576
1708041600,41.576,41.82,41.186,41.734
1708056000,41.734,41.826,40.707,40.791
1708070400,40.791,41.222,40.195,41.014
1708084800,41.014,41.364,39.48,40.1
1708099200,40.1,40.517,39.797,39.867
1708113600,39.867,40.43,39.782,40.276
1708128000,40.276,40.373,39.579,40.245
1708142400,40.245,40.489,40.096,40.263
1708156800,40.263,40.263,39.293,39.742
1708171200,39.742,39.883,38.399,39.123
1708185600,39.123,39.74,38.876,39.647
1708200000,39.647,40.076,39.552,39.781
1708214400,39.781,40.008,39.009,39.361
1708228800,39.361,40.288,39.361,40.017
1708243200,40.017,40.675,39.835,40.368
1708257600,40.368,40.52,39.895,40.275
1708272000,40.275,40.632,40.023,40.165
1708286400,40.165,40.784,39.9,40.317
1708300800,40.317,40.663,39.921,40.087
1708315200,40.087,40.611,39.724,40.529
1708329600,40.529,40.579,39.614,40.01
1708344000,40.01,40.398,39.46,39.642
1708358400,39.642,39.814,39.15,39.413
1708372800,39.413,39.962,39.29,39.538
1708387200,39.538,39.662,38.591,38.957
1708401600,38.957,39.621,38.82,39.299
1708416000,39.299,39.37,38.099,39.267
1708430400,39.267,39.749,36.727,37.706
1708444800,37.706,38.404,36.927,38.353
1708459200,38.353,38.82,38.135,38.526
1708473600,38.526,38.578,37.933,38.041
1708488000,38.041,38.124,37.15,37.376
1708502400,37.376,37.579,36.424,36.757
1708516800,36.757,37.319,36.264,36.719
1708531200,36.719,36.939,35.918,36.8
1708545600,36.8,37.745,36.644,37.618
1708560000,37.618,37.686,36.623,36.998
1708574400,36.998,37.797,36.731,37.758
1708588800,37.758,38.239,37.41,37.532
1708603200,37.532,37.659,36.538,37.514
1708617600,37.514,37.706,36.951,37.32
1708632000,37.32,37.799,36.694,36.8
1708646400,36.8,36.986,36.081,36.535
1708660800,36.535,36.779,36.299,36.433
1708675200,36.433,36.889,36.127,36.811
1708689600,36.811,36.823,35.573,35.757
1708704000,35.757,36.486,35.194,36.433
1708718400,36.433,36.555,35.448,35.944
1708732800,35.944,36.171,35.221,35.877
1708747200,35.877,36.463,35.814,36.397
1708761600,36.397,36.728,36.133,36.645
1708776000,36.645,36.799,36.279,36.373
1708790400,36.373,36.98,36.359,36.781
1708804800,36.781,36.892,36.581,36.782
1708819200,36.782,37.064,36.457,36.843
1708833600,36.843,37.278,36.499,36.93
1708848000,36.93,36.942,36.596,36.837
1708862400,36.837,37.294,36.719,36.861
1708876800,36.861,37.162,36.668,37.094
1708891200,37.094,37.517,36.939,37.495
1708905600,37.495,37.591,36.861,37.031
1708920000,37.031,37.376,36.796,36.858
1708934400,36.858,37.1,36.314,36.727
1708948800,36.727,38.386,36.517,38.303
1708963200,38.303,39.264,38.242,39.041
1708977600,39.041,39.394,38.861,39.338
1708992000,39.338,39.986,39.017,39.239
1709006400,39.239,39.614,39.075,39.127
1709020800,39.127,39.65,39.111,39.597
1709035200,39.597,39.9,38.462,38.672
1709049600,38.672,39.308,38.344,39.123
1709064000,39.123,39.454,38.942,39.287
1709078400,39.287,39.596,39.052,39.192
1709092800,39.192,39.799,39.159,39.799
1709107200,39.799,40.7,39.273,39.617
1709121600,39.617,40.441,39.216,39.891
1709136000,39.891,41.401,35.945,38.54
1709150400,38.54,40.802,38.181,40.376
1709164800,40.376,41.877,40.191,41.376
1709179200,41.376,41.894,41.056,41.659
1709193600,41.659,44.733,41.567,43.019
1709208000,43.019,43.775,42.385,43.555
1709222400,43.555,43.698,41.695,42.514
1709236800,42.514,42.534,39.674,40.989
1709251200,40.989,42.963,41.004,42.704
1709265600,42.704,43.427,41.873,41.904
1709280000,41.904,42.938,41.835,42.581
1709294400,42.581,42.73,41.436,41.614
1709308800,41.614,42.13,41.4,42.064
1709323200,42.064,42.904,41.873,42.697
1709337600,42.697,43.597,42.04,43.456
1709352000,43.456,43.811,42.406,42.63
1709366400,42.63,43.055,42.082,42.352
1709380800,42.352,43.224,42.114,42.237
1709395200,42.237,43.099,42.23,43.087
1709409600,43.087,44.644,42.57,44.436
1709424000,44.436,44.959,43.315,43.912
1709438400,43.912,44.069,40.02,41.872
1709452800,41.872,42.958,41.353,42.67
1709467200,42.67,43.06,42.55,42.6
1709481600,42.6,43.042,42.397,42.63
1709496000,42.63,42.937,42.439,42.639
1709510400,42.639,43.506,42.211,42.308
1709524800,42.308,43.133,42.043,43.021
1709539200,43.021,44.082,42.782,43.645
1709553600,43.645,43.976,42.502,43.54
1709568000,43.54,43.677,41.45,42.609
1709582400,42.609,43.146,41.912,43.138
1709596800,43.138,43.196,41.794,42.104
1709611200,42.104,43.446,41.284,42.568
1709625600,42.568,43.507,42.141,42.821
1709640000,42.821,45.279,41.945,44.217
1709654400,44.217,44.582,34.092,37.696
1709668800,37.696,39.733,36.751,39.442
1709683200,39.442,39.563,37.939,38.617
1709697600,38.617,41.232,38.617,41.23
1709712000,41.23,41.748,40.553,40.941
1709726400,40.941,41.053,38.84,39.831
1709740800,39.831,41.159,39.772,40.844
1709755200,40.844,42.169,40.734,41.592
1709769600,41.592,43.914,41.596,42.973
1709784000,42.973,43.122,41.712,42.7
1709798400,42.7,43.541,42.45,42.893
1709812800,42.893,44.543,42.524,43.814
1709827200,43.814,44.334,43.563,43.896
1709841600,43.896,44.127,43.239,43.257
1709856000,43.257,43.917,42.914,42.995
1709870400,42.995,43.48,42.706,43.144
1709884800,43.144,43.664,43.083,43.6
1709899200,43.6,44.027,41.419,42.411
1709913600,42.411,43.088,41.177,42.596
1709928000,42.596,42.878,42.22,42.665
1709942400,42.665,42.995,42.387,42.636
1709956800,42.636,43.217,42.619,43.083
1709971200,43.083,43.229,42.465,43.137
1709985600,43.137,43.399,42.967,43.153
1710000000,43.153,43.605,42.58,42.954
1710014400,42.954,43.325,42.806,42.964
1710028800,42.964,43.383,42.768,42.989
1710043200,42.989,43.871,42.916,43.835
1710057600,43.835,43.991,42.562,42.72
1710072000,42.72,42.919,41.335,41.8
1710086400,41.8,42.564,41.752,42.25
1710100800,42.25,42.289,40.951,42.083
1710115200,42.083,42.235,40.038,41.595
1710129600,41.595,43.044,41.348,42.885
1710144000,42.885,47.146,42.89,46.26
1710158400,46.26,48.733,46.152,46.726
1710172800,46.726,48.261,46.278,47.547
1710187200,47.547,49.627,47.464,49.166
1710201600,49.166,51.037,48.025,48.056
1710216000,48.056,49.03,47.338,47.692
1710230400,47.692,48.213,46.464,47.852
1710244800,47.852,54.114,47.162,53.807
1710259200,53.807,57.404,51.37,56.846
1710273600,56.846,57.059,54.74,55.557
1710288000,55.557,55.575,53.219,53.361
1710302400,53.361,54.519,53.025,53.931
1710316800,53.931,54.688,53.369,53.901
1710331200,53.901,55.017,52.288,53.575
1710345600,53.575,54.892,52.983,54.194
1710360000,54.194,55.544,53.292,54.844
1710374400,54.844,59.344,54.54,57.784
1710388800,57.784,57.787,55.439,55.955
1710403200,55.955,58.114,55.811,56.558
1710417600,56.558,56.838,52.795,53.2
1710432000,53.2,54.291,50.541,51.615
1710446400,51.615,54.57,51.561,54.013
1710460800,54.013,57.099,50.549,54.239
1710475200,54.239,54.54,51.413,53.798
1710489600,53.798,54.002,48.346,51.559
1710504000,51.559,57.262,50.635,55.479
1710518400,55.479,58.9,54.441,56.281
1710532800,56.281,58.742,54.687,58.404
1710547200,58.404,58.764,56.344,57.02
1710561600,57.02,61.255,55.252,60.707
1710576000,60.707,61.513,58.795,59.218
1710590400,59.218,59.304,56.181,58.046
1710604800,58.046,58.115,52.452,52.818
1710619200,52.818,54.462,52.026,53.478
1710633600,53.478,54.689,52.451,53.573
1710648000,53.573,53.63,50.127,51.486
1710662400,51.486,56.43,51.266,55.649
1710676800,55.649,56.792,54.136,55.68
1710691200,55.68,58.533,54.917,57.867
1710705600,57.867,58.488,56.078,58.483
1710720000,58.483,61.757,55.332,60.602
1710734400,60.602,62.427,59.486,61.335
1710748800,61.335,64.61,59.57,63.883
1710763200,63.883,64.572,59.907,61.776
1710777600,61.776,65.458,61.39,62.352
1710792000,62.352,64.743,60.195,60.716
1710806400,60.716,61.998,56.974,59.213
1710820800,59.213,60.344,55.207,60.198
1710835200,60.198,60.23,55.128,58.069
1710849600,58.069,61.244,56.575,59.854
1710864000,59.854,61.867,58.543,58.627
1710878400,58.627,58.748,53.2,53.665
1710892800,53.665,54.648,51.248,51.543
1710907200,51.543,54.236,50.472,53.875
1710921600,53.875,54.184,52.591,53.457
1710936000,53.457,54.805,52.273,52.654
1710950400,52.654,56.023,50.547,55.411
1710964800,55.411,58.162,54.973,57.096
1710979200,57.096,57.915,55.773,55.864
1710993600,55.864,56.302,53.804,54.459
1711008000,54.459,55.38,54.27,54.989
1711022400,54.989,55.797,54.034,54.688
1711036800,54.688,56.436,52.823,53.748
1711051200,53.748,54.844,53.162,53.87
1711065600,53.87,55.368,52.724,55.207
1711080000,55.207,56.413,54.976,55.867
1711094400,55.867,56.633,54.428,54.816
1711108800,54.816,57.765,52.963,53.659
1711123200,53.659,54.153,52.472,53.85
1711137600,53.85,53.954,51.647,53.456
1711152000,53.456,54.482,52.654,53.358
1711166400,53.358,55.279,52.674,55.076
1711180800,55.076,55.358,54.174,54.665
1711195200,54.665,56.017,54.474,54.844
1711209600,54.844,55.364,54.409,54.794
1711224000,54.794,54.856,53.32,53.483
1711238400,53.483,54.383,53.237,53.24
1711252800,53.24,53.591,52.898,53.438
1711267200,53.438,54.157,53.281,53.858
1711281600,53.858,54.245,53.169,53.621
1711296000,53.621,54.04,52.463,53.885
1711310400,53.885,55.867,53.692,55.73
1711324800,55.73,56.633,55.004,56.495
1711339200,56.495,57.046,55.971,56.154
1711353600,56.154,58.338,56.008,57.13
1711368000,57.13,59.192,57.13,58.404
1711382400,58.404,58.611,57.605,58.171
1711396800,58.171,58.555,57.358,57.804
1711411200,57.804,58.942,57.656,58.316
1711425600,58.316,59.329,58.192,58.293
1711440000,58.293,58.642,57.875,57.941
1711454400,57.941,58.711,56.087,56.746
1711468800,56.746,57.093,55.41,55.657
1711483200,55.657,56.29,55.421,55.826
1711497600,55.826,56.79,55.599,56.194
1711512000,56.194,56.406,54.867,55.02
1711526400,55.02,55.502,54.1,55.052
1711540800,55.052,55.503,53.039,53.364
1711555200,53.364,54.108,53.197,53.913
1711569600,53.913,54.477,53.88,54.15
1711584000,54.15,54.531,53.236,53.77
1711598400,53.77,54.984,53.712,54.974
1711612800,54.974,55.111,54.105,54.389
1711627200,54.389,55.004,53.778,54.73
1711641600,54.73,54.912,54.309,54.665
1711656000,54.665,55.034,54.18,54.681
1711670400,54.681,54.728,53.808,54.34
1711684800,54.34,54.562,53.085,53.18
1711699200,53.18,54.096,53.127,53.883
1711713600,53.883,54.188,52.64,53.108
1711728000,53.108,53.635,52.855,53.138
1711742400,53.138,53.65,52.573,53.395
1711756800,53.395,53.914,53.245,53.35
1711771200,53.35,54.695,53.252,53.907
1711785600,53.907,54.431,53.537,54.388
1711800000,54.388,54.444,53.609,53.773
1711814400,53.773,54.071,53.04,53.495
1711828800,53.495,53.657,52.808,52.974
1711843200,52.974,53.609,52.928,53.227
1711857600,53.227,54.242,53.124,54.096
1711872000,54.096,54.337,53.695,53.761
1711886400,53.761,53.91,53.21,53.264
1711900800,53.264,54.252,53.227,54.224
1711915200,54.224,54.351,53.593,54.135
1711929600,54.135,54.207,53.346,53.876
1711944000,53.876,54.118,50.62,52.255
1711958400,52.255,53.09,51.401,52.475
1711972800,52.475,53.409,50.853,51.332
1711987200,51.332,51.689,50.3,51.51
1712001600,51.51,51.816,51.3,51.434
1712016000,51.434,51.431,46.812,47.971
1712030400,47.971,48.767,47.472,48.096
1712044800,48.096,48.266,46.456,47.163
1712059200,47.163,48.099,46.341,46.864
1712073600,46.864,47.672,46.633,47.474
1712088000,47.474,47.691,46.695,46.899
1712102400,46.899,47.81,45.182,47.706
1712116800,47.706,48.207,47.198,47.849
1712131200,47.849,48.323,47.123,47.297
1712145600,47.297,47.528,46.156,46.305
1712160000,46.305,46.971,45.375,45.837
1712174400,45.837,46.248,45.0,45.909
1712188800,45.909,46.957,45.728,46.1
1712203200,46.1,47.192,45.454,46.93
1712217600,46.93,47.316,46.755,47.014
1712232000,47.014,47.918,46.968,47.477
1712246400,47.477,48.205,47.046,47.102
1712260800,47.102,47.16,46.041,46.534
1712275200,46.534,46.627,45.12,46.04
1712289600,46.04,46.097,44.758,45.416
1712304000,45.416,45.971,44.187,44.29
1712318400,44.29,45.707,44.016,45.564
1712332800,45.564,45.806,45.01,45.364
1712347200,45.364,45.654,45.183,45.338
1712361600,45.338,46.674,45.076,46.666
1712376000,46.666,47.367,46.233,47.127
1712390400,47.127,47.617,46.71,46.939
1712404800,46.939,48.37,46.558,48.12
1712419200,48.12,48.457,47.715,47.995
1712433600,47.995,48.855,47.91,48.21
1712448000,48.21,49.094,48.127,48.772
1712462400,48.772,49.043,48.326,48.469
1712476800,48.469,48.745,48.298,48.6
1712491200,48.6,48.901,48.201,48.275
1712505600,48.275,49.07,48.043,48.171
1712520000,48.171,49.519,47.928,49.347
1712534400,49.347,49.376,48.264,48.752
1712548800,48.752,49.723,48.383,49.507
1712563200,49.507,50.844,49.43,50.462
1712577600,50.462,50.648,49.407,49.66
1712592000,49.66,50.2,49.591,50.011
1712606400,50.011,50.279,49.85,49.906
1712620800,49.906,50.012,48.873,49.088
1712635200,49.088,49.398,48.355,48.471
1712649600,48.471,48.684,47.651,48.639
1712664000,48.639,48.697,46.714,47.584
1712678400,47.584,47.587,46.777,47.311
1712692800,47.311,47.526,46.399,46.501
1712707200,46.501,47.055,45.733,46.65
1712721600,46.65,47.927,46.532,47.513
1712736000,47.513,47.665,46.704,47.46
1712750400,47.46,47.66,45.123,46.656
1712764800,46.656,47.871,46.498,47.439
1712779200,47.439,48.044,46.95,47.335
1712793600,47.335,47.34,46.642,46.891
1712808000,46.891,47.537,46.466,47.248
1712822400,47.248,47.508,45.931,46.046
1712836800,46.046,46.751,45.761,46.115
1712851200,46.115,46.445,45.627,46.224
1712865600,46.224,46.557,45.871,46.064
1712880000,46.064,46.793,46.011,46.706
1712894400,46.706,46.909,46.201,46.377
1712908800,46.377,46.546,46.085,46.183
1712923200,46.183,46.186,44.114,44.21
1712937600,44.21,44.388,33.279,38.49
1712952000,38.49,39.564,38.352,39.332
1712966400,39.332,39.332,37.426,38.192
1712980800,38.192,38.983,37.953,38.108
1712995200,38.108,38.963,37.65,38.463
1713009600,38.463,39.049,38.067,38.205
1713024000,38.205,38.353,31.954,33.328
1713038400,33.328,34.647,28.858,33.882
1713052800,33.882,34.215,32.636,33.678
1713067200,33.678,36.293,33.489,36.245
1713081600,36.245,37.184,35.775,35.988
1713096000,35.988,36.404,34.963,35.424
1713110400,35.424,36.428,34.198,35.678
1713124800,35.678,37.876,35.058,37.251
1713139200,37.251,37.251,35.727,35.874
1713153600,35.874,38.48,35.49,37.736
1713168000,37.736,38.192,37.378,37.448
1713182400,37.448,38.575,36.202,36.853
1713196800,36.853,37.035,34.115,35.331
1713211200,35.331,35.645,34.567,35.136
1713225600,35.136,35.463,34.299,34.617
1713240000,34.617,35.88,33.632,35.665
1713254400,35.665,35.668,33.77,35.121
1713268800,35.121,35.126,32.913,32.913
1713283200,32.913,34.595,32.673,33.963
1713297600,33.963,35.091,33.907,34.733
1713312000,34.733,35.037,34.1,34.701
1713326400,34.701,35.346,34.459,34.916
1713340800,34.916,35.2,33.825,33.861
1713355200,33.861,34.162,32.466,32.62
1713369600,32.62,35.179,32.224,34.171
1713384000,34.171,34.573,33.436,33.55
1713398400,33.55,34.648,32.797,34.305
1713412800,34.305,34.775,33.118,33.311
1713427200,33.311,35.413,32.933,34.921
1713441600,34.921,35.587,33.796,35.008
1713456000,35.008,35.213,34.078,34.873
1713470400,34.873,35.142,34.668,34.831
1713484800,34.831,34.831,31.916,33.576
1713499200,33.576,36.109,33.519,35.174
1713513600,35.174,35.739,35.022,35.404
1713528000,35.404,35.632,34.75,35.349
1713542400,35.349,35.447,34.776,35.311
1713556800,35.311,35.376,34.114,34.651
1713571200,34.651,35.305,34.105,35.154
1713585600,35.154,35.961,35.058,35.834
1713600000,35.834,35.873,34.96,35.017
1713614400,35.017,36.636,34.863,36.588
1713628800,36.588,37.713,36.304,37.499
1713643200,37.499,38.466,37.499,38.291
1713657600,38.291,38.749,37.621,38.174
1713672000,38.174,38.316,37.764,38.011
1713686400,38.011,38.106,37.335,37.445
1713700800,37.445,37.525,36.793,37.192
1713715200,37.192,37.23,36.352,36.892
1713729600,36.892,37.602,36.776,37.114
1713744000,37.114,38.212,36.741,38.049
1713758400,38.049,39.163,37.966,38.46
1713772800,38.46,39.656,38.174,38.933
1713787200,38.933,39.346,38.367,38.986
1713801600,38.986,39.38,38.639,39.251
1713816000,39.251,39.679,39.087,39.163
1713830400,39.163,39.878,38.719,38.843
1713844800,38.843,38.994,38.127,38.239
1713859200,38.239,38.499,37.951,38.067
1713873600,38.067,39.309,37.965,38.944
1713888000,38.944,39.294,38.594,38.683
1713902400,38.683,38.733,38.013,38.281
1713916800,38.281,39.441,38.248,38.968
1713931200,38.968,39.82,38.901,39.097
1713945600,39.097,39.323,38.808,39.147
1713960000,39.147,39.314,36.686,36.841
1713974400,36.841,37.514,36.481,36.998
1713988800,36.998,37.114,36.01,36.352
1714003200,36.352,36.722,35.657,35.846
1714017600,35.846,36.237,35.216,35.41
1714032000,35.41,35.55,34.738,35.133
1714046400,35.133,35.701,34.691,35.629
1714060800,35.629,35.981,35.395,35.868
1714075200,35.868,36.269,35.402,35.561
1714089600,35.561,35.77,34.683,35.451
1714104000,35.451,35.737,35.177,35.337
1714118400,35.337,35.659,34.981,35.189
1714132800,35.189,35.849,34.669,35.133
1714147200,35.133,35.287,34.823,34.867
1714161600,34.867,35.153,34.248,34.41
1714176000,34.41,34.624,33.077,34.099
1714190400,34.099,34.482,34.037,34.056
1714204800,34.056,34.346,33.588,33.9
1714219200,33.9,34.49,33.838,34.061
1714233600,34.061,35.117,33.922,34.478
1714248000,34.478,34.634,34.145,34.448
1714262400,34.448,35.245,34.361,34.957
1714276800,34.957,35.204,34.766,34.983
1714291200,34.983,35.091,34.32,34.391
1714305600,34.391,34.918,34.344,34.659
1714320000,34.659,35.371,34.599,34.99
1714334400,34.99,35.067,33.773,33.939
1714348800,33.939,34.302,33.285,33.305
1714363200,33.305,33.706,32.9,33.189
1714377600,33.189,33.63,32.812,33.198
1714392000,33.198,35.112,32.999,34.938
1714406400,34.938,35.094,34.4,34.621
1714420800,34.621,35.843,34.112,35.269
1714435200,35.269,35.705,34.341,34.84
1714449600,34.84,35.004,34.359,34.712
1714464000,34.712,34.79,33.12,33.254
1714478400,33.254,33.351,32.505,32.794
1714492800,32.794,32.791,31.91,31.962
1714507200,31.962,33.038,31.976,32.683
1714521600,32.683,32.814,32.21,32.627
1714536000,32.627,32.763,30.94,31.252
1714550400,31.252,31.897,30.598,31.895
1714564800,31.895,32.903,31.748,32.47
1714579200,32.47,33.929,31.789,32.397
1714593600,32.397,33.404,32.156,33.308
1714608000,33.308,33.71,32.344,32.775
1714622400,32.775,32.962,32.29,32.636
1714636800,32.636,33.772,32.579,33.754
1714651200,33.754,34.105,33.136,33.793
1714665600,33.793,33.947,33.496,33.752
1714680000,33.752,33.954,33.293,33.561
1714694400,33.561,34.343,33.409,34.148
1714708800,34.148,34.186,33.474,33.528
1714723200,33.528,33.885,33.287,33.547
1714737600,33.547,35.159,33.495,35.055
1714752000,35.055,35.441,35.04,35.261
1714766400,35.261,35.912,35.205,35.529
1714780800,35.529,35.779,35.165,35.514
1714795200,35.514,35.786,35.382,35.406
1714809600,35.406,36.368,35.366,35.79
1714824000,35.79,36.256,35.587,36.204
1714838400,36.204,37.481,36.026,37.308
1714852800,37.308,37.662,36.859,37.329
1714867200,37.329,37.957,36.785,37.572
1714881600,37.572,37.633,36.781,36.944
1714896000,36.944,37.231,36.668,37.002
1714910400,37.002,37.467,36.654,37.388
1714924800,37.388,37.65,37.062,37.216
1714939200,37.216,37.469,36.969,37.329
1714953600,37.329,37.623,36.98,37.212
1714968000,37.212,38.323,37.047,38.248
1714982400,38.248,39.861,38.21,38.558
1714996800,38.558,38.65,37.076,37.772
1715011200,37.772,38.043,36.764,37.183
1715025600,37.183,37.742,37.085,37.099
1715040000,37.099,37.587,36.376,36.79
1715054400,36.79,37.089,36.482,36.597
1715068800,36.597,37.474,36.406,36.428
1715083200,36.428,37.32,36.289,36.879
1715097600,36.879,37.062,36.07,36.159
1715112000,36.159,36.34,35.254,35.294
1715126400,35.294,35.486,34.906,35.285
1715140800,35.285,35.389,34.454,34.528
1715155200,34.528,34.734,34.296,34.395
1715169600,34.395,34.968,34.083,34.471
1715184000,34.471,34.981,34.204,34.383
1715198400,34.383,34.52,33.617,33.995
1715212800,33.995,34.418,33.954,34.296
1715227200,34.296,34.63,34.146,34.252
1715241600,34.252,34.358,33.719,34.058
1715256000,34.058,34.536,33.724,34.325
1715270400,34.325,34.68,34.039,34.674
1715284800,34.674,35.362,34.433,35.038
1715299200,35.038,35.591,34.871,35.526
1715313600,35.526,36.088,35.43,36.002
1715328000,36.002,36.076,35.424,35.79
1715342400,35.79,35.864,34.033,34.596
1715356800,34.596,34.736,33.86,33.915
1715371200,33.915,34.168,33.222,33.696
1715385600,33.696,34.026,33.406,33.52
1715400000,33.52,33.727,33.247,33.629
1715414400,33.629,33.644,33.042,33.374
1715428800,33.374,33.969,33.23,33.787
1715443200,33.787,33.897,33.599,33.781
1715457600,33.781,33.793,33.41,33.481
1715472000,33.481,33.692,33.434,33.538
1715486400,33.538,33.748,33.173,33.23
1715500800,33.23,33.976,33.194,33.769
1715515200,33.769,33.861,33.471,33.678
1715529600,33.678,33.886,33.311,33.447
1715544000,33.447,33.474,32.838,33.114
1715558400,33.114,33.413,31.91,32.305
1715572800,32.305,33.483,32.036,33.48
1715587200,33.48,33.803,33.252,33.389
1715601600,33.389,33.483,32.924,33.279
1715616000,33.279,33.442,32.436,32.834
1715630400,32.834,32.886,32.337,32.444
1715644800,32.444,32.599,31.912,32.166
1715659200,32.166,32.653,31.579,32.645
1715673600,32.645,33.321,32.502,32.713
1715688000,32.713,33.014,31.748,32.076
1715702400,32.076,32.12,31.63,31.909
1715716800,31.909,31.947,31.466,31.56
1715731200,31.56,32.442,31.346,32.293
1715745600,32.293,32.692,32.066,32.656
1715760000,32.656,33.255,32.344,32.73
1715774400,32.73,34.474,32.624,34.098
1715788800,34.098,34.343,33.769,34.312
1715803200,34.312,34.772,34.242,34.657
1715817600,34.657,34.996,34.436,34.956
1715832000,34.956,34.989,34.552,34.746
1715846400,34.746,34.968,34.421,34.603
1715860800,34.603,34.877,33.823,34.209
1715875200,34.209,34.426,33.736,34.349
1715889600,34.349,34.596,34.102,34.45
1715904000,34.45,34.918,34.25,34.773
1715918400,34.773,37.306,34.677,37.259
1715932800,37.259,37.588,36.227,36.541
1715947200,36.541,37.224,36.388,37.117
1715961600,37.117,37.165,36.213,36.561
1715976000,36.561,36.54,36.29,36.409
1715990400,36.409,37.636,36.326,37.578
1716004800,37.578,37.608,37.1,37.181
1716019200,37.181,37.529,37.142,37.46
1716033600,37.46,37.508,36.841,37.317
1716048000,37.317,37.34,36.903,37.043
1716062400,37.043,37.27,36.939,37.221
1716076800,37.221,37.736,37.114,37.45
1716091200,37.45,37.454,36.689,36.88
1716105600,36.88,36.886,36.355,36.617
1716120000,36.617,36.694,35.767,35.957
1716134400,35.957,35.957,35.373,35.558
1716148800,35.558,35.959,35.42,35.579
1716163200,35.579,36.129,35.13,35.642
1716177600,35.642,36.617,35.386,36.038
1716192000,36.038,36.291,35.867,35.999
1716206400,35.999,36.666,35.671,36.638
1716220800,36.638,38.757,36.48,38.666
1716235200,38.666,40.267,38.064,40.12
1716249600,40.12,41.01,39.684,39.767
1716264000,39.767,41.166,39.764,40.724
1716278400,40.724,40.809,40.281,40.421
1716292800,40.421,41.395,40.05,40.178
1716307200,40.178,41.37,40.053,40.439
1716321600,40.439,41.341,40.427,41.224
1716336000,41.224,41.473,40.596,40.79
1716350400,40.79,41.82,40.236,41.031
1716364800,41.031,41.427,40.352,40.352
1716379200,40.352,40.855,39.217,40.406
1716393600,40.406,40.519,39.445,40.029
1716408000,40.029,40.385,39.571,40.037
1716422400,40.037,40.366,39.79,40.133
1716436800,40.133,40.239,39.546,40.01
1716451200,40.01,40.376,39.559,40.231
1716465600,40.231,40.495,37.741,38.377
1716480000,38.377,38.427,37.334,37.544
1716494400,37.544,38.809,36.25,38.523
1716508800,38.523,39.002,38.329,38.924
1716523200,38.924,39.005,37.279,37.695
1716537600,37.695,37.957,36.96,37.897
1716552000,37.897,38.594,37.546,38.177
1716566400,38.177,38.743,37.695,38.392
1716580800,38.392,38.537,37.892,38.011
1716595200,38.011,38.278,37.802,38.27
1716609600,38.27,38.593,38.142,38.377
1716624000,38.377,38.724,38.198,38.355
1716638400,38.355,38.36,37.713,38.061
1716652800,38.061,38.145,37.831,38.046
1716667200,38.046,38.32,37.852,38.29
1716681600,38.29,38.314,37.611,37.865
1716696000,37.865,37.909,37.552,37.651
1716710400,37.651,37.677,37.081,37.361
1716724800,37.361,37.431,36.748,36.888
1716739200,36.888,37.053,36.707,36.977
1716753600,36.977,37.038,36.471,36.761
1716768000,36.761,37.359,36.677,37.252
1716782400,37.252,37.439,36.665,37.005
1716796800,37.005,37.567,36.986,37.425
1716811200,37.425,38.504,37.316,38.454
1716825600,38.454,38.975,37.716,37.974
1716840000,37.974,38.454,37.948,38.287
1716854400,38.287,38.43,37.076,37.219
1716868800,37.219,37.251,36.561,36.82
1716883200,36.82,37.49,36.713,37.281
1716897600,37.281,37.43,36.614,37.103
1716912000,37.103,37.267,36.564,37.24
1716926400,37.24,37.32,36.954,37.046
1716940800,37.046,37.418,36.716,37.281
1716955200,37.281,37.528,36.816,36.855
1716969600,36.855,37.216,36.405,36.969
1716984000,36.969,37.273,36.614,36.654
1716998400,36.654,36.941,36.269,36.409
1717012800,36.409,36.704,36.174,36.216
1717027200,36.216,36.868,36.009,36.829
1717041600,36.829,37.082,35.4,35.584
1717056000,35.584,36.773,35.323,36.585
1717070400,36.585,37.052,36.364,36.745
1717084800,36.745,37.117,36.492,36.62
1717099200,36.62,36.623,35.957,35.995
1717113600,35.995,36.333,35.802,36.142
1717128000,36.142,36.322,35.724,36.204
1717142400,36.204,36.341,35.832,36.335
1717156800,36.335,36.815,35.528,35.555
1717171200,35.555,36.219,35.224,36.177
1717185600,36.177,36.517,35.989,36.049
1717200000,36.049,36.18,35.948,36.023
1717214400,36.023,36.147,35.927,36.056
1717228800,36.056,36.21,35.959,36.076
1717243200,36.076,36.26,35.975,35.992
1717257600,35.992,36.061,35.805,36.007
1717272000,36.007,36.132,35.712,35.781
1717286400,35.781,36.148,35.721,36.061
1717300800,36.061,36.215,35.723,35.723
1717315200,35.723,36.04,35.395,35.971
1717329600,35.971,36.114,35.603,35.87
1717344000,35.87,35.87,34.874,35.108
1717358400,35.108,35.2,34.785,34.936
1717372800,34.936,35.406,34.596,35.108
1717387200,35.108,36.219,34.904,35.891
1717401600,35.891,36.302,35.8,35.87
1717416000,35.87,36.245,35.195,35.662
1717430400,35.662,35.826,35.267,35.819
1717444800,35.819,36.076,34.971,35.049
1717459200,35.049,35.153,34.727,34.972
1717473600,34.972,35.204,34.659,34.819
1717488000,34.819,34.977,34.459,34.897
1717502400,34.897,35.901,34.803,35.846
1717516800,35.846,36.305,35.489,35.707
1717531200,35.707,36.136,35.57,36.096
1717545600,36.096,36.572,36.031,36.335
1717560000,36.335,36.583,36.076,36.346
1717574400,36.346,36.541,36.192,36.394
1717588800,36.394,36.576,35.957,36.477
1717603200,36.477,36.936,36.434,36.749
1717617600,36.749,36.844,36.352,36.596
1717632000,36.596,36.677,36.368,36.389
1717646400,36.389,36.433,36.081,36.359
1717660800,36.359,36.977,36.267,36.822
1717675200,36.822,37.237,36.559,36.915
1717689600,36.915,36.98,36.0,36.082
1717704000,36.082,36.258,35.745,35.918
1717718400,35.918,36.037,35.608,35.883
1717732800,35.883,36.133,35.659,36.011
1717747200,36.011,36.379,35.832,36.356
1717761600,36.356,36.924,35.73,36.299
1717776000,36.299,36.386,30.858,33.418
1717790400,33.418,33.749,33.118,33.516
1717804800,33.516,33.73,33.308,33.612
1717819200,33.612,33.724,33.463,33.608
1717833600,33.608,33.591,32.579,32.683
1717848000,32.683,32.757,32.116,32.453
1717862400,32.453,32.654,32.133,32.254
1717876800,32.254,32.352,31.921,32.263
1717891200,32.263,32.495,32.029,32.251
1717905600,32.251,32.511,32.082,32.427
1717920000,32.427,32.558,32.287,32.311
1717934400,32.311,32.63,32.207,32.448
1717948800,32.448,33.01,32.43,32.915
1717963200,32.915,32.995,32.742,32.977
1717977600,32.977,33.465,32.784,32.983
1717992000,32.983,33.02,32.023,32.052
1718006400,32.052,32.906,32.028,32.68
1718020800,32.68,33.117,32.312,32.971
1718035200,32.971,33.029,32.531,32.606
1718049600,32.606,32.608,32.162,32.279
1718064000,32.279,32.367,31.465,32.216
1718078400,32.216,32.349,31.852,32.209
1718092800,32.209,32.389,31.807,31.97
1718107200,31.97,32.082,30.786,31.139
1718121600,31.139,31.633,30.598,31.584
1718136000,31.584,31.718,31.37,31.546
1718150400,31.546,31.806,30.791,31.776
1718164800,31.776,32.225,31.713,32.203
1718179200,32.203,32.418,31.89,31.899
1718193600,31.899,33.644,31.882,33.501
1718208000,33.501,33.993,32.432,32.704
1718222400,32.704,33.364,32.531,33.279
1718236800,33.279,33.442,32.186,32.508
1718251200,32.508,32.885,32.13,32.415
1718265600,32.415,32.415,31.779,31.845
1718280000,31.845,32.361,31.252,31.309
1718294400,31.309,31.932,31.138,31.476
1718308800,31.476,31.553,30.905,30.995
1718323200,30.995,31.4,30.882,31.142
1718337600,31.142,31.843,31.139,31.59
1718352000,31.59,32.12,31.55,31.855
1718366400,31.855,31.954,30.587,30.697
1718380800,30.697,30.726,29.282,29.37
1718395200,29.37,30.495,29.345,30.274
1718409600,30.274,30.489,30.075,30.374
1718424000,30.374,30.633,30.23,30.364
1718438400,30.364,30.443,29.979,30.277
1718452800,30.277,30.486,30.037,30.309
1718467200,30.309,30.389,29.957,30.112
1718481600,30.112,30.148,29.904,29.993
1718496000,29.993,30.274,29.834,29.968
1718510400,29.968,30.466,29.807,30.34
1718524800,30.34,30.365,29.904,29.986
1718539200,29.986,30.206,29.904,30.184
1718553600,30.184,30.202,29.66,29.841
1718568000,29.841,30.16,29.745,30.06
1718582400,30.06,30.334,29.328,29.393
1718596800,29.393,29.706,28.935,29.121
1718611200,29.121,29.239,28.35,28.64
1718625600,28.64,28.807,27.986,28.057
1718640000,28.057,29.428,27.296,29.004
1718654400,29.004,29.038,28.364,28.45
1718668800,28.45,28.537,24.805,26.492
1718683200,26.492,26.767,26.377,26.614
1718697600,26.614,26.675,25.654,25.989
1718712000,25.989,26.557,25.556,26.265
1718726400,26.265,26.274,25.568,26.19
1718740800,26.19,26.639,26.059,26.584
1718755200,26.584,27.149,26.377,26.992
1718769600,26.992,27.392,26.935,27.325
1718784000,27.325,27.501,26.98,27.145
1718798400,27.145,27.465,26.947,27.133
1718812800,27.133,27.645,26.98,27.102
1718827200,27.102,27.239,26.77,26.928
1718841600,26.928,27.468,26.672,26.886
1718856000,26.886,28.22,26.712,28.139
1718870400,28.139,28.87,27.913,28.37
1718884800,28.37,28.386,26.883,27.291
1718899200,27.291,27.835,26.97,27.793
1718913600,27.793,27.873,27.492,27.571
1718928000,27.571,27.845,27.236,27.751
1718942400,27.751,28.015,27.485,27.617
1718956800,27.617,27.984,27.236,27.794
1718971200,27.794,27.892,26.983,27.407
1718985600,27.407,27.737,26.925,27.578
1719000000,27.578,27.812,27.327,27.47
1719014400,27.47,27.498,26.02,26.364
1719028800,26.364,26.489,24.596,25.318
1719043200,25.318,25.518,24.8,25.483
1719057600,25.483,26.29,25.426,26.104
1719072000,26.104,26.107,25.666,25.797
1719086400,25.797,25.816,25.53,25.605
1719100800,25.605,25.998,25.538,25.977
1719115200,25.977,25.982,25.673,25.788
1719129600,25.788,25.864,25.233,25.383
1719144000,25.383,25.383,24.112,24.386
1719158400,24.386,25.298,24.136,25.199
1719172800,25.199,25.535,24.548,25.069
1719187200,25.069,25.24,24.541,24.852
1719201600,24.852,24.905,24.099,24.258
1719216000,24.258,24.886,23.543,24.479
1719230400,24.479,25.047,23.755,23.913
1719244800,23.913,24.479,23.698,23.852
1719259200,23.852,24.957,23.5,24.788
1719273600,24.788,25.396,24.599,25.157
1719288000,25.157,25.349,25.005,25.099
1719302400,25.099,25.367,24.849,25.2
1719316800,25.2,25.77,25.072,25.62
1719331200,25.62,25.651,25.233,25.52
1719345600,25.52,25.577,25.312,25.39
1719360000,25.39,25.818,25.27,25.428
1719374400,25.428,26.018,25.288,26.018
1719388800,26.018,26.212,25.593,26.044
1719403200,26.044,26.209,25.757,25.949
1719417600,25.949,26.564,25.562,26.511
1719432000,26.511,26.633,25.785,25.809
1719446400,25.809,25.854,25.341,25.63
1719460800,25.63,26.126,25.482,26.047
1719475200,26.047,26.824,25.907,26.575
1719489600,26.575,27.916,26.548,27.815
1719504000,27.815,28.359,27.745,28.072
1719518400,28.072,28.149,27.837,27.904
1719532800,27.904,28.136,27.657,27.965
1719547200,27.965,28.252,27.852,28.121
1719561600,28.121,28.655,27.886,28.581
1719576000,28.581,29.054,28.109,28.334
1719590400,28.334,28.619,27.873,28.095
1719604800,28.095,28.316,27.813,27.956
1719619200,27.956,28.477,27.956,28.38
1719633600,28.38,28.648,28.261,28.402
1719648000,28.402,28.41,28.0,28.096
1719662400,28.096,28.117,27.575,27.765
1719676800,27.765,27.946,27.713,27.901
1719691200,27.901,27.965,27.684,27.757
1719705600,27.757,27.913,27.41,27.7
1719720000,27.7,28.776,27.621,28.274
1719734400,28.274,28.538,28.095,28.398
1719748800,28.398,28.44,27.882,28.041
1719763200,28.041,28.527,27.904,28.501
1719777600,28.501,29.55,28.312,29.354
1719792000,29.354,29.96,29.195,29.95
1719806400,29.95,29.969,29.566,29.73
1719820800,29.73,30.104,29.63,29.681
1719835200,29.681,30.021,29.371,29.821
1719849600,29.821,29.943,29.404,29.511
1719864000,29.511,29.566,28.809,28.819
1719878400,28.819,28.905,28.477,28.611
1719892800,28.611,28.7,28.09,28.182
1719907200,28.182,28.438,28.117,28.249
1719921600,28.249,28.539,28.127,28.312
1719936000,28.312,28.828,28.102,28.716
1719950400,28.716,28.797,28.306,28.694
1719964800,28.694,28.96,27.854,28.136
1719979200,28.136,28.21,27.829,27.841
1719993600,27.841,27.901,27.053,27.318
1720008000,27.318,27.322,26.607,26.91
1720022400,26.91,27.051,26.459,26.505
1720036800,26.505,26.832,26.429,26.495
1720051200,26.495,26.679,25.462,26.2
1720065600,26.2,26.202,25.508,25.575
1720080000,25.575,26.075,25.367,25.867
1720094400,25.867,25.892,24.84,25.601
1720108800,25.601,25.674,25.319,25.441
1720123200,25.441,25.572,24.282,24.435
1720137600,24.435,24.446,21.824,22.267
1720152000,22.267,23.328,21.867,23.197
1720166400,23.197,24.38,22.627,24.337
1720180800,24.337,25.136,24.138,24.96
1720195200,24.96,25.157,24.621,25.023
1720209600,25.023,25.422,24.941,25.12
1720224000,25.12,25.733,24.861,25.065
1720238400,25.065,25.929,25.05,25.529
1720252800,25.529,25.922,25.296,25.727
1720267200,25.727,26.297,25.562,25.98
1720281600,25.98,27.118,25.855,27.035
1720296000,27.035,27.599,27.032,27.388
1720310400,27.388,27.479,26.554,26.746
1720324800,26.746,26.877,26.237,26.396
1720339200,26.396,26.721,26.271,26.331
1720353600,26.331,26.442,25.465,25.854
1720368000,25.854,26.419,25.782,26.099
1720382400,26.099,26.188,25.449,25.736
1720396800,25.736,25.88,24.532,25.172
1720411200,25.172,25.968,25.09,25.611
1720425600,25.611,27.2,25.553,26.943
1720440000,26.943,27.027,25.49,25.876
1720454400,25.876,26.078,25.361,25.386
1720468800,25.386,25.54,25.181,25.189
1720483200,25.189,25.458,24.681,25.209
1720497600,25.209,26.056,25.172,25.644
1720512000,25.644,26.015,25.419,25.643
1720526400,25.643,25.951,25.146,25.51
1720540800,25.51,26.121,25.428,26.093
1720555200,26.093,26.49,26.055,26.422
1720569600,26.422,26.861,26.026,26.856
1720584000,26.856,27.401,26.775,26.849
1720598400,26.849,26.961,26.57,26.876
1720612800,26.876,26.924,26.065,26.288
1720627200,26.288,26.63,26.045,26.113
1720641600,26.113,26.163,25.608,25.739
1720656000,25.739,25.864,25.135,25.318
1720670400,25.318,25.845,25.269,25.829
1720684800,25.829,25.932,25.554,25.836
1720699200,25.836,26.346,24.996,25.123
1720713600,25.123,25.684,25.011,25.261
1720728000,25.261,25.363,25.075,25.184
1720742400,25.184,25.609,24.803,25.405
1720756800,25.405,25.466,25.063,25.213
1720771200,25.213,25.273,24.836,25.028
1720785600,25.028,25.683,25.0,25.599
1720800000,25.599,25.927,25.373,25.392
1720814400,25.392,26.078,25.09,25.951
1720828800,25.951,25.988,25.726,25.881
1720843200,25.881,25.916,25.579,25.791
1720857600,25.791,26.325,25.66,25.769
1720872000,25.769,26.291,25.665,26.173
1720886400,26.173,26.277,25.689,25.815
1720900800,25.815,26.179,25.512,25.838
1720915200,25.838,26.187,25.635,25.902
1720929600,25.902,26.235,25.873,26.024
1720944000,26.024,26.393,25.845,25.882
1720958400,25.882,26.029,25.579,25.9
1720972800,25.9,25.94,25.663,25.693
1720987200,25.693,26.655,25.666,26.337
1721001600,26.337,27.091,26.248,26.977
1721016000,26.977,27.196,26.67,27.116
1721030400,27.116,27.3,26.582,26.756
1721044800,26.756,27.242,26.729,26.915
1721059200,26.915,27.353,26.816,27.06
1721073600,27.06,27.87,27.033,27.821
1721088000,27.821,28.078,27.567,28.033
1721102400,28.033,28.09,26.636,26.846
1721116800,26.846,27.293,26.438,27.233
1721131200,27.233,28.496,27.016,28.443
1721145600,28.443,29.224,28.059,28.211
1721160000,28.211,28.348,27.84,27.994
1721174400,27.994,28.856,27.938,28.783
1721188800,28.783,29.003,28.556,28.659
1721203200,28.659,28.939,28.059,28.111
1721217600,28.111,28.607,27.97,28.004
1721232000,28.004,28.019,27.431,27.871
1721246400,27.871,27.943,27.2,27.225
1721260800,27.225,27.762,27.225,27.737
1721275200,27.737,27.92,27.426,27.564
1721289600,27.564,27.752,27.312,27.528
1721304000,27.528,27.755,26.811,26.87
1721318400,26.87,27.198,26.57,26.853
1721332800,26.853,27.302,26.783,27.119
1721347200,27.119,27.335,26.682,27.275
1721361600,27.275,27.497,26.739,26.884
1721376000,26.884,27.054,26.635,26.837
1721390400,26.837,27.672,26.736,27.614
1721404800,27.614,28.371,27.609,28.32
1721419200,28.32,28.402,28.048,28.148
1721433600,28.148,28.298,27.922,28.244
1721448000,28.244,28.473,28.145,28.153
1721462400,28.153,28.23,27.976,27.979
1721476800,27.979,28.386,27.776,28.385
1721491200,28.385,28.983,28.138,28.64
1721505600,28.64,29.17,28.622,29.088
1721520000,29.088,29.414,28.891,29.182
1721534400,29.182,29.192,28.541,28.745
1721548800,28.745,29.529,28.738,29.289
1721563200,29.289,31.007,29.03,30.973
1721577600,30.973,31.841,29.777,31.731
1721592000,31.731,32.974,31.66,32.628
1721606400,32.628,32.948,32.138,32.227
1721620800,32.227,32.822,31.808,31.914
1721635200,31.914,32.586,31.65,32.212
1721649600,32.212,32.493,31.308,31.912
1721664000,31.912,32.311,31.769,32.308
1721678400,32.308,32.426,31.573,31.859
1721692800,31.859,32.628,31.804,32.082
1721707200,32.082,32.166,30.358,30.397
1721721600,30.397,30.806,30.143,30.574
1721736000,30.574,30.762,29.879,30.281
1721750400,30.281,30.353,29.421,29.882
1721764800,29.882,30.24,29.662,29.798
1721779200,29.798,29.92,28.598,28.957
1721793600,28.957,29.297,28.37,29.25
1721808000,29.25,30.529,29.237,30.157
1721822400,30.157,30.266,29.2,29.207
1721836800,29.207,29.475,28.668,28.823
1721851200,28.823,29.002,28.259,28.36
1721865600,28.36,28.568,27.102,27.337
1721880000,27.337,27.693,27.14,27.292
1721894400,27.292,27.496,27.067,27.311
1721908800,27.311,27.441,26.639,27.011
1721923200,27.011,27.271,26.241,26.737
1721937600,26.737,27.593,26.323,27.222
1721952000,27.222,28.021,27.16,27.708
1721966400,27.708,28.24,27.676,27.985
1721980800,27.985,28.384,27.788,27.955
1721995200,27.955,28.552,27.618,28.538
1722009600,28.538,28.783,28.341,28.574
1722024000,28.574,28.833,28.308,28.694
1722038400,28.694,28.846,28.492,28.587
1722052800,28.587,28.831,28.428,28.63
1722067200,28.63,28.748,28.448,28.704
1722081600,28.704,29.498,28.648,28.832
1722096000,28.832,28.976,27.964,28.227
1722110400,28.227,28.595,27.574,28.033
1722124800,28.033,28.157,27.742,27.747
1722139200,27.747,27.784,27.255,27.748
1722153600,27.748,27.81,27.492,27.618
1722168000,27.618,27.64,27.21,27.244
1722182400,27.244,27.67,27.221,27.51
1722196800,27.51,27.529,27.084,27.379
1722211200,27.379,28.419,27.288,28.208
1722225600,28.208,28.818,28.075,28.684
1722240000,28.684,28.834,28.544,28.544
1722254400,28.544,28.72,27.334,27.525
1722268800,27.525,27.546,27.098,27.435
1722283200,27.435,27.485,26.959,26.974
1722297600,26.974,27.272,26.729,27.139
1722312000,27.139,27.29,27.037,27.218
1722326400,27.218,27.265,26.818,26.991
1722340800,26.991,27.045,26.413,26.688
1722355200,26.688,26.897,26.239,26.429
1722369600,26.429,26.537,26.008,26.303
1722384000,26.303,26.619,26.175,26.517
1722398400,26.517,26.536,25.828,26.269
1722412800,26.269,26.314,26.036,26.203
1722427200,26.203,26.85,26.188,26.57
1722441600,26.57,26.838,25.825,26.006
1722456000,26.006,26.036,25.43,25.691
1722470400,25.691,25.916,25.333,25.397
1722484800,25.397,25.49,24.91,25.324
1722499200,25.324,25.5,25.217,25.369
1722513600,25.369,25.687,24.449,24.577
1722528000,24.577,24.862,23.987,24.796
1722542400,24.796,25.776,24.678,25.687
1722556800,25.687,25.887,25.045,25.319
1722571200,25.319,25.404,24.593,24.993
1722585600,24.993,25.275,24.759,24.965
1722600000,24.965,25.319,23.439,24.107
1722614400,24.107,24.255,23.717,23.823
1722628800,23.823,23.993,23.335,23.585
1722643200,23.585,23.734,22.985,23.709
1722657600,23.709,23.827,23.605,23.716
1722672000,23.716,24.005,23.474,23.915
1722686400,23.915,24.1,23.33,23.355
1722700800,23.355,23.388,22.368,22.449
1722715200,22.449,22.792,22.173,22.662
1722729600,22.662,22.941,22.475,22.802
1722744000,22.802,22.896,22.528,22.574
1722758400,22.574,22.744,22.315,22.515
1722772800,22.515,22.657,21.564,21.588
1722787200,21.588,21.988,20.588,21.806
1722801600,21.806,22.079,21.186,21.238
1722816000,21.238,21.367,17.948,18.624
1722830400,18.624,19.281,17.311,19.03
1722844800,19.03,19.074,17.542,18.209
1722859200,18.209,19.76,17.425,19.71
1722873600,19.71,20.215,19.152,19.386
1722888000,19.386,19.997,19.362,19.52
1722902400,19.52,20.826,19.5,20.396
1722916800,20.396,21.035,20.257,21.007
1722931200,21.007,21.027,20.272,20.419
1722945600,20.419,21.23,20.021,21.1
1722960000,21.1,21.435,20.998,21.116
1722974400,21.116,21.352,20.77,20.875
1722988800,20.875,21.45,20.544,21.196
1723003200,21.196,21.677,21.05,21.229
1723017600,21.229,21.515,20.871,20.928
1723032000,20.928,21.125,20.08,20.402
1723046400,20.402,20.454,19.825,19.984
1723060800,19.984,20.16,19.681,19.842
1723075200,19.842,20.926,19.511,20.639
1723089600,20.639,20.846,20.558,20.567
1723104000,20.567,20.706,20.47,20.551
1723118400,20.551,21.938,20.394,21.932
1723132800,21.932,22.195,21.606,21.659
1723147200,21.659,22.77,21.648,22.724
1723161600,22.724,22.786,22.181,22.182
1723176000,22.182,22.181,21.613,21.809
1723190400,21.809,21.91,21.466,21.716
1723204800,21.716,21.94,21.288,21.353
1723219200,21.353,21.662,21.307,21.463
1723233600,21.463,21.798,21.379,21.731
1723248000,21.731,22.037,21.485,21.573
1723262400,21.573,21.667,21.395,21.663
1723276800,21.663,21.779,21.537,21.77
1723291200,21.77,21.87,21.524,21.679
1723305600,21.679,21.788,21.593,21.616
1723320000,21.616,21.751,21.495,21.564
1723334400,21.564,22.166,21.523,21.972
1723348800,21.972,22.132,21.805,22.054
1723363200,22.054,22.346,21.673,21.769
1723377600,21.769,21.769,21.144,21.284
1723392000,21.284,21.288,20.806,20.826
1723406400,20.826,20.826,20.362,20.387
1723420800,20.387,20.739,20.293,20.666
1723435200,20.666,21.098,20.44,21.035
1723449600,21.035,21.554,20.9,21.514
1723464000,21.514,21.698,20.58,21.339
1723478400,21.339,21.419,20.791,21.029
1723492800,21.029,21.337,20.689,21.246
1723507200,21.246,21.332,20.774,20.83
1723521600,20.83,21.086,20.7,20.966
1723536000,20.966,20.998,20.581,20.83
1723550400,20.83,21.065,20.735,21.021
1723564800,21.021,21.608,20.996,21.334
1723579200,21.334,21.517,21.202,21.368
1723593600,21.368,21.47,21.16,21.291
1723608000,21.291,21.441,21.154,21.277
1723622400,21.277,21.656,21.176,21.549
1723636800,21.549,21.853,20.765,21.282
1723651200,21.282,21.4,20.951,21.075
1723665600,21.075,21.128,20.803,20.938
1723680000,20.938,21.139,20.739,20.927
1723694400,20.927,20.969,20.52,20.949
1723708800,20.949,21.12,20.772,21.069
1723723200,21.069,21.13,20.755,20.901
1723737600,20.901,20.983,19.832,20.045
1723752000,20.045,20.237,19.844,20.107
1723766400,20.107,20.466,20.003,20.178
1723780800,20.178,20.599,20.139,20.529
1723795200,20.529,20.566,20.25,20.306
1723809600,20.306,20.402,19.772,19.939
1723824000,19.939,20.447,19.934,20.396
1723838400,20.396,20.664,20.343,20.358
1723852800,20.358,20.516,20.215,20.419
1723867200,20.419,20.59,20.373,20.56
1723881600,20.56,20.573,20.361,20.465
1723896000,20.465,20.641,20.36,20.456
1723910400,20.456,20.655,20.451,20.558
1723924800,20.558,20.694,20.486,20.688
1723939200,20.688,20.862,20.524,20.599
1723953600,20.599,20.922,20.541,20.731
1723968000,20.731,21.05,20.674,21.004
1723982400,21.004,21.384,20.955,21.212
1723996800,21.212,21.342,21.01,21.342
1724011200,21.342,21.502,20.757,20.803
1724025600,20.803,20.937,20.633,20.88
1724040000,20.88,20.887,20.552,20.672
1724054400,20.672,20.843,20.483,20.712
1724068800,20.712,20.819,20.372,20.553
1724083200,20.553,21.027,20.426,20.812
1724097600,20.812,21.234,20.759,21.195
1724112000,21.195,21.797,21.146,21.792
1724126400,21.792,22.073,21.704,22.062
1724140800,22.062,22.148,21.871,21.99
1724155200,21.99,22.218,21.462,21.772
1724169600,21.772,22.644,21.734,22.543
1724184000,22.543,22.776,22.226,22.247
1724198400,22.247,23.173,22.228,23.171
1724212800,23.171,23.574,22.94,23.291
1724227200,23.291,23.395,22.832,22.867
1724241600,22.867,23.454,22.79,23.082
1724256000,23.082,23.648,22.959,23.601
1724270400,23.601,23.779,23.4,23.519
1724284800,23.519,23.645,23.034,23.219
1724299200,23.219,23.476,23.139,23.239
1724313600,23.239,23.548,23.172,23.516
1724328000,23.516,25.218,23.505,24.587
1724342400,24.587,24.614,24.133,24.46
1724356800,24.46,25.287,24.459,25.2
1724371200,25.2,26.608,25.193,26.451
1724385600,26.451,26.539,25.626,25.75
1724400000,25.75,26.278,25.748,26.066
1724414400,26.066,26.842,25.893,26.111
1724428800,26.111,26.78,26.019,26.675
1724443200,26.675,26.994,26.458,26.484
1724457600,26.484,26.565,26.184,26.235
1724472000,26.235,26.658,26.2,26.603
1724486400,26.603,27.699,26.44,27.48
1724500800,27.48,27.813,27.174,27.741
1724515200,27.741,27.973,27.394,27.447
1724529600,27.447,27.532,26.755,27.102
1724544000,27.102,27.125,26.499,26.915
1724558400,26.915,27.084,26.133,26.282
1724572800,26.282,26.637,26.131,26.609
1724587200,26.609,27.161,26.471,27.016
1724601600,27.016,27.234,26.803,26.928
1724616000,26.928,27.663,26.853,26.898
1724630400,26.898,27.175,26.322,26.833
1724644800,26.833,27.106,26.604,26.789
1724659200,26.789,27.075,26.554,26.841
1724673600,26.841,26.903,26.237,26.525
1724688000,26.525,26.734,26.147,26.263
1724702400,26.263,26.458,25.882,25.929
1724716800,25.929,26.369,25.929,26.284
1724731200,26.284,26.791,26.164,26.544
1724745600,26.544,26.646,25.519,25.748
1724760000,25.748,25.787,25.254,25.322
1724774400,25.322,25.797,25.175,25.552
1724788800,25.552,25.565,23.667,24.068
1724803200,24.068,24.234,23.568,24.198
1724817600,24.198,24.236,23.59,23.613
1724832000,23.613,24.814,23.462,24.67
1724846400,24.67,24.812,23.586,23.854
1724860800,23.854,24.241,23.18,23.784
1724875200,23.784,24.098,23.2,23.426
1724889600,23.426,23.631,23.272,23.461
1724904000,23.461,23.91,23.305,23.82
1724918400,23.82,23.934,23.434,23.571
1724932800,23.571,24.662,23.526,24.324
1724947200,24.324,24.531,22.939,23.183
1724961600,23.183,23.258,22.77,22.879
1724976000,22.879,23.138,22.755,22.971
1724990400,22.971,23.56,22.867,23.366
1725004800,23.366,23.619,23.178,23.194
1725019200,23.194,23.47,22.19,22.366
1725033600,22.366,23.236,22.214,22.983
1725048000,22.983,23.314,22.977,23.273
1725062400,23.273,23.389,23.128,23.185
1725076800,23.185,23.331,22.971,23.0
1725091200,23.0,23.104,22.772,23.01
1725105600,23.01,23.122,22.86,23.032
1725120000,23.032,23.032,22.462,22.679
1725134400,22.679,22.871,22.594,22.787
1725148800,22.787,22.82,22.232,22.467
1725163200,22.467,22.485,21.886,22.262
1725177600,22.262,22.552,22.007,22.338
1725192000,22.338,22.522,21.866,22.417
1725206400,22.417,22.468,21.745,22.127
1725220800,22.127,22.305,21.16,21.406
1725235200,21.406,21.897,21.353,21.809
1725249600,21.809,22.056,21.508,21.585
1725264000,21.585,22.335,21.58,22.164
1725278400,22.164,22.237,21.826,22.047
1725292800,22.047,22.185,21.939,22.08
1725307200,22.08,22.556,22.077,22.351
1725321600,22.351,22.713,22.268,22.504
1725336000,22.504,22.533,22.262,22.512
1725350400,22.512,22.522,22.122,22.377
1725364800,22.377,22.497,21.525,21.582
1725379200,21.582,21.857,21.5,21.808
1725393600,21.808,21.808,21.343,21.373
1725408000,21.373,21.59,20.455,21.43
1725422400,21.43,21.754,21.188,21.659
1725436800,21.659,21.791,21.391,21.474
1725451200,21.474,22.042,21.317,22.019
1725465600,22.019,22.295,21.789,21.882
1725480000,21.882,22.1,21.756,21.893
1725494400,21.893,22.166,21.618,21.692
1725508800,21.692,21.923,21.528,21.772
1725523200,21.772,21.852,21.554,21.691
1725537600,21.691,22.011,21.238,21.404
1725552000,21.404,21.746,21.211,21.305
1725566400,21.305,21.472,21.244,21.357
1725580800,21.357,21.724,21.239,21.602
1725595200,21.602,21.832,21.326,21.488
1725609600,21.488,21.719,21.341,21.51
1725624000,21.51,22.172,21.072,21.339
1725638400,21.339,21.393,20.722,20.966
1725652800,20.966,21.155,20.464,21.141
1725667200,21.141,21.278,21.041,21.223
1725681600,21.223,21.686,21.212,21.676
1725696000,21.676,21.699,21.451,21.588
1725710400,21.588,21.996,21.577,21.826
1725724800,21.826,21.9,21.586,21.829
1725739200,21.829,21.845,21.587,21.783
1725753600,21.783,22.362,21.704,22.36
1725768000,22.36,23.214,22.346,23.072
1725782400,23.072,23.15,22.827,23.04
1725796800,23.04,23.081,22.433,22.464
1725811200,22.464,23.059,22.385,22.945
1725825600,22.945,23.485,22.869,23.231
1725840000,23.231,23.536,23.122,23.485
1725854400,23.485,23.704,23.171,23.684
1725868800,23.684,24.334,23.671,23.707
1725883200,23.707,23.879,23.283,23.576
1725897600,23.576,24.296,23.572,24.181
1725912000,24.181,24.363,23.823,23.83
1725926400,23.83,23.85,23.566,23.59
1725940800,23.59,23.824,23.558,23.783
1725955200,23.783,24.089,23.596,24.057
1725969600,24.057,24.123,23.722,23.738
1725984000,23.738,24.494,23.731,24.382
1725998400,24.382,24.565,24.255,24.337
1726012800,24.337,24.506,23.77,23.841
1726027200,23.841,23.836,23.258,23.62
1726041600,23.62,23.645,23.324,23.614
1726056000,23.614,23.747,22.868,23.318
1726070400,23.318,23.658,23.263,23.417
1726084800,23.417,23.515,23.251,23.266
1726099200,23.266,24.004,23.252,23.68
1726113600,23.68,23.798,23.428,23.499
1726128000,23.499,23.741,23.445,23.575
1726142400,23.575,23.916,23.418,23.454
1726156800,23.454,24.018,23.44,23.848
1726171200,23.848,24.096,23.703,24.005
1726185600,24.005,24.085,23.664,23.674
1726200000,23.674,23.848,23.653,23.82
1726214400,23.82,24.233,23.667,23.845
1726228800,23.845,24.723,23.668,24.69
1726243200,24.69,24.804,24.5,24.698
1726257600,24.698,25.084,24.669,24.9
1726272000,24.9,25.078,24.859,25.026
1726286400,25.026,25.041,24.823,24.916
1726300800,24.916,24.988,24.613,24.655
1726315200,24.655,25.583,24.605,25.456
1726329600,25.456,25.649,25.167,25.251
1726344000,25.251,25.459,25.081,25.319
1726358400,25.319,25.37,24.951,25.06
1726372800,25.06,25.066,24.753,24.866
1726387200,24.866,24.866,24.529,24.614
1726401600,24.614,24.879,24.563,24.72
1726416000,24.72,24.736,24.323,24.354
1726430400,24.354,24.38,23.625,23.779
1726444800,23.779,23.848,23.302,23.643
1726459200,23.643,24.124,23.519,24.039
1726473600,24.039,24.219,23.825,23.859
1726488000,23.859,23.878,23.285,23.499
1726502400,23.499,23.568,23.205,23.453
1726516800,23.453,23.573,23.297,23.496
1726531200,23.496,23.532,23.142,23.475
1726545600,23.475,24.028,23.446,23.776
1726560000,23.776,24.015,23.66,23.824
1726574400,23.824,24.477,23.61,24.391
1726588800,24.391,24.46,23.684,23.858
1726603200,23.858,23.96,23.681,23.762
1726617600,23.762,23.882,23.485,23.835
1726632000,23.835,23.849,23.55,23.595
1726646400,23.595,23.605,23.051,23.235
1726660800,23.235,23.35,22.836,22.904
1726675200,22.904,23.789,22.778,23.362
1726689600,23.362,24.725,23.163,24.692
1726704000,24.692,26.141,24.692,25.634
1726718400,25.634,25.912,25.578,25.891
1726732800,25.891,26.356,25.858,26.234
1726747200,26.234,26.525,26.098,26.374
1726761600,26.374,26.594,26.257,26.41
1726776000,26.41,26.782,26.107,26.651
1726790400,26.651,27.851,26.451,27.84
1726804800,27.84,28.38,27.674,28.193
1726819200,28.193,28.758,28.112,28.118
1726833600,28.118,28.24,27.125,27.189
1726848000,27.189,27.35,26.791,27.087
1726862400,27.087,27.661,27.089,27.655
1726876800,27.655,27.748,27.126,27.166
1726891200,27.166,27.32,27.001,27.254
1726905600,27.254,27.605,27.172,27.575
1726920000,27.575,28.116,27.441,27.558
1726934400,27.558,27.691,27.337,27.361
1726948800,27.361,27.96,27.322,27.764
1726963200,27.764,27.782,27.075,27.254
1726977600,27.254,27.466,27.125,27.373
1726992000,27.373,27.436,26.815,26.903
1727006400,26.903,27.042,26.618,26.854
1727020800,26.854,27.151,26.622,27.099
1727035200,27.099,27.488,26.439,27.286
1727049600,27.286,28.154,26.548,27.855
1727064000,27.855,27.952,27.4,27.635
1727078400,27.635,27.672,27.217,27.321
1727092800,27.321,27.728,27.254,27.552
1727107200,27.552,27.712,27.169,27.352
1727121600,27.352,27.469,27.078,27.374
1727136000,27.374,27.397,26.823,27.274
1727150400,27.274,27.427,27.016,27.379
1727164800,27.379,27.774,27.355,27.674
1727179200,27.674,27.804,26.906,27.126
1727193600,27.126,27.733,27.092,27.686
1727208000,27.686,28.543,27.496,28.461
1727222400,28.461,28.487,27.713,27.962
1727236800,27.962,27.964,27.331,27.6
1727251200,27.6,27.832,27.52,27.823
1727265600,27.823,28.075,27.506,27.664
1727280000,27.664,27.705,27.256,27.472
1727294400,27.472,27.65,27.139,27.266
1727308800,27.266,27.573,26.947,27.527
1727323200,27.527,28.009,27.432,28.002
1727337600,28.002,28.236,27.724,28.234
1727352000,28.234,29.314,28.237,29.191
1727366400,29.191,29.424,28.848,28.922
1727380800,28.922,29.317,28.77,29.15
1727395200,29.15,29.413,28.921,29.403
1727409600,29.403,29.739,29.277,29.614
1727424000,29.614,30.084,29.585,29.862
1727438400,29.862,30.843,29.712,30.142
1727452800,30.142,30.59,30.023,30.205
1727467200,30.205,30.56,30.033,30.424
1727481600,30.424,30.741,30.123,30.186
1727496000,30.186,30.216,29.376,29.446
1727510400,29.446,29.704,29.024,29.488
1727524800,29.488,29.623,29.115,29.462
1727539200,29.462,29.471,29.157,29.359
1727553600,29.359,29.397,29.084,29.277
1727568000,29.277,29.457,29.026,29.109
1727582400,29.109,29.162,28.556,28.603
1727596800,28.603,28.808,28.527,28.67
1727611200,28.67,28.839,28.227,28.819
1727625600,28.819,29.247,28.616,29.245
1727640000,29.245,29.4,28.876,29.018
1727654400,29.018,29.102,28.116,28.574
1727668800,28.574,28.967,28.329,28.948
1727683200,28.948,28.987,27.968,28.304
1727697600,28.304,28.576,27.916,27.929
1727712000,27.929,28.286,27.913,27.936
1727726400,27.936,28.314,27.538,27.698
1727740800,27.698,28.403,27.588,28.374
1727755200,28.374,28.71,28.304,28.567
1727769600,28.567,28.87,28.547,28.635
1727784000,28.635,28.73,25.96,26.671
1727798400,26.671,26.86,25.009,25.902
1727812800,25.902,26.211,25.393,25.803
1727827200,25.803,26.474,25.59,26.365
1727841600,26.365,26.765,26.024,26.587
1727856000,26.587,26.711,25.694,25.983
1727870400,25.983,26.239,25.454,26.207
1727884800,26.207,26.451,25.007,25.208
1727899200,25.208,25.587,25.073,25.316
1727913600,25.316,25.61,25.108,25.541
1727928000,25.541,25.647,24.847,24.863
1727942400,24.863,25.063,24.171,24.664
1727956800,24.664,24.787,23.869,24.358
1727971200,24.358,24.755,23.917,24.739
1727985600,24.739,24.814,24.401,24.633
1728000000,24.633,25.082,24.411,24.891
1728014400,24.891,25.309,24.841,25.264
1728028800,25.264,25.678,25.236,25.67
1728043200,25.67,26.129,25.282,26.129
1728057600,26.129,26.469,25.99,26.275
1728072000,26.275,26.385,26.111,26.248
1728086400,26.248,26.405,25.745,25.832
1728100800,25.832,26.294,25.792,26.004
1728115200,26.004,26.119,25.8,25.847
1728129600,25.847,25.94,25.556,25.711
1728144000,25.711,25.726,25.402,25.443
1728158400,25.443,25.723,25.092,25.646
1728172800,25.646,25.86,25.479,25.612
1728187200,25.612,26.259,25.613,26.188
1728201600,26.188,26.349,26.026,26.328
1728216000,26.328,26.948,26.331,26.909
1728230400,26.909,27.067,26.716,26.832
1728244800,26.832,26.991,26.612,26.916
1728259200,26.916,27.534,26.825,27.271
1728273600,27.271,27.531,27.195,27.219
1728288000,27.219,27.33,26.619,27.001
1728302400,27.001,27.726,26.874,27.127
1728316800,27.127,27.421,26.787,27.113
1728331200,27.113,27.153,26.502,26.549
1728345600,26.549,27.169,26.536,27.082
1728360000,27.082,27.119,26.195,26.509
1728374400,26.509,26.756,26.354,26.7
1728388800,26.7,26.836,26.012,26.317
1728403200,26.317,26.567,26.162,26.381
1728417600,26.381,26.684,26.224,26.335
1728432000,26.335,26.68,26.164,26.311
1728446400,26.311,26.585,26.203,26.431
1728460800,26.431,26.579,26.276,26.442
1728475200,26.442,26.457,25.662,26.186
1728489600,26.186,26.272,25.753,26.076
1728504000,26.076,26.153,25.715,25.761
1728518400,25.761,26.023,25.531,25.939
1728532800,25.939,26.354,25.875,26.104
1728547200,26.104,26.221,25.657,26.133
1728561600,26.133,26.253,25.507,25.841
1728576000,25.841,25.915,25.051,25.498
1728590400,25.498,25.911,25.406,25.842
1728604800,25.842,26.139,25.736,26.035
1728619200,26.035,26.18,25.951,26.121
1728633600,26.121,26.591,26.116,26.418
1728648000,26.418,26.799,26.327,26.76
1728662400,26.76,27.311,26.668,27.299
1728676800,27.299,27.589,27.225,27.451
1728691200,27.451,28.999,27.389,28.306
1728705600,28.306,28.54,28.129,28.166
1728720000,28.166,28.587,28.097,28.543
1728734400,28.543,29.364,28.499,29.099
1728748800,29.099,29.248,28.846,28.95
1728763200,28.95,28.985,28.524,28.624
1728777600,28.624,29.024,28.413,28.793
1728792000,28.793,29.125,28.791,29.026
1728806400,29.026,29.347,28.888,28.995
1728820800,28.995,29.259,28.378,28.45
1728835200,28.45,28.81,28.28,28.614
1728849600,28.614,29.255,28.411,29.048
1728864000,29.048,29.781,28.641,29.729
1728878400,29.729,29.852,29.302,29.47
1728892800,29.47,29.544,29.143,29.347
1728907200,29.347,29.733,29.063,29.541
1728921600,29.541,29.594,28.986,29.101
1728936000,29.101,29.414,28.932,29.039
1728950400,29.039,29.099,28.654,28.705
1728964800,28.705,28.906,28.435,28.763
1728979200,28.763,29.335,28.305,28.464
1728993600,28.464,29.615,27.511,28.095
1729008000,28.095,28.609,28.006,28.209
1729022400,28.209,28.415,27.725,28.197
1729036800,28.197,28.206,27.632,27.645
1729051200,27.645,27.808,27.238,27.326
1729065600,27.326,27.998,27.264,27.85
1729080000,27.85,28.149,27.387,27.47
1729094400,27.47,27.799,27.307,27.601
1729108800,27.601,28.189,27.586,28.007
1729123200,28.007,28.254,27.924,28.048
1729137600,28.048,28.063,27.362,27.56
1729152000,27.56,27.817,27.155,27.248
1729166400,27.248,27.877,27.175,27.732
1729180800,27.732,27.765,26.792,27.129
1729195200,27.129,27.385,27.051,27.286
1729209600,27.286,27.747,27.088,27.413
1729224000,27.413,27.78,27.366,27.681
1729238400,27.681,27.729,27.417,27.441
1729252800,27.441,27.854,27.323,27.779
1729267200,27.779,28.148,27.591,27.86
1729281600,27.86,28.11,27.779,28.077
1729296000,28.077,28.446,28.015,28.248
1729310400,28.248,28.321,28.031,28.043
1729324800,28.043,28.155,27.715,27.715
1729339200,27.715,28.238,27.702,28.109
1729353600,28.109,28.126,27.864,27.894
1729368000,27.894,28.179,27.882,28.088
1729382400,28.088,28.203,27.752,27.803
1729396800,27.803,28.031,27.751,27.925
1729411200,27.925,28.166,27.855,28.127
1729425600,28.127,28.443,27.815,28.374
1729440000,28.374,28.42,28.114,28.296
1729454400,28.296,29.001,28.195,28.97
1729468800,28.97,29.332,28.592,28.683
1729483200,28.683,29.077,28.593,28.619
1729497600,28.619,28.798,28.229,28.25
1729512000,28.25,28.338,27.583,27.756
1729526400,27.756,27.987,27.365,27.987
1729540800,27.987,28.043,27.723,27.737
1729555200,27.737,28.142,27.39,28.009
1729569600,28.009,28.217,27.884,27.977
1729584000,27.977,28.005,27.224,27.757
1729598400,27.757,27.933,27.401,27.798
1729612800,27.798,27.798,27.356,27.657
1729627200,27.657,27.788,27.553,27.629
1729641600,27.629,27.69,27.123,27.326
1729656000,27.326,27.451,27.022,27.06
1729670400,27.06,27.177,26.554,26.613
1729684800,26.613,26.897,26.324,26.495
1729699200,26.495,26.58,25.869,26.58
1729713600,26.58,26.793,26.475,26.734
1729728000,26.734,27.228,26.588,26.985
1729742400,26.985,27.178,26.829,26.829
1729756800,26.829,26.921,26.369,26.589
1729771200,26.589,26.917,26.536,26.787
1729785600,26.787,27.049,26.659,27.034
1729800000,27.034,27.233,26.776,26.818
1729814400,26.818,26.87,26.371,26.546
1729828800,26.546,26.582,26.027,26.224
1729843200,26.224,26.575,26.034,26.537
1729857600,26.537,26.756,26.059,26.131
1729872000,26.131,26.254,25.41,25.886
1729886400,25.886,26.069,23.959,24.907
1729900800,24.907,25.348,24.529,25.257
1729915200,25.257,25.576,25.199,25.403
1729929600,25.403,25.646,25.381,25.598
1729944000,25.598,25.663,24.889,25.066
1729958400,25.066,25.462,24.962,25.411
1729972800,25.411,25.61,25.275,25.388
1729987200,25.388,25.587,25.226,25.566
1730001600,25.566,25.592,25.415,25.434
1730016000,25.434,25.53,25.281,25.352
1730030400,25.352,25.809,25.353,25.782
1730044800,25.782,25.928,25.562,25.661
1730059200,25.661,25.896,25.576,25.75
1730073600,25.75,25.853,25.15,25.193
1730088000,25.193,25.863,25.033,25.736
1730102400,25.736,26.275,25.728,26.197
1730116800,26.197,26.306,25.554,25.558
1730131200,25.558,26.028,25.333,25.85
1730145600,25.85,26.521,25.824,26.252
1730160000,26.252,26.963,26.169,26.794
1730174400,26.794,26.878,26.459,26.525
1730188800,26.525,26.813,26.487,26.743
1730203200,26.743,26.837,26.401,26.727
1730217600,26.727,27.151,26.539,26.578
1730232000,26.578,26.911,26.278,26.868
1730246400,26.868,26.898,26.39,26.588
1730260800,26.588,26.757,26.472,26.61
1730275200,26.61,26.694,26.11,26.126
1730289600,26.126,26.484,25.987,26.12
1730304000,26.12,26.319,26.056,26.15
1730318400,26.15,26.484,26.036,26.162
1730332800,26.162,26.212,25.919,26.063
1730347200,26.063,26.071,25.744,25.919
1730361600,25.919,25.929,25.655,25.734
1730376000,25.734,25.779,25.079,25.25
1730390400,25.25,25.251,24.659,24.69
1730404800,24.69,25.172,24.662,24.999
1730419200,24.999,25.057,24.549,24.866
1730433600,24.866,24.99,24.382,24.65
1730448000,24.65,25.178,24.631,25.109
1730462400,25.109,25.7,24.573,24.879
1730476800,24.879,25.199,24.658,24.766
1730491200,24.766,24.934,24.475,24.774
1730505600,24.774,25.001,24.748,24.818
1730520000,24.818,24.961,24.743,24.861
1730534400,24.861,24.894,24.62,24.641
1730548800,24.641,24.692,24.043,24.227
1730563200,24.227,24.364,23.935,24.162
1730577600,24.162,24.255,23.977,24.101
1730592000,24.101,24.189,23.174,23.569
1730606400,23.569,23.774,23.515,23.593
1730620800,23.593,23.631,23.193,23.211
1730635200,23.211,23.295,22.59,23.032
1730649600,23.032,23.297,22.828,23.287
1730664000,23.287,23.709,23.235,23.518
1730678400,23.518,23.913,23.318,23.687
1730692800,23.687,23.833,23.443,23.463
1730707200,23.463,23.696,23.213,23.59
1730721600,23.59,23.785,23.132,23.21
1730736000,23.21,23.23,22.861,22.895
1730750400,22.895,23.509,22.336,22.717
1730764800,22.717,22.906,22.584,22.843
1730779200,22.843,23.219,22.843,23.174
1730793600,23.174,23.393,23.115,23.288
1730808000,23.288,24.211,23.244,23.959
1730822400,23.959,24.466,23.616,23.689
1730836800,23.689,24.122,23.578,23.972
1730851200,23.972,26.439,23.972,26.216
1730865600,26.216,26.546,25.767,25.882
1730880000,25.882,26.346,25.474,26.345
1730894400,26.345,26.583,26.004,26.153
1730908800,26.153,26.646,26.023,26.604
1730923200,26.604,27.31,26.445,27.012
1730937600,27.012,28.019,26.949,27.704
1730952000,27.704,27.753,26.749,26.933
1730966400,26.933,27.128,26.652,26.66
1730980800,26.66,27.289,26.535,27.282
1730995200,27.282,27.695,27.142,27.62
1731009600,27.62,27.768,27.108,27.393
1731024000,27.393,28.017,27.113,27.404
1731038400,27.404,27.709,27.172,27.596
1731052800,27.596,28.245,27.353,28.149
1731067200,28.149,28.586,27.826,28.088
1731081600,28.088,28.504,27.515,28.33
1731096000,28.33,28.801,28.074,28.786
1731110400,28.786,29.66,28.578,28.678
1731124800,28.678,29.683,28.683,29.271
1731139200,29.271,29.793,29.241,29.51
1731153600,29.51,29.609,28.63,28.823
1731168000,28.823,29.164,28.48,28.993
1731182400,28.993,30.503,28.954,30.389
1731196800,30.389,30.676,29.692,30.476
1731211200,30.476,32.037,30.462,31.554
1731225600,31.554,32.173,31.316,32.004
1731240000,32.004,32.856,31.609,32.355
1731254400,32.355,33.323,31.739,32.06
1731268800,32.06,32.435,30.034,31.904
1731283200,31.904,32.648,31.744,32.271
1731297600,32.271,32.305,30.73,31.346
1731312000,31.346,32.278,31.195,32.163
1731326400,32.163,32.937,31.702,32.496
1731340800,32.496,34.612,32.462,33.999
1731355200,33.999,35.832,33.874,35.748
1731369600,35.748,36.381,34.182,36.002
1731384000,36.002,37.444,34.964,36.447
1731398400,36.447,37.735,33.064,34.481
1731412800,34.481,35.229,32.699,33.9
1731427200,33.9,34.677,33.211,34.266
1731441600,34.266,35.151,33.66,33.968
1731456000,33.968,34.788,32.372,32.378
1731470400,32.378,33.025,31.227,32.071
1731484800,32.071,32.594,31.714,32.229
1731499200,32.229,34.91,31.843,34.772
1731513600,34.772,35.076,32.369,32.486
1731528000,32.486,33.25,31.644,33.13
1731542400,33.13,33.4,32.248,33.363
1731556800,33.363,34.748,32.963,33.76
1731571200,33.76,33.83,32.095,32.483
1731585600,32.483,32.878,31.321,31.781
1731600000,31.781,32.754,31.596,32.323
1731614400,32.323,32.317,30.679,31.205
1731628800,31.205,31.765,30.976,31.592
1731643200,31.592,32.014,30.586,31.624
1731657600,31.624,32.487,31.321,32.424
1731672000,32.424,32.809,31.139,31.405
1731686400,31.405,32.735,31.232,32.454
1731700800,32.454,33.316,32.444,33.133
1731715200,33.133,34.379,32.786,34.361
1731729600,34.361,35.578,34.256,34.272
1731744000,34.272,35.347,34.277,35.34
1731758400,35.34,35.759,34.345,34.606
1731772800,34.606,35.443,34.338,35.245
1731787200,35.245,35.458,34.728,35.17
1731801600,35.17,35.743,33.105,34.432
1731816000,34.432,36.873,34.256,36.531
1731830400,36.531,37.3,36.278,36.36
1731844800,36.36,37.077,36.117,36.602
1731859200,36.602,36.732,34.765,35.288
1731873600,35.288,35.586,34.301,34.736
1731888000,34.736,35.652,34.558,35.623
1731902400,35.623,36.181,35.13,35.945
1731916800,35.945,36.048,34.622,34.785
1731931200,34.785,35.77,34.091,35.572
1731945600,35.572,36.153,34.43,34.86
1731960000,34.86,35.733,34.7,35.51
1731974400,35.51,35.518,34.755,35.238
1731988800,35.238,35.669,34.721,35.075
1732003200,35.075,35.214,34.307,34.898
1732017600,34.898,35.471,33.638,34.428
1732032000,34.428,35.207,34.276,34.783
1732046400,34.783,34.944,33.533,34.232
1732060800,34.232,34.235,33.035,33.574
1732075200,33.574,34.071,33.222,34.01
1732089600,34.01,35.772,33.996,34.812
1732104000,34.812,35.594,34.301,34.874
1732118400,34.874,35.02,32.781,33.194
1732132800,33.194,34.423,33.066,33.594
1732147200,33.594,33.928,32.318,33.105
1732161600,33.105,34.493,33.035,34.302
1732176000,34.302,34.409,33.433,34.081
1732190400,34.081,36.026,34.061,35.003
1732204800,35.003,36.198,34.891,35.75
1732219200,35.75,36.241,35.581,35.871
1732233600,35.871,36.857,35.215,36.196
1732248000,36.196,36.706,35.735,35.776
1732262400,35.776,38.185,35.78,38.132
1732276800,38.132,39.583,37.316,39.54
1732291200,39.54,40.02,38.745,39.543
1732305600,39.543,43.567,39.301,43.213
1732320000,43.213,45.311,42.459,44.012
1732334400,44.012,45.044,42.863,42.971
1732348800,42.971,43.252,42.009,42.344
1732363200,42.344,43.808,42.228,43.194
1732377600,43.194,43.737,41.037,41.98
1732392000,41.98,42.309,40.72,41.459
1732406400,41.459,43.01,41.271,42.464
1732420800,42.464,43.177,41.77,42.339
1732435200,42.339,42.387,40.014,40.095
1732449600,40.095,40.539,38.301,38.803
1732464000,38.803,40.382,38.643,40.195
1732478400,40.195,42.225,40.03,42.089
1732492800,42.089,42.157,40.059,41.356
1732507200,41.356,45.039,41.289,45.012
1732521600,45.012,47.946,44.47,45.565
1732536000,45.565,45.928,42.011,43.225
1732550400,43.225,43.966,41.212,42.067
1732564800,42.067,43.312,40.72,41.336
1732579200,41.336,42.991,41.136,41.716
1732593600,41.716,42.41,40.91,41.198
1732608000,41.198,41.237,38.521,40.014
1732622400,40.014,42.516,39.878,41.032
1732636800,41.032,42.673,40.714,41.508
1732651200,41.508,43.39,41.284,42.75
1732665600,42.75,43.694,41.979,42.54
1732680000,42.54,43.715,42.22,43.308
1732694400,43.308,44.487,42.873,43.495
1732708800,43.495,44.179,42.379,43.763
1732723200,43.763,43.875,42.651,43.186
1732737600,43.186,44.284,43.007,43.814
1732752000,43.814,44.294,42.626,43.181
1732766400,43.181,43.869,42.516,42.69
1732780800,42.69,43.019,41.773,42.271
1732795200,42.271,42.893,41.525,41.69
1732809600,41.69,42.691,41.66,42.485
1732824000,42.485,43.235,42.039,42.806
1732838400,42.806,43.85,42.566,43.348
1732852800,43.348,43.636,42.664,42.666
1732867200,42.666,44.067,42.666,43.817
1732881600,43.817,44.647,43.395,44.356
1732896000,44.356,44.81,43.871,44.468
1732910400,44.468,45.09,44.032,44.891
1732924800,44.891,44.905,43.718,44.408
1732939200,44.408,45.701,44.157,45.444
1732953600,45.444,46.021,44.366,44.758
1732968000,44.758,46.305,44.745,45.595
1732982400,45.595,45.985,45.113,45.557
1732996800,45.557,45.843,44.814,44.844
1733011200,44.844,45.73,43.809,44.339
1733025600,44.339,44.594,43.966,44.186
1733040000,44.186,44.539,43.667,44.165
1733054400,44.165,45.799,43.838,45.291
1733068800,45.291,45.576,44.574,45.282
1733083200,45.282,45.845,44.124,45.133
1733097600,45.133,49.175,45.044,47.132
1733112000,47.132,48.776,46.378,48.507
1733126400,48.507,49.142,45.154,46.248
1733140800,46.248,50.061,46.029,49.109
1733155200,49.109,49.721,46.85,48.512
1733169600,48.512,52.53,48.055,52.306
1733184000,52.306,52.902,50.772,52.074
1733198400,52.074,52.384,50.331,50.839
1733212800,50.839,52.132,50.587,51.822
1733227200,51.822,53.985,47.874,50.194
1733241600,50.194,50.982,49.278,50.333
1733256000,50.333,51.819,50.267,50.931
1733270400,50.931,52.499,50.881,51.927
1733284800,51.927,54.959,51.918,54.545
1733299200,54.545,55.075,53.725,54.003
1733313600,54.003,55.837,53.088,55.687
1733328000,55.687,55.86,52.672,54.468
1733342400,54.468,55.423,52.08,52.82
1733356800,52.82,52.848,49.75,51.013
1733371200,51.013,52.389,50.922,51.996
1733385600,51.996,52.844,51.892,52.802
1733400000,52.802,53.364,51.723,52.296
1733414400,52.296,53.683,51.655,51.757
1733428800,51.757,52.036,48.5,50.319
1733443200,50.319,52.019,50.16,51.652
1733457600,51.652,53.629,51.592,52.821
1733472000,52.821,52.978,50.687,50.991
1733486400,50.991,52.074,49.64,51.706
1733500800,51.706,53.045,51.489,52.697
1733515200,52.697,53.056,52.073,52.517
1733529600,52.517,52.68,51.651,51.907
1733544000,51.907,52.314,51.241,51.528
1733558400,51.528,52.449,51.31,52.318
1733572800,52.318,52.78,51.609,52.559
1733587200,52.559,53.14,51.75,52.268
1733601600,52.268,52.684,51.553,51.633
1733616000,51.633,52.028,51.401,51.883
1733630400,51.883,52.177,50.708,51.584
1733644800,51.584,51.682,50.384,51.498
1733659200,51.498,52.886,51.058,52.265
1733673600,52.265,53.258,51.95,52.851
1733688000,52.851,54.46,52.822,54.024
1733702400,54.024,54.266,51.161,51.756
1733716800,51.756,52.514,50.466,51.441
1733731200,51.441,51.441,49.111,49.263
1733745600,49.263,51.005,48.836,49.056
1733760000,49.056,49.772,48.744,48.813
1733774400,48.813,48.94,39.724,44.974
1733788800,44.974,46.075,42.26,44.068
1733803200,44.068,45.745,43.009,45.267
1733817600,45.267,46.464,44.7,45.779
1733832000,45.779,45.961,42.348,42.368
1733846400,42.368,43.661,41.305,43.551
1733860800,43.551,45.346,43.293,44.587
1733875200,44.587,44.73,42.808,44.261
1733889600,44.261,44.608,43.916,43.977
1733904000,43.977,45.587,43.92,45.379
1733918400,45.379,48.374,45.25,47.899
1733932800,47.899,48.337,47.182,47.744
1733947200,47.744,48.441,47.619,48.438
1733961600,48.438,50.353,48.181,49.735
1733976000,49.735,51.025,49.526,50.111
1733990400,50.111,51.277,49.596,49.791
1734004800,49.791,52.976,49.571,52.286
1734019200,52.286,55.396,51.882,52.134
1734033600,52.134,53.56,51.837,53.138
1734048000,53.138,53.997,51.967,52.567
1734062400,52.567,53.356,51.158,51.746
1734076800,51.746,52.4,51.31,51.82
1734091200,51.82,52.842,51.072,51.157
1734105600,51.157,52.088,50.708,51.385
1734120000,51.385,52.8,51.355,52.78
1734134400,52.78,53.835,52.504,52.65
1734148800,52.65,52.75,52.018,52.602
1734163200,52.602,53.626,52.525,52.966
1734177600,52.966,53.127,50.791,51.329
1734192000,51.329,51.407,49.509,50.023
1734206400,50.023,50.251,49.362,49.829
1734220800,49.829,50.993,49.3,49.533
1734235200,49.533,50.143,48.122,48.415
1734249600,48.415,49.677,48.267,49.464
1734264000,49.464,51.05,49.365,50.441
1734278400,50.441,50.635,49.78,50.301
1734292800,50.301,51.385,48.082,50.763
1734307200,50.763,52.045,49.581,49.932
1734321600,49.932,50.663,49.712,49.837
1734336000,49.837,49.954,48.454,48.574
1734350400,48.574,49.629,48.325,48.991
1734364800,48.991,50.859,48.938,50.04
1734379200,50.04,50.244,48.86,48.978
1734393600,48.978,49.496,48.295,49.244
1734408000,49.244,49.244,48.396,48.804
1734422400,48.804,50.791,48.795,50.221
1734436800,50.221,50.864,48.439,48.801
1734451200,48.801,49.9,48.442,48.837
1734465600,48.837,49.38,47.517,47.894
1734480000,47.894,48.178,46.964,46.97
1734494400,46.97,47.019,46.001,46.427
1734508800,46.427,47.332,45.962,47.209
1734523200,47.209,47.316,45.616,46.262
1734537600,46.262,47.555,45.238,45.238
1734552000,45.238,45.573,42.338,42.746
1734566400,42.746,43.303,40.322,42.947
1734580800,42.947,43.077,42.322,42.998
1734595200,42.998,43.586,42.145,43.203
1734609600,43.203,43.317,40.918,41.552
1734624000,41.552,42.43,37.829,38.618
1734638400,38.618,39.782,37.439,38.805
1734652800,38.805,40.355,38.184,39.525
1734667200,39.525,39.817,38.094,39.121
1734681600,39.121,39.169,33.586,33.657
1734696000,33.657,38.445,33.579,37.992
1734710400,37.992,39.55,37.716,39.104
1734724800,39.104,40.011,37.933,39.834
1734739200,39.834,40.11,39.37,39.844
1734753600,39.844,42.329,39.783,41.824
1734768000,41.824,41.989,40.114,40.587
1734782400,40.587,40.628,37.8,38.596
1734796800,38.596,38.718,37.016,37.729
1734811200,37.729,38.137,36.904,37.408
1734825600,37.408,37.819,36.949,37.512
1734840000,37.512,37.711,36.161,37.586
1734854400,37.586,38.524,37.571,38.012
1734868800,38.012,38.348,36.61,37.0
1734883200,37.0,37.63,36.02,36.135
1734897600,36.135,37.063,35.521,36.556
1734912000,36.556,37.897,35.601,37.77
1734926400,37.77,37.994,35.825,36.296
1734940800,36.296,37.47,36.2,36.862
1734955200,36.862,37.244,35.69,35.745
1734969600,35.745,37.483,35.733,36.934
1734984000,36.934,39.722,36.912,39.083
1734998400,39.083,39.298,37.684,38.55
1735012800,38.55,39.096,38.254,38.538
1735027200,38.538,39.673,38.36,39.594
1735041600,39.594,40.993,39.0,40.869
1735056000,40.869,42.035,40.774,40.874
1735070400,40.874,41.45,40.273,41.223
1735084800,41.223,41.468,40.577,41.117
1735099200,41.117,41.56,40.803,40.86
1735113600,40.86,41.866,40.353,40.442
1735128000,40.442,41.016,40.289,40.552
1735142400,40.552,40.63,40.003,40.539
1735156800,40.539,40.784,39.801,40.236
1735171200,40.236,40.709,39.362,39.56
1735185600,39.56,39.548,38.636,38.708
1735200000,38.708,38.766,37.596,37.968
1735214400,37.968,38.056,37.411,37.66
1735228800,37.66,37.935,37.094,37.593
1735243200,37.593,37.684,36.96,37.309
1735257600,37.309,37.834,37.036,37.559
1735272000,37.559,38.086,36.821,37.187
1735286400,37.187,39.013,37.183,38.497
1735300800,38.497,38.567,36.529,36.648
1735315200,36.648,37.54,36.279,37.183
1735329600,37.183,37.225,36.311,36.552
1735344000,36.552,36.774,36.267,36.657
1735358400,36.657,36.978,36.315,36.39
1735372800,36.39,36.882,36.376,36.767
1735387200,36.767,37.514,36.42,37.044
1735401600,37.044,37.9,36.948,37.605
1735416000,37.605,38.13,37.433,37.728
1735430400,37.728,37.791,37.118,37.47
1735444800,37.47,37.674,37.092,37.657
1735459200,37.657,37.719,37.058,37.073
1735473600,37.073,37.297,36.417,36.561
1735488000,36.561,36.586,36.07,36.192
1735502400,36.192,36.226,35.512,35.814
1735516800,35.814,37.055,35.686,36.399
1735531200,36.399,36.995,36.061,36.768
1735545600,36.768,37.063,36.41,36.718
1735560000,36.718,37.172,34.864,35.124
1735574400,35.124,36.987,34.926,36.928
1735588800,36.928,37.166,35.699,35.96
1735603200,35.96,35.966,35.106,35.209
1735617600,35.209,35.438,34.915,35.288
1735632000,35.288,36.433,35.258,36.194
1735646400,36.194,37.287,36.028,36.769
1735660800,36.769,36.848,35.532,35.985
1735675200,35.985,36.126,35.55,35.685
1735689600,35.685,36.216,35.559,35.597
1735704000,35.597,35.75,35.323,35.603
1735718400,35.603,35.693,34.935,35.51
1735732800,35.51,36.512,35.483,36.467
1735747200,36.467,37.354,36.018,37.086
1735761600,37.086,37.991,37.092,37.77
1735776000,37.77,38.7,37.77,38.468
1735790400,38.468,39.262,38.456,38.86
1735804800,38.86,40.55,38.846,40.393
1735819200,40.393,40.594,39.29,39.405
1735833600,39.405,39.877,38.968,38.992
1735848000,38.992,39.371,38.797,39.275
1735862400,39.275,39.965,38.901,39.878
1735876800,39.878,40.268,39.328,39.422
1735891200,39.422,41.348,39.397,41.296
1735905600,41.296,42.081,40.965,41.905
1735920000,41.905,42.194,41.665,41.985
1735934400,41.985,42.045,41.452,41.955
1735948800,41.955,42.36,41.473,41.909
1735963200,41.909,42.071,41.532,42.005
1735977600,42.005,42.016,41.218,41.452
1735992000,41.452,42.116,40.896,41.063
1736006400,41.063,41.982,41.0,41.942
1736020800,41.942,42.841,41.902,42.624
1736035200,42.624,42.88,41.864,42.289
1736049600,42.289,42.824,42.19,42.288
1736064000,42.288,42.334,41.447,41.759
1736078400,41.759,42.023,41.241,41.77
1736092800,41.77,42.514,41.683,42.42
1736107200,42.42,43.212,42.261,43.111
1736121600,43.111,43.69,42.027,43.69
1736136000,43.69,43.986,43.172,43.194
1736150400,43.194,44.588,43.185,44.281
1736164800,44.281,44.882,43.394,44.75
1736179200,44.75,45.055,43.619,44.323
1736193600,44.323,44.45,43.703,44.047
1736208000,44.047,44.573,43.601,43.883
1736222400,43.883,44.177,43.458,43.792
1736236800,43.792,44.042,42.85,43.122
1736251200,43.122,43.223,40.281,40.866
1736265600,40.866,41.273,39.732,39.851
1736280000,39.851,40.322,39.128,39.189
1736294400,39.189,39.908,38.653,38.896
1736308800,38.896,39.088,37.553,38.375
1736323200,38.375,39.136,37.883,38.134
1736337600,38.134,38.614,37.737,38.17
1736352000,38.17,38.197,36.169,37.2
1736366400,37.2,37.808,36.685,37.4
1736380800,37.4,37.924,36.86,37.049
1736395200,37.049,37.217,36.144,36.294
1736409600,36.294,37.042,36.209,36.698
1736424000,36.698,37.448,35.543,37.234
1736438400,37.234,37.417,35.847,35.955
1736452800,35.955,36.493,35.483,36.177
1736467200,36.177,36.907,36.177,36.846
1736481600,36.846,37.914,36.711,37.635
1736496000,37.635,37.857,37.319,37.53
1736510400,37.53,37.734,36.112,36.582
1736524800,36.582,37.443,35.961,36.898
1736539200,36.898,36.913,36.392,36.645
1736553600,36.645,36.785,36.079,36.109
1736568000,36.109,36.674,36.001,36.447
1736582400,36.447,36.938,36.181,36.808
1736596800,36.808,36.869,36.261,36.402
1736611200,36.402,36.625,36.261,36.482
1736625600,36.482,37.771,36.385,37.114
1736640000,37.114,37.327,36.769,37.098
1736654400,37.098,37.196,36.523,36.819
1736668800,36.819,36.941,36.342,36.762
1736683200,36.762,37.53,36.594,37.476
1736697600,37.476,37.619,36.75,36.796
1736712000,36.796,36.951,36.101,36.539
1736726400,36.539,37.351,35.225,35.369
1736740800,35.369,35.903,34.649,35.06
1736755200,35.06,35.079,33.343,33.371
1736769600,33.371,34.761,32.701,34.397
1736784000,34.397,34.532,33.101,33.796
1736798400,33.796,35.407,33.555,35.27
1736812800,35.27,35.489,34.998,35.177
1736827200,35.177,35.71,35.181,35.211
1736841600,35.211,36.359,35.196,35.905
1736856000,35.905,36.545,35.642,36.178
1736870400,36.178,36.707,35.833,36.389
1736884800,36.389,36.653,36.172,36.549
1736899200,36.549,36.879,36.365,36.854
1736913600,36.854,37.356,36.52,37.244
1736928000,37.244,37.42,36.186,36.996
1736942400,36.996,39.718,36.709,39.319
1736956800,39.319,39.649,38.62,39.45
1736971200,39.45,40.022,38.983,39.811
1736985600,39.811,40.078,38.919,38.988
1737000000,38.988,39.447,38.981,39.298
1737014400,39.298,39.526,38.319,39.491
1737028800,39.491,40.521,38.519,39.732
1737043200,39.732,40.275,39.628,40.229
1737057600,40.229,40.338,39.557,40.05
1737072000,40.05,41.041,40.05,40.456
1737086400,40.456,41.622,40.305,41.336
1737100800,41.336,41.488,40.783,41.07
1737115200,41.07,41.615,40.729,40.973
1737129600,40.973,41.343,40.574,40.895
1737144000,40.895,41.818,40.85,41.36
1737158400,41.36,41.671,40.418,40.609
1737172800,40.609,41.013,39.135,39.347
1737187200,39.347,39.585,38.753,39.429
1737201600,39.429,39.658,38.808,39.08
1737216000,39.08,39.254,38.281,38.997
1737230400,38.997,39.443,38.561,39.221
1737244800,39.221,40.562,39.034,39.382
1737259200,39.382,39.613,38.512,38.516
1737273600,38.516,38.517,36.432,36.64
1737288000,36.64,38.895,36.572,38.463
1737302400,38.463,39.099,38.271,38.772
1737316800,38.772,39.0,34.963,35.655
1737331200,35.655,35.876,34.467,35.574
1737345600,35.574,40.388,35.29,38.642
1737360000,38.642,39.172,37.808,38.225
1737374400,38.225,38.336,36.76,37.296
1737388800,37.296,37.729,35.029,36.553
1737403200,36.553,37.832,35.533,36.009
1737417600,36.009,36.01,34.84,35.228
1737432000,35.228,35.511,34.49,35.316
1737446400,35.316,36.55,34.986,36.387
1737460800,36.387,36.924,35.709,36.175
1737475200,36.175,37.577,36.044,37.075
1737489600,37.075,37.376,36.632,36.952
1737504000,36.952,37.314,36.69,37.164
1737518400,37.164,37.382,36.735,36.846
1737532800,36.846,37.623,36.484,37.549
1737547200,37.549,37.778,36.541,36.9
1737561600,36.9,37.489,36.55,37.215
1737576000,37.215,37.469,36.572,36.798
1737590400,36.798,36.951,35.755,36.051
1737604800,36.051,36.134,35.271,35.677
1737619200,35.677,35.677,34.9,35.209
1737633600,35.209,36.294,34.764,35.917
1737648000,35.917,36.604,34.698,34.873
1737662400,34.873,35.835,34.613,35.542
1737676800,35.542,35.716,34.534,34.993
1737691200,34.993,36.349,34.799,35.772
1737705600,35.772,36.376,35.68,36.182
1737720000,36.182,36.656,35.956,36.24
1737734400,36.24,36.776,36.017,36.27
1737748800,36.27,36.444,35.151,35.32
1737763200,35.32,35.985,34.876,35.914
1737777600,35.914,35.944,35.204,35.299
1737792000,35.299,35.514,35.024,35.476
1737806400,35.476,36.476,35.131,36.429
1737820800,36.429,37.02,36.271,36.93
1737835200,36.93,37.254,36.566,36.605
1737849600,36.605,37.493,36.505,37.465
1737864000,37.465,38.024,37.41,37.623
1737878400,37.623,37.731,37.177,37.576
1737892800,37.576,37.894,37.31,37.4
1737907200,37.4,38.153,37.296,37.82
1737921600,37.82,37.895,35.687,35.73
1737936000,35.73,36.028,34.783,35.225
1737950400,35.225,35.219,32.87,33.801
1737964800,33.801,33.904,32.924,33.066
1737979200,33.066,34.195,32.844,33.643
1737993600,33.643,34.1,32.908,33.267
1738008000,33.267,34.659,33.265,34.173
1738022400,34.173,34.508,33.617,34.085
1738036800,34.085,34.479,33.932,34.205
1738051200,34.205,34.244,33.77,33.984
1738065600,33.984,34.176,33.466,33.754
1738080000,33.754,33.804,33.016,33.18
1738094400,33.18,33.238,31.804,32.043
1738108800,32.043,32.835,31.96,32.705
1738123200,32.705,33.648,32.618,33.438
1738137600,33.438,33.545,33.056,33.236
1738152000,33.236,33.266,32.202,32.587
1738166400,32.587,33.407,31.866,32.942
1738180800,32.942,33.825,32.562,32.775
1738195200,32.775,33.855,32.413,33.836
1738209600,33.836,33.968,33.532,33.686
1738224000,33.686,34.097,33.452,33.962
1738238400,33.962,34.653,33.751,34.383
1738252800,34.383,34.682,34.133,34.568
1738267200,34.568,34.66,34.221,34.278
1738281600,34.278,34.535,33.841,33.957
1738296000,33.957,35.2,33.795,34.681
1738310400,34.681,35.177,34.338,35.117
1738324800,35.117,35.965,35.027,35.926
1738339200,35.926,36.159,34.415,34.662
1738353600,34.662,34.653,34.019,34.419
1738368000,34.419,35.092,34.23,34.586
1738382400,34.586,34.751,34.362,34.415
1738396800,34.415,34.466,33.601,33.921
1738411200,33.921,34.057,33.344,33.675
1738425600,33.675,33.8,32.769,32.906
1738440000,32.906,32.914,31.848,32.089
1738454400,32.089,32.564,30.705,30.788
1738468800,30.788,31.638,30.669,31.235
1738483200,31.235,31.629,30.442,30.525
1738497600,30.525,31.072,30.345,30.691
1738512000,30.691,30.698,27.612,28.633
1738526400,28.633,28.899,25.862,27.613
1738540800,27.613,27.62,21.216,23.866
1738555200,23.866,25.562,22.848,25.514
1738569600,25.514,25.611,24.482,25.295
1738584000,25.295,27.369,24.314,27.286
1738598400,27.286,28.184,26.848,28.169
1738612800,28.169,28.763,27.182,28.382
1738627200,28.382,28.62,27.376,27.591
1738641600,27.591,27.752,25.566,25.635
1738656000,25.635,26.731,25.518,26.387
1738670400,26.387,27.323,26.393,26.879
1738684800,26.879,27.927,26.733,26.801
1738699200,26.801,27.065,25.724,26.448
1738713600,26.448,27.111,26.242,26.676
1738728000,26.676,27.11,26.441,26.833
1738742400,26.833,27.4,26.63,27.293
1738756800,27.293,27.399,26.343,26.551
1738771200,26.551,26.605,25.611,26.162
1738785600,26.162,26.252,25.6,25.837
1738800000,25.837,26.326,25.711,26.14
1738814400,26.14,26.801,26.072,26.517
1738828800,26.517,26.803,26.135,26.425
1738843200,26.425,26.461,24.791,24.98
1738857600,24.98,25.202,24.434,24.625
1738872000,24.625,25.04,24.245,24.492
1738886400,24.492,25.215,24.452,24.942
1738900800,24.942,25.157,24.436,24.805
1738915200,24.805,25.553,24.698,25.49
1738929600,25.49,26.207,25.132,25.422
1738944000,25.422,25.508,24.699,24.842
1738958400,24.842,24.865,23.688,24.447
1738972800,24.447,24.812,24.208,24.264
1738987200,24.264,24.453,23.914,24.34
1739001600,24.34,24.413,23.901,24.122
1739016000,24.122,24.459,23.944,24.215
1739030400,24.215,24.709,24.058,24.567
1739044800,24.567,24.674,24.281,24.569
1739059200,24.569,25.289,24.494,25.236
1739073600,25.236,25.369,24.903,25.315
1739088000,25.315,25.513,24.95,24.96
1739102400,24.96,25.239,24.475,25.096
1739116800,25.096,25.253,24.596,24.661
1739131200,24.661,25.039,23.636,24.86
1739145600,24.86,25.394,23.842,24.832
1739160000,24.832,25.465,24.721,25.386
1739174400,25.386,25.881,25.27,25.423
1739188800,25.423,25.977,25.172,25.41
1739203200,25.41,25.676,25.297,25.438
1739217600,25.438,25.664,25.361,25.657
1739232000,25.657,26.33,25.639,26.287
1739246400,26.287,26.79,26.078,26.692
1739260800,26.692,27.009,26.293,26.498
1739275200,26.498,26.653,25.804,26.126
1739289600,26.126,26.176,24.871,25.037
1739304000,25.037,25.595,24.974,25.378
1739318400,25.378,25.597,24.964,25.19
1739332800,25.19,25.326,24.901,25.123
1739347200,25.123,25.376,24.824,25.246
1739361600,25.246,25.669,24.265,25.004
1739376000,25.004,26.101,24.665,25.998
1739390400,25.998,27.086,25.968,26.491
1739404800,26.491,26.606,26.129,26.388
1739419200,26.388,26.414,25.458,25.511
1739433600,25.511,25.844,25.342,25.602
1739448000,25.602,25.737,25.082,25.477
1739462400,25.477,25.831,25.069,25.482
1739476800,25.482,25.586,25.243,25.381
1739491200,25.381,26.013,25.281,25.956
1739505600,25.956,25.991,25.539,25.685
1739520000,25.685,26.377,25.685,26.055
1739534400,26.055,26.716,25.786,26.564
1739548800,26.564,27.219,26.285,26.581
1739563200,26.581,26.631,25.934,26.371
1739577600,26.371,26.95,26.203,26.698
1739592000,26.698,26.842,26.242,26.375
1739606400,26.375,26.516,25.933,26.069
1739620800,26.069,26.233,25.465,25.668
1739635200,25.668,25.843,25.531,25.547
1739649600,25.547,25.729,25.375,25.468
1739664000,25.468,25.57,25.136,25.419
1739678400,25.419,25.56,25.12,25.19
1739692800,25.19,25.462,25.111,25.44
1739707200,25.44,25.462,24.868,25.127
1739721600,25.127,25.214,24.707,24.939
1739736000,24.939,25.107,24.735,24.842
1739750400,24.842,25.217,24.823,24.998
1739764800,24.998,25.174,24.51,24.91
1739779200,24.91,25.526,24.809,25.394
1739793600,25.394,25.944,25.056,25.121
1739808000,25.121,25.276,24.398,24.792
1739822400,24.792,25.449,24.705,25.017
1739836800,25.017,25.111,24.664,24.754
1739851200,24.754,24.833,23.733,23.966
1739865600,23.966,24.25,23.619,23.945
1739880000,23.945,24.307,23.264,23.421
1739894400,23.421,23.621,22.921,23.139
1739908800,23.139,23.55,22.927,23.513
1739923200,23.513,23.59,23.11,23.53
1739937600,23.53,23.839,22.964,23.715
1739952000,23.715,24.004,23.613,23.994
1739966400,23.994,24.005,23.365,23.483
1739980800,23.483,23.915,23.431,23.651
1739995200,23.651,23.88,23.332,23.714
1740009600,23.714,24.252,23.697,24.219
1740024000,24.219,24.452,23.862,23.955
1740038400,23.955,24.605,23.952,24.534
1740052800,24.534,24.991,24.208,24.24
1740067200,24.24,25.269,24.193,25.186
1740081600,25.186,25.343,24.851,25.141
1740096000,25.141,25.249,24.755,24.85
1740110400,24.85,25.337,24.848,25.156
1740124800,25.156,25.912,25.137,25.646
1740139200,25.646,26.532,24.947,25.468
1740153600,25.468,25.828,23.751,23.89
1740168000,23.89,24.703,23.804,24.53
1740182400,24.53,25.267,24.426,25.106
1740196800,25.106,25.381,24.809,24.895
1740211200,24.895,25.379,24.83,25.248
1740225600,25.248,25.85,25.26,25.82
1740240000,25.82,26.365,25.671,26.028
1740254400,26.028,26.047,25.749,25.82
1740268800,25.82,25.971,25.566,25.687
1740283200,25.687,25.883,25.412,25.826
1740297600,25.826,25.841,25.099,25.125
1740312000,25.125,25.167,24.534,24.535
1740326400,24.535,24.684,24.4,24.489
1740340800,24.489,24.947,24.41,24.834
1740355200,24.834,25.163,23.879,23.989
1740369600,23.989,24.223,23.652,23.964
1740384000,23.964,24.029,23.419,23.817
1740398400,23.817,23.884,22.87,23.128
1740412800,23.128,23.508,22.645,22.896
1740427200,22.896,23.255,21.435,21.863
1740441600,21.863,22.094,21.279,21.629
1740456000,21.629,21.976,20.296,20.851
1740470400,20.851,21.515,20.324,21.412
1740484800,21.412,21.651,20.534,20.972
1740499200,20.972,21.797,20.761,21.786
1740513600,21.786,22.323,21.614,21.937
1740528000,21.937,22.327,21.625,22.194
1740542400,22.194,22.404,21.909,22.151
1740556800,22.151,22.573,21.86,22.153
1740571200,22.153,22.411,21.459,22.242
1740585600,22.242,22.437,21.049,21.215
1740600000,21.215,22.276,20.988,21.859
1740614400,21.859,22.408,21.631,22.319
1740628800,22.319,23.162,22.15,22.99
1740643200,22.99,23.383,22.838,23.017
1740657600,23.017,23.299,22.528,22.777
1740672000,22.777,22.936,22.166,22.321
1740686400,22.321,22.587,21.978,22.517
1740700800,22.517,22.599,20.536,20.576
1740715200,20.576,20.761,20.212,20.613
1740729600,20.613,21.441,20.382,20.952
1740744000,20.952,21.988,20.737,21.729
1740758400,21.729,22.235,21.524,22.11
1740772800,22.11,22.388,21.789,22.368
1740787200,22.368,22.497,22.001,22.214
1740801600,22.214,22.441,21.826,21.879
1740816000,21.879,22.066,21.425,21.462
1740830400,21.462,21.544,21.04,21.289
1740844800,21.289,21.728,21.23,21.678
1740859200,21.678,22.17,21.514,21.848
1740873600,21.848,21.977,21.69,21.828
1740888000,21.828,22.094,21.738,21.883
1740902400,21.883,22.185,21.753,22.051
1740916800,22.051,23.046,21.558,22.507
1740931200,22.507,24.793,22.511,24.671
1740945600,24.671,24.985,24.464,24.943
1740960000,24.943,25.099,23.921,24.526
1740974400,24.526,24.674,23.353,23.81
1740988800,23.81,23.836,23.007,23.492
1741003200,23.492,23.987,22.941,23.232
1741017600,23.232,23.403,20.901,20.943
1741032000,20.943,21.315,20.558,20.93
1741046400,20.93,21.097,19.606,19.809
1741060800,19.809,20.297,19.686,20.026
1741075200,20.026,20.258,19.668,19.883
1741089600,19.883,20.594,19.324,19.916
1741104000,19.916,20.381,18.828,20.306
1741118400,20.306,20.5,19.829,19.982
1741132800,19.982,20.275,19.676,19.754
1741147200,19.754,20.181,19.714,20.129
1741161600,20.129,21.344,20.122,20.973
1741176000,20.973,21.214,20.238,20.392
1741190400,20.392,21.25,20.062,21.223
1741204800,21.223,22.453,21.226,21.714
1741219200,21.714,22.404,21.438,22.356
1741233600,22.356,22.566,21.63,21.682
1741248000,21.682,22.269,21.606,21.96
1741262400,21.96,22.086,21.19,21.957
1741276800,21.957,22.096,20.879,21.05
1741291200,21.05,21.484,20.976,20.988
1741305600,20.988,21.309,19.663,20.246
1741320000,20.246,20.782,20.202,20.725
1741334400,20.725,20.891,20.436,20.778
1741348800,20.778,21.125,20.428,20.698
1741363200,20.698,21.195,19.998,20.82
1741377600,20.82,20.955,19.925,20.132
1741392000,20.132,20.235,19.605,19.856
1741406400,19.856,20.046,19.721,19.784
1741420800,19.784,19.834,19.404,19.527
1741435200,19.527,21.076,19.45,20.463
1741449600,20.463,20.859,20.262,20.814
1741464000,20.814,20.966,20.345,20.488
1741478400,20.488,20.672,20.205,20.268
1741492800,20.268,20.358,20.028,20.132
1741507200,20.132,20.14,19.598,19.705
1741521600,19.705,19.704,19.071,19.162
1741536000,19.162,19.341,17.758,18.23
1741550400,18.23,18.42,17.747,17.951
1741564800,17.951,18.483,17.61,18.159
1741579200,18.159,18.461,18.137,18.39
1741593600,18.39,19.05,17.987,18.832
1741608000,18.832,18.984,17.396,17.78
1741622400,17.78,17.857,16.142,16.894
1741636800,16.894,16.959,16.227,16.252
1741651200,16.252,17.048,15.264,16.572
1741665600,16.572,17.089,16.518,16.951
1741680000,16.951,17.445,16.872,17.355
1741694400,17.355,17.472,16.488,17.351
1741708800,17.351,17.901,16.943,17.76
1741723200,17.76,17.875,17.442,17.497
1741737600,17.497,17.817,17.055,17.074
1741752000,17.074,17.578,16.933,17.544
1741766400,17.544,18.234,17.467,18.223
1741780800,18.223,18.838,17.519,17.97
1741795200,17.97,18.592,17.943,18.395
1741809600,18.395,18.961,18.339,18.904
1741824000,18.904,19.181,18.711,18.846
1741838400,18.846,19.131,18.551,18.787
1741852800,18.787,19.319,18.602,19.013
1741867200,19.013,19.189,18.287,18.377
1741881600,18.377,18.447,17.907,18.153
1741896000,18.153,18.892,17.725,18.492
1741910400,18.492,18.891,18.453,18.75
1741924800,18.75,18.875,18.472,18.64
1741939200,18.64,19.111,18.573,18.753
1741953600,18.753,19.282,18.513,18.996
1741968000,18.996,19.294,18.765,18.976
1741982400,18.976,19.083,18.513,18.558
1741996800,18.558,18.651,18.359,18.619
1742011200,18.619,18.88,18.483,18.597
1742025600,18.597,18.641,18.426,18.549
1742040000,18.549,18.715,18.406,18.538
1742054400,18.538,18.748,18.458,18.603
1742068800,18.603,19.467,18.604,19.385
1742083200,19.385,19.715,18.954,19.683
1742097600,19.683,19.837,19.273,19.34
1742112000,19.34,19.392,18.315,18.393
1742126400,18.393,18.677,18.148,18.474
1742140800,18.474,19.051,18.198,18.321
1742155200,18.321,18.459,18.104,18.244
1742169600,18.244,18.73,18.214,18.607
1742184000,18.607,18.72,18.237,18.598
1742198400,18.598,18.72,18.392,18.596
1742212800,18.596,18.809,18.18,18.455
1742227200,18.455,19.077,18.368,18.934
1742241600,18.934,18.977,18.69,18.808
1742256000,18.808,18.937,18.381,18.56
1742270400,18.56,19.028,18.433,18.812
1742284800,18.812,19.265,18.7,18.785
1742299200,18.785,18.893,18.357,18.436
1742313600,18.436,18.711,18.312,18.659
1742328000,18.659,19.072,18.439,18.973
1742342400,18.973,19.217,18.829,19.181
1742356800,19.181,19.319,18.896,18.905
1742371200,18.905,19.661,18.887,19.533
1742385600,19.533,19.948,19.293,19.848
1742400000,19.848,20.091,19.425,19.582
1742414400,19.582,19.777,19.378,19.719
1742428800,19.719,19.855,19.252,19.272
1742443200,19.272,19.29,19.073,19.124
1742457600,19.124,19.313,18.729,18.824
1742472000,18.824,19.176,18.736,18.761
1742486400,18.761,18.856,18.39,18.699
1742500800,18.699,18.784,18.606,18.738
1742515200,18.738,19.109,18.712,18.796
1742529600,18.796,19.003,18.675,18.746
1742544000,18.746,18.87,18.419,18.506
1742558400,18.506,18.631,18.339,18.477
1742572800,18.477,18.888,18.38,18.885
1742587200,18.885,19.483,18.852,19.17
1742601600,19.17,19.395,19.066,19.292
1742616000,19.292,19.482,19.292,19.359
1742630400,19.359,19.631,19.312,19.446
1742644800,19.446,19.569,19.26,19.535
1742659200,19.535,19.699,19.466,19.643
1742673600,19.643,19.733,19.331,19.418
1742688000,19.418,19.71,19.324,19.708
1742702400,19.708,19.715,19.46,19.573
1742716800,19.573,19.77,19.47,19.612
1742731200,19.612,19.688,19.425,19.473
1742745600,19.473,19.629,19.295,19.482
1742760000,19.482,19.836,19.331,19.806
1742774400,19.806,21.156,19.775,21.138
1742788800,21.138,21.828,21.137,21.513
1742803200,21.513,21.937,21.509,21.682
1742817600,21.682,22.124,21.415,21.528
1742832000,21.528,21.573,21.225,21.373
1742846400,21.373,21.484,21.227,21.471
1742860800,21.471,21.666,21.317,21.348
1742875200,21.348,21.923,21.275,21.845
1742889600,21.845,22.39,21.833,22.316
1742904000,22.316,22.788,22.131,22.471
1742918400,22.471,23.225,22.427,23.033
1742932800,23.033,23.446,22.754,22.888
1742947200,22.888,23.229,22.539,22.586
1742961600,22.586,22.862,22.532,22.821
1742976000,22.821,22.96,22.627,22.837
1742990400,22.837,22.867,21.954,22.164
1743004800,22.164,22.463,21.815,22.063
1743019200,22.063,22.282,21.838,22.039
1743033600,22.039,22.364,21.987,22.162
1743048000,22.162,22.172,21.903,22.069
1743062400,22.069,22.18,21.806,21.864
1743076800,21.864,22.271,21.618,21.905
1743091200,21.905,22.111,21.787,21.985
1743105600,21.985,22.227,21.895,22.003
1743120000,22.003,22.177,21.636,21.762
1743134400,21.762,21.805,20.656,20.701
1743148800,20.701,20.793,20.169,20.541
1743163200,20.541,20.621,19.953,19.966
1743177600,19.966,20.019,19.755,19.792
1743192000,19.792,20.59,19.761,20.351
1743206400,20.351,20.519,20.058,20.414
1743220800,20.414,20.51,19.792,19.865
1743235200,19.865,20.157,19.641,19.845
1743249600,19.845,20.307,19.811,19.986
1743264000,19.986,20.05,19.654,19.86
1743278400,19.86,19.889,19.44,19.586
1743292800,19.586,19.893,19.36,19.653
1743307200,19.653,19.734,19.335,19.437
1743321600,19.437,19.69,19.161,19.336
1743336000,19.336,19.46,19.033,19.292
1743350400,19.292,19.387,18.978,19.105
1743364800,19.105,19.152,18.674,18.851
1743379200,18.851,19.012,18.455,18.627
1743393600,18.627,18.936,18.423,18.55
1743408000,18.55,18.716,18.165,18.622
1743422400,18.622,19.106,18.399,18.962
1743436800,18.962,19.045,18.609,18.635
1743451200,18.635,18.857,18.59,18.766
1743465600,18.766,19.168,18.704,19.02
1743480000,19.02,19.527,18.946,19.195
1743494400,19.195,19.717,19.144,19.387
1743508800,19.387,19.929,18.972,19.83
1743523200,19.83,19.932,19.335,19.442
1743537600,19.442,19.9,19.296,19.809
1743552000,19.809,19.829,19.115,19.208
1743566400,19.208,19.7,18.789,19.056
1743580800,19.056,19.566,18.913,19.212
1743595200,19.212,19.838,18.916,19.606
1743609600,19.606,19.838,19.178,19.421
1743624000,19.421,19.903,17.752,17.969
1743638400,17.969,18.841,17.866,18.756
1743652800,18.756,18.98,18.193,18.366
1743667200,18.366,18.495,17.968,18.088
1743681600,18.088,18.181,17.564,17.951
1743696000,17.951,18.261,17.822,17.996
1743710400,17.996,18.265,17.861,18.139
1743724800,18.139,18.261,17.889,18.014
1743739200,18.014,18.599,17.955,18.587
1743753600,18.587,18.76,17.598,17.864
1743768000,17.864,18.462,17.785,17.991
1743782400,17.991,18.349,17.706,18.099
1743796800,18.099,18.337,18.008,18.179
1743811200,18.179,18.368,18.082,18.104
1743825600,18.104,18.227,18.042,18.199
1743840000,18.199,18.333,18.119,18.225
1743854400,18.225,18.291,17.758,17.831
1743868800,17.831,17.982,17.81,17.854
1743883200,17.854,17.917,17.696,17.872
1743897600,17.872,17.911,17.309,17.374
1743912000,17.374,17.489,17.167,17.184
1743926400,17.184,17.344,17.089,17.169
1743940800,17.169,17.296,16.831,17.287
1743955200,17.287,17.297,16.126,16.382
1743969600,16.382,16.454,15.612,16.032
1743984000,16.032,16.433,15.43,15.731
1743998400,15.731,16.105,14.654,14.823
1744012800,14.823,15.768,14.702,15.431
1744027200,15.431,17.095,15.344,16.423
1744041600,16.423,17.179,16.124,16.627
1744056000,16.627,16.965,16.608,16.677
1744070400,16.677,17.324,16.676,17.155
1744084800,17.155,17.438,16.939,17.035
1744099200,17.035,17.508,16.831,17.468
1744113600,17.468,17.718,17.053,17.125
1744128000,17.125,17.177,15.982,16.027
1744142400,16.027,16.28,15.916,16.136
1744156800,16.136,16.391,15.578,16.045
1744171200,16.045,16.85,15.987,16.7
1744185600,16.7,16.781,16.098,16.188
1744200000,16.188,16.903,15.954,16.805
1744214400,16.805,18.9,16.729,18.525
1744228800,18.525,18.695,18.405,18.428
1744243200,18.428,18.44,17.794,18.026
1744257600,18.026,18.343,17.934,18.037
1744272000,18.037,18.152,17.887,18.008
1744286400,18.008,18.371,17.556,17.657
1744300800,17.657,18.24,17.567,18.094
1744315200,18.094,18.419,18.091,18.304
1744329600,18.304,18.659,18.297,18.542
1744344000,18.542,18.65,18.428,18.54
1744358400,18.54,18.969,18.396,18.835
1744372800,18.835,19.525,18.752,19.183
1744387200,19.183,19.557,19.09,19.214
1744401600,19.214,19.352,19.033,19.113
1744416000,19.113,19.164,18.832,18.901
1744430400,18.901,19.289,18.847,19.095
1744444800,19.095,19.248,18.946,19.114
1744459200,19.114,21.007,19.078,20.504
1744473600,20.504,20.832,20.091,20.167
1744488000,20.167,20.669,20.14,20.478
1744502400,20.478,20.656,20.174,20.232
1744516800,20.232,20.27,19.863,19.913
1744531200,19.913,20.263,19.892,19.984
1744545600,19.984,20.013,19.497,19.738
1744560000,19.738,20.498,19.42,19.716
1744574400,19.716,19.954,19.265,19.578
1744588800,19.578,20.585,19.533,19.943
1744603200,19.943,20.27,19.785,20.109
1744617600,20.109,20.514,19.948,20.49
1744632000,20.49,20.676,19.736,19.825
1744646400,19.825,20.509,19.704,20.284
1744660800,20.284,20.367,20.036,20.106
1744675200,20.106,20.235,19.833,20.217
1744689600,20.217,20.272,19.79,19.967
1744704000,19.967,20.144,19.781,19.885
1744718400,19.885,20.244,19.448,19.523
1744732800,19.523,19.615,19.211,19.292
1744747200,19.292,19.423,18.953,19.005
1744761600,19.005,19.019,18.662,18.913
1744776000,18.913,18.942,18.594,18.633
1744790400,18.633,18.984,18.551,18.898
1744804800,18.898,19.268,18.704,19.026
1744819200,19.026,19.258,18.478,18.996
1744833600,18.996,19.085,18.689,18.742
1744848000,18.742,18.989,18.679,18.962
1744862400,18.962,19.548,18.933,19.382
1744876800,19.382,19.474,19.125,19.227
1744891200,19.227,19.404,18.796,19.114
1744905600,19.114,19.532,18.959,19.064
1744920000,19.064,19.201,18.909,19.037
1744934400,19.037,19.126,18.886,19.039
1744948800,19.039,19.174,18.938,19.169
1744963200,19.169,19.334,18.981,19.091
1744977600,19.091,19.148,18.832,18.889
1744992000,18.889,19.162,18.868,19.155
1745006400,19.155,19.24,19.043,19.056
1745020800,19.056,19.305,19.015,19.247
1745035200,19.247,19.542,19.154,19.468
1745049600,19.468,19.715,19.427,19.488
1745064000,19.488,19.817,19.486,19.691
1745078400,19.691,20.105,19.623,20.032
1745092800,20.032,20.358,19.873,19.888
1745107200,19.888,20.03,19.802,19.863
1745121600,19.863,19.985,19.561,19.638
1745136000,19.638,19.7,19.219,19.3
1745150400,19.3,19.528,19.262,19.373
1745164800,19.373,19.554,19.301,19.546
1745179200,19.546,19.728,19.303,19.491
1745193600,19.491,20.138,19.491,19.989
1745208000,19.989,20.65,19.829,20.618
1745222400,20.618,20.948,20.399,20.521
1745236800,20.521,20.666,20.247,20.531
1745251200,20.531,20.679,19.794,20.083
1745265600,20.083,20.097,19.702,19.906
1745280000,19.906,20.193,19.418,19.89
1745294400,19.89,20.286,19.579,20.276
1745308800,20.276,20.44,20.014,20.386
1745323200,20.386,21.995,20.347,21.62
1745337600,21.62,21.793,21.338,21.548
1745352000,21.548,22.288,21.526,22.104
1745366400,22.104,22.576,21.888,22.456
1745380800,22.456,22.883,22.361,22.871
1745395200,22.871,23.073,22.552,22.695
1745409600,22.695,23.047,21.876,22.256
1745424000,22.256,22.63,22.04,22.213
1745438400,22.213,22.557,22.209,22.326
1745452800,22.326,22.461,21.832,21.855
1745467200,21.855,22.175,21.789,21.873
1745481600,21.873,22.054,21.604,22.044
1745496000,22.044,22.637,21.895,22.33
1745510400,22.33,22.498,21.938,22.23
1745524800,22.23,22.439,22.029,22.369
1745539200,22.369,22.543,21.766,22.076
1745553600,22.076,22.532,21.954,22.328
1745568000,22.328,22.588,22.175,22.553
1745582400,22.553,22.858,22.094,22.565
1745596800,22.565,22.779,22.182,22.297
1745611200,22.297,22.496,22.131,22.15
1745625600,22.15,22.984,22.152,22.625
1745640000,22.625,22.686,22.285,22.435
1745654400,22.435,22.762,21.846,21.938
1745668800,21.938,22.069,21.698,22.011
1745683200,22.011,22.127,21.821,22.119
1745697600,22.119,22.427,22.068,22.397
1745712000,22.397,22.785,22.037,22.363
1745726400,22.363,22.538,22.006,22.261
1745740800,22.261,22.472,22.042,22.051
1745755200,22.051,22.314,21.771,21.872
1745769600,21.872,22.135,21.641,22.113
1745784000,22.113,22.138,21.689,21.699
1745798400,21.699,21.81,21.003,21.719
1745812800,21.719,22.35,21.718,22.294
1745827200,22.294,22.42,21.943,22.258
1745841600,22.258,22.287,21.261,21.431
1745856000,21.431,22.081,21.262,21.988
1745870400,21.988,22.02,21.698,21.827
1745884800,21.827,22.077,21.632,21.844
1745899200,21.844,22.2,21.631,22.168
1745913600,22.168,22.287,21.946,22.131
1745928000,22.131,22.206,21.816,21.989
1745942400,21.989,22.222,21.821,21.848
1745956800,21.848,21.906,21.255,21.548
1745971200,21.548,21.922,21.464,21.849
1745985600,21.849,21.879,21.449,21.565
1746000000,21.565,21.721,21.438,21.633
1746014400,21.633,21.647,20.335,20.906
1746028800,20.906,21.193,20.676,20.931
1746043200,20.931,21.216,20.802,20.898
1746057600,20.898,21.271,20.87,20.937
1746072000,20.937,21.245,20.8,21.21
1746086400,21.21,21.58,21.182,21.463
1746100800,21.463,21.533,21.101,21.336
1746115200,21.336,21.858,21.234,21.755
1746129600,21.755,21.832,21.517,21.627
1746144000,21.627,22.174,21.595,21.958
1746158400,21.958,22.075,21.253,21.254
1746172800,21.254,21.438,21.14,21.288
1746187200,21.288,21.652,21.112,21.409
1746201600,21.409,21.662,20.95,21.022
1746216000,21.022,21.392,20.949,21.24
1746230400,21.24,21.266,21.043,21.07
1746244800,21.07,21.177,20.856,20.908
1746259200,20.908,21.048,20.606,20.678
1746273600,20.678,20.986,20.65,20.853
1746288000,20.853,20.864,20.463,20.833
1746302400,20.833,20.865,20.498,20.508
1746316800,20.508,20.622,20.203,20.229
1746331200,20.229,20.424,20.104,20.214
1746345600,20.214,20.214,19.992,20.062
1746360000,20.062,20.183,19.772,19.987
1746374400,19.987,20.061,19.863,19.986
1746388800,19.986,20.18,19.745,19.886
1746403200,19.886,20.224,19.666,19.941
1746417600,19.941,20.225,19.867,20.018
1746432000,20.018,20.053,19.449,19.453
1746446400,19.453,19.662,19.277,19.352
1746460800,19.352,19.836,19.331,19.597
1746475200,19.597,19.86,19.369,19.669
1746489600,19.669,19.761,19.411,19.747
1746504000,19.747,19.868,19.685,19.775
1746518400,19.775,19.778,19.255,19.408
1746532800,19.408,19.787,19.292,19.645
1746547200,19.645,19.931,19.488,19.813
1746561600,19.813,20.117,19.367,20.005
1746576000,20.005,20.244,19.738,19.928
1746590400,19.928,19.995,19.639,19.907
1746604800,19.907,19.994,19.698,19.757
1746619200,19.757,19.781,19.246,19.3
1746633600,19.3,19.445,19.065,19.236
1746648000,19.236,19.701,19.181,19.538
1746662400,19.538,20.34,19.481,20.34
1746676800,20.34,20.893,20.34,20.844
1746691200,20.844,21.164,20.842,20.92
1746705600,20.92,21.47,20.643,21.182
1746720000,21.182,21.491,21.151,21.42
1746734400,21.42,22.16,21.319,22.151
1746748800,22.151,22.47,22.02,22.062
1746763200,22.062,23.116,21.957,23.01
1746777600,23.01,23.999,22.76,23.532
1746792000,23.532,23.682,22.899,23.142
1746806400,23.142,23.463,22.79,23.092
1746820800,23.092,23.281,22.956,23.268
1746835200,23.268,23.666,23.008,23.485
1746849600,23.485,24.245,23.257,24.165
1746864000,24.165,24.802,23.913,24.052
1746878400,24.052,24.763,24.054,24.368
1746892800,24.368,24.862,24.307,24.523
1746907200,24.523,25.971,24.33,25.81
1746921600,25.81,26.025,24.926,25.293
1746936000,25.293,25.453,24.296,24.52
1746950400,24.52,24.899,24.41,24.859
1746964800,24.859,24.913,24.176,24.387
1746979200,24.387,24.928,24.138,24.73
1746993600,24.73,24.956,24.485,24.777
1747008000,24.777,25.217,24.421,25.147
1747022400,25.147,26.834,24.851,26.04
1747036800,26.04,26.039,24.857,24.971
1747051200,24.971,25.689,24.555,24.721
1747065600,24.721,25.168,23.725,24.461
1747080000,24.461,25.053,24.351,24.824
1747094400,24.824,24.84,23.466,23.51
1747108800,23.51,24.523,23.449,24.293
1747123200,24.293,24.692,24.249,24.516
1747137600,24.516,24.911,24.298,24.895
1747152000,24.895,26.247,24.852,25.81
1747166400,25.81,25.985,25.494,25.713
1747180800,25.713,26.273,25.494,26.091
1747195200,26.091,26.536,25.873,26.021
1747209600,26.021,26.151,25.394,25.912
1747224000,25.912,25.972,25.113,25.404
1747238400,25.404,25.469,24.97,25.256
1747252800,25.256,25.315,24.734,24.944
1747267200,24.944,25.129,24.367,24.39
1747281600,24.39,24.62,23.515,23.544
1747296000,23.544,24.179,23.505,23.944
1747310400,23.944,24.089,23.019,23.783
1747324800,23.783,24.195,23.248,23.495
1747339200,23.495,23.722,22.923,23.493
1747353600,23.493,23.947,23.319,23.894
1747368000,23.894,24.042,23.656,23.769
1747382400,23.769,23.977,23.239,23.81
1747396800,23.81,23.948,23.427,23.734
1747411200,23.734,23.867,23.333,23.559
1747425600,23.559,23.574,22.663,23.047
1747440000,23.047,23.12,22.251,22.749
1747454400,22.749,23.126,22.683,22.804
1747468800,22.804,22.909,22.556,22.766
1747483200,22.766,22.83,22.311,22.441
1747497600,22.441,22.573,22.091,22.17
1747512000,22.17,22.557,21.958,22.163
1747526400,22.163,22.379,21.997,22.176
1747540800,22.176,23.166,22.176,23.115
1747555200,23.115,23.317,22.898,22.911
1747569600,22.911,23.855,22.773,23.751
1747584000,23.751,23.811,22.013,22.013
1747598400,22.013,23.142,21.546,23.041
1747612800,23.041,23.183,21.865,21.884
1747627200,21.884,22.034,21.248,21.672
1747641600,21.672,21.808,21.465,21.656
1747656000,21.656,22.161,21.392,22.067
1747670400,22.067,22.61,21.886,22.282
1747684800,22.282,22.352,21.969,22.244
1747699200,22.244,22.808,22.088,22.403
1747713600,22.403,22.608,22.18,22.235
1747728000,22.235,22.352,21.931,22.116
1747742400,22.116,22.201,21.833,22.132
1747756800,22.132,22.46,21.75,22.389
1747771200,22.389,22.769,22.271,22.595
1747785600,22.595,22.715,22.145,22.535
1747800000,22.535,22.994,22.413,22.546
1747814400,22.546,22.839,22.357,22.74
1747828800,22.74,23.286,22.529,23.209
1747843200,23.209,23.803,22.381,22.856
1747857600,22.856,23.444,22.575,23.165
1747872000,23.165,23.851,23.123,23.774
1747886400,23.774,24.143,23.704,24.129
1747900800,24.129,25.454,24.073,25.092
1747915200,25.092,25.423,24.772,25.034
1747929600,25.034,25.394,25.028,25.083
1747944000,25.083,25.336,24.736,25.249
1747958400,25.249,25.85,25.039,25.731
1747972800,25.731,25.83,24.922,25.096
1747987200,25.096,25.969,24.281,24.454
1748001600,24.454,24.994,23.666,24.468
1748016000,24.468,24.64,23.99,24.016
1748030400,24.016,24.021,22.912,23.063
1748044800,23.063,23.455,22.926,23.272
1748059200,23.272,23.414,22.981,23.122
1748073600,23.122,23.436,22.856,23.209
1748088000,23.209,23.267,22.971,23.122
1748102400,23.122,23.176,22.788,23.009
1748116800,23.009,23.102,22.74,22.933
1748131200,22.933,23.127,22.462,22.891
1748145600,22.891,22.917,22.412,22.458
1748160000,22.458,22.458,22.091,22.353
1748174400,22.353,22.557,22.019,22.251
1748188800,22.251,22.545,22.075,22.472
1748203200,22.472,23.459,22.276,23.415
1748217600,23.415,23.796,23.212,23.356
1748232000,23.356,23.93,23.303,23.893
1748246400,23.893,23.991,23.511,23.687
1748260800,23.687,23.862,23.161,23.474
1748275200,23.474,23.536,22.863,22.974
1748289600,22.974,23.254,22.872,23.047
1748304000,23.047,23.188,22.496,23.012
1748318400,23.012,23.862,22.987,23.483
1748332800,23.483,23.754,23.38,23.612
1748347200,23.612,23.87,23.101,23.434
1748361600,23.434,23.829,23.295,23.403
1748376000,23.403,23.561,23.155,23.361
1748390400,23.361,23.711,23.28,23.561
1748404800,23.561,23.616,23.138,23.271
1748419200,23.271,23.566,23.051,23.55
1748433600,23.55,23.761,22.835,22.855
1748448000,22.855,23.391,22.77,22.805
1748462400,22.805,23.6,22.753,23.599
1748476800,23.599,24.339,23.431,24.191
1748491200,24.191,24.305,23.486,23.712
1748505600,23.712,23.803,23.341,23.415
1748520000,23.415,23.415,22.661,22.771
1748534400,22.771,23.009,22.441,22.613
1748548800,22.613,22.769,22.146,22.237
1748563200,22.237,22.335,21.203,21.812
1748577600,21.812,21.856,21.288,21.424
1748592000,21.424,21.858,21.271,21.783
1748606400,21.783,21.862,21.404,21.467
1748620800,21.467,21.56,20.735,21.261
1748635200,21.261,21.327,20.387,20.533
1748649600,20.533,20.579,19.759,20.054
1748664000,20.054,20.239,19.808,20.131
1748678400,20.131,20.331,20.057,20.19
1748692800,20.19,20.829,20.154,20.659
1748707200,20.659,20.999,20.603,20.878
1748721600,20.878,21.116,20.752,20.785
1748736000,20.785,20.829,20.493,20.661
1748750400,20.661,20.923,20.589,20.658
1748764800,20.658,20.682,20.253,20.391
1748779200,20.391,20.769,20.159,20.691
1748793600,20.691,20.949,20.383,20.652
1748808000,20.652,20.959,20.553,20.871
1748822400,20.871,20.987,20.453,20.553
1748836800,20.553,20.793,20.473,20.667
1748851200,20.667,20.799,20.204,20.318
1748865600,20.318,20.693,20.252,20.563
1748880000,20.563,20.766,20.402,20.529
1748894400,20.529,21.303,20.528,21.143
1748908800,21.143,21.69,21.124,21.268
1748923200,21.268,21.457,21.109,21.281
1748937600,21.281,21.354,21.118,21.215
1748952000,21.215,21.562,21.129,21.358
1748966400,21.358,21.585,21.241,21.539
1748980800,21.539,21.552,20.881,21.128
1748995200,21.128,21.636,21.042,21.47
1749009600,21.47,21.567,21.251,21.401
1749024000,21.401,21.539,21.024,21.037
1749038400,21.037,21.15,20.707,21.086
1749052800,21.086,21.093,20.643,20.648
1749067200,20.648,20.647,20.045,20.076
1749081600,20.076,20.263,19.945,20.205
1749096000,20.205,20.345,20.033,20.207
1749110400,20.207,20.345,19.996,20.167
1749124800,20.167,20.527,19.774,19.975
1749139200,19.975,20.012,19.103,19.269
1749153600,19.269,19.355,18.417,18.731
1749168000,18.731,19.151,18.619,19.146
1749182400,19.146,19.493,19.124,19.339
1749196800,19.339,19.473,19.279,19.355
1749211200,19.355,19.94,19.326,19.698
1749225600,19.698,19.798,19.364,19.395
1749240000,19.395,19.898,19.351,19.637
1749254400,19.637,20.129,19.549,20.091
1749268800,20.091,20.694,20.027,20.633
1749283200,20.633,21.115,20.601,21.019
1749297600,21.019,21.057,20.772,20.888
1749312000,20.888,20.976,20.668,20.816
1749326400,20.816,20.909,20.63,20.645
1749340800,20.645,20.655,20.329,20.343
1749355200,20.343,20.383,20.241,20.265
1749369600,20.265,20.649,20.131,20.481
1749384000,20.481,20.829,20.339,20.671
1749398400,20.671,21.339,20.641,21.332
1749412800,21.332,21.481,21.007,21.039
1749427200,21.039,21.134,20.583,20.729
1749441600,20.729,20.727,20.226,20.331
1749456000,20.331,20.927,20.201,20.796
1749470400,20.796,21.119,20.579,21.011
1749484800,21.011,21.437,21.012,21.362
1749499200,21.362,22.031,21.193,21.941
1749513600,21.941,22.206,21.759,21.824
1749528000,21.824,21.877,21.515,21.679
1749542400,21.679,22.318,21.508,22.217
1749556800,22.217,22.469,21.56,21.911
1749571200,21.911,22.481,21.753,22.217
1749585600,22.217,22.589,22.013,22.565
1749600000,22.565,22.657,22.046,22.307
1749614400,22.307,22.472,22.123,22.366
1749628800,22.366,22.434,21.871,21.993
1749643200,21.993,22.771,21.891,22.563
1749657600,22.563,22.606,21.637,21.716
1749672000,21.716,21.929,21.315,21.558
1749686400,21.558,21.618,21.133,21.2
1749700800,21.2,21.267,20.961,21.011
1749715200,21.011,21.114,20.753,20.789
1749729600,20.789,21.291,20.732,20.854
1749744000,20.854,21.239,20.48,20.579
1749758400,20.579,20.671,20.142,20.273
1749772800,20.273,20.291,18.451,19.088
1749787200,19.088,19.163,18.778,19.133
1749801600,19.133,19.38,19.004,19.241
1749816000,19.241,19.418,18.859,19.293
1749830400,19.293,19.533,18.895,19.014
1749844800,19.014,19.43,18.96,19.403
1749859200,19.403,19.429,19.147,19.24
1749873600,19.24,19.408,19.058,19.228
1749888000,19.228,19.23,18.99,19.125
1749902400,19.125,19.199,18.844,18.949
1749916800,18.949,19.058,18.697,18.87
1749931200,18.87,19.092,18.743,18.925
1749945600,18.925,19.045,18.892,18.963
1749960000,18.963,19.271,18.925,18.952
1749974400,18.952,19.018,18.763,18.966
1749988800,18.966,19.248,18.869,19.065
1750003200,19.065,19.185,18.98,19.072
1750017600,19.072,19.172,18.715,19.099
1750032000,19.099,19.469,18.89,19.252
1750046400,19.252,19.852,19.236,19.784
1750060800,19.784,19.822,19.419,19.619
1750075200,19.619,19.917,19.469,19.708
1750089600,19.708,19.927,19.639,19.766
1750104000,19.766,19.986,18.991,19.049
1750118400,19.049,19.484,18.683,19.305
1750132800,19.305,19.319,19.038,19.131
1750147200,19.131,19.145,18.837,18.914
1750161600,18.914,19.05,18.506,18.649
1750176000,18.649,18.921,18.118,18.782
1750190400,18.782,18.85,18.325,18.573
1750204800,18.573,18.839,18.523,18.697
1750219200,18.697,18.894,18.624,18.725
1750233600,18.725,18.815,18.216,18.505
1750248000,18.505,18.579,18.044,18.335
1750262400,18.335,18.491,18.064,18.204
1750276800,18.204,18.639,18.073,18.155
1750291200,18.155,18.388,17.897,18.039
1750305600,18.039,18.062,17.788,17.899
1750320000,17.899,18.087,17.857,17.89
1750334400,17.89,18.024,17.639,17.729
1750348800,17.729,18.074,17.626,17.923
1750363200,17.923,18.183,17.914,18.045
1750377600,18.045,18.167,17.972,17.983
1750392000,17.983,18.402,17.812,18.321
1750406400,18.321,18.405,18.137,18.246
1750420800,18.246,18.356,17.725,17.803
1750435200,17.803,17.817,16.934,17.431
1750449600,17.431,17.663,17.19,17.356
1750464000,17.356,17.63,17.351,17.581
1750478400,17.581,17.616,17.485,17.538
1750492800,17.538,17.629,17.481,17.596
1750507200,17.596,17.615,16.995,17.135
1750521600,17.135,17.185,16.752,16.777
1750536000,16.777,17.104,16.281,16.81
1750550400,16.81,17.098,16.582,16.695
1750564800,16.695,16.997,16.654,16.836
1750579200,16.836,16.919,16.515,16.656
1750593600,16.656,16.737,15.944,16.028
1750608000,16.028,16.345,15.89,15.938
1750622400,15.938,16.521,15.601,16.513
1750636800,16.513,16.756,16.48,16.514
1750651200,16.514,17.05,16.506,16.91
1750665600,16.91,17.136,16.771,16.868
1750680000,16.868,17.261,16.706,16.741
1750694400,16.741,17.306,16.255,17.293
1750708800,17.293,18.186,17.248,18.051
1750723200,18.051,18.225,17.941,18.045
1750737600,18.045,18.476,17.962,18.045
1750752000,18.045,18.281,17.88,18.119
1750766400,18.119,18.281,17.982,18.157
1750780800,18.157,18.418,17.919,18.016
1750795200,18.016,18.227,17.951,18.225
1750809600,18.225,18.36,18.092,18.115
1750824000,18.115,18.172,17.969,18.025
1750838400,18.025,18.041,17.725,17.978
1750852800,17.978,18.123,17.547,17.583
1750867200,17.583,17.793,17.528,17.717
1750881600,17.717,17.822,17.405,17.565
1750896000,17.565,18.005,17.438,17.751
1750910400,17.751,17.812,17.528,17.718
1750924800,17.718,17.787,17.371,17.406
1750939200,17.406,17.423,17.089,17.242
1750953600,17.242,17.376,17.136,17.329
1750968000,17.329,17.625,17.165,17.223
1750982400,17.223,17.528,17.0,17.488
1750996800,17.488,17.603,17.332,17.385
1751011200,17.385,17.61,17.377,17.467
1751025600,17.467,17.573,17.278,17.538
1751040000,17.538,17.776,17.119,17.32
1751054400,17.32,17.6,17.298,17.568
1751068800,17.568,17.665,17.473,17.592
1751083200,17.592,17.669,17.493,17.662
1751097600,17.662,17.733,17.592,17.663
1751112000,17.663,17.778,17.528,17.751
1751126400,17.751,18.066,17.752,17.939
1751140800,17.939,18.057,17.861,17.967
1751155200,17.967,18.006,17.799,17.806
1751169600,17.806,18.033,17.792,18.033
1751184000,18.033,18.158,17.982,18.054
1751198400,18.054,18.063,17.802,17.832
1751212800,17.832,18.084,17.806,18.035
1751227200,18.035,18.893,17.921,18.728
1751241600,18.728,18.873,18.263,18.287
1751256000,18.287,18.303,17.98,18.239
1751270400,18.239,18.271,18.015,18.066
1751284800,18.066,18.129,17.692,18.008
1751299200,18.008,18.229,17.865,18.206
1751313600,18.206,18.256,17.884,17.958
1751328000,17.958,18.049,17.731,17.806
1751342400,17.806,17.808,17.416,17.62
1751356800,17.62,17.637,17.436,17.471
1751371200,17.471,17.495,17.189,17.25
1751385600,17.25,17.33,17.025,17.076
1751400000,17.076,17.13,16.942,17.092
1751414400,17.092,17.299,16.957,17.263
1751428800,17.263,17.647,17.241,17.577
1751443200,17.577,17.689,17.505,17.557
1751457600,17.557,18.013,17.414,18.005
1751472000,18.005,18.826,18.005,18.675
1751486400,18.675,18.813,18.484,18.519
1751500800,18.519,18.668,18.432,18.545
1751515200,18.545,19.172,18.534,19.083
1751529600,19.083,19.11,18.681,18.771
1751544000,18.771,19.004,18.333,18.36
1751558400,18.36,18.604,18.344,18.548
1751572800,18.548,18.662,18.501,18.535
1751587200,18.535,18.812,18.496,18.752
1751601600,18.752,18.871,18.094,18.108
1751616000,18.108,18.207,17.946,18.074
1751630400,18.074,18.175,17.679,17.704
1751644800,17.704,17.736,17.493,17.669
1751659200,17.669,17.88,17.617,17.781
1751673600,17.781,17.855,17.642,17.831
1751688000,17.831,17.924,17.709,17.81
1751702400,17.81,17.94,17.666,17.876
1751716800,17.876,17.921,17.763,17.825
1751731200,17.825,17.881,17.611,17.773
1751745600,17.773,17.981,17.74,17.903
1751760000,17.903,17.907,17.751,17.811
1751774400,17.811,17.912,17.761,17.838
1751788800,17.838,17.874,17.726,17.869
1751803200,17.869,18.304,17.852,18.148
1751817600,18.148,18.287,17.988,18.159
1751832000,18.159,18.612,18.155,18.28
1751846400,18.28,18.594,18.186,18.409
1751860800,18.409,18.45,18.094,18.287
1751875200,18.287,18.345,18.096,18.164
1751889600,18.164,18.284,17.951,18.027
1751904000,18.027,18.103,17.815,17.995
1751918400,17.995,17.999,17.794,17.987
1751932800,17.987,18.076,17.731,17.778
1751947200,17.778,17.902,17.681,17.9
1751961600,17.9,18.256,17.831,18.129
1751976000,18.129,18.238,17.963,17.998
1751990400,17.998,18.473,17.901,18.373
1752004800,18.373,18.462,18.228,18.358
1752019200,18.358,18.385,18.099,18.124
1752033600,18.124,18.549,18.087,18.402
1752048000,18.402,18.543,18.315,18.516
1752062400,18.516,18.775,18.381,18.524
1752076800,18.524,19.192,18.483,19.107
1752091200,19.107,19.613,18.972,19.5
1752105600,19.5,19.622,19.363,19.491
1752120000,19.491,19.601,19.336,19.497
1752134400,19.497,19.596,19.437,19.574
1752148800,19.574,19.708,19.374,19.445
1752163200,19.445,19.943,19.407,19.77
1752177600,19.77,20.781,19.761,20.706
1752192000,20.706,20.931,20.431,20.859
1752206400,20.859,21.213,20.713,20.738
1752220800,20.738,21.199,20.739,20.979
1752235200,20.979,21.528,20.869,20.951
1752249600,20.951,21.416,20.815,21.322
1752264000,21.322,21.334,20.325,20.671
1752278400,20.671,21.048,20.382,20.852
1752292800,20.852,20.908,20.524,20.881
1752307200,20.881,21.075,20.703,20.967
1752321600,20.967,21.028,20.162,20.317
1752336000,20.317,20.852,20.235,20.729
1752350400,20.729,20.752,20.389,20.682
1752364800,20.682,21.17,20.654,21.091
1752379200,21.091,21.314,20.947,21.304
1752393600,21.304,21.382,21.06,21.259
1752408000,21.259,21.633,21.129,21.282
1752422400,21.282,21.769,21.084,21.522
1752436800,21.522,21.599,20.977,21.183
1752451200,21.183,22.053,21.132,21.785
1752465600,21.785,22.066,21.524,21.829
1752480000,21.829,21.93,21.591,21.697
1752494400,21.697,21.999,21.282,21.444
1752508800,21.444,21.647,21.125,21.252
1752523200,21.252,21.411,21.002,21.255
1752537600,21.255,21.354,20.431,20.584
1752552000,20.584,20.911,20.384,20.729
1752566400,20.729,21.499,20.59,21.103
1752580800,21.103,21.299,20.678,21.173
1752595200,21.173,21.884,21.155,21.208
1752609600,21.208,22.571,21.147,22.505
1752624000,22.505,22.561,21.705,21.717
1752638400,21.717,22.078,21.617,21.977
1752652800,21.977,22.136,21.873,22.008
1752667200,22.008,22.367,21.847,22.094
1752681600,22.094,22.828,22.052,22.597
1752696000,22.597,23.026,22.456,22.652
1752710400,22.652,22.94,22.016,22.159
1752724800,22.159,22.796,22.087,22.688
1752739200,22.688,23.237,22.606,22.888
1752753600,22.888,23.079,22.435,22.723
1752768000,22.723,22.948,22.299,22.42
1752782400,22.42,24.339,22.182,23.905
1752796800,23.905,24.576,23.688,24.332
1752811200,24.332,25.038,24.23,24.345
1752825600,24.345,24.656,23.95,24.138
1752840000,24.138,24.571,23.548,23.763
1752854400,23.763,24.09,23.431,23.606
1752868800,23.606,23.707,23.06,23.516
1752883200,23.516,23.821,23.0,23.817
1752897600,23.817,24.016,23.698,23.71
1752912000,23.71,23.725,23.405,23.585
1752926400,23.585,23.864,23.295,23.638
1752940800,23.638,25.182,23.533,24.96
1752955200,24.96,25.229,24.177,24.488
1752969600,24.488,24.78,24.297,24.563
1752984000,24.563,24.832,24.42,24.692
1752998400,24.692,25.274,24.689,25.126
1753012800,25.126,25.443,24.861,25.408
1753027200,25.408,25.55,24.941,25.274
1753041600,25.274,25.331,24.515,25.037
1753056000,25.037,25.449,24.629,25.443
1753070400,25.443,25.871,25.28,25.832
1753084800,25.832,26.418,25.568,26.044
1753099200,26.044,26.363,25.637,25.906
1753113600,25.906,25.927,25.079,25.189
1753128000,25.189,25.593,25.114,25.436
1753142400,25.436,26.041,24.821,25.896
1753156800,25.896,26.097,25.104,25.661
1753171200,25.661,25.661,24.77,25.507
1753185600,25.507,25.676,24.766,24.972
1753200000,24.972,25.391,24.703,24.861
1753214400,24.861,25.903,24.811,25.899
1753228800,25.899,26.125,25.493,25.537
1753243200,25.537,25.835,25.222,25.362
1753257600,25.362,25.582,24.822,25.01
1753272000,25.01,25.072,23.584,24.353
1753286400,24.353,24.353,23.39,23.841
1753300800,23.841,24.111,23.141,23.941
1753315200,23.941,24.191,23.801,23.938
1753329600,23.938,24.024,22.522,23.258
1753344000,23.258,23.898,23.134,23.813
1753358400,23.813,24.438,23.463,24.172
1753372800,24.172,24.308,23.687,23.997
1753387200,23.997,24.217,23.578,23.652
1753401600,23.652,23.686,22.873,23.088
1753416000,23.088,23.382,22.846,23.084
1753430400,23.084,23.897,23.061,23.707
1753444800,23.707,23.878,22.937,23.194
1753459200,23.194,23.541,23.07,23.404
1753473600,23.404,24.033,23.393,24.004
1753488000,24.004,24.158,23.848,24.066
1753502400,24.066,24.189,24.029,24.085
1753516800,24.085,24.422,24.081,24.317
1753531200,24.317,24.944,24.2,24.827
1753545600,24.827,25.783,24.523,25.431
1753560000,25.431,25.492,24.879,24.93
1753574400,24.93,25.096,24.846,24.932
1753588800,24.932,25.248,24.921,25.003
1753603200,25.003,25.151,24.746,24.926
1753617600,24.926,25.117,24.807,25.029
1753632000,25.029,25.553,25.026,25.43
1753646400,25.43,26.478,25.388,26.056
1753660800,26.056,26.337,25.765,26.143
1753675200,26.143,26.784,26.126,26.555
1753689600,26.555,27.357,26.491,27.305
1753704000,27.305,27.407,25.902,26.067
1753718400,26.067,26.201,25.36,25.53
1753732800,25.53,25.575,24.973,25.196
1753747200,25.196,25.396,24.413,25.017
1753761600,25.017,25.503,24.824,25.452
1753776000,25.452,25.504,24.512,24.718
1753790400,24.718,25.181,24.191,24.299
1753804800,24.299,24.548,24.017,24.068
1753819200,24.068,24.445,23.861,24.357
1753833600,24.357,24.496,23.996,24.279
1753848000,24.279,24.363,23.926,23.992
1753862400,23.992,24.167,23.325,23.424
1753876800,23.424,23.634,23.113,23.214
1753891200,23.214,23.66,22.417,23.212
1753905600,23.212,23.452,22.989,23.301
1753920000,23.301,23.721,23.204,23.676
1753934400,23.676,24.063,23.633,23.872
1753948800,23.872,24.101,23.578,23.655
1753963200,23.655,23.687,22.786,23.089
1753977600,23.089,23.518,22.75,22.805
1753992000,22.805,22.966,22.376,22.454
1754006400,22.454,22.565,21.792,22.407
1754020800,22.407,22.405,21.752,22.147
1754035200,22.147,22.145,21.615,22.119
1754049600,22.119,22.386,21.571,22.079
1754064000,22.079,22.234,21.486,21.897
1754078400,21.897,21.983,21.016,21.509
1754092800,21.509,21.763,21.457,21.695
1754107200,21.695,21.811,21.167,21.656
1754121600,21.656,21.716,21.238,21.483
1754136000,21.483,21.652,21.134,21.21
1754150400,21.21,21.312,20.652,20.867
1754164800,20.867,21.134,20.685,20.851
1754179200,20.851,21.195,20.566,21.128
1754193600,21.128,21.236,21.057,21.164
1754208000,21.164,21.472,21.135,21.352
1754222400,21.352,21.473,21.227,21.415
1754236800,21.415,21.524,21.301,21.386
1754251200,21.386,21.522,21.261,21.355
1754265600,21.355,21.912,21.327,21.75
1754280000,21.75,21.986,21.711,21.918
1754294400,21.918,22.034,21.711,21.827
1754308800,21.827,22.584,21.767,22.339
1754323200,22.339,22.839,22.252,22.296
1754337600,22.296,23.101,22.256,23.098
1754352000,23.098,23.124,22.651,22.717
1754366400,22.717,22.829,22.141,22.208
1754380800,22.208,22.824,22.165,22.653
1754395200,22.653,22.689,21.622,21.71
1754409600,21.71,21.939,21.618,21.671
1754424000,21.671,21.928,21.418,21.892
1754438400,21.892,21.942,21.598,21.649
1754452800,21.649,22.299,21.558,22.237
1754467200,22.237,22.282,21.895,21.936
1754481600,21.936,22.364,21.757,22.331
1754496000,22.331,22.389,22.007,22.249
1754510400,22.249,22.289,22.095,22.219
1754524800,22.219,22.337,21.968,21.994
1754539200,21.994,22.302,21.938,22.201
1754553600,22.201,22.888,22.193,22.771
1754568000,22.771,22.816,22.493,22.651
1754582400,22.651,22.882,22.177,22.858
1754596800,22.858,23.357,22.832,23.351
1754611200,23.351,23.682,23.003,23.273
1754625600,23.273,23.566,23.033,23.478
1754640000,23.478,23.603,23.31,23.499
1754654400,23.499,23.804,23.042,23.181
1754668800,23.181,23.847,23.153,23.805
1754683200,23.805,23.869,23.67,23.797
1754697600,23.797,24.191,23.733,23.995
1754712000,23.995,24.683,23.935,24.411
1754726400,24.411,24.758,24.348,24.583
1754740800,24.583,24.807,24.036,24.163
1754755200,24.163,24.574,24.163,24.48
1754769600,24.48,24.813,24.169,24.241
1754784000,24.241,24.502,24.045,24.398
1754798400,24.398,24.552,23.46,23.482
1754812800,23.482,23.706,23.257,23.529
1754827200,23.529,24.047,23.446,23.948
1754841600,23.948,24.023,23.742,23.906
1754856000,23.906,23.926,23.542,23.832
1754870400,23.832,24.474,23.661,24.403
1754884800,24.403,24.618,24.032,24.092
1754899200,24.092,24.358,23.279,23.376
1754913600,23.376,23.739,23.066,23.736
1754928000,23.736,24.049,23.101,23.238
1754942400,23.238,23.257,22.635,22.776
1754956800,22.776,23.261,22.725,22.998
1754971200,22.998,23.202,22.793,23.118
1754985600,23.118,23.213,22.748,22.972
1755000000,22.972,24.239,22.872,24.2
1755014400,24.2,24.63,24.138,24.61
1755028800,24.61,24.919,24.557,24.689
1755043200,24.689,25.057,24.384,24.985
1755057600,24.985,25.148,24.426,24.766
1755072000,24.766,25.455,24.752,25.057
1755086400,25.057,25.422,24.745,25.0
1755100800,25.0,25.393,24.992,25.364
1755115200,25.364,25.686,25.227,25.482
1755129600,25.482,26.006,25.25,25.948
1755144000,25.948,25.974,25.109,25.299
1755158400,25.299,25.316,24.754,25.046
1755172800,25.046,25.128,23.245,23.871
1755187200,23.871,23.904,23.361,23.596
1755201600,23.596,23.707,23.175,23.645
1755216000,23.645,24.882,23.609,24.862
1755230400,24.862,25.656,24.607,25.415
1755244800,25.415,25.463,24.565,24.574
1755259200,24.574,24.756,23.563,23.681
1755273600,23.681,24.219,23.443,23.523
1755288000,23.523,24.129,23.453,23.751
1755302400,23.751,24.124,23.689,23.872
1755316800,23.872,23.993,23.618,23.985
1755331200,23.985,24.084,23.556,23.594
1755345600,23.594,24.253,23.561,24.2
1755360000,24.2,24.287,23.893,24.155
1755374400,24.155,24.365,24.123,24.289
1755388800,24.289,24.461,24.016,24.417
1755403200,24.417,24.754,24.411,24.55
1755417600,24.55,24.934,24.481,24.825
1755432000,24.825,25.437,24.573,25.417
1755446400,25.417,25.679,24.918,25.067
1755460800,25.067,25.297,25.0,25.061
1755475200,25.061,25.319,23.701,23.937
1755489600,23.937,24.124,23.423,23.514
1755504000,23.514,23.89,23.34,23.678
1755518400,23.678,24.165,23.37,23.761
1755532800,23.761,23.996,23.405,23.828
1755547200,23.828,24.129,23.559,23.681
1755561600,23.681,24.051,23.05,23.101
1755576000,23.101,23.292,22.912,23.023
1755590400,23.023,23.393,22.85,23.339
1755604800,23.339,23.473,22.666,22.775
1755619200,22.775,22.845,22.341,22.499
1755633600,22.499,22.736,22.299,22.35
1755648000,22.35,22.787,22.231,22.676
1755662400,22.676,22.973,22.677,22.768
1755676800,22.768,23.025,22.538,22.814
1755691200,22.814,23.343,22.347,23.096
1755705600,23.096,23.532,22.949,23.522
1755720000,23.522,23.544,23.34,23.446
1755734400,23.446,23.618,23.156,23.4
1755748800,23.4,23.523,23.201,23.398
1755763200,23.398,23.435,23.009,23.105
1755777600,23.105,23.408,22.895,22.929
1755792000,22.929,23.084,22.716,22.828
1755806400,22.828,23.054,22.707,22.768
1755820800,22.768,23.215,22.668,22.873
1755835200,22.873,23.138,22.79,23.047
1755849600,23.047,23.213,22.559,22.568
1755864000,22.568,24.51,22.184,24.262
1755878400,24.262,25.204,24.263,25.074
1755892800,25.074,25.41,25.052,25.265
1755907200,25.265,25.328,24.484,24.957
1755921600,24.957,25.588,24.919,25.329
1755936000,25.329,26.055,25.214,25.905
1755950400,25.905,26.777,25.574,25.658
1755964800,25.658,25.998,25.251,25.99
1755979200,25.99,26.311,25.722,26.262
1755993600,26.262,26.302,25.863,25.929
1756008000,25.929,25.994,25.454,25.455
1756022400,25.455,25.59,24.933,25.065
1756036800,25.065,25.907,25.028,25.517
1756051200,25.517,26.573,25.292,25.805
1756065600,25.805,25.911,25.183,25.825
1756080000,25.825,25.987,25.161,25.499
1756094400,25.499,25.557,24.162,24.278
1756108800,24.278,24.437,23.965,24.255
1756123200,24.255,24.546,24.057,24.173
1756137600,24.173,24.337,23.492,23.535
1756152000,23.535,23.658,23.022,23.338
1756166400,23.338,23.657,23.076,23.309
1756180800,23.309,23.562,23.101,23.285
1756195200,23.285,23.575,23.189,23.404
1756209600,23.404,23.961,23.152,23.676
1756224000,23.676,24.29,23.624,24.214
1756238400,24.214,24.321,24.013,24.169
1756252800,24.169,24.514,23.861,24.437
1756267200,24.437,24.619,24.146,24.312
1756281600,24.312,24.582,24.228,24.501
1756296000,24.501,25.322,24.463,24.982
1756310400,24.982,25.199,24.526,24.666
1756324800,24.666,25.069,24.361,24.419
1756339200,24.419,24.748,24.242,24.677
1756353600,24.677,24.876,24.515,24.703
1756368000,24.703,24.964,24.379,24.492
1756382400,24.492,25.068,24.394,24.582
1756396800,24.582,24.694,24.147,24.148
1756411200,24.148,24.933,24.12,24.929
1756425600,24.929,25.197,24.609,25.1
1756440000,25.1,25.189,24.056,24.144
1756454400,24.144,24.219,23.484,23.737
1756468800,23.737,24.423,23.384,23.516
1756483200,23.516,23.673,23.188,23.452
1756497600,23.452,23.609,23.207,23.537
1756512000,23.537,23.715,23.094,23.534
1756526400,23.534,23.874,23.529,23.81
1756540800,23.81,23.812,23.507,23.742
1756555200,23.742,23.919,23.357,23.915
1756569600,23.915,23.934,23.608,23.729
1756584000,23.729,23.815,23.561,23.769
1756598400,23.769,24.067,23.758,24.024
1756612800,24.024,24.032,23.781,23.858
1756627200,23.858,24.195,23.813,24.016
1756641600,24.016,24.125,23.835,24.046
1756656000,24.046,24.049,23.784,23.798
1756670400,23.798,23.928,23.361,23.383
1756684800,23.383,23.492,23.038,23.152
1756699200,23.152,23.786,22.844,23.78
1756713600,23.78,24.333,23.689,23.76
1756728000,23.76,23.969,23.568,23.654
1756742400,23.654,23.834,23.376,23.559
1756756800,23.559,23.566,22.651,23.204
1756771200,23.204,23.76,23.015,23.678
1756785600,23.678,24.114,23.6,23.897
1756800000,23.897,24.286,23.824,23.997
1756814400,23.997,24.228,23.502,23.608
1756828800,23.608,24.005,23.582,23.841
1756843200,23.841,24.501,23.802,24.467
1756857600,24.467,24.694,24.269,24.392
1756872000,24.392,24.781,24.303,24.742
1756886400,24.742,25.783,24.729,24.994
1756900800,24.994,25.486,24.883,25.449
1756915200,25.449,25.593,25.155,25.349
1756929600,25.349,25.372,25.142,25.197
1756944000,25.197,25.268,25.039,25.132
1756958400,25.132,25.228,24.657,24.759
1756972800,24.759,24.956,24.586,24.59
1756987200,24.59,24.842,24.532,24.715
1757001600,24.715,24.768,24.167,24.211
1757016000,24.211,24.581,24.176,24.206
1757030400,24.206,24.337,23.849,24.333
1757044800,24.333,24.882,24.212,24.842
1757059200,24.842,24.879,24.581,24.762
1757073600,24.762,25.095,24.138,24.303
1757088000,24.303,24.449,24.17,24.414
1757102400,24.414,24.564,24.193,24.465
1757116800,24.465,24.528,24.291,24.405
1757131200,24.405,24.406,24.187,24.247
1757145600,24.247,24.263,24.078,24.147
1757160000,24.147,24.395,24.114,24.214
1757174400,24.214,24.612,24.179,24.321
1757188800,24.321,24.47,24.311,24.369
1757203200,24.369,24.669,24.327,24.572
1757217600,24.572,24.722,24.482,24.538
1757232000,24.538,24.719,24.374,24.481
1757246400,24.481,24.688,24.386,24.606
1757260800,24.606,24.623,24.253,24.529
1757275200,24.529,24.939,24.456,24.683
1757289600,24.683,25.013,24.533,24.869
1757304000,24.869,25.032,24.611,24.876
1757318400,24.876,25.424,24.869,25.168
1757332800,25.168,25.801,25.051,25.725
1757347200,25.725,25.775,25.325,25.358
1757361600,25.358,25.478,25.196,25.283
1757376000,25.283,25.412,24.903,25.148
1757390400,25.148,26.144,25.028,25.909
1757404800,25.909,26.253,25.861,25.986
1757419200,25.986,26.36,25.611,25.931
1757433600,25.931,26.158,25.798,25.896
1757448000,25.896,26.053,25.798,25.932
1757462400,25.932,26.301,25.742,26.218
1757476800,26.218,27.105,26.133,26.921
1757491200,26.921,26.982,26.376,26.876
1757505600,26.876,28.97,26.877,28.669
1757520000,28.669,29.156,28.393,28.536
1757534400,28.536,29.514,28.472,29.471
1757548800,29.471,29.479,28.814,29.407
1757563200,29.407,30.005,28.533,28.767
1757577600,28.767,29.149,28.704,28.957
1757592000,28.957,29.193,28.34,28.919
1757606400,28.919,29.094,28.805,28.975
1757620800,28.975,29.214,28.71,29.132
1757635200,29.132,29.392,28.708,28.771
1757649600,28.771,29.061,28.465,28.663
1757664000,28.663,28.67,28.312,28.331
1757678400,28.331,28.815,28.216,28.531
1757692800,28.531,28.669,28.412,28.618
1757707200,28.618,28.984,28.497,28.966
1757721600,28.966,30.301,28.726,30.226
1757736000,30.226,31.235,30.093,30.849
1757750400,30.849,31.1,29.974,30.465
1757764800,30.465,30.5,29.714,29.813
1757779200,29.813,29.941,29.259,29.598
1757793600,29.598,30.084,29.591,30.07
1757808000,30.07,30.198,29.718,29.756
1757822400,29.756,30.609,29.613,29.953
1757836800,29.953,30.354,29.624,29.664
1757851200,29.664,29.863,28.966,29.105
1757865600,29.105,29.804,29.043,29.594
1757880000,29.594,30.402,29.321,29.432
1757894400,29.432,29.788,29.215,29.618
1757908800,29.618,30.281,29.031,29.167
1757923200,29.167,29.164,28.23,28.821
1757937600,28.821,29.006,28.301,28.474
1757952000,28.474,29.244,28.287,29.109
1757966400,29.109,30.438,29.059,29.793
1757980800,29.793,29.886,29.308,29.344
1757995200,29.344,30.674,29.166,30.611
1758009600,30.611,30.969,30.363,30.441
1758024000,30.441,30.559,29.659,30.105
1758038400,30.105,30.426,29.881,29.966
1758052800,29.966,30.176,29.886,30.056
1758067200,30.056,30.195,29.708,29.711
1758081600,29.711,30.243,29.512,30.103
1758096000,30.103,30.149,29.813,29.903
1758110400,29.903,30.006,29.37,29.488
1758124800,29.488,30.337,29.364,30.055
1758139200,30.055,32.002,29.744,31.823
1758153600,31.823,33.033,31.632,32.903
1758168000,32.903,33.283,32.396,32.804
1758182400,32.804,33.138,32.654,32.772
1758196800,32.772,33.486,32.702,33.136
1758211200,33.136,34.875,33.087,34.707
1758225600,34.707,35.426,34.607,35.197
1758240000,35.197,35.806,34.735,34.775
1758254400,34.775,34.884,33.914,34.426
1758268800,34.426,34.613,33.786,33.959
1758283200,33.959,34.307,33.5,33.936
1758297600,33.936,34.37,33.755,33.792
1758312000,33.792,33.95,33.32,33.718
1758326400,33.718,34.093,33.469,33.645
1758340800,33.645,34.045,33.619,33.921
1758355200,33.921,33.93,32.843,33.061
1758369600,33.061,34.012,32.887,33.588
1758384000,33.588,33.75,33.003,33.249
1758398400,33.249,33.431,33.077,33.154
1758412800,33.154,33.278,32.768,33.269
1758427200,33.269,33.288,32.861,32.963
1758441600,32.963,33.593,32.571,32.854
1758456000,32.854,33.138,32.809,33.033
1758470400,33.033,33.245,32.615,33.211
1758484800,33.211,33.289,32.958,33.021
1758499200,33.021,33.124,31.27,31.786
1758513600,31.786,31.922,27.866,30.531
1758528000,30.531,31.453,30.451,31.093
1758542400,31.093,32.043,31.014,31.941
1758556800,31.941,32.159,31.354,31.359
1758571200,31.359,33.972,31.316,33.859
1758585600,33.859,35.759,32.755,34.936
1758600000,34.936,35.583,34.017,34.958
1758614400,34.958,35.514,34.257,34.441
1758628800,34.441,36.154,34.068,35.139
1758643200,35.139,35.246,33.632,33.76
1758657600,33.76,33.972,33.407,33.586
1758672000,33.586,34.801,33.201,33.248
1758686400,33.248,34.467,32.917,34.121
1758700800,34.121,34.416,34.011,34.142
1758715200,34.142,34.745,34.102,34.477
1758729600,34.477,34.827,34.202,34.207
1758744000,34.207,34.26,32.253,32.291
1758758400,32.291,32.765,31.692,31.825
1758772800,31.825,31.828,30.669,30.71
1758787200,30.71,31.12,30.413,30.587
1758801600,30.587,30.727,30.057,30.237
1758816000,30.237,30.252,28.855,29.466
1758830400,29.466,29.502,28.531,28.628
1758844800,28.628,29.064,27.9,28.244
1758859200,28.244,28.476,27.678,28.261
1758873600,28.261,28.565,27.408,27.568
1758888000,27.568,27.901,27.053,27.874
1758902400,27.874,29.574,27.808,28.701
1758916800,28.701,29.118,28.589,29.081
1758931200,29.081,29.086,28.641,28.74
1758945600,28.74,28.959,28.596,28.659
1758960000,28.659,28.661,28.277,28.332
1758974400,28.332,28.832,28.221,28.673
1758988800,28.673,28.778,28.395,28.752
1759003200,28.752,28.961,28.591,28.736
1759017600,28.736,28.877,28.184,28.255
1759032000,28.255,28.414,28.073,28.37
1759046400,28.37,28.773,28.03,28.111
1759060800,28.111,28.924,27.921,28.807
1759075200,28.807,29.11,28.797,28.993
1759089600,28.993,30.178,28.951,29.982
1759104000,29.982,30.218,29.442,29.747
1759118400,29.747,29.793,29.248,29.561
1759132800,29.561,29.982,29.129,29.675
1759147200,29.675,30.537,29.148,30.443
1759161600,30.443,30.7,30.014,30.464
1759176000,30.464,30.818,30.339,30.393
1759190400,30.393,30.691,29.82,29.861
1759204800,29.861,29.927,29.415,29.505
1759219200,29.505,29.757,29.187,29.424
1759233600,29.424,29.458,28.811,29.057
1759248000,29.057,30.086,28.809,30.014
1759262400,30.014,30.374,29.769,30.011
1759276800,30.011,30.231,29.619,29.645
1759291200,29.645,30.089,29.612,30.001
1759305600,30.001,31.087,29.995,30.783
1759320000,30.783,30.822,30.339,30.566
1759334400,30.566,30.721,30.447,30.592
1759348800,30.592,30.721,30.435,30.721
1759363200,30.721,31.373,30.483,30.855
1759377600,30.855,30.941,30.553,30.567
1759392000,30.567,30.643,30.401,30.511
1759406400,30.511,30.731,29.491,29.994
1759420800,29.994,31.132,29.924,31.006
1759435200,31.006,31.234,30.809,30.964
1759449600,30.964,31.006,30.449,30.747
1759464000,30.747,30.906,30.066,30.159
1759478400,30.159,30.479,29.971,30.138
1759492800,30.138,31.252,30.016,31.229
1759507200,31.229,31.557,30.413,31.164
1759521600,31.164,31.485,31.119,31.316
1759536000,31.316,31.438,31.048,31.223
1759550400,31.223,31.378,30.766,30.789
1759564800,30.789,30.794,30.238,30.306
1759579200,30.306,30.525,29.838,29.914
1759593600,29.914,30.074,29.854,30.012
1759608000,30.012,30.279,30.002,30.092
1759622400,30.092,30.681,29.807,30.461
1759636800,30.461,31.076,30.357,31.066
1759651200,31.066,31.199,30.055,30.315
1759665600,30.315,30.328,29.935,30.224
1759680000,30.224,30.289,29.657,29.687
1759694400,29.687,30.094,29.616,30.051
1759708800,30.051,30.376,29.918,30.238
1759723200,30.238,30.464,30.116,30.292
1759737600,30.292,30.795,30.293,30.495
1759752000,30.495,30.977,30.419,30.834
1759766400,30.834,31.027,30.639,30.837
1759780800,30.837,30.957,30.514,30.611
1759795200,30.611,30.724,30.301,30.341
1759809600,30.341,30.579,30.029,30.089
1759824000,30.089,30.089,29.501,30.0
1759838400,30.0,30.001,28.423,28.517
1759852800,28.517,28.741,28.066,28.092
1759867200,28.092,28.415,27.804,27.914
1759881600,27.914,28.339,27.855,27.958
1759896000,27.958,28.283,27.827,28.277
1759910400,28.277,28.469,28.148,28.285
1759924800,28.285,28.744,28.189,28.277
1759939200,28.277,29.622,28.232,29.183
1759953600,29.183,29.245,28.759,28.805
1759968000,28.805,28.892,28.101,28.393
1759982400,28.393,28.551,28.274,28.352
1759996800,28.352,28.442,27.958,28.299
1760011200,28.299,28.707,27.819,27.945
1760025600,27.945,28.179,27.568,28.069
1760040000,28.069,28.453,27.963,28.375
1760054400,28.375,28.569,28.261,28.357
1760068800,28.357,28.613,28.195,28.214
1760083200,28.214,28.409,28.024,28.25
1760097600,28.25,28.476,26.601,26.979
1760112000,26.979,27.099,26.051,26.417
1760126400,26.417,26.675,9.58,20.611
1760140800,20.611,22.826,20.334,21.924
1760155200,21.924,22.637,21.721,22.188
1760169600,22.188,23.356,22.093,22.66
1760184000,22.66,22.948,21.963,22.796
1760198400,22.796,23.134,21.756,21.876
1760212800,21.876,21.948,20.925,21.436
1760227200,21.436,21.468,20.649,21.002
1760241600,21.002,21.547,20.985,21.354
1760256000,21.354,21.442,20.905,21.077
1760270400,21.077,22.529,20.749,22.331
1760284800,22.331,23.091,22.268,22.992
1760299200,22.992,23.305,22.251,22.478
1760313600,22.478,22.562,21.85,22.202
1760328000,22.202,22.867,22.097,22.682
1760342400,22.682,23.044,21.708,22.174
1760356800,22.174,22.931,22.006,22.792
1760371200,22.792,24.042,22.62,23.83
1760385600,23.83,24.022,23.69,23.798
1760400000,23.798,23.883,23.171,23.326
1760414400,23.326,23.354,21.976,22.134
1760428800,22.134,22.729,21.934,22.396
1760443200,22.396,22.817,21.795,22.774
1760457600,22.774,23.118,22.325,22.563
1760472000,22.563,22.833,22.468,22.723
1760486400,22.723,22.891,22.353,22.462
1760500800,22.462,22.978,22.38,22.953
1760515200,22.953,23.263,22.393,22.546
1760529600,22.546,22.569,21.749,21.911
1760544000,21.911,22.146,21.587,21.976
1760558400,21.976,22.075,21.539,21.885
1760572800,21.885,22.125,21.772,21.912
1760587200,21.912,22.083,21.695,21.857
1760601600,21.857,22.305,20.937,22.248
1760616000,22.248,22.38,21.032,21.129
1760630400,21.129,21.502,20.559,20.767
1760644800,20.767,21.002,20.568,20.959
1760659200,20.959,21.253,20.837,20.96
1760673600,20.96,20.975,19.342,19.387
1760688000,19.387,20.024,19.017,19.812
1760702400,19.812,19.979,19.388,19.927
1760716800,19.927,20.237,19.792,19.92
1760731200,19.92,20.292,19.878,19.943
1760745600,19.943,20.197,19.882,20.028
1760760000,20.028,20.41,19.851,20.158
1760774400,20.158,20.339,20.09,20.203
1760788800,20.203,20.299,19.851,20.015
1760803200,20.015,20.182,19.816,20.152
1760817600,20.152,20.274,20.081,20.205
1760832000,20.205,20.283,19.986,20.264
1760846400,20.264,20.279,19.857,19.945
1760860800,19.945,20.601,19.744,20.384
1760875200,20.384,20.824,20.295,20.726
1760889600,20.726,20.829,20.541,20.711
1760904000,20.711,20.808,20.556,20.582
1760918400,20.582,21.064,20.152,21.002
1760932800,21.002,21.199,20.841,20.902
1760947200,20.902,20.941,20.605,20.762
1760961600,20.762,20.856,20.534,20.596
1760976000,20.596,20.598,20.223,20.513
1760990400,20.513,20.619,20.324,20.332
1761004800,20.332,20.36,19.804,19.845
1761019200,19.845,19.845,19.457,19.758
1761033600,19.758,20.015,19.587,19.969
1761048000,19.969,20.841,19.804,20.764
1761062400,20.764,20.839,20.226,20.395
1761076800,20.395,20.421,19.468,19.531
1761091200,19.531,19.645,19.337,19.439
1761105600,19.439,19.639,19.279,19.557
1761120000,19.557,19.672,19.113,19.575
1761134400,19.575,19.709,19.244,19.535
1761148800,19.535,19.584,18.82,19.059
1761163200,19.059,19.115,18.396,19.006
1761177600,19.006,19.199,18.964,19.103
1761192000,19.103,19.567,19.081,19.535
1761206400,19.535,19.604,19.389,19.409
1761220800,19.409,19.614,19.252,19.543
1761235200,19.543,19.74,19.36,19.373
1761249600,19.373,19.378,18.982,19.119
1761264000,19.119,19.273,19.012,19.209
1761278400,19.209,19.65,19.167,19.488
1761292800,19.488,19.665,19.362,19.486
1761307200,19.486,19.946,19.215,19.257
1761321600,19.257,19.565,19.123,19.509
1761336000,19.509,19.636,19.468,19.493
1761350400,19.493,19.513,19.321,19.328
1761364800,19.328,19.451,19.289,19.346
1761379200,19.346,19.44,19.229,19.326
1761393600,19.326,19.554,19.311,19.519
1761408000,19.519,19.825,19.452,19.733
1761422400,19.733,19.764,19.643,19.711
1761436800,19.711,19.799,19.333,19.378
1761451200,19.378,19.714,19.354,19.698
1761465600,19.698,20.385,19.696,20.356
1761480000,20.356,20.656,20.255,20.401
1761494400,20.401,20.413,20.197,20.303
1761508800,20.303,20.942,20.102,20.815
1761523200,20.815,21.028,20.723,20.797
1761537600,20.797,21.082,20.662,20.806
1761552000,20.806,20.897,20.409,20.554
1761566400,20.554,20.573,20.232,20.446
1761580800,20.446,20.782,20.445,20.593
1761595200,20.593,20.629,20.157,20.318
1761609600,20.318,20.465,20.143,20.213
1761624000,20.213,20.482,19.978,20.293
1761638400,20.293,20.511,20.159,20.179
1761652800,20.179,20.476,19.752,19.987
1761667200,19.987,20.171,19.55,19.63
1761681600,19.63,19.628,19.127,19.462
1761696000,19.462,19.539,19.364,19.446
1761710400,19.446,19.624,19.436,19.591
1761724800,19.591,19.754,19.425,19.721
1761739200,19.721,19.849,19.336,19.425
1761753600,19.425,20.19,19.307,19.939
1761768000,19.939,20.154,19.546,19.652
1761782400,19.652,19.958,19.502,19.824
1761796800,19.824,19.879,19.045,19.826
1761811200,19.826,19.885,19.186,19.224
1761825600,19.224,19.239,18.132,18.219
1761840000,18.219,18.316,17.516,17.581
1761854400,17.581,18.131,17.53,18.101
1761868800,18.101,18.393,18.047,18.255
1761883200,18.255,18.465,18.214,18.244
1761897600,18.244,18.514,18.197,18.487
1761912000,18.487,18.568,18.247,18.267
1761926400,18.267,18.369,17.776,18.265
1761940800,18.265,18.27,18.038,18.183
1761955200,18.183,18.44,18.076,18.408
1761969600,18.408,18.511,18.281,18.496
1761984000,18.496,18.702,18.446,18.659
1761998400,18.659,18.733,18.405,18.624
1762012800,18.624,18.729,18.551,18.636
1762027200,18.636,18.727,18.49,18.711
1762041600,18.711,18.799,18.613,18.679
1762056000,18.679,18.999,18.652,18.949
1762070400,18.949,18.979,18.578,18.821
1762084800,18.821,18.836,18.182,18.266
1762099200,18.266,18.307,18.083,18.146
1762113600,18.146,18.902,18.085,18.801
1762128000,18.801,18.907,17.489,17.527
1762142400,17.527,17.753,17.148,17.465
1762156800,17.465,17.626,17.174,17.467
1762171200,17.467,17.676,15.901,16.354
1762185600,16.354,17.085,16.266,16.768
1762200000,16.768,16.804,16.402,16.645
1762214400,16.645,16.991,16.458,16.899
1762228800,16.899,16.999,15.964,16.149
1762243200,16.149,16.796,16.079,16.709
1762257600,16.709,16.845,16.312,16.411
1762272000,16.411,16.479,15.306,15.588
1762286400,15.588,16.187,14.984,15.98
1762300800,15.98,16.475,15.281,16.432
1762315200,16.432,16.619,16.314,16.537
1762329600,16.537,16.58,16.219,16.553
1762344000,16.553,16.805,16.462,16.749
1762358400,16.749,16.985,16.566,16.769
1762372800,16.769,16.84,16.551,16.602
1762387200,16.602,16.688,16.369,16.631
1762401600,16.631,16.721,16.212,16.273
1762416000,16.273,16.422,16.193,16.283
1762430400,16.283,16.41,15.775,15.84
1762444800,15.84,16.173,15.589,16.108
1762459200,16.108,16.213,15.918,16.119
1762473600,16.119,16.511,16.043,16.446
1762488000,16.446,16.929,16.329,16.912
1762502400,16.912,17.023,16.274,16.449
1762516800,16.449,16.879,16.08,16.802
1762531200,16.802,17.958,16.741,17.815
1762545600,17.815,18.035,17.662,17.74
1762560000,17.74,18.399,17.67,17.834
1762574400,17.834,18.068,17.558,17.853
1762588800,17.853,17.987,17.654,17.781
1762603200,17.781,17.781,17.084,17.13
1762617600,17.13,17.368,17.009,17.275
1762632000,17.275,17.488,17.235,17.487
1762646400,17.487,17.512,16.795,16.877
1762660800,16.877,17.129,16.872,17.124
1762675200,17.124,17.346,16.881,17.266
1762689600,17.266,17.872,17.229,17.684
1762704000,17.684,17.882,17.451,17.881
1762718400,17.881,17.902,17.589,17.764
1762732800,17.764,18.118,17.635,17.981
1762747200,17.981,18.113,17.871,17.992
1762761600,17.992,18.298,17.783,18.083
1762776000,18.083,18.328,17.795,17.931
1762790400,17.931,18.13,17.692,17.997
1762804800,17.997,18.351,17.805,18.167
1762819200,18.167,18.599,17.967,18.343
1762833600,18.343,18.367,17.523,17.547
1762848000,17.547,17.864,17.483,17.783
1762862400,17.783,17.88,17.556,17.614
1762876800,17.614,17.715,17.227,17.258
1762891200,17.258,17.279,16.961,16.994
1762905600,16.994,17.157,16.901,17.111
1762920000,17.111,17.45,17.045,17.131
1762934400,17.131,17.636,17.13,17.549
1762948800,17.549,17.75,16.968,17.021
1762963200,17.021,17.077,16.62,16.775
1762977600,16.775,16.972,16.727,16.805
1762992000,16.805,17.639,16.783,17.435
1763006400,17.435,17.685,17.275,17.392
1763020800,17.392,17.526,17.209,17.259
1763035200,17.259,17.425,16.874,16.954
1763049600,16.954,17.023,15.896,15.966
1763064000,15.966,16.309,15.746,16.088
1763078400,16.088,16.168,15.873,15.916
1763092800,15.916,16.071,15.347,15.918
1763107200,15.918,15.93,15.308,15.382
1763121600,15.382,15.644,15.072,15.502
1763136000,15.502,15.707,15.308,15.646
1763150400,15.646,15.655,14.823,15.112
1763164800,15.112,15.603,15.089,15.582
1763179200,15.582,15.719,15.513,15.621
1763193600,15.621,15.631,15.317,15.446
1763208000,15.446,15.69,15.411,15.608
1763222400,15.608,15.773,15.485,15.679
1763236800,15.679,15.709,15.435,15.519
1763251200,15.519,15.704,15.255,15.682
1763265600,15.682,15.767,15.579,15.733
1763280000,15.733,15.847,15.408,15.441
1763294400,15.441,15.558,15.053,15.074
1763308800,15.074,15.187,14.606,14.925
1763323200,14.925,15.252,14.717,15.132
1763337600,15.132,15.678,14.972,15.535
1763352000,15.535,15.763,15.505,15.631
1763366400,15.631,15.718,15.581,15.609
1763380800,15.609,15.881,15.1,15.239
1763395200,15.239,15.366,14.336,14.366
1763409600,14.366,14.699,14.253,14.511
1763424000,14.511,14.557,14.029,14.488
1763438400,14.488,14.682,14.323,14.528
1763452800,14.528,14.728,14.526,14.579
1763467200,14.579,14.809,14.357,14.726
1763481600,14.726,14.916,14.675,14.728
1763496000,14.728,14.788,14.496,14.581
1763510400,14.581,14.686,14.382,14.427
1763524800,14.427,14.457,13.929,14.347
1763539200,14.347,14.589,14.244,14.436
1763553600,14.436,14.572,14.024,14.051
1763568000,14.051,14.149,13.688,13.774
1763582400,13.774,14.337,13.733,14.282
1763596800,14.282,14.399,14.222,14.337
1763611200,14.337,14.437,14.225,14.358
1763625600,14.358,14.406,14.218,14.401
1763640000,14.401,14.526,14.198,14.221
1763654400,14.221,14.235,13.484,13.749
1763668800,13.749,13.985,13.625,13.803
1763683200,13.803,13.984,13.675,13.764
1763697600,13.764,13.775,12.291,13.166
1763712000,13.166,13.412,12.855,12.914
1763726400,12.914,13.306,12.626,12.99
1763740800,12.99,13.454,12.824,13.286
1763755200,13.286,13.362,13.171,13.279
1763769600,13.279,13.321,13.239,13.271
1763784000,13.271,13.324,13.207,13.28
1763798400,13.28,13.336,13.145,13.261
1763812800,13.261,13.268,13.013,13.177
1763827200,13.177,13.271,13.157,13.223
1763841600,13.223,13.379,13.184,13.23
1763856000,13.23,13.381,13.203,13.338
1763870400,13.338,13.433,13.225,13.284
1763884800,13.284,13.364,13.218,13.281
1763899200,13.281,13.424,13.261,13.406
1763913600,13.406,13.431,13.263,13.368
1763928000,13.368,13.461,13.261,13.266
1763942400,13.266,13.494,13.148,13.449
1763956800,13.449,13.586,13.283,13.438
1763971200,13.438,13.457,13.261,13.387
1763985600,13.387,13.579,13.251,13.502
1764000000,13.502,13.998,13.501,13.912
1764014400,13.912,14.037,13.879,13.889
1764028800,13.889,13.942,13.834,13.894
1764043200,13.894,13.937,13.82,13.874
1764057600,13.874,13.932,13.766,13.892
1764072000,13.892,13.936,13.693,13.906
1764086400,13.906,13.988,13.879,13.986
1764100800,13.986,14.373,13.964,14.167
1764115200,14.167,14.325,14.008,14.023
1764129600,14.023,14.086,13.987,14.081
1764144000,14.081,14.082,13.961,13.993
1764158400,13.993,14.007,13.898,13.96
1764172800,13.96,14.601,13.945,14.541
1764187200,14.541,14.945,14.505,14.945
1764201600,14.945,15.004,14.879,14.907
1764216000,14.907,14.96,14.857,14.938
1764230400,14.938,14.963,14.851,14.924
1764244800,14.924,14.969,14.891,14.954
1764259200,14.954,15.154,14.932,15.019
1764273600,15.019,15.067,14.97,15.011
1764288000,15.011,15.054,14.988,15.04
1764302400,15.04,15.074,14.991,15.002
1764316800,15.002,15.119,14.788,15.009
1764331200,15.009,15.256,14.98,15.086
1764345600,15.086,15.095,14.789,14.867
1764360000,14.867,14.881,14.783,14.837
1764374400,14.837,14.875,14.807,14.842
1764388800,14.842,14.901,14.653,14.669
1764403200,14.669,14.884,14.627,14.867
1764417600,14.867,14.875,14.739,14.848
1764432000,14.848,14.855,14.354,14.442
1764446400,14.442,14.442,14.178,14.239
1764460800,14.239,14.322,14.126,14.205
1764475200,14.205,14.213,13.972,14.128
1764489600,14.128,14.209,14.032,14.059
1764504000,14.059,14.294,14.041,14.159
1764518400,14.159,14.275,13.822,13.986
1764532800,13.986,14.022,13.648,13.706
1764547200,13.706,13.725,12.933,12.949
1764561600,12.949,13.086,12.867,13.065
1764576000,13.065,13.098,12.934,12.937
1764590400,12.937,12.973,12.61,12.693
1764604800,12.693,12.772,12.544,12.608
1764619200,12.608,12.852,12.583,12.745
1764633600,12.745,13.012,12.699,12.94
1764648000,12.94,13.031,12.856,13.013
1764662400,13.013,13.117,12.867,12.905
1764676800,12.905,13.721,12.837,13.671
1764691200,13.671,13.737,13.536,13.643
1764705600,13.643,13.756,13.559,13.624
1764720000,13.624,13.839,13.573,13.806
1764734400,13.806,14.347,13.79,14.121
1764748800,14.121,14.177,13.996,14.059
1764763200,14.059,14.289,13.871,14.163
1764777600,14.163,14.493,14.062,14.484
1764792000,14.484,15.075,14.403,14.775
1764806400,14.775,14.876,14.671,14.715
1764820800,14.715,14.752,14.675,14.711
1764835200,14.711,14.777,14.691,14.737
1764849600,14.737,14.854,14.625,14.74
1764864000,14.74,14.763,14.194,14.418
1764878400,14.418,14.496,14.348,14.391
1764892800,14.391,14.518,14.376,14.44
1764907200,14.44,14.473,14.317,14.36
1764921600,14.36,14.362,13.753,13.793
1764936000,13.793,13.866,13.564,13.669
1764950400,13.669,13.669,13.179,13.403
1764964800,13.403,13.415,13.106,13.201
1764979200,13.201,13.379,13.139,13.312
1764993600,13.312,13.318,13.196,13.226
1765008000,13.226,13.308,13.154,13.215
1765022400,13.215,13.341,13.159,13.308
1765036800,13.308,13.473,13.27,13.301
1765051200,13.301,13.456,13.285,13.394
1765065600,13.394,13.542,13.391,13.491
1765080000,13.491,13.509,13.358,13.392
1765094400,13.392,13.423,13.303,13.337
1765108800,13.337,13.436,12.943,13.411
1765123200,13.411,13.848,13.295,13.75
1765137600,13.75,13.812,13.258,13.473
1765152000,13.473,13.655,13.364,13.533
1765166400,13.533,13.728,13.527,13.681
1765180800,13.681,13.908,13.652,13.74
1765195200,13.74,13.816,13.506,13.572
1765209600,13.572,13.711,13.476,13.544
1765224000,13.544,13.745,13.539,13.637
1765238400,13.637,13.729,13.514,13.722
1765252800,13.722,13.766,13.531,13.724
1765267200,13.724,13.765,13.491,13.583
1765281600,13.583,14.176,13.541,14.131
1765296000,14.131,14.73,14.132,14.621
1765310400,14.621,14.661,14.475,14.599
1765324800,14.599,14.641,14.56,14.612
1765339200,14.612,14.622,14.549,14.605
1765353600,14.605,14.659,14.16,14.251
1765368000,14.251,14.315,14.138,14.238
1765382400,14.238,14.66,14.197,14.549
1765396800,14.549,14.821,14.085,14.107
1765411200,14.107,14.107,13.26,13.297
1765425600,13.297,13.476,13.227,13.377
1765440000,13.377,13.409,13.233,13.311
1765454400,13.311,13.352,12.915,12.991
1765468800,12.991,13.374,12.872,13.243
1765483200,13.243,13.607,13.227,13.408
1765497600,13.408,13.736,13.317,13.6
1765512000,13.6,13.786,13.546,13.647
1765526400,13.647,13.674,13.483,13.552
1765540800,13.552,13.647,12.798,12.886
1765555200,12.886,13.195,12.791,13.065
1765569600,13.065,13.169,13.019,13.102
1765584000,13.102,13.242,13.087,13.209
1765598400,13.209,13.454,13.191,13.324
1765612800,13.324,13.458,13.324,13.376
1765627200,13.376,13.396,13.215,13.359
1765641600,13.359,13.412,13.314,13.383
1765656000,13.383,13.393,13.232,13.362
1765670400,13.362,13.387,13.286,13.296
1765684800,13.296,13.311,13.177,13.236
1765699200,13.236,13.278,12.952,13.052
1765713600,13.052,13.129,12.968,13.015
1765728000,13.015,13.106,12.898,12.967
1765742400,12.967,13.013,12.706,12.868
1765756800,12.868,13.272,12.847,13.077
1765771200,13.077,13.321,13.077,13.189
1765785600,13.189,13.352,13.166,13.213
1765800000,13.213,13.216,12.413,12.487
1765814400,12.487,12.521,12.186,12.383
1765828800,12.383,12.383,12.241,12.339
1765843200,12.339,12.353,12.161,12.258
1765857600,12.258,12.332,12.047,12.185
1765872000,12.185,12.395,12.135,12.348
1765886400,12.348,12.397,11.903,12.348
1765900800,12.348,12.369,12.131,12.278
1765915200,12.278,12.374,12.263,12.336
1765929600,12.336,12.386,12.274,12.297
1765944000,12.297,12.316,12.064,12.215
1765958400,12.215,12.215,12.041,12.169
1765972800,12.169,12.651,12.066,12.148
1765987200,12.148,12.228,11.693,11.874
1766001600,11.874,11.978,11.775,11.856
1766016000,11.856,11.883,11.681,11.732
1766030400,11.732,11.79,11.646,11.752
1766044800,11.752,11.799,11.669,11.719
1766059200,11.719,12.313,11.682,12.182
1766073600,12.182,12.192,11.266,11.296
1766088000,11.296,11.569,11.288,11.431
1766102400,11.431,11.812,11.262,11.734
1766116800,11.734,12.08,11.606,11.929
1766131200,11.929,12.028,11.876,11.981
1766145600,11.981,12.409,11.935,12.184
1766160000,12.184,12.458,12.06,12.325
1766174400,12.325,12.383,12.239,12.25
1766188800,12.25,12.286,12.188,12.245
1766203200,12.245,12.337,12.192,12.325
1766217600,12.325,12.371,12.24,12.308
1766232000,12.308,12.308,12.162,12.265
1766246400,12.265,12.304,12.223,12.256
1766260800,12.256,12.276,12.118,12.202
1766275200,12.202,12.243,12.083,12.179
1766289600,12.179,12.191,12.105,12.117
1766304000,12.117,12.329,12.091,12.236
1766318400,12.236,12.281,11.944,12.087
1766332800,12.087,12.168,11.997,12.118
1766347200,12.118,12.245,11.976,12.14
1766361600,12.14,12.411,12.001,12.189
1766376000,12.189,12.259,12.121,12.184
1766390400,12.184,12.367,12.153,12.35
1766404800,12.35,12.443,12.266,12.366
1766419200,12.366,12.399,12.112,12.133
1766433600,12.133,12.432,12.067,12.411
1766448000,12.411,12.542,12.325,12.399
1766462400,12.399,12.421,12.109,12.186
1766476800,12.186,12.32,12.151,12.288
1766491200,12.288,12.287,11.824,11.941
1766505600,11.941,12.184,11.904,12.111
1766520000,12.111,12.348,12.073,12.174
1766534400,12.174,12.223,11.953,12.059
1766548800,12.059,12.133,11.926,11.971
1766563200,11.971,12.127,11.952,12.097
1766577600,12.097,12.135,11.876,12.005
1766592000,12.005,12.081,11.895,12.024
1766606400,12.024,12.143,12.016,12.099
1766620800,12.099,12.22,12.047,12.154
1766635200,12.154,12.256,12.144,12.243
1766649600,12.243,12.351,12.107,12.146
1766664000,12.146,12.394,12.14,12.346
1766678400,12.346,12.549,12.338,12.469
1766692800,12.469,12.493,12.039,12.071
1766707200,12.071,12.611,12.016,12.527
1766721600,12.527,12.574,12.387,12.407
1766736000,12.407,12.497,12.395,12.454
1766750400,12.454,12.495,12.13,12.224
1766764800,12.224,12.379,12.159,12.372
1766779200,12.372,12.395,12.317,12.336
1766793600,12.336,12.416,12.329,12.415
1766808000,12.415,12.466,12.381,12.451
1766822400,12.451,12.491,12.388,12.465
1766836800,12.465,12.574,12.432,12.556
1766851200,12.556,12.6,12.505,12.529
1766865600,12.529,12.792,12.525,12.691
1766880000,12.691,12.897,12.691,12.78
1766894400,12.78,12.847,12.764,12.79
1766908800,12.79,12.852,12.67,12.693
1766923200,12.693,12.767,12.573,12.728
1766937600,12.728,12.749,12.567,12.578
1766952000,12.578,12.649,12.522,12.635
1766966400,12.635,13.116,12.617,13.086
1766980800,13.086,13.197,12.912,13.009
1766995200,13.009,13.043,12.66,12.713
1767009600,12.713,12.729,12.447,12.69
1767024000,12.69,12.709,12.479,12.492
1767038400,12.492,12.522,12.337,12.365
1767052800,12.365,12.418,12.318,12.395
1767067200,12.395,12.451,12.355,12.421
1767081600,12.421,12.551,12.42,12.503
1767096000,12.503,12.597,12.434,12.584
1767110400,12.584,12.64,12.454,12.496
1767124800,12.496,12.579,12.453,12.574
1767139200,12.574,12.715,12.501,12.592
1767153600,12.592,12.63,12.514,12.541
1767168000,12.541,12.573,12.466,12.568
1767182400,12.568,12.671,12.429,12.461
1767196800,12.461,12.464,12.196,12.309
1767211200,12.309,12.383,12.251,12.308
1767225600,12.308,12.367,12.268,12.278
1767240000,12.278,12.288,12.218,12.271
1767254400,12.271,12.375,12.258,12.369
1767268800,12.369,12.558,12.332,12.523
1767283200,12.523,13.58,12.493,13.546
1767297600,13.546,13.693,13.398,13.584
1767312000,13.584,13.854,13.515,13.734
1767326400,13.734,13.747,13.375,13.394
1767340800,13.394,13.583,13.343,13.385
1767355200,13.385,13.472,13.087,13.287
1767369600,13.287,13.662,13.268,13.639
1767384000,13.639,13.973,13.556,13.806
1767398400,13.806,14.276,13.776,14.247
1767412800,14.247,14.273,13.66,13.722
1767427200,13.722,14.002,13.705,13.978
1767441600,13.978,14.387,13.822,13.86
1767456000,13.86,13.967,13.777,13.853
1767470400,13.853,14.014,13.794,13.978
1767484800,13.978,14.089,13.894,14.001
1767499200,14.001,14.132,13.94,14.033
1767513600,14.033,14.093,13.962,14.067
1767528000,14.067,14.205,14.009,14.181
1767542400,14.181,14.286,13.991,14.127
1767556800,14.127,14.494,14.108,14.236
1767571200,14.236,14.518,14.201,14.386
1767585600,14.386,14.406,14.074,14.268
1767600000,14.268,14.365,14.118,14.192
1767614400,14.192,14.281,14.019,14.176
1767628800,14.176,14.349,13.901,14.266
1767643200,14.266,14.709,14.251,14.446
1767657600,14.446,14.741,14.236,14.422
1767672000,14.422,14.553,14.23,14.27
1767686400,14.27,14.522,14.237,14.522
1767700800,14.522,14.828,14.409,14.525
1767715200,14.525,14.595,14.268,14.469
1767729600,14.469,14.766,14.451,14.593
1767744000,14.593,14.592,14.39,14.469
1767758400,14.469,14.529,14.409,14.515
1767772800,14.515,14.552,14.415,14.485
1767787200,14.485,14.495,13.938,13.999
1767801600,13.999,14.148,13.865,14.104
1767816000,14.104,14.183,13.995,14.113
1767830400,14.113,14.237,13.994,14.017
1767844800,14.017,14.132,13.665,13.893
1767859200,13.893,13.968,13.673,13.883
1767873600,13.883,13.944,13.58,13.931
1767888000,13.931,14.037,13.815,13.848
1767902400,13.848,13.993,13.72,13.878
1767916800,13.878,14.049,13.844,13.981
1767931200,13.981,14.025,13.903,13.925
1767945600,13.925,13.941,13.632,13.763
1767960000,13.763,14.166,13.599,13.969
1767974400,13.969,14.219,13.68,13.735
1767988800,13.735,13.849,13.713,13.782
1768003200,13.782,13.798,13.646,13.689
1768017600,13.689,13.826,13.636,13.805
1768032000,13.805,13.859,13.743,13.855
1768046400,13.855,13.875,13.791,13.827
1768060800,13.827,13.938,13.799,13.858
1768075200,13.858,13.876,13.678,13.729
1768089600,13.729,13.742,13.674,13.72
1768104000,13.72,13.827,13.704,13.813
1768118400,13.813,13.836,13.756,13.805
1768132800,13.805,13.977,13.747,13.797
1768147200,13.797,13.977,13.777,13.829
1768161600,13.829,13.828,13.476,13.693
1768176000,13.693,14.214,13.591,13.983
1768190400,13.983,14.049,13.721,13.73
1768204800,13.73,13.796,13.489,13.641
1768219200,13.641,13.902,13.374,13.867
1768233600,13.867,13.993,13.612,13.712
1768248000,13.712,13.769,13.458,13.506
1768262400,13.506,13.605,13.464,13.573
1768276800,13.573,13.822,13.574,13.71
1768291200,13.71,13.859,13.705,13.761
1768305600,13.761,14.365,13.717,14.362
1768320000,14.362,14.615,14.364,14.519
1768334400,14.519,14.854,14.469,14.756
1768348800,14.756,14.807,14.706,14.762
1768363200,14.762,14.773,14.664,14.683
1768377600,14.683,14.748,14.492,14.511
1768392000,14.511,14.763,14.407,14.757
1768406400,14.757,14.945,14.404,14.636
1768420800,14.636,14.736,14.556,14.604
1768435200,14.604,14.621,14.112,14.141
1768449600,14.141,14.372,14.123,14.343
1768464000,14.343,14.47,14.292,14.299
1768478400,14.299,14.408,13.801,14.042
1768492800,14.042,14.065,13.627,13.737
1768507200,13.737,13.826,13.619,13.817
1768521600,13.817,13.849,13.701,13.74
1768536000,13.74,13.83,13.673,13.805
1768550400,13.805,13.859,13.72,13.786
1768564800,13.786,13.808,13.323,13.398
1768579200,13.398,13.448,13.182,13.398
1768593600,13.398,13.657,13.29,13.575
1768608000,13.575,13.629,13.534,13.559
1768622400,13.559,13.601,13.524,13.599
1768636800,13.599,13.711,13.592,13.638
1768651200,13.638,13.964,13.632,13.889
1768665600,13.889,13.899,13.747,13.821
1768680000,13.821,13.858,13.71,13.735
1768694400,13.735,13.817,13.622,13.667
1768708800,13.667,13.697,13.565,13.618
1768723200,13.618,13.647,13.565,13.575
1768737600,13.575,13.617,13.462,13.559
1768752000,13.559,13.729,13.533,13.659
1768766400,13.659,13.754,12.943,12.976
1768780800,12.976,12.976,12.078,12.707
1768795200,12.707,12.726,12.543,12.636
1768809600,12.636,12.828,12.602,12.699
1768824000,12.699,12.792,12.656,12.716
1768838400,12.716,12.849,12.617,12.807
1768852800,12.807,12.83,12.614,12.729
1768867200,12.729,12.736,12.614,12.693
1768881600,12.693,12.755,12.52,12.546
1768896000,12.546,12.643,12.395,12.45
1768910400,12.45,12.544,12.304,12.391
1768924800,12.391,12.428,12.06,12.174
1768939200,12.174,12.282,11.959,12.087
1768953600,12.087,12.336,12.048,12.292
1768968000,12.292,12.376,12.209,12.227
1768982400,12.227,12.271,12.086,12.106
1768996800,12.106,12.412,11.95,12.389
1769011200,12.389,12.603,11.868,12.583
1769025600,12.583,12.716,12.367,12.406
1769040000,12.406,12.616,12.406,12.485
1769054400,12.485,12.549,12.409,12.423
1769068800,12.423,12.492,12.339,12.339
1769083200,12.339,12.391,12.03,12.155
1769097600,12.155,12.254,12.071,12.159
1769112000,12.159,12.196,12.076,12.189
1769126400,12.189,12.294,12.161,12.252
1769140800,12.252,12.362,12.097,12.123
1769155200,12.123,12.204,12.036,12.196
1769169600,12.196,12.258,11.981,12.224
1769184000,12.224,12.488,12.128,12.164
1769198400,12.164,12.188,12.019,12.12
1769212800,12.12,12.166,12.094,12.148
1769227200,12.148,12.176,12.101,12.112
1769241600,12.112,12.129,12.054,12.109
1769256000,12.109,12.136,12.014,12.023
1769270400,12.023,12.061,11.962,12.028
1769284800,12.028,12.114,12.028,12.039
1769299200,12.039,12.074,11.866,11.923
1769313600,11.923,11.989,11.88,11.927
1769328000,11.927,12.062,11.829,11.951
1769342400,11.951,11.965,11.807,11.844
1769356800,11.844,11.843,11.223,11.305
1769371200,11.305,11.518,11.247,11.491
1769385600,11.491,11.744,11.461,11.527
1769400000,11.527,11.713,11.524,11.681
1769414400,11.681,11.779,11.599,11.654
1769428800,11.654,11.913,11.624,11.748
1769443200,11.748,11.809,11.614,11.692
1769457600,11.692,11.789,11.621,11.713
1769472000,11.713,11.846,11.681,11.778
1769486400,11.778,11.836,11.709,11.751
1769500800,11.751,11.782,11.646,11.673
1769515200,11.673,11.742,11.584,11.711
1769529600,11.711,11.946,11.573,11.847
1769544000,11.847,12.198,11.842,12.127
1769558400,12.127,12.164,12.021,12.058
1769572800,12.058,12.153,12.013,12.077
1769587200,12.077,12.244,12.02,12.233
1769601600,12.233,12.283,11.941,12.002
1769616000,12.002,12.131,11.917,12.053
1769630400,12.053,12.179,11.956,12.069
1769644800,12.069,12.093,11.735,11.779
1769659200,11.779,11.859,11.679,11.791
1769673600,11.791,11.808,11.629,11.654
1769688000,11.654,11.657,10.861,10.99
1769702400,10.99,11.159,10.794,10.979
1769716800,10.979,11.065,10.956,11.035
1769731200,11.035,11.083,10.687,10.917
1769745600,10.917,11.014,10.72,10.944
1769760000,10.944,11.047,10.798,11.007
1769774400,11.007,11.015,10.795,10.929
1769788800,10.929,11.044,10.625,10.988
1769803200,10.988,10.994,10.814,10.872
1769817600,10.872,10.892,10.807,10.833
1769832000,10.833,10.866,10.575,10.648
1769846400,10.648,10.672,10.418,10.584
1769860800,10.584,10.604,9.99,10.158
1769875200,10.158,10.286,9.141,9.827
1769889600,9.827,10.173,9.733,10.112
1769904000,10.112,10.223,10.092,10.204
1769918400,10.204,10.254,10.131,10.184
1769932800,10.184,10.215,10.014,10.123
1769947200,10.123,10.144,9.726,9.85
1769961600,9.85,10.089,9.753,9.881
1769976000,9.881,10.069,9.663,9.908
1769990400,9.908,10.127,9.522,9.856
1770004800,9.856,10.0,9.533,9.878
1770019200,9.878,10.062,9.863,9.979
1770033600,9.979,10.317,9.978,10.241
1770048000,10.241,10.267,10.116,10.13
1770062400,10.13,10.186,10.066,10.141
1770076800,10.141,10.151,9.938,10.131
1770091200,10.131,10.2,10.034,10.143
1770105600,10.143,10.172,9.966,10.074
1770120000,10.074,10.168,9.906,10.151
1770134400,10.151,10.154,9.527,9.956
1770148800,9.956,10.341,9.845,9.923
1770163200,9.923,10.132,9.882,10.102
1770177600,10.102,10.149,10.012,10.141
1770192000,10.141,10.158,9.923,10.018
1770206400,10.018,10.031,9.61,9.718
1770220800,9.718,9.952,9.568,9.933
1770235200,9.933,9.954,9.54,9.712
1770249600,9.712,9.845,9.593,9.616
1770264000,9.616,9.672,9.447,9.499
1770278400,9.499,9.671,9.176,9.262
1770292800,9.262,9.439,8.714,8.86
1770307200,8.86,9.081,8.667,8.691
1770321600,8.691,8.762,8.238,8.306
1770336000,8.306,8.515,7.537,8.258
1770350400,8.258,8.638,8.228,8.409
1770364800,8.409,8.733,8.324,8.707
1770379200,8.707,9.061,8.638,9.029
1770393600,9.029,9.463,8.994,9.243
1770408000,9.243,9.368,9.108,9.268
1770422400,9.268,9.307,9.124,9.281
1770436800,9.281,9.364,8.903,8.994
1770451200,8.994,9.089,8.93,8.981
1770465600,8.981,9.256,8.971,9.171
1770480000,9.171,9.384,9.139,9.252
1770494400,9.252,9.323,9.171,9.218
1770508800,9.218,9.248,9.114,9.124
1770523200,9.124,9.172,9.071,9.137
1770537600,9.137,9.286,9.1,9.261
1770552000,9.261,9.283,9.145,9.171
1770566400,9.171,9.22,8.995,9.205
1770580800,9.205,9.257,9.001,9.075
1770595200,9.075,9.199,9.022,9.184
1770609600,9.184,9.182,9.015,9.024
1770624000,9.024,9.035,8.716,8.783
1770638400,8.783,8.999,8.741,8.996
1770652800,8.996,9.183,8.913,9.112
1770667200,9.112,9.141,8.983,9.046
1770681600,9.046,9.108,8.861,8.899
1770696000,8.899,8.982,8.736,8.818
1770710400,8.818,8.903,8.775,8.782
1770724800,8.782,8.87,8.706,8.779
1770739200,8.779,8.846,8.664,8.719
1770753600,8.719,8.754,8.656,8.745
1770768000,8.745,8.957,8.724,8.863
1770782400,8.863,8.881,8.543,8.574
1770796800,8.574,8.588,8.472,8.579
1770811200,8.579,8.887,8.429,8.513
1770825600,8.513,8.758,8.479,8.696
1770840000,8.696,8.802,8.583,8.631
1770854400,8.631,8.783,8.628,8.749
1770868800,8.749,8.84,8.681,8.814
1770883200,8.814,8.972,8.778,8.908
1770897600,8.908,8.966,8.792,8.799
1770912000,8.799,8.861,8.615,8.763
1770926400,8.763,8.904,8.679,8.901
1770940800,8.901,8.933,8.815,8.856
1770955200,8.856,8.865,8.732,8.829
1770969600,8.829,8.912,8.811,8.869
1770984000,8.869,9.215,8.825,9.103
1770998400,9.103,9.247,9.088,9.177
1771012800,9.177,9.244,9.135,9.139
1771027200,9.139,9.218,9.118,9.206
1771041600,9.206,9.207,9.132,9.19
1771056000,9.19,9.383,9.187,9.367
1771070400,9.367,9.391,9.248,9.378
1771084800,9.378,9.627,9.337,9.626
1771099200,9.626,9.713,9.533,9.59
1771113600,9.59,9.636,9.472,9.591
1771128000,9.591,9.745,9.579,9.693
1771142400,9.693,9.702,9.505,9.526
1771156800,9.526,9.54,9.269,9.379
1771171200,9.379,9.378,9.132,9.178
1771185600,9.178,9.298,9.143,9.275
1771200000,9.275,9.335,9.201,9.233
1771214400,9.233,9.327,9.175,9.253
1771228800,9.253,9.341,9.167,9.264
1771243200,9.264,9.415,9.038,9.077
1771257600,9.077,9.179,9.057,9.139
1771272000,9.139,9.303,9.111,9.255
1771286400,9.255,9.293,9.179,9.217
1771300800,9.217,9.243,9.128,9.195
1771315200,9.195,9.215,9.053,9.107
1771329600,9.107,9.225,8.998,9.078
1771344000,9.078,9.293,9.033,9.173
1771358400,9.173,9.193,9.124,9.136
1771372800,9.136,9.162,9.061,9.106
1771387200,9.106,9.142,9.029,9.123
1771401600,9.123,9.205,8.995,9.034
1771416000,9.034,9.199,8.936,9.112
1771430400,9.112,9.117,8.814,8.875
1771444800,8.875,8.912,8.794,8.852
1771459200,8.852,8.919,8.827,8.907
1771473600,8.907,8.935,8.832,8.898
1771488000,8.898,8.898,8.778,8.788
1771502400,8.788,8.858,8.654,8.815
1771516800,8.815,8.934,8.734,8.883
1771531200,8.883,8.92,8.852,8.895
1771545600,8.895,8.966,8.885,8.937
1771560000,8.937,9.288,8.877,9.196
1771574400,9.196,9.359,9.095,9.111
1771588800,9.111,9.189,8.923,9.173
1771603200,9.173,9.243,8.996,9.146
1771617600,9.146,9.172,9.089,9.164
1771632000,9.164,9.196,9.116,9.161
1771646400,9.161,9.207,9.129,9.149
1771660800,9.149,9.293,9.137,9.271
1771675200,9.271,9.448,9.247,9.279
1771689600,9.279,9.305,9.195,9.263
1771704000,9.263,9.272,9.103,9.112
1771718400,9.112,9.111,9.002,9.042
1771732800,9.042,9.059,8.953,9.008
1771747200,9.008,9.054,8.966,9.002
1771761600,9.002,9.005,8.809,8.878
1771776000,8.878,8.878,8.79,8.813
1771790400,8.813,8.884,8.784,8.873
1771804800,8.873,8.889,8.322,8.411
1771819200,8.411,8.602,8.328,8.557
1771833600,8.557,8.724,8.498,8.651
1771848000,8.651,8.775,8.547,8.561
1771862400,8.561,8.611,8.331,8.364
1771876800,8.364,8.444,8.264,8.361
1771891200,8.361,8.437,8.21,8.302
1771905600,8.302,8.315,8.203,8.25
1771920000,8.25,8.322,8.222,8.309
1771934400,8.309,8.373,8.173,8.326
1771948800,8.326,8.434,8.317,8.344
1771963200,8.344,8.373,8.248,8.279
1771977600,8.279,8.706,8.258,8.509
1771992000,8.509,8.577,8.409,8.571
1772006400,8.571,8.984,8.536,8.97
1772020800,8.97,9.596,8.957,9.529
1772035200,9.529,9.819,9.528,9.747
1772049600,9.747,9.841,9.416,9.516
1772064000,9.516,9.632,9.423,9.452
1772078400,9.452,9.56,9.317,9.32
1772092800,9.32,9.399,9.231,9.239
1772107200,9.239,9.387,9.206,9.299
1772121600,9.299,9.335,9.088,9.299
1772136000,9.299,9.333,9.229,9.303
1772150400,9.303,9.424,9.241,9.407
1772164800,9.407,9.481,9.338,9.381
1772179200,9.381,9.423,8.986,9.028
1772193600,9.028,9.053,8.914,9.011
1772208000,9.011,9.011,8.851,8.89
1772222400,8.89,8.962,8.778,8.945
1772236800,8.945,8.97,8.873,8.883
1772251200,8.883,8.9,8.483,8.618
1772265600,8.618,8.623,8.428,8.467
1772280000,8.467,8.739,8.463,8.627
1772294400,8.627,8.989,8.605,8.927
1772308800,8.927,9.268,8.915,9.162
1772323200,9.162,9.427,9.055,9.259
1772337600,9.259,9.299,9.154,9.213
1772352000,9.213,9.253,9.097,9.122
1772366400,9.122,9.228,9.024,9.13
1772380800,9.13,9.163,8.936,8.946
1772395200,8.946,9.073,8.838,9.027
1772409600,9.027,9.196,9.003,9.118
1772424000,9.118,9.138,8.878,8.929
1772438400,8.929,9.03,8.859,8.972
1772452800,8.972,9.398,8.894,9.309
1772467200,9.309,9.477,9.182,9.235
1772481600,9.235,9.283,9.145,9.171
1772496000,9.171,9.253,9.072,9.148
1772510400,9.148,9.189,9.063,9.109
1772524800,9.109,9.125,8.937,9.009
1772539200,9.009,9.179,8.892,9.157
1772553600,9.157,9.331,9.089,9.177
1772568000,9.177,9.242,9.068,9.175
1772582400,9.175,9.242,9.097,9.169
1772596800,9.169,9.195,9.004,9.182
1772611200,9.182,9.491,9.159,9.297
1772625600,9.297,9.722,9.237,9.714
1772640000,9.714,9.778,9.507,9.665
1772654400,9.665,9.677,9.42,9.495
1772668800,9.495,9.534,9.408,9.45
1772683200,9.45,9.499,9.339,9.373
1772697600,9.373,9.577,9.357,9.447
1772712000,9.447,9.523,9.335,9.399
1772726400,9.399,9.452,9.251,9.378
1772740800,9.378,9.505,9.367,9.375
1772755200,9.375,9.446,9.322,9.412
1772769600,9.412,9.464,9.308,9.448
1772784000,9.448,9.45,9.237,9.249
1772798400,9.249,9.251,8.919,8.968
1772812800,8.968,8.998,8.873,8.961
1772827200,8.961,9.064,8.921,9.014
1772841600,9.014,9.073,9.003,9.015
1772856000,9.015,9.019,8.957,9.01
1772870400,9.01,9.048,8.97,9.01
1772884800,9.01,9.021,8.935,8.957
1772899200,8.957,9.009,8.862,8.88
1772913600,8.88,8.935,8.867,8.902
1772928000,8.902,8.919,8.808,8.844
1772942400,8.844,8.9,8.788,8.876
1772956800,8.876,9.015,8.835,8.908
1772971200,8.908,9.019,8.842,8.864
1772985600,8.864,8.977,8.807,8.956
1773000000,8.956,8.988,8.678,8.809
1773014400,8.809,9.091,8.806,8.969
1773028800,8.969,9.289,8.968,9.082
1773043200,9.082,9.171,9.01,9.079
1773057600,9.079,9.326,9.076,9.274
1773072000,9.274,9.525,9.207,9.385
1773086400,9.385,9.429,9.226,9.261
1773100800,9.261,9.5,9.246,9.325
1773115200,9.325,9.476,9.325,9.397
1773129600,9.397,9.598,9.395,9.49
1773144000,9.49,9.803,9.307,9.764
1773158400,9.764,9.955,9.547,9.598
1773172800,9.598,9.657,9.487,9.528
1773187200,9.528,9.596,9.475,9.541
1773201600,9.541,9.736,9.482,9.512
1773216000,9.512,9.617,9.489,9.551
1773230400,9.551,9.857,9.5,9.596
1773244800,9.596,9.751,9.566,9.696
1773259200,9.696,9.698,9.528,9.549
1773273600,9.549,9.558,9.431,9.483
1773288000,9.483,9.582,9.445,9.581
1773302400,9.581,9.647,9.504,9.568
1773316800,9.568,9.637,9.436,9.581
1773331200,9.581,9.619,9.52,9.598
1773345600,9.598,9.738,9.582,9.672
1773360000,9.672,10.006,9.648,9.951
1773374400,9.951,9.997,9.808,9.847
1773388800,9.847,10.041,9.801,10.003
1773403200,10.003,10.279,9.866,9.892
1773417600,9.892,9.927,9.717,9.767
1773432000,9.767,9.817,9.662,9.715
1773446400,9.715,9.752,9.627,9.736
1773460800,9.736,9.774,9.572,9.589
1773475200,9.589,9.607,9.517,9.564
1773489600,9.564,9.582,9.537,9.557
1773504000,9.557,9.599,9.544,9.567
1773518400,9.567,9.726,9.557,9.723
1773532800,9.723,9.799,9.651,9.714
1773547200,9.714,9.75,9.659,9.707
1773561600,9.707,9.862,9.708,9.798
1773576000,9.798,9.878,9.698,9.711
1773590400,9.711,9.791,9.668,9.758
1773604800,9.758,10.039,9.729,9.945
1773619200,9.945,10.405,9.875,10.264
1773633600,10.264,10.517,10.263,10.365
1773648000,10.365,10.445,10.176,10.203
1773662400,10.203,10.27,10.031,10.071
1773676800,10.071,10.332,10.068,10.271
1773691200,10.271,10.514,10.257,10.482
1773705600,10.482,10.542,10.272,10.345
1773720000,10.345,10.392,10.237,10.306
1773734400,10.306,10.349,10.228,10.256
1773748800,10.256,10.333,10.2,10.257
1773763200,10.257,10.322,10.241,10.245
1773777600,10.245,10.337,10.168,10.189
1773792000,10.189,10.356,10.155,10.306
1773806400,10.306,10.327,10.218,10.242
1773820800,10.242,10.283,9.924,9.973
1773835200,9.973,9.972,9.483,9.556
1773849600,9.556,9.712,9.485,9.61
1773864000,9.61,9.732,9.531,9.677
1773878400,9.677,9.742,9.607,9.66
1773892800,9.66,9.663,9.435,9.511
1773907200,9.511,9.607,9.481,9.541
1773921600,9.541,9.542,9.331,9.406
1773936000,9.406,9.574,9.333,9.499
1773950400,9.499,9.542,9.413,9.466
1773964800,9.466,9.591,9.454,9.554
1773979200,9.554,9.599,9.448,9.526
1773993600,9.526,9.611,9.481,9.512
1774008000,9.512,9.541,9.417,9.479
1774022400,9.479,9.532,9.41,9.522
1774036800,9.522,9.643,9.446,9.567
1774051200,9.567,9.607,9.531,9.582
1774065600,9.582,9.631,9.552,9.581
1774080000,9.581,9.591,9.492,9.501
1774094400,9.501,9.544,9.456,9.535
1774108800,9.535,9.563,9.471,9.487
1774123200,9.487,9.528,9.151,9.21
1774137600,9.21,9.351,9.043,9.274
1774152000,9.274,9.312,9.188,9.189
1774166400,9.189,9.189,9.054,9.056
1774180800,9.056,9.139,9.054,9.092
1774195200,9.092,9.105,8.945,8.972
1774209600,8.972,9.088,8.87,9.018
1774224000,9.018,9.187,8.979,9.099
1774238400,9.099,9.177,8.953,9.017
1774252800,9.017,9.583,8.915,9.38
1774267200,9.38,9.748,9.341,9.419
1774281600,9.419,9.568,9.357,9.458
1774296000,9.458,9.578,9.442,9.561
1774310400,9.561,9.591,9.452,9.572
1774324800,9.572,9.612,9.47,9.6
1774339200,9.6,9.628,9.508,9.543
1774353600,9.543,9.557,9.387,9.438
1774368000,9.438,9.469,9.351,9.387
1774382400,9.387,9.641,9.381,9.619
1774396800,9.619,9.657,9.556,9.612
1774411200,9.612,9.711,9.602,9.648
1774425600,9.648,9.779,9.622,9.739
1774440000,9.739,9.792,9.591,9.662
1774454400,9.662,9.756,9.634,9.679
1774468800,9.679,9.722,9.61,9.676
1774483200,9.676,9.689,9.536,9.566
1774497600,9.566,9.568,9.403,9.434
1774512000,9.434,9.44,9.228,9.231
1774526400,9.231,9.33,9.123,9.177
1774540800,9.177,9.2,8.982,9.009
1774555200,9.009,9.139,8.989,9.096
1774569600,9.096,9.142,9.063,9.075
1774584000,9.075,9.091,8.991,9.062
1774598400,9.062,9.076,8.659,8.749
1774612800,8.749,8.879,8.723,8.803
1774627200,8.803,8.815,8.661,8.761
1774641600,8.761,8.799,8.721,8.785
1774656000,8.785,8.787,8.699,8.732
1774670400,8.732,8.829,8.706,8.826
1774684800,8.826,8.845,8.77,8.812
1774699200,8.812,8.982,8.764,8.928
1774713600,8.928,8.943,8.854,8.878
1774728000,8.878,8.905,8.719,8.754
1774742400,8.754,8.814,8.723,8.793
1774756800,8.793,8.799,8.723,8.743
1774771200,8.743,8.751,8.663,8.722
1774785600,8.722,8.723,8.614,8.655
1774800000,8.655,8.678,8.56,8.599
1774814400,8.599,8.679,8.367,8.594
1774828800,8.594,8.854,8.557,8.8
1774843200,8.8,8.921,8.801,8.915
1774857600,8.915,9.078,8.89,8.983
1774872000,8.983,9.032,8.867,8.945
1774886400,8.945,8.956,8.734,8.799
1774900800,8.799,8.871,8.756,8.806
1774915200,8.806,9.069,8.788,8.968
1774929600,8.968,8.997,8.882,8.916
1774944000,8.916,8.919,8.689,8.762
1774958400,8.762,8.954,8.736,8.738
1774972800,8.738,8.956,8.71,8.898
1774987200,8.898,8.957,8.843,8.907
1775001600,8.907,8.977,8.865,8.955
1775016000,8.955,9.477,8.943,9.34
1775030400,9.34,9.355,9.148,9.197
1775044800,9.197,9.3,9.138,9.212
1775059200,9.212,9.302,9.118,9.161
1775073600,9.161,9.21,9.087,9.123
1775088000,9.123,9.185,8.717,8.765
1775102400,8.765,8.776,8.652,8.739
1775116800,8.739,8.739,8.629,8.676
1775131200,8.676,8.843,8.614,8.734
1775145600,8.734,8.783,8.632,8.699
1775160000,8.699,8.756,8.663,8.746
1775174400,8.746,8.816,8.732,8.801
1775188800,8.801,8.947,8.772,8.896
1775203200,8.896,8.968,8.882,8.954
1775217600,8.954,9.054,8.928,9.012
1775232000,9.012,9.144,8.927,8.966
1775246400,8.966,8.984,8.878,8.91
1775260800,8.91,8.918,8.855,8.892
1775275200,8.892,8.911,8.855,8.871
1775289600,8.871,8.898,8.838,8.888
1775304000,8.888,8.965,8.832,8.948
1775318400,8.948,9.108,8.917,9.014
1775332800,9.014,9.031,8.965,8.986
1775347200,8.986,9.023,8.941,8.951
1775361600,8.951,8.959,8.777,8.798
1775376000,8.798,8.855,8.784,8.816
1775390400,8.816,8.955,8.742,8.873
1775404800,8.873,8.882,8.809,8.844
1775419200,8.844,9.083,8.809,9.065
1775433600,9.065,9.662,9.066,9.449
1775448000,9.449,9.536,9.369,9.385
1775462400,9.385,9.502,9.378,9.449
1775476800,9.449,9.463,9.322,9.379
1775491200,9.379,9.394,9.275,9.317
1775505600,9.317,9.35,8.797,8.894
1775520000,8.894,8.911,8.627,8.678
1775534400,8.678,8.724,8.461,8.64
1775548800,8.64,8.726,8.574,8.609
1775563200,8.609,8.677,8.523,8.581
1775577600,8.581,8.813,8.554,8.793
1775592000,8.793,9.619,8.737,9.428
1775606400,9.428,9.525,9.326,9.437
1775620800,9.437,9.561,9.369,9.394
1775635200,9.394,9.404,9.282,9.308
1775649600,9.308,9.437,9.147,9.217
1775664000,9.217,9.291,9.116,9.189
1775678400,9.189,9.214,9.034,9.049
1775692800,9.049,9.053,8.909,9.022
1775707200,9.022,9.084,8.999,9.077
1775721600,9.077,9.16,9.044,9.081
1775736000,9.081,9.364,9.047,9.334
1775750400,9.334,9.387,9.242,9.298
1775764800,9.298,9.698,9.279,9.361
1775779200,9.361,9.407,9.266,9.304
1775793600,9.304,9.415,9.262,9.269
1775808000,9.269,9.334,9.242,9.299
1775822400,9.299,9.506,9.289,9.42
1775836800,9.42,9.549,9.348,9.523
1775851200,9.523,9.552,9.374,9.391
1775865600,9.391,9.397,9.305,9.32
1775880000,9.32,9.344,9.229,9.28
1775894400,9.28,9.309,9.248,9.275
1775908800,9.275,9.334,9.187,9.325
1775923200,9.325,9.605,9.327,9.579
1775937600,9.579,9.609,9.329,9.37
1775952000,9.37,9.386,9.022,9.077
1775966400,9.077,9.088,8.992,9.016
1775980800,9.016,9.045,8.974,9.024
1775995200,9.024,9.055,8.925,8.957
1776009600,8.957,9.156,8.949,9.08
1776024000,9.08,9.168,8.999,9.025
1776038400,9.025,9.165,9.01,9.067
1776052800,9.067,9.189,9.01,9.061
1776067200,9.061,9.083,8.964,9.057
1776081600,9.057,9.323,9.034,9.203
1776096000,9.203,9.416,9.146,9.405
1776110400,9.405,9.707,9.244,9.659
1776124800,9.659,9.703,9.427,9.448
1776139200,9.448,9.467,9.367,9.409
1776153600,9.409,9.448,9.373,9.382
1776168000,9.382,9.529,9.274,9.424
1776182400,9.424,9.486,9.206,9.345
1776196800,9.345,9.381,9.269,9.297
1776211200,9.297,9.383,9.279,9.342
1776225600,9.342,9.455,9.256,9.265
1776240000,9.265,9.449,9.256,9.419
1776254400,9.419,9.46,9.324,9.364
1776268800,9.364,9.563,9.349,9.525
1776283200,9.525,9.555,9.384,9.43
1776297600,9.43,9.51,9.34,9.481
1776312000,9.481,9.617,9.454,9.509
1776326400,9.509,9.513,9.339,9.46
1776340800,9.46,9.611,9.259,9.582
1776355200,9.582,9.865,9.404,9.85
1776369600,9.85,9.882,9.643,9.724
1776384000,9.724,9.747,9.539,9.555
1776398400,9.555,9.622,9.442,9.62
1776412800,9.62,9.715,9.498,9.65
1776427200,9.65,10.005,9.607,9.807
1776441600,9.807,9.948,9.736,9.787
1776456000,9.787,9.839,9.684,9.715
1776470400,9.715,9.779,9.625,9.641
1776484800,9.641,9.729,9.617,9.699
1776499200,9.699,9.702,9.341,9.386
1776513600,9.386,9.441,9.327,9.399
1776528000,9.399,9.433,9.294,9.373
1776542400,9.373,9.409,9.319,9.327
1776556800,9.327,9.332,9.204,9.29
1776571200,9.29,9.319,9.121,9.204
1776585600,9.204,9.269,9.146,9.237
1776600000,9.237,9.354,9.197,9.276
1776614400,9.276,9.291,9.127,9.186
1776628800,9.186,9.186,8.961,8.998
1776643200,8.998,9.164,8.979,9.155
1776657600,9.155,9.318,9.046,9.213
1776672000,9.213,9.272,9.151,9.208
1776686400,9.208,9.294,9.145,9.224
1776700800,9.224,9.352,9.163,9.315
1776715200,9.315,9.432,9.258,9.27
1776729600,9.27,9.36,9.245,9.279
1776744000,9.279,9.377,9.257,9.337
1776758400,9.337,9.529,9.327,9.437
1776772800,9.437,9.462,9.318,9.384
1776787200,9.384,9.435,9.165,9.199
1776801600,9.199,9.398,9.192,9.388
1776816000,9.388,9.606,9.362,9.557
1776830400,9.557,9.673,9.529,9.569
1776844800,9.569,9.644,9.536,9.568
1776859200,9.568,9.585,9.486,9.542
1776873600,9.542,9.568,9.428,9.472
1776888000,9.472,9.483,9.322,9.331
1776902400,9.331,9.349,9.207,9.266
1776916800,9.266,9.341,9.244,9.283
1776931200,9.283,9.293,9.186,9.268
1776945600,9.268,9.447,9.24,9.393
1776960000,9.393,9.406,9.157,9.266
1776974400,9.266,9.4,9.262,9.376
1776988800,9.376,9.436,9.277,9.322
1777003200,9.322,9.399,9.292,9.366
1777017600,9.366,9.465,9.322,9.436
1777032000,9.436,9.464,9.339,9.457
1777046400,9.457,9.475,9.382,9.431
1777060800,9.431,9.472,9.367,9.396
1777075200,9.396,9.452,9.377,9.438
1777089600,9.438,9.495,9.385,9.445
1777104000,9.445,9.488,9.375,9.4
1777118400,9.4,9.429,9.323,9.34
1777132800,9.34,9.359,9.278,9.299
1777147200,9.299,9.364,9.285,9.358
1777161600,9.358,9.362,9.309,9.336
1777176000,9.336,9.435,9.321,9.432
1777190400,9.432,9.523,9.401,9.479
1777204800,9.479,9.498,9.403,9.481
1777219200,9.481,9.54,9.395,9.471
1777233600,9.471,9.506,9.38,9.451
1777248000,9.451,9.559,9.415,9.505
1777262400,9.505,9.526,9.205,9.226
1777276800,9.226,9.272,9.213,9.259
1777291200,9.259,9.31,9.077,9.132
1777305600,9.132,9.198,9.1,9.167
1777320000,9.167,9.277,9.157,9.263
1777334400,9.263,9.269,9.187,9.217
1777348800,9.217,9.257,9.134,9.173
1777363200,9.173,9.219,9.12,9.151
1777377600,9.151,9.221,9.109,9.161
1777392000,9.161,9.193,9.124,9.178
1777406400,9.178,9.199,9.148,9.171
1777420800,9.171,9.258,9.137,9.254
1777435200,9.254,9.353,9.238,9.293
1777449600,9.293,9.441,9.249,9.345
1777464000,9.345,9.348,9.081,9.109
1777478400,9.109,9.192,8.911,9.049
1777492800,9.049,9.155,9.043,9.119
1777507200,9.119,9.223,9.086,9.159
1777521600,9.159,9.16,9.045,9.148
1777536000,9.148,9.221,9.112,9.138
1777550400,9.138,9.173,9.077,9.132
1777564800,9.132,9.139,9.075,9.099
1777579200,9.099,9.111,9.058,9.09
1777593600,9.09,9.202,9.087,9.15
1777608000,9.15,9.173,9.06,9.098
1777622400,9.098,9.141,9.062,9.123
1777636800,9.123,9.267,9.112,9.193
1777651200,9.193,9.215,9.131,9.149
1777665600,9.149,9.154,9.056,9.083
1777680000,9.083,9.136,9.069,9.121
1777694400,9.121,9.125,9.06,9.09
1777708800,9.09,9.121,9.069,9.081
1777723200,9.081,9.154,9.075,9.151
1777737600,9.151,9.17,9.097,9.163
1777752000,9.163,9.245,9.155,9.182
1777766400,9.182,9.193,9.017,9.034
1777780800,9.034,9.073,8.995,9.048
1777795200,9.048,9.104,8.965,9.073
1777809600,9.073,9.125,9.051,9.104
1777824000,9.104,9.137,9.06,9.123
1777838400,9.123,9.194,9.045,9.08
1777852800,9.08,9.334,8.987,9.292
1777867200,9.292,9.376,9.212,9.23
1777881600,9.23,9.311,9.027,9.137
1777896000,9.137,9.274,9.058,9.138
1777910400,9.138,9.298,9.087,9.234
1777924800,9.234,9.251,9.131,9.169
1777939200,9.169,9.309,9.168,9.282
1777953600,9.282,9.375,9.254,9.337
1777968000,9.337,9.429,9.315,9.395
1777982400,9.395,9.523,9.376,9.405
1777996800,9.405,9.422,9.331,9.404
1778011200,9.404,9.49,9.367,9.399
1778025600,9.399,9.578,9.359,9.567
1778040000,9.567,9.589,9.489,9.558
1778054400,9.558,9.754,9.555,9.744
1778068800,9.744,9.775,9.455,9.612
1778083200,9.612,9.662,9.555,9.604
1778097600,9.604,9.662,9.522,9.609
1778112000,9.609,9.626,9.448,9.464
1778126400,9.464,9.698,9.456,9.679
1778140800,9.679,9.683,9.518,9.573
1778155200,9.573,9.646,9.364,9.41
1778169600,9.41,9.539,9.395,9.471
1778184000,9.471,9.529,9.406,9.497
1778198400,9.497,9.531,9.423,9.479
1778212800,9.479,9.525,9.439,9.514
1778227200,9.514,9.623,9.51,9.587
1778241600,9.587,9.78,9.498,9.778
1778256000,9.778,9.956,9.704,9.909
1778270400,9.909,10.018,9.862,9.903
1778284800,9.903,10.117,9.892,9.979
1778299200,9.979,10.032,9.928,9.939
1778313600,9.939,9.991,9.855,9.929
1778328000,9.929,9.972,9.793,9.832
1778342400,9.832,9.991,9.808,9.985
1778356800,9.985,10.004,9.929,9.957
1778371200,9.957,9.988,9.848,9.902
1778385600,9.902,10.009,9.892,9.924
1778400000,9.924,10.067,9.91,9.977
1778414400,9.977,10.158,9.944,10.148
1778428800,10.148,10.483,10.136,10.414
1778443200,10.414,10.464,9.947,10.221
1778457600,10.221,10.253,9.967,10.027
1778472000,10.027,10.139,9.974,10.09
1778486400,10.09,10.199,10.021,10.117
1778500800,10.117,10.245,9.996,10.229
1778515200,10.229,10.268,10.136,10.202
1778529600,10.202,10.228,10.108,10.129
1778544000,10.129,10.162,9.974,10.006
1778558400,10.006,10.069,9.935,10.008
1778572800,10.008,10.016,9.808,9.859
1778587200,9.859,9.922,9.669,9.731
1778601600,9.731,9.879,9.677,9.862
1778616000,9.862,9.899,9.828,9.831
1778630400,9.831,10.04,9.818,10.028
1778644800,10.028,10.058,9.96,10.001
1778659200,10.001,10.152,9.926,9.946
1778673600,9.946,9.977,9.616,9.634
1778688000,9.634,9.813,9.63,9.726
1778702400,9.726,9.789,9.686,9.75
1778716800,9.75,9.809,9.626,9.647
1778731200,9.647,9.795,9.634,9.701
1778745600,9.701,9.728,9.631,9.665
1778760000,9.665,10.068,9.657,10.056
1778774400,10.056,10.133,9.929,10.011
1778788800,10.011,10.023,9.885,9.901
1778803200,9.901,9.957,9.817,9.875
1778817600,9.875,9.877,9.675,9.811
1778832000,9.811,9.824,9.723,9.772
1778846400,9.772,9.781,9.402,9.479
1778860800,9.479,9.607,9.465,9.537
1778875200,9.537,9.558,9.499,9.533
1778889600,9.533,9.567,9.514,9.53
1778904000,9.53,9.532,9.222,9.337
1778918400,9.337,9.372,9.185,9.246
1778932800,9.246,9.336,9.235,9.311
1778947200,9.311,9.369,9.301,9.311
1778961600,9.311,9.332,9.284,9.286
1778976000,9.286,9.302,9.175,9.271
1778990400,9.271,9.355,9.267,9.317
1779004800,9.317,9.412,9.291,9.357
1779019200,9.357,9.384,9.255,9.289
1779048000,9.289,9.337,8.943,9.191
1779062400,9.191,9.237,9.105,9.19
1779076800,9.19,9.223,9.064,9.112
1779091200,9.112,9.204,9.043,9.151
1779105600,9.151,9.226,9.007,9.088
1779120000,9.088,9.194,9.011,9.173
1779134400,9.173,9.265,9.145,9.245
1779148800,9.245,9.312,9.192,9.232
1779163200,9.232,9.289,9.193,9.271
1779177600,9.271,9.284,9.081,9.1
1779192000,9.1,9.152,9.016,9.094
1779206400,9.094,9.181,9.081,9.113
1779220800,9.113,9.144,9.059,9.101
1779235200,9.101,9.134,9.059,9.11
1779249600,9.11,9.241,9.091,9.205
1779264000,9.205,9.263,9.178,9.199
1779278400,9.199,9.358,9.147,9.337
1779292800,9.337,9.395,9.267,9.312
1779307200,9.312,9.331,9.213,9.292
1779321600,9.292,9.388,9.287,9.379
1779336000,9.379,9.48,9.298,9.466
1779350400,9.466,9.512,9.277,9.29
1779364800,9.29,9.401,9.243,9.373
1779379200,9.373,9.513,9.302,9.488
1779393600,9.488,9.5,9.423,9.447
1779408000,9.447,9.501,9.378,9.497
1779422400,9.497,9.571,9.453,9.505
1779436800,9.505,9.558,9.455,9.527
1779451200,9.527,9.599,9.367,9.427
1779465600,9.427,9.46,9.141,9.212
1779480000,9.212,9.279,9.091,9.147
1779494400,9.147,9.209,9.105,9.194
1779508800,9.194,9.194,8.841,8.917
1779523200,8.917,8.924,8.835,8.893
1779537600,8.893,9.166,8.872,9.13
1779552000,9.13,9.331,9.104,9.281
1779566400,9.281,9.588,9.263,9.384
1779580800,9.384,9.424,9.314,9.326
1779595200,9.326,9.371,9.317,9.323
1779609600,9.323,9.381,9.311,9.346
1779624000,9.346,9.349,9.13,9.231
1779638400,9.231,9.268,9.207,9.228
1779652800,9.228,9.236,9.061,9.207
1779667200,9.207,9.237,9.148,9.163
1779681600,9.163,9.356,9.155,9.338
1779696000,9.338,9.419,9.321,9.371
1779710400,9.371,9.501,9.359,9.428
1779724800,9.428,9.481,9.359,9.383
1779739200,9.383,9.398,9.266,9.304
1779753600,9.304,9.308,9.162,9.221
1779768000,9.221,9.33,9.205,9.265
1779782400,9.265,9.461,9.257,9.377
1779796800,9.377,9.488,9.228,9.285
1779811200,9.285,9.285,9.114,9.166
1779825600,9.166,9.184,9.114,9.135
1779840000,9.135,9.194,9.106,9.138
1779854400,9.138,9.211,9.039,9.194
1779868800,9.194,9.221,9.119,9.147
1779883200,9.147,9.286,9.076,9.238
1779897600,9.238,9.252,9.072,9.186
1779912000,9.186,9.218,8.99,9.036
1779926400,9.036,9.066,8.853,8.873
1779940800,8.873,8.872,8.709,8.841
1779955200,8.841,8.879,8.787,8.813
1779969600,8.813,8.921,8.74,8.844
1779998400,8.844,8.989,8.885,8.923
1780012800,8.923,8.971,8.862,8.878
1780027200,8.878,8.977,8.827,8.925
1780041600,8.925,8.973,8.829,8.869
1780056000,8.869,8.999,8.649,8.921
1780070400,8.921,8.983,8.768,8.831
1780084800,8.831,8.876,8.785,8.823
1780099200,8.823,9.045,8.808,8.97
1780113600,8.97,8.992,8.818,8.912
1780128000,8.912,8.938,8.879,8.916
1780142400,8.916,8.99,8.902,8.959
1780156800,8.959,9.005,8.936,8.985
1780171200,8.985,9.012,8.912,8.94
1780185600,8.94,9.037,8.929,9.007
1780200000,9.007,9.079,8.967,8.986
1780214400,8.986,9.033,8.952,9.012
1780228800,9.012,9.046,8.853,8.879
1780243200,8.879,8.894,8.791,8.833
1780257600,8.833,9.029,8.833,8.981
1780272000,8.981,9.071,8.862,9.016
1780286400,9.016,9.041,8.775,8.788
1780300800,8.788,8.889,8.755,8.828
1780315200,8.828,8.874,8.671,8.727
1780329600,8.727,8.966,8.682,8.955
1780344000,8.955,8.984,8.826,8.932
1780358400,8.932,8.941,8.668,8.881
1780372800,8.881,8.892,8.659,8.712
1780387200,8.712,8.74,8.655,8.678
1780401600,8.678,8.719,8.265,8.36
1780416000,8.36,8.498,8.17,8.326
1780430400,8.326,8.387,8.02,8.175
1780444800,8.175,8.262,7.989,8.046
1780459200,8.046,8.34,8.045,8.316
1780473600,8.316,8.368,8.243,8.298
1780488000,8.298,8.338,8.175,8.185
1780502400,8.185,8.195,8.023,8.039
1780516800,8.039,8.187,7.904,8.045
1780531200,8.045,8.113,7.511,8.032
1780545600,8.032,8.073,7.814,7.821
1780560000,7.821,7.845,7.538,7.657
1780574400,7.657,7.855,7.611,7.759
1780588800,7.759,7.843,7.668,7.775
1780603200,7.775,7.777,7.564,7.701
1780617600,7.701,7.72,7.306,7.313
1780632000,7.313,7.506,6.999,7.301
1780646400,7.301,7.302,7.059,7.073
1780660800,7.073,7.218,6.844,6.899
1780675200,6.899,7.106,6.579,6.693
1780689600,6.693,7.004,6.608,6.722
1780704000,6.722,6.929,6.508,6.521
1780718400,6.521,6.712,6.218,6.672
1780732800,6.672,6.832,6.565,6.68
1780747200,6.68,6.825,6.597,6.686
1780761600,6.686,6.711,6.589,6.602
1780776000,6.602,6.684,6.562,6.66
1780790400,6.66,6.837,6.647,6.752
1780804800,6.752,6.83,6.684,6.821
1780819200,6.821,6.882,6.689,6.723
1780833600,6.723,6.773,6.586,6.706
1780848000,6.706,6.739,6.504,6.535
1780862400,6.535,6.957,6.514,6.811
1780876800,6.811,6.859,6.629,6.665
1780891200,6.665,6.7,6.533,6.697
1780905600,6.697,6.821,6.618,6.78
1780920000,6.78,6.876,6.694,6.803
1780934400,6.803,6.859,6.764,6.817
1780948800,6.817,6.879,6.742,6.762
1780963200,6.762,6.774,6.585,6.664
1780977600,6.664,6.789,6.641,6.745
1780992000,6.745,6.747,6.655,6.705
1781006400,6.705,6.744,6.516,6.52
1781020800,6.52,6.676,6.438,6.655
1781035200,6.655,6.695,6.605,6.636
1781049600,6.636,6.675,6.551,6.577
1781064000,6.577,6.589,6.483,6.557
1781078400,6.557,6.559,6.414,6.457
1781092800,6.457,6.66,6.433,6.573
1781107200,6.573,6.577,6.427,6.457
1781121600,6.457,6.479,6.297,6.377
1781136000,6.377,6.631,6.376,6.593
1781150400,6.593,6.626,6.543,6.588
1781164800,6.588,6.639,6.536,6.594
1781179200,6.594,6.608,6.496,6.54
1781193600,6.54,6.703,6.47,6.664
1781208000,6.664,6.674,6.603,6.643
1781222400,6.643,6.672,6.596,6.654
1781236800,6.654,6.687,6.523,6.564
1781251200,6.564,6.663,6.562,6.632
1781265600,6.632,6.695,6.515,6.549
1781280000,6.549,6.647,6.515,6.583
1781294400,6.583,6.603,6.533,6.567
1781308800,6.567,6.632,6.554,6.592
1781323200,6.592,6.684,6.564,6.663
1781337600,6.663,6.678,6.625,6.671
1781352000,6.671,6.758,6.658,6.749
1781366400,6.749,6.765,6.673,6.709
1781380800,6.709,6.772,6.694,6.715
1781395200,6.715,6.73,6.683,6.717
1781409600,6.717,6.72,6.635,6.651
1781424000,6.651,6.677,6.618,6.642
1781438400,6.642,6.648,6.491,6.525
1781452800,6.525,6.547,6.371,6.429
1781467200,6.429,6.788,6.411,6.787
1781481600,6.787,6.802,6.696,6.761
1781496000,6.761,6.801,6.732,6.752
1781510400,6.752,6.948,6.735,6.905
1781524800,6.905,7.029,6.871,7.029
1781539200,7.029,7.075,6.877,6.893
1781553600,6.893,6.921,6.801,6.834
1781568000,6.834,6.869,6.739,6.831
1781582400,6.831,6.924,6.755,6.918
1781596800,6.918,7.047,6.909,6.947
1781611200,6.947,6.998,6.707,6.786
1781625600,6.786,6.907,6.762,6.859
1781640000,6.859,6.947,6.842,6.875
1781654400,6.875,7.017,6.866,6.952
1781668800,6.952,6.982,6.864,6.894
1781683200,6.894,6.899,6.768,6.802
1781697600,6.802,6.968,6.764,6.965
1781712000,6.965,7.016,6.696,6.73
1781726400,6.73,6.789,6.645,6.761
1781740800,6.761,6.799,6.696,6.706
1781755200,6.706,6.708,6.568,6.672
1781769600,6.672,6.691,6.602,6.616
1781784000,6.616,6.674,6.207,6.24
1781798400,6.24,6.363,6.223,6.351
1781812800,6.351,6.381,6.27,6.314
1781827200,6.314,6.32,6.107,6.145
1781841600,6.145,6.145,5.965,5.987
1781856000,5.987,6.097,5.983,6.042
1781870400,6.042,6.19,6.031,6.118
1781884800,6.118,6.153,5.676,5.871
1781899200,5.871,5.971,5.797,5.891
1781913600,5.891,5.969,5.876,5.944
1781928000,5.944,6.257,5.825,6.146
1781942400,6.146,6.217,6.094,6.157
1781956800,6.157,6.185,6.027,6.146
1781971200,6.146,6.148,6.065,6.113
1781985600,6.113,6.258,6.104,6.234
1782000000,6.234,6.286,6.212,6.258
1782014400,6.258,6.343,6.202,6.283
1782028800,6.283,6.338,6.231,6.262
1782043200,6.262,6.371,6.235,6.327
1782057600,6.327,6.332,6.223,6.259
1782072000,6.259,6.266,6.093,6.108
1782086400,6.108,6.33,6.109,6.226
1782100800,6.226,6.317,6.194,6.282
1782115200,6.282,6.375,6.217,6.361
1782129600,6.361,6.466,6.279,6.302
1782144000,6.302,6.33,6.231,6.269
1782158400,6.269,6.294,6.16,6.235
1782172800,6.235,6.311,6.207,6.311
1782187200,6.311,6.331,6.066,6.153
1782201600,6.153,6.255,6.01,6.254
1782216000,6.254,6.449,6.212,6.367
1782230400,6.367,6.405,6.267,6.338
1782244800,6.338,6.522,6.336,6.48
1782259200,6.48,6.539,6.403,6.412
1782273600,6.412,6.454,6.356,6.388
1782288000,6.388,6.491,6.367,6.443
1782302400,6.443,6.445,6.202,6.229
1782316800,6.229,6.302,5.994,6.139
1782331200,6.139,6.487,6.116,6.442
1782345600,6.442,6.479,6.386,6.408
1782360000,6.408,6.634,6.384,6.528
1782374400,6.528,6.53,6.381,6.398
1782388800,6.398,6.439,5.948,6.114
1782403200,6.114,6.257,6.044,6.103
1782417600,6.103,6.264,6.105,6.23
1782432000,6.23,6.243,5.958,6.139
1782446400,6.139,6.331,6.071,6.308
1782460800,6.308,6.319,6.101,6.131
1782475200,6.131,6.374,6.041,6.371
1782489600,6.371,6.519,6.342,6.377
1782504000,6.377,6.629,6.314,6.629
1782518400,6.629,6.668,6.498,6.546
1782532800,6.546,6.632,6.517,6.558
1782547200,6.558,6.58,6.445,6.574
1782561600,6.574,6.668,6.517,6.634
1782576000,6.634,6.648,6.4,6.427
1782590400,6.427,6.458,6.331,6.427
1782604800,6.427,6.438,6.361,6.402
1782619200,6.402,6.406,6.298,6.336
1782633600,6.336,6.391,6.304,6.353
1782648000,6.353,6.354,6.279,6.321
1782662400,6.321,6.366,6.265,6.33
1782676800,6.33,6.483,6.294,6.446
1782691200,6.446,6.659,6.359,6.613
1782705600,6.613,6.647,6.496,6.546
1782720000,6.546,6.626,6.495,6.569
1782734400,6.569,6.707,6.443,6.655
1782748800,6.655,6.818,6.623,6.721
1782763200,6.721,6.732,6.656,6.675
1782777600,6.675,6.677,6.609,6.626
1782792000,6.626,6.636,6.564,6.575
1782806400,6.575,6.65,6.521,6.529
1782820800,6.529,6.53,6.381,6.496
1782835200,6.496,6.596,6.462,6.573
1782849600,6.573,6.591,6.501,6.535
1782864000,6.535,6.725,6.423,6.703
1782878400,6.703,6.719,6.601,6.649
1782892800,6.649,6.693,6.612,6.655
1782921600,6.655,6.756,6.664,6.69
1782936000,6.69,6.809,6.657,6.661
1782950400,6.661,6.725,6.607,6.711
1782964800,6.711,6.727,6.657,6.667
1782979200,6.667,6.811,6.66,6.779
1782993600,6.779,6.877,6.733,6.771
1783008000,6.771,6.785,6.713,6.739
1783022400,6.739,6.82,6.718,6.799
1783036800,6.799,6.877,6.781,6.847
1783051200,6.847,6.876,6.806,6.836
1783065600,6.836,6.908,6.824,6.896
1783080000,6.896,6.921,6.803,6.824
1783094400,6.824,6.936,6.786,6.913
1783108800,6.913,7.032,6.908,6.944
1783123200,6.944,6.967,6.86,6.929
1783137600,6.929,6.946,6.836,6.864
1783152000,6.864,6.872,6.812,6.852
1783166400,6.852,7.006,6.851,6.985
1783180800,6.985,7.11,6.939,7.008
1783195200,7.008,7.023,6.922,6.962
1783209600,6.962,6.967,6.786,6.801
1783224000,6.801,6.824,6.751,6.812
1783238400,6.812,6.891,6.77,6.876
1783252800,6.876,6.947,6.85,6.924
1783267200,6.924,6.973,6.899,6.915
1783281600,6.915,7.004,6.878,6.921
1783296000,6.921,6.948,6.846,6.914
1783310400,6.914,6.962,6.826,6.928
1783324800,6.928,6.938,6.813,6.815
1783339200,6.815,6.921,6.708,6.916
1783353600,6.916,6.992,6.894,6.956
1783368000,6.956,7.086,6.904,6.928
1783382400,6.928,6.948,6.777,6.801
1783396800,6.801,6.814,6.693,6.762
1783411200,6.762,6.798,6.731,6.791
1783425600,6.791,6.819,6.644,6.766
1783440000,6.766,6.806,6.689,6.754
1783454400,6.754,6.768,6.655,6.686
1783468800,6.686,6.695,6.345,6.388
1783483200,6.388,6.454,6.361,6.443
1783497600,6.443,6.451,6.311,6.437
1783512000,6.437,6.472,6.344,6.378
1783526400,6.378,6.479,6.375,6.453
1783540800,6.453,6.472,6.412,6.472
1783555200,6.472,6.543,6.424,6.461
1783569600,6.461,6.808,6.458,6.742
1783584000,6.742,6.764,6.662,6.706
1783598400,6.706,6.786,6.686,6.75
1783612800,6.75,6.774,6.693,6.722
1783627200,6.722,6.732,6.676,6.676
1783641600,6.676,6.813,6.665,6.777
1783656000,6.777,6.833,6.738,6.75
1783670400,6.75,6.812,6.734,6.748
1783684800,6.748,6.783,6.65,6.74
1783699200,6.74,6.769,6.703,6.74
1783713600,6.74,6.763,6.728,6.734
1783728000,6.734,6.753,6.702,6.721
1783742400,6.721,6.735,6.692,6.706
1783756800,6.706,6.732,6.684,6.717
1783771200,6.717,6.787,6.714,6.748
1783785600,6.748,6.781,6.725,6.747
1783800000,6.747,6.758,6.537,6.547
1783814400,6.547,6.546,6.421,6.523
1783828800,6.523,6.536,6.274,6.374
1783843200,6.374,6.442,6.365,6.427
1783857600,6.427,6.475,6.413,6.436
1783872000,6.436,6.476,6.386,6.466
1783886400,6.466,6.477,6.368,6.403
1783900800,6.403,6.558,6.398,6.487
1783915200,6.487,6.522,6.451,6.504
1783929600,6.504,6.669,6.486,6.643
1783944000,6.643,6.678,6.526,6.56
1783958400,6.56,6.582,6.418,6.473
1783972800,6.473,6.486,6.335,6.448
1783987200,6.448,6.498,6.416,6.439
1784001600,6.439,6.513,6.438,6.478
1784016000,6.478,6.533,6.434,6.434
1784030400,6.434,6.709,6.418,6.653
1784044800,6.653,6.684,6.601,6.672
1784059200,6.672,6.709,6.623,6.701
1784073600,6.701,6.755,6.603,6.653
1784088000,6.653,6.729,6.606,6.617
1784102400,6.617,6.686,6.609,6.665
1784116800,6.665,6.77,6.654,6.725
1784131200,6.725,6.746,6.644,6.691
1784145600,6.691,6.732,6.67,6.698
1784160000,6.698,6.728,6.657,6.708
1784174400,6.708,6.737,6.606,6.623
1784188800,6.623,6.628,6.546,6.574
1784203200,6.574,6.654,6.507,6.625
1784217600,6.625,6.636,6.519,6.595
1784232000,6.595,6.629,6.48,6.512
1784246400,6.512,6.55,6.433,6.524
1784260800,6.524,6.529,6.438,6.473
1784275200,6.473,6.505,6.419,6.483
1784289600,6.483,6.512,6.371,6.477
1784304000,6.477,6.647,6.46,6.571
1784318400,6.571,6.586,6.536,6.585
1784332800,6.585,6.654,6.573,6.641
1784347200,6.641,6.656,6.588,6.605
1784361600,6.605,6.615,6.523,6.541
1784376000,6.541,6.571,6.509,6.538
1784390400,6.538,6.597,6.522,6.569
1784404800,6.569,6.599,6.561,6.57
1784419200,6.57,6.634,6.569,6.584
1784433600,6.584,6.591,6.55,6.554
1784448000,6.554,6.565,6.472,6.482
1784462400,6.482,6.482,6.404,6.45
1784476800,6.45,6.491,6.389,6.434
1784491200,6.434,6.485,6.404,6.463
1784505600,6.463,6.649,6.439,6.596
1784520000,6.596,6.598,6.442,6.543
1784534400,6.543,6.633,6.488,6.627
1784548800,6.627,6.63,6.474,6.608
1784563200,6.608,6.625,6.543,6.563
1784577600,6.563,6.621,6.547,6.577
1784592000,6.577,6.663,6.563,6.639
1784606400,6.639,6.684,6.601,6.674
1784620800,6.674,6.684,6.61,6.634
1784635200,6.634,6.656,6.575,6.616
1784649600,6.616,6.638,6.58,6.61
1784664000,6.61,6.612,6.521,6.567
1784678400,6.567,6.612,6.541,6.544
1784692800,6.544,6.579,6.459,6.499
1784707200,6.499,6.525,6.479,6.512
1784721600,6.512,6.652,6.483,6.634
1784736000,6.634,6.654,6.565,6.594
1784750400,6.594,6.661,6.573,6.623
1784764800,6.623,6.652,6.518,6.527
1784779200,6.527,6.583,6.515,6.556
1784793600,6.556,6.609,6.545,6.582
1784808000,6.582,6.585,6.392,6.446
1784822400,6.446,6.446,6.195,6.28
1784836800,6.28,6.322,6.254,6.262
1784851200,6.262,6.284,6.206,6.265
1784865600,6.265,6.313,6.228,6.277
1784880000,6.277,6.282,6.222,6.255
1784894400,6.255,6.255,6.131,6.197
1784908800,6.197,6.239,6.17,6.229
1784923200,6.229,6.312,6.221,6.301
1784937600,6.301,6.313,6.234,6.242
1784952000,6.242,6.279,6.237,6.24
1784966400,6.24,6.298,6.228,6.287
1784980800,6.287,6.596,6.279,6.578
1784995200,6.578,6.733,6.573,6.712
1785009600,6.712,6.842,6.674,6.777
1785024000,6.777,6.813,6.732,6.764
1785038400,6.764,6.831,6.738,6.78
1785052800,6.78,6.785,6.691,6.698
1785067200,6.698,6.719,6.644,6.691
1785081600,6.691,6.721,6.659,6.666
1785096000,6.666,6.753,6.662,6.74
1785110400,6.74,6.743,6.673,6.687
1785124800,6.687,6.742,6.664,6.679
1785139200,6.679,6.682,6.595,6.664
1785153600,6.664,6.694,6.478,6.54
1785168000,6.54,6.629,6.529,6.611
1785182400,6.611,6.618,6.371,6.403
1785196800,6.403,6.448,6.354,6.429
1785211200,6.429,6.466,6.398,6.443
1785225600,6.443,6.481,6.416,6.457
1785240000,6.457,6.587,6.37,6.571
1785254400,6.571,6.602,6.497,6.59
1785268800,6.59,6.626,6.519,6.574
1785283200,6.574,6.635,6.406,6.407
1785297600,6.407,6.449,6.305,6.424
1785312000,6.424,6.429,6.372,6.411
1785326400,6.411,6.413,6.355,6.378
1785340800,6.378,6.494,6.341,6.358
1785355200,6.358,6.433,6.307,6.428
1785369600,6.428,6.525,6.389,6.482
1785384000,6.482,6.487,6.415,6.42
1785398400,6.42,6.503,6.414,6.491
1785412800,6.491,6.508,6.416,6.452
1785427200,6.452,6.497,6.445,6.468
1785441600,6.468,6.487,6.429,6.429
1785456000,6.429,6.542,6.394,6.45
1785470400,6.45,6.478,6.388,6.452
1785484800,6.452,6.522,6.398,6.46
1785499200,6.46,6.501,6.327,6.401
1785513600,6.401,6.474,6.399,6.418
1785528000,6.418,6.449,6.378,6.383
1785542400,6.383,6.419,6.378,6.406
1785556800,6.406,6.449,6.37,6.375
1785571200,6.375,6.38,6.32,6.328
1785585600,6.328,6.375,6.321,6.369
1785600000,6.369,6.385,6.034,6.126
1785614400,6.126,6.206,6.102,6.186
1785628800,6.186,6.343,6.179,6.319
1785643200,6.319,6.684,6.318,6.607
1785657600,6.607,6.654,6.551,6.595
1785672000,6.595,6.611,6.555,6.595
1785686400,6.595,6.673,6.563,6.6
1785700800,6.6,6.669,6.528,6.551
1785715200,6.551,6.561,6.392,6.423
1785729600,6.423,6.448,6.376,6.397
1785744000,6.397,6.458,6.365,6.439
1785758400,6.439,6.548,6.418,6.51
1785772800,6.51,6.596,6.51,6.574
1785787200,6.574,6.589,6.545,6.572
1785816000,6.572,6.913,6.774,6.832
1785830400,6.832,6.849,6.757,6.818
1785844800,6.818,6.837,6.686,6.756
1785859200,6.756,6.758,6.696,6.728
1785873600,6.728,6.736,6.633,6.685
1785888000,6.685,6.705,6.601,6.622
1785902400,6.622,6.719,6.622,6.68
1785916800,6.68,6.702,6.652,6.658
1785931200,6.658,6.713,6.534,6.644
1785945600,6.644,6.697,6.639,6.66
1785960000,6.66,6.699,6.638,6.657
1785974400,6.657,6.676,6.612,6.664
1785988800,6.664,6.699,6.649,6.684
1786003200,6.684,6.689,6.348,6.438
1786017600,6.438,6.474,6.392,6.467
1786032000,6.467,6.504,6.435,6.445
1786046400,6.445,6.473,6.406,6.437
1786060800,6.437,6.444,6.388,6.403
1786075200,6.403,6.431,6.366,6.411
1786089600,6.411,6.473,6.404,6.461
1786104000,6.461,6.525,6.404,6.437
1786118400,6.437,6.458,6.356,6.441
1786132800,6.441,6.474,6.417,6.429
1786147200,6.429,6.591,6.415,6.522
1786161600,6.522,6.549,6.503,6.517
1786176000,6.517,6.571,6.503,6.548
1786190400,6.548,6.562,6.512,6.539
1786204800,6.539,6.556,6.516,6.522
1786219200,6.522,6.528,6.456,6.476
1786233600,6.476,6.489,6.437,6.456
1786248000,6.456,6.494,6.429,6.48
1786262400,6.48,6.499,6.459,6.472
1786276800,6.472,6.553,6.456,6.547
1786291200,6.547,6.586,6.528,6.562
1786305600,6.562,6.585,6.386,6.415
1786320000,6.415,6.536,6.37,6.482
1786334400,6.482,6.572,6.478,6.535
1786348800,6.535,6.547,6.493,6.547
1786363200,6.547,6.579,6.467,6.484
1786377600,6.484,6.498,6.414,6.469
1786392000,6.469,6.471,6.407,6.432
1786406400,6.432,6.553,6.428,6.538
1786420800,6.538,6.547,6.468,6.481
1786435200,6.481,6.522,6.454,6.504
1786449600,6.504,6.512,6.109,6.211
1786464000,6.211,6.274,6.184,6.272
1786478400,6.272,6.33,6.27,6.318
1786492800,6.318,6.322,6.266,6.282
1786507200,6.282,6.311,6.207,6.232
1786521600,6.232,6.308,6.212,6.306
1786536000,6.306,6.542,6.279,6.373
1786550400,6.373,6.397,6.325,6.353
1786564800,6.353,6.421,6.292,6.316
1786579200,6.316,6.523,6.312,6.508
1786593600,6.508,6.547,6.484,6.515
1786608000,6.515,6.533,6.473,6.501
1786622400,6.501,6.548,6.406,6.408
1786636800,6.408,6.439,6.361,6.421
1786651200,6.421,6.454,6.403,6.453
1786665600,6.453,6.484,6.408,6.414
1786680000,6.414,6.434,6.367,6.373
1786694400,6.373,6.404,6.346,6.357
1786708800,6.357,6.449,6.344,6.436
1786723200,6.436,6.491,6.399,6.429
1786737600,6.429,6.49,6.383,6.473
1786752000,6.473,6.875,6.474,6.769
1786766400,6.769,6.791,6.596,6.617
1786780800,6.617,6.628,6.567,6.569
1786795200,6.569,6.595,6.538,6.559
1786809600,6.559,6.562,6.475,6.502
1786824000,6.502,6.502,6.301,6.328
1786838400,6.328,6.367,6.218,6.349
1786852800,6.349,6.353,6.316,6.332
1786867200,6.332,6.382,6.321,6.356
1786881600,6.356,6.429,6.35,6.428
1786896000,6.428,6.435,6.332,6.34
1786910400,6.34,6.346,6.273,6.327
1786924800,6.327,6.383,6.289,6.363
1786939200,6.363,6.398,6.337,6.36
1786953600,6.36,6.363,6.305,6.324
1786968000,6.324,6.343,6.289,6.324
1786982400,6.324,6.353,6.293,6.337
1786996800,6.337,6.364,6.31,6.347
1787011200,6.347,6.448,6.231,6.273
1787025600,6.273,6.367,6.266,6.31
1787040000,6.31,6.344,6.294,6.329
1787054400,6.329,6.396,6.307,6.37
1787068800,6.37,6.377,6.318,6.345
1787083200,6.345,6.353,6.3,6.332
1787097600,6.332,6.371,6.314,6.361
1787112000,6.361,6.369,6.333,6.347
1787126400,6.347,6.39,6.302,6.31
1787140800,6.31,6.731,6.284,6.559
1787155200,6.559,6.639,6.498,6.585
1787169600,6.585,6.88,6.586,6.778
1787184000,6.778,6.824,6.696,6.754
1787198400,6.754,6.828,6.728,6.809
1787212800,6.809,6.965,6.798,6.891
1787227200,6.891,7.137,6.731,7.056
1787241600,7.056,7.323,7.048,7.143
1787256000,7.143,7.311,7.122,7.293
1787270400,7.293,7.359,7.219,7.304
1787284800,7.304,7.496,7.274,7.476
1787299200,7.476,7.698,7.368,7.494
1787313600,7.494,7.68,7.455,7.623
1787328000,7.623,7.706,7.47,7.542
1787342400,7.542,7.899,7.519,7.842
1787356800,7.842,8.127,7.776,8.083
1787371200,8.083,8.328,7.0,7.612
1787385600,7.612,7.662,7.352,7.526
1787400000,7.526,7.598,7.429,7.453
1787414400,7.453,7.633,7.45,7.569
1787428800,7.569,7.602,7.415,7.495
1787443200,7.495,7.584,7.375,7.407
1787457600,7.407,7.445,7.275,7.373
1787472000,7.373,7.532,7.368,7.531
1787486400,7.531,7.661,7.435,7.557
1787500800,7.557,7.604,7.53,7.546
1787515200,7.546,7.676,7.514,7.61
1787529600,7.61,7.609,7.398,7.452
1787544000,7.452,7.542,7.431,7.458
1787558400,7.458,7.583,7.404,7.546
1787572800,7.546,7.647,7.441,7.538
1787587200,7.538,7.644,7.482,7.526
1787601600,7.526,7.586,7.494,7.544
1787616000,7.544,7.731,7.507,7.622
1787630400,7.622,7.703,7.479,7.525
1787644800,7.525,7.579,7.487,7.519
1787659200,7.519,7.537,7.321,7.505
1787673600,7.505,7.534,7.431,7.456
1787688000,7.456,7.459,7.227,7.323
1787702400,7.323,7.417,7.291,7.364
1787716800,7.364,7.416,7.302,7.389
1787731200,7.389,7.412,7.278,7.335
1787745600,7.335,7.388,7.155,7.227
1787760000,7.227,7.289,7.188,7.25
1787774400,7.25,7.457,7.2,7.438
1787788800,7.438,7.442,7.322,7.343
1787803200,7.343,7.383,7.292,7.374
1787817600,7.374,7.514,7.348,7.39
1787832000,7.39,7.572,7.378,7.516
1787846400,7.516,7.579,7.455,7.478
1787860800,7.478,7.539,7.467,7.523
1787875200,7.523,7.592,7.404,7.437
1787889600,7.437,7.5,7.395,7.395
1787904000,7.395,7.445,7.319,7.423
1787918400,7.423,7.468,7.271,7.328
1787932800,7.328,7.336,7.2,7.266
1787947200,7.266,7.317,7.245,7.305
1787961600,7.305,7.327,7.253,7.257
1787976000,7.257,7.312,7.253,7.267
1787990400,7.267,7.28,7.219,7.256
1788004800,7.256,7.365,7.254,7.328
1788019200,7.328,7.338,7.268,7.316
1788033600,7.316,7.332,7.3,7.327
1788048000,7.327,7.343,7.248,7.289
1788062400,7.289,7.346,7.261,7.322
1788076800,7.322,7.391,7.307,7.38
1788091200,7.38,7.433,7.371,7.408
1788105600,7.408,7.467,7.378,7.406
1788120000,7.406,7.429,7.006,7.109
1788134400,7.109,7.176,7.075,7.138
1788148800,7.138,7.24,7.12,7.215
1788163200,7.215,7.244,7.177,7.193
1788177600,7.193,7.233,7.127,7.197
1788192000,7.197,7.263,7.171,7.208
1788206400,7.208,7.248,7.199,7.229
1788220800,7.229,7.295,7.22,7.274
1788235200,7.274,7.333,7.257,7.313
1788249600,7.313,7.319,7.198,7.279
1788264000,7.279,7.359,7.213,7.301
1788278400,7.301,7.307,7.137,7.228
1788292800,7.228,7.241,7.163,7.215
1788307200,7.215,7.243,7.106,7.198
1788321600,7.198,7.254,7.179,7.205
1788336000,7.205,7.218,7.038,7.116
1788350400,7.116,7.199,7.088,7.145
1788364800,7.145,7.182,7.098,7.162
1788379200,7.162,7.197,7.134,7.19
1788393600,7.19,7.279,7.128,7.276
1788408000,7.276,7.346,7.211,7.258
1788422400,7.258,7.299,7.228,7.278
1788436800,7.278,7.518,7.272,7.511
1788451200,7.511,7.565,7.467,7.535
1788465600,7.535,7.579,7.473,7.518
1788480000,7.518,7.529,7.473,7.495
1788494400,7.495,7.521,7.438,7.472
1788508800,7.472,7.536,7.467,7.491
1788523200,7.491,7.504,7.259,7.362
1788537600,7.362,7.398,7.323,7.388
1788552000,7.388,7.399,7.336,7.383
1788566400,7.383,7.408,7.373,7.4
1788580800,7.4,7.532,7.383,7.491
1788595200,7.491,7.509,7.464,7.492
1788609600,7.492,7.588,7.493,7.541
1788624000,7.541,7.647,7.527,7.595
1788638400,7.595,7.631,7.565,7.59
1788652800,7.59,7.739,7.582,7.708
1788667200,7.708,7.719,7.597,7.649
1788681600,7.649,7.695,7.619,7.688
1788696000,7.688,7.709,7.529,7.625
1788710400,7.625,7.661,7.608,7.654
1788724800,7.654,7.933,7.648,7.903
1788739200,7.903,7.96,7.756,7.766
1788753600,7.766,7.972,7.723,7.78
1788768000,7.78,7.969,7.774,7.86
1788782400,7.86,8.123,7.855,8.087
1788796800,8.087,8.197,8.021,8.104
1788811200,8.104,8.182,8.027,8.071
1788825600,8.071,8.187,8.019,8.045
1788840000,8.045,8.078,8.002,8.057
1788854400,8.057,8.196,8.019,8.041
1788868800,8.041,8.107,7.825,8.051
1788883200,8.051,8.067,7.955,7.971
1788897600,7.971,8.034,7.929,8.004
1788912000,8.004,8.047,7.92,7.947
1788926400,7.947,8.052,7.946,8.027
1788940800,8.027,8.046,7.89,7.969
1788955200,7.969,8.017,7.808,7.891
1788969600,7.891,7.963,7.837,7.852
1788984000,7.852,7.889,7.677,7.794
1788998400,7.794,7.831,7.702,7.8
1789012800,7.8,7.863,7.721,7.745
1789027200,7.745,7.779,7.688,7.722
1789041600,7.722,7.749,7.538,7.593
1789056000,7.593,7.659,7.513,7.586
1789070400,7.586,7.621,7.412,7.418
1789084800,7.418,7.489,7.407,7.459
1789099200,7.459,7.543,7.456,7.478
1789113600,7.478,7.528,7.297,7.355
1789128000,7.355,7.835,7.275,7.573
1789142400,7.573,7.634,7.393,7.463
1789156800,7.463,7.493,7.389,7.459
1789171200,7.459,7.489,7.43,7.451
1789185600,7.451,7.473,7.416,7.45
1789200000,7.45,7.463,7.425,7.442
1789214400,7.442,7.456,7.409,7.428
1789228800,7.428,7.429,7.356,7.362
1789243200,7.362,7.413,7.359,7.395
1789257600,7.395,7.425,7.372,7.404
1789272000,7.404,7.459,7.358,7.359
1789286400,7.359,7.371,7.276,7.323
1789300800,7.323,7.42,7.292,7.358
1789315200,7.358,7.445,7.356,7.409
1789329600,7.409,7.449,7.278,7.284
1789344000,7.284,7.438,7.255,7.4
1789358400,7.4,7.446,7.384,7.418
1789372800,7.418,7.463,7.336,7.457
1789387200,7.457,7.539,7.404,7.458
1789401600,7.458,7.629,7.448,7.598
1789416000,7.598,7.799,7.554,7.561
1789430400,7.561,7.609,7.499,7.536
1789444800,7.536,7.55,7.455,7.461
1789459200,7.461,7.536,7.437,7.471
1789473600,7.471,7.612,7.328,7.425
1789488000,7.425,7.536,7.186,7.348
1789502400,7.348,7.364,7.208,7.266
1789516800,7.266,7.305,7.192,7.285
1789531200,7.285,7.343,7.232,7.241
1789545600,7.241,7.333,7.184,7.314
1789560000,7.314,7.325,7.201,7.224
1789574400,7.224,7.359,7.171,7.337
1789588800,7.337,7.484,7.309,7.474
1789603200,7.474,7.568,7.466,7.549
1789617600,7.549,7.563,7.499,7.535
1789632000,7.535,7.607,7.469,7.56
1789646400,7.56,7.649,7.525,7.601
1789660800,7.601,7.646,7.569,7.586
1789675200,7.586,7.627,7.545,7.608
1789689600,7.608,7.958,7.584,7.946
1789704000,7.946,7.968,7.851,7.926
1789718400,7.926,8.03,7.902,7.943
1789732800,7.943,8.172,7.932,8.112
1789747200,8.112,8.342,8.046,8.276
1789761600,8.276,8.292,8.172,8.203
1789776000,8.203,8.779,8.202,8.492
1789790400,8.492,8.644,8.36,8.538
1789804800,8.538,9.369,8.537,9.319
1789819200,9.319,9.486,9.057,9.444
1789833600,9.444,9.845,9.412,9.615
1789848000,9.615,10.176,9.565,10.092
1789862400,10.092,10.822,9.439,9.561
1789876800,9.561,9.829,9.492,9.593
1789891200,9.593,10.41,9.592,10.406
1789905600,10.406,11.427,10.139,11.406
1789920000,11.406,11.429,10.906,11.143
1789934400,11.143,11.469,11.034,11.31
1789948800,11.31,11.799,11.049,11.276
1789963200,11.276,11.602,10.913,10.933
1789977600,10.933,11.541,10.905,11.3
1789992000,11.3,11.495,11.043,11.077
1790006400,11.077,11.148,10.758,11.086
1790020800,11.086,11.378,10.966,11.227
1790035200,11.227,11.236,10.969,11.0
1790049600,11.0,11.027,10.525,10.728
1790064000,10.728,10.968,10.701,10.849
1790078400,10.849,11.209,10.738,11.101
1790092800,11.101,11.225,10.921,10.977
1790107200,10.977,11.371,10.901,11.309
1790121600,11.309,11.396,10.977,11.235
1790136000,11.235,11.269,11.09,11.137
1790150400,11.137,11.294,10.986,11.111
1790164800,11.111,11.121,10.082,10.225
1790179200,10.225,10.364,10.071,10.32
1790193600,10.32,10.421,10.224,10.26
1790208000,10.26,10.335,10.138,10.228
1790222400,10.228,10.402,10.187,10.268
1790236800,10.268,10.281,10.018,10.119
1790251200,10.119,10.498,9.972,10.385
1790265600,10.385,10.525,10.227,10.455
1790280000,10.455,10.687,10.109,10.201
1790294400,10.201,10.333,10.097,10.177
1790308800,10.177,10.299,10.076,10.208
1790323200,10.208,10.678,10.173,10.582
1790337600,10.582,10.751,10.191,10.347
1790352000,10.347,10.56,10.293,10.453
1790366400,10.453,10.691,10.403,10.647
1790380800,10.647,10.96,10.541,10.619
1790395200,10.619,10.723,10.566,10.694
1790409600,10.694,11.008,10.505,10.946
1790424000,10.946,11.128,10.7,10.978
1790438400,10.978,11.062,10.732,10.742
1790452800,10.742,10.888,10.541,10.835
1790467200,10.835,10.943,10.711,10.73
1790481600,10.73,11.216,10.659,11.158
1790496000,11.158,11.277,10.936,10.989
1790510400,10.989,11.036,10.805,11.015
1790524800,11.015,11.053,10.897,11.006
1790539200,11.006,11.083,10.696,10.897
1790553600,10.897,10.971,10.624,10.711
1790568000,10.711,10.735,10.348,10.354
1790582400,10.354,10.588,10.329,10.499
1790596800,10.499,10.72,10.144,10.331
1790611200,10.331,10.618,10.262,10.326
1790625600,10.326,10.617,10.282,10.611
1790640000,10.611,10.891,10.333,10.418
1790654400,10.418,11.548,10.341,11.453
1790668800,11.453,11.944,11.22,11.84
1790683200,11.84,12.007,11.124,11.207
1790697600,11.207,11.381,11.024,11.328
1790712000,11.328,11.546,11.315,11.434
1790726400,11.434,11.481,11.201,11.275
1790740800,11.275,11.354,11.019,11.103
1790755200,11.103,11.234,10.98,11.139
1790769600,11.139,11.361,10.794,10.948
1790784000,10.948,11.06,10.859,10.889
1790798400,10.889,11.004,10.858,10.933
1790812800,10.933,11.149,10.802,11.116
1790827200,11.116,11.17,10.95,10.962
1790841600,10.962,11.178,10.876,11.03
1790856000,11.03,11.054,10.821,10.897
1790870400,10.897,11.069,10.727,10.994
1790884800,10.994,11.047,10.863,10.983
1790899200,10.983,11.067,10.855,10.999
1790913600,10.999,11.199,10.982,11.085
1790928000,11.085,11.23,11.044,11.117
1790942400,11.117,11.266,10.988,11.117
1790956800,11.117,11.196,10.432,10.585
1790971200,10.585,10.816,10.532,10.794
1790985600,10.794,10.969,10.758,10.917
1791000000,10.917,10.956,10.835,10.871
1791014400,10.871,11.189,10.853,11.129
1791028800,11.129,11.214,11.024,11.084
1791043200,11.084,11.166,11.04,11.134
1791057600,11.134,11.162,11.057,11.121
1791072000,11.121,11.139,11.029,11.038
1791086400,11.038,11.107,10.972,11.044
1791100800,11.044,11.065,10.959,10.983
1791115200,10.983,11.102,10.944,11.079
1791129600,11.079,11.131,11.023,11.106
1791144000,11.106,11.136,11.016,11.1
1791158400,11.1,11.099,10.908,10.942
1791172800,10.942,11.079,10.817,11.062
1791187200,11.062,11.075,10.95,11.011
1791201600,11.011,11.041,10.839,10.851
1791216000,10.851,10.914,10.774,10.88
1791230400,10.88,11.173,10.872,11.125
1791244800,11.125,11.297,11.105,11.186
1791259200,11.186,11.396,11.188,11.336
1791273600,11.336,11.486,11.232,11.429
1791288000,11.429,11.691,11.376,11.504
1791302400,11.504,11.543,11.339,11.451
1791316800,11.451,11.726,11.379,11.603
1791331200,11.603,11.65,10.933,11.023
1791345600,11.023,11.348,10.974,11.318
1791360000,11.318,11.326,10.938,10.992
1791374400,10.992,11.329,10.956,11.236
1791388800,11.236,11.4,11.191,11.219
1791403200,11.219,11.253,10.938,11.124
1791417600,11.124,11.193,10.971,10.984
1791432000,10.984,11.009,10.662,10.827
1791446400,10.827,10.914,10.68,10.734
1791460800,10.734,10.734,9.876,9.993
1791475200,9.993,10.127,9.756,10.089
1791489600,10.089,10.195,10.055,10.07
1791504000,10.07,10.331,10.005,10.285
1791518400,10.285,10.423,10.18,10.392
