event_time,event_time_ist,timeframe,symbol,side,distance_pct,alert_price,level,zone_bottom,zone_top,body_entry,planned_entry,stop_price,stop_distance_pct,rating,wick_to_body,wick_atr,departure_atr,touch_count,zone_age_candles,market_class,zone_id,source_line,trade_id,filled,entry_time,entry_price,target_1_price,target_2_price,exit_time,exit_price,bars_held,half_r_hit,target_1_hit,target_2_hit,outcome,final_result,realized_r,net_realized_r,mfe_r,mae_r,time_to_half_r,time_to_1r,time_to_2r,time_to_sl,final_resolution_time,time_to_resolution_seconds,time_to_best_secured_milestone_seconds,cooldown_blocked,timing_status,entry_basis,cost_r,trail_net_r,ambiguous_interval_start,ambiguous_interval_end,event_ts,planned_entry_x
2026-08-06 07:50:00+00:00,2026-08-06 13:20:00+05:30,30m,AVAXUSD,short,0.2,6.692588000000001,6.728,6.706,6.728,6.706,6.706,,0.4100805249030565,,,,,,,CRYPTO,AVAXUSD|short|6.70600000|6.72800000,1,f5b05e59c017f046,False,,,,,,,0,False,False,False,zone_not_touched,,,,,,,,,,,,,False,,,,,,,1786002600,6.706
2026-08-06 08:00:00+00:00,2026-08-06 13:30:00+05:30,30m,TACUSD,long,0.2,0.0031993860000000002,0.00318,0.00318,0.003193,0.003193,0.003193,,0.50892577513311,,,,,,,CRYPTO,TACUSD|long|0.00318000|0.00319300,2,b9fd162643a95d69,False,,,,,,,0,False,False,False,zone_not_touched,,,,,,,,,,,,,False,,,,,,,1786003200,0.003193
2026-08-06 10:50:00+00:00,2026-08-06 16:20:00+05:30,30m,BNBUSD,long,0.2,593.184,591.68,591.68,592.0,592.0,592.0,,0.06756756756758293,,,,,,,CRYPTO,BNBUSD|long|591.68000000|592.00000000,3,8ee858775d65ff84,False,,,,,,,0,False,False,False,zone_not_touched,,,,,,,,,,,,,False,,,,,,,1786013400,592.0
2026-08-06 12:35:00+00:00,2026-08-06 18:05:00+05:30,30m,LTCUSD,short,0.2,45.39764658634657,45.49,45.4886238340146,45.49,45.4886238340146,45.4886238340146,,0.0037816212863183603,,,,,,,CRYPTO,LTCUSD|short|45.48862383|45.49000000,4,ddb3d862feb3120c,False,,,,,,,0,False,False,False,stop_too_tight,,,,,,,,,,,,,False,,,,,,,1786019700,45.4886238340146
2026-08-06 16:25:00+00:00,2026-08-06 21:55:00+05:30,30m,TRUMP/USDT,short,0.2,1.47205,1.478,1.475,1.478,1.475,1.475,1.47875,0.25423728813558777,,,,,,,CRYPTO,TRUMP/USDT|short|1.47500000|1.47800000,6,24b29002e9cd7469,True,2026-08-06 22:20:00+05:30,1.475,1.4712500000000002,1.4675000000000002,2026-08-06 22:20:00+05:30,1.479489375,1,False,False,False,SL,SL,-1.1971666666666674,-1.5220600000000077,0.0,1.3333333333333333,,,,2026-08-06 22:20:00+05:30,2026-08-06 22:20:00+05:30,0.0,,False,,body,0.3248933333333403,-1.5220600000000077,,,1786033500,1.475
2026-08-07 03:15:00+00:00,2026-08-07 08:45:00+05:30,30m,VELVETUSD,long,0.2,0.45691200000000004,0.4525,0.4525,0.456,0.456,0.456,,0.9594298245614074,,,,,,,CRYPTO,VELVETUSD|long|0.45250000|0.45600000,10,f2d7346cb88b1855,False,,,,,,,0,False,False,False,zone_not_touched,,,,,,,,,,,,,False,,,,,,,1786072500,0.456
2026-08-07 03:40:00+00:00,2026-08-07 09:10:00+05:30,30m,TACUSD,long,0.2,0.0031993860000000002,0.00318,0.00318,0.003193,0.003193,0.003193,,0.50892577513311,,,,,,,CRYPTO,TACUSD|long|0.00318000|0.00319300,11,5a16097d4af1307d,False,,,,,,,0,False,False,False,zone_not_touched,,,,,,,,,,,,,False,,,,,,,1786074000,0.003193
2026-08-07 04:25:00+00:00,2026-08-07 09:55:00+05:30,30m,BNBUSD,long,0.2,589.04574,587.85,587.85,587.87,587.87,587.87,,0.004252640889988818,,,,,,,CRYPTO,BNBUSD|long|587.85000000|587.87000000,12,b816ab484e052a64,False,,,,,,,0,False,False,False,stop_too_tight,,,,,,,,,,,,,False,,,,,,,1786076700,587.87
2026-08-07 06:15:00+00:00,2026-08-07 11:45:00+05:30,30m,BCHUSD,short,0.2,215.18876,215.72,215.62,215.72,215.62,215.62,,0.057972358779334016,,,,,,,CRYPTO,BCHUSD|short|215.62000000|215.72000000,15,c2f53dcc896df16c,False,,,,,,,0,False,False,False,stop_too_tight,,,,,,,,,,,,,False,,,,,,,1786083300,215.62
2026-08-07 08:40:00+00:00,2026-08-07 14:10:00+05:30,30m,LTCUSD,short,0.2,45.83639298641822,45.93,45.928249485388996,45.93,45.928249485388996,45.928249485388996,,0.0047642644522182314,,,,,,,CRYPTO,LTCUSD|short|45.92824949|45.93000000,17,ac73ad4f7d3a6845,False,,,,,,,0,False,False,False,stop_too_tight,,,,,,,,,,,,,False,,,,,,,1786092000,45.928249485388996
2026-08-07 09:10:00+00:00,2026-08-07 14:40:00+05:30,30m,SOLUSD,short,0.2,73.379946,73.63,73.527,73.63,73.527,73.527,73.65575,0.17510574346838112,,,,,,,CRYPTO,SOLUSD|short|73.52700000|73.63000000,18,49072b859bb4f4aa,True,2026-08-07 14:45:00+05:30,73.527,73.39825,73.26950000000001,2026-08-07 14:55:00+05:30,73.692577875,3,False,False,False,SL,SL,-1.2860417475728245,-1.7577567145631283,0.46912621359225587,1.00194174757288,,,,2026-08-07 14:55:00+05:30,2026-08-07 14:55:00+05:30,600.0,,False,,body,0.47171496699030385,-1.7577567145631283,,,1786093800,73.527
2026-08-07 12:05:00+00:00,2026-08-07 17:35:00+05:30,30m,DOGEUSD,short,0.2,0.06993984,0.07022,0.07008,0.07022,0.07008,0.07008,0.07025500000000001,0.2497146118721582,,,,,,,CRYPTO,DOGEUSD|short|0.07008000|0.07022000,22,cea775987162ef6c,True,2026-08-07 17:40:00+05:30,0.07008,0.069905,0.06972999999999999,2026-08-07 17:55:00+05:30,0.07004962266768,4,True,False,False,BE,BE,0.17358475611429414,-0.15719284388568988,0.914285714285712,0.17142857142857595,2026-08-07 17:45:00+05:30,,,2026-08-07 17:55:00+05:30,2026-08-07 18:00:00+05:30,1200.0,300.0,False,,body,0.330777599999984,0.1336116857143123,,,1786104300,0.07008
2026-08-07 14:35:00+00:00,2026-08-07 20:05:00+05:30,30m,TACUSD,long,0.2,0.0031993860000000002,0.00318,0.00318,0.003193,0.003193,0.003193,0.00317675,0.50892577513311,,,,,,,CRYPTO,TACUSD|long|0.00318000|0.00319300,26,81e1b45a6aee76a6,True,2026-08-07 20:10:00+05:30,0.003193,0.0032092500000000003,0.0032255000000000005,2026-08-07 20:30:00+05:30,0.003175161625,5,False,False,False,SL,SL,-1.097746153846158,-1.260048800000002,0.0,1.2923076923076873,,,,2026-08-07 20:30:00+05:30,2026-08-07 20:30:00+05:30,1200.0,,False,,body,0.1623026461538441,-1.260048800000002,,,1786113300,0.003193
2026-08-07 16:20:00+00:00,2026-08-07 21:50:00+05:30,30m,TACUSD,long,0.2,0.0031346368112411633,0.003128,0.003128,0.0031283800511388857,0.0031283800511388857,0.0031283800511388857,,0.015185620539746352,,,,,,,CRYPTO,TACUSD|long|0.00312800|0.00312838,27,a55fe9b2419bbda5,False,,,,,,,0,False,False,False,stop_too_tight,,,,,,,,,,,,,False,,,,,,,1786119600,0.0031283800511388857
2026-08-07 18:25:00+00:00,2026-08-07 23:55:00+05:30,30m,TRUMP/USDT,short,0.2,1.502988,1.509,1.506,1.509,1.506,1.506,,0.24900398406373972,,,,,,,CRYPTO,TRUMP/USDT|short|1.50600000|1.50900000,28,b311a407c2586f67,False,,,,,,,0,False,False,False,zone_not_touched,,,,,,,,,,,,,False,,,,,,,1786127100,1.506
2026-08-08 03:50:00+00:00,2026-08-08 09:20:00+05:30,30m,BCHUSD,short,0.2,216.6658,218.14,217.1,218.14,217.1,217.1,,0.598802395209573,,,,,,,CRYPTO,BCHUSD|short|217.10000000|218.14000000,33,82b42f6dec9f3b6a,False,,,,,,,0,False,False,False,zone_not_touched,,,,,,,,,,,,,False,,,,,,,1786161000,217.1
2026-08-08 09:30:00+00:00,2026-08-08 15:00:00+05:30,30m,XRPUSD,short,0.2,1.0380198,1.0437,1.0401,1.0437,1.0401,1.0401,1.0446,0.4326507066628159,,,,,,,CRYPTO,XRPUSD|short|1.04010000|1.04370000,38,edb35b710e356882,True,2026-08-08 16:25:00+05:30,1.0401,1.0356,1.0311000000000001,2026-08-08 17:40:00+05:30,1.0396491514933501,16,True,False,False,BE,BE,0.10018855703331057,-0.09072757630002494,0.6666666666666996,0.1555555555555402,2026-08-08 16:55:00+05:30,,,2026-08-08 17:40:00+05:30,2026-08-08 17:45:00+05:30,4800.0,1800.0,False,,body,0.1909161333333355,0.11039220000003513,,,1786181400,1.0401
2026-08-08 09:30:00+00:00,2026-08-08 15:00:00+05:30,30m,ZORAUSD,short,0.2,0.005309077820584159,0.00532,0.005319717255094348,0.00532,0.005319717255094348,0.005319717255094348,,0.006643795433418912,,,,,,,CRYPTO,ZORAUSD|short|0.00531972|0.00532000,39,318e3dc19afa4f87,False,,,,,,,0,False,False,False,zone_not_touched,,,,,,,,,,,,,False,,,,,,,1786181400,0.005319717255094348
2026-08-08 13:30:00+00:00,2026-08-08 19:00:00+05:30,30m,AAVEUSD,short,0.2,91.00762,91.31,91.19,91.31,91.19,91.19,,0.16449172058340356,,,,,,,CRYPTO,AAVEUSD|short|91.19000000|91.31000000,46,98031dab7a3d3ba9,False,,,,,,,0,False,False,False,stop_too_tight,,,,,,,,,,,,,False,,,,,,,1786195800,91.19
2026-08-09 07:45:00+00:00,2026-08-09 13:15:00+05:30,30m,AKE/USDT,short,0.2,0.0041310214000000005,0.0041709,0.0041393,0.0041709,0.0041393,0.0041393,,0.9542676297924675,,,,,,,CRYPTO,AKE/USDT|short|0.00413930|0.00417090,54,ba74cf2f143e9ea1,False,,,,,,,0,False,False,False,zone_not_touched,,,,,,,,,,,,,False,,,,,,,1786261500,0.0041393
2026-08-09 07:50:00+00:00,2026-08-09 13:20:00+05:30,30m,TACUSD,long,0.2,0.00302103,0.003008,0.003008,0.003015,0.003015,0.003015,,0.290215588723054,,,,,,,CRYPTO,TACUSD|long|0.00300800|0.00301500,55,a25f7b8a2fd21fd3,False,,,,,,,0,False,False,False,zone_not_touched,,,,,,,,,,,,,False,,,,,,,1786261800,0.003015
2026-08-09 15:00:00+00:00,2026-08-09 20:30:00+05:30,30m,BCHUSD,short,0.2,217.8634,218.87,218.3,218.87,218.3,218.3,219.0125,0.3263857077416295,,,,,,,CRYPTO,BCHUSD|short|218.30000000|218.87000000,57,df8604957f219f89,True,2026-08-09 21:00:00+05:30,218.3,217.58750000000003,216.87500000000006,2026-08-09 23:45:00+05:30,216.87500000000006,34,True,True,True,+2R,+2R,2.0,1.746925192982448,2.245614035087823,0.2807017543859579,2026-08-09 21:40:00+05:30,2026-08-09 22:40:00+05:30,2026-08-09 23:45:00+05:30,,2026-08-09 23:45:00+05:30,9900.0,9900.0,False,,body,0.253074807017552,0.3265545789474141,,,1786287600,218.3
2026-08-09 15:15:00+00:00,2026-08-09 20:45:00+05:30,30m,TRUMP/USDT,short,0.2,1.50199,1.509,1.505,1.509,1.505,1.505,1.5099999999999998,0.3322259136212554,,,,,,,CRYPTO,TRUMP/USDT|short|1.50500000|1.50900000,58,a906f4254e5044ea,True,2026-08-09 20:55:00+05:30,1.505,1.5,1.495,2026-08-09 21:05:00+05:30,1.5043476329174998,3,True,False,False,BE,BE,0.13047341650001265,-0.11815258349999266,0.5999999999999911,1.6000000000000356,2026-08-09 21:00:00+05:30,,,2026-08-09 21:05:00+05:30,2026-08-09 21:10:00+05:30,900.0,300.0,False,,body,0.24862600000000531,-0.04895100000000191,,,1786288500,1.505
2026-08-09 15:40:00+00:00,2026-08-09 21:10:00+05:30,30m,VELVETUSD,long,0.2,0.4545072,0.45,0.45,0.4536,0.4536,0.4536,0.4491,0.9920634920634929,,,,,,,CRYPTO,VELVETUSD|long|0.45000000|0.45360000,59,c61cfc29e27fc269,True,2026-08-09 21:25:00+05:30,0.4536,0.4581,0.4626,2026-08-09 21:35:00+05:30,0.44887545,3,False,False,False,SL,SL,-1.0498999999999978,-1.1331607999999977,0.0,1.0222222222222197,,,,2026-08-09 21:35:00+05:30,2026-08-09 21:35:00+05:30,600.0,,False,,body,0.08326079999999994,-1.1331607999999977,,,1786290000,0.4536
2026-08-09 15:55:00+00:00,2026-08-09 21:25:00+05:30,30m,AVAXUSD,short,0.2,6.544884,6.588,6.558,6.588,6.558,6.558,6.5955,0.5718206770356897,,,,,,,CRYPTO,AVAXUSD|short|6.55800000|6.58800000,60,ad876fa56f17e13a,True,2026-08-09 21:30:00+05:30,6.558,6.520499999999999,6.482999999999999,2026-08-09 22:40:00+05:30,6.555157326693,15,True,False,False,BE,BE,0.07580462151999148,-0.0686462584800065,0.5333333333333143,0.9066666666666486,2026-08-09 22:25:00+05:30,,,2026-08-09 22:40:00+05:30,2026-08-09 22:45:00+05:30,4500.0,3300.0,False,,body,0.14445087999999798,0.05158411999997514,,,1786290900,6.558
2026-08-10 02:30:00+00:00,2026-08-10 08:00:00+05:30,30m,AKE/USDT,short,0.2,0.00430912242063492,0.0043523,0.0043177579365079365,0.0043523,0.0043177579365079365,0.0043177579365079365,0.004360935515873016,1.0000000000000029,,,,,,,CRYPTO,AKE/USDT|short|0.00431776|0.00435230,62,d0d5e3710ed149a8,True,2026-08-10 08:05:00+05:30,0.0043177579365079365,0.004274580357142857,0.0042314027777777775,2026-08-10 08:30:00+05:30,0.004315886333087351,6,True,True,False,BE,BE,0.043346650000009,-0.03925334999999077,1.0713415895043936,0.6795671254279231,2026-08-10 08:10:00+05:30,2026-08-10 08:15:00+05:30,,2026-08-10 08:30:00+05:30,2026-08-10 08:35:00+05:30,1800.0,600.0,False,,body,0.08259999999999977,0.3299901620981963,,,1786329000,0.0043177579365079365
2026-08-10 02:40:00+00:00,2026-08-10 08:10:00+05:30,30m,HUSD,short,0.2,0.07991983999999999,0.08036,0.08008,0.08036,0.08008,0.08008,0.08043,0.4370629370629409,,,,,,,CRYPTO,HUSD|short|0.08008000|0.08036000,64,cd2daac2f3b3ff64,True,2026-08-10 08:20:00+05:30,0.08008,0.07973,0.07937999999999999,2026-08-10 08:20:00+05:30,0.080470215,1,False,False,False,SL,SL,-1.1148999999999882,-1.3038887999999866,0.0,1.2,,,,2026-08-10 08:20:00+05:30,2026-08-10 08:20:00+05:30,0.0,,False,,body,0.18898879999999835,-1.3038887999999866,,,1786329600,0.08008
2026-08-10 03:10:00+00:00,2026-08-10 08:40:00+05:30,30m,BNBUSD,long,0.2,601.48056,599.23,599.23,600.28,600.28,600.28,,0.21864796428333447,,,,,,,CRYPTO,BNBUSD|long|599.23000000|600.28000000,65,ab3413ff2518210d,False,,,,,,,0,False,False,False,zone_not_touched,,,,,,,,,,,,,False,,,,,,,1786331400,600.28
2026-08-10 05:15:00+00:00,2026-08-10 10:45:00+05:30,30m,RIVERUSD,short,0.2,2.70458,2.727,2.71,2.727,2.71,2.71,2.7312499999999997,0.7841328413284048,,,,,,,CRYPTO,RIVERUSD|short|2.71000000|2.72700000,68,89efac003dfa55da,True,2026-08-10 10:50:00+05:30,2.71,2.68875,2.6675000000000004,2026-08-10 11:10:00+05:30,2.708825305785,5,True,False,False,BE,BE,0.055279727764703586,-0.050059566352944625,0.7529411764705971,0.37647058823529855,2026-08-10 11:00:00+05:30,,,2026-08-10 11:10:00+05:30,2026-08-10 11:15:00+05:30,1500.0,600.0,False,,body,0.10533929411764821,0.33408864705882807,,,1786338900,2.71
2026-08-10 05:45:00+00:00,2026-08-10 11:15:00+05:30,30m,AVAXUSD,short,0.2,6.54688,6.592,6.56,6.592,6.56,6.56,6.6,0.6097560975609762,,,,,,,CRYPTO,AVAXUSD|short|6.56000000|6.59200000,69,d6050066f26829e9,True,2026-08-10 11:35:00+05:30,6.56,6.52,6.4799999999999995,2026-08-10 13:30:00+05:30,6.55715645976,24,True,True,False,BE,BE,0.07108850599999432,-0.06437549400000557,1.0499999999999945,0.15000000000000555,2026-08-10 11:40:00+05:30,2026-08-10 12:05:00+05:30,,2026-08-10 13:30:00+05:30,2026-08-10 13:35:00+05:30,7200.0,1800.0,False,,body,0.1354639999999999,0.5829360000000073,,,1786340700,6.56
2026-08-10 12:00:00+00:00,2026-08-10 17:30:00+05:30,30m,AVAXUSD,short,0.2,6.54688,6.592,6.56,6.592,6.56,6.56,,0.6097560975609762,,,,,,,CRYPTO,AVAXUSD|short|6.56000000|6.59200000,71,12694dc7f137027f,False,,,,,,,0,False,False,False,zone_cooldown,,,,,,,,,,,,,True,,body,0.1354639999999999,0.3828359999999934,,,1786363200,6.56
2026-08-10 13:30:00+00:00,2026-08-10 19:00:00+05:30,30m,BNBUSD,long,0.2,601.48056,599.23,599.23,600.28,600.28,600.28,598.9675,0.21864796428333447,,,,,,,CRYPTO,BNBUSD|long|599.23000000|600.28000000,77,dbd0db65621818f4,True,2026-08-10 19:15:00+05:30,600.28,601.5925,602.905,2026-08-10 19:35:00+05:30,600.53964120938,5,True,False,False,BE,BE,0.19782187381332778,-0.1799543395200056,0.8457142857142961,0.6171428571428156,2026-08-10 19:30:00+05:30,,,2026-08-10 19:35:00+05:30,2026-08-10 19:40:00+05:30,1500.0,900.0,False,,body,0.3777762133333334,-0.011037879999956868,,,1786368600,600.28
2026-08-10 14:55:00+00:00,2026-08-10 20:25:00+05:30,30m,AAVEUSD,long,0.2,90.75113999999999,90.28,90.28,90.57,90.57,90.57,90.20750000000001,0.40024290603950863,,,,,,,CRYPTO,AAVEUSD|long|90.28000000|90.57000000,78,d975bc51418c0077,True,2026-08-10 20:30:00+05:30,90.57,90.93249999999998,91.29499999999996,2026-08-10 20:40:00+05:30,90.16239625000001,3,False,False,False,SL,SL,-1.124424137931028,-1.3307988137931066,0.30344827586212086,1.8758620689655852,,,,2026-08-10 20:40:00+05:30,2026-08-10 20:40:00+05:30,600.0,,False,,body,0.20637467586207867,-1.3307988137931066,,,1786373700,90.57
2026-08-10 15:05:00+00:00,2026-08-10 20:35:00+05:30,30m,TACUSD,long,0.2,0.003035252965617122,0.003029,0.003029,0.0030291945764641935,0.0030291945764641935,0.0030291945764641935,,0.00802921615307727,,,,,,,CRYPTO,TACUSD|long|0.00302900|0.00302919,79,a5df491e7f0b9244,False,,,,,,,0,False,False,False,stop_too_tight,,,,,,,,,,,,,False,,,,,,,1786374300,0.0030291945764641935
2026-08-10 15:20:00+00:00,2026-08-10 20:50:00+05:30,30m,SOLUSD,long,0.2,75.928554,75.756,75.756,75.777,75.777,75.777,,0.03464111801734635,,,,,,,CRYPTO,SOLUSD|long|75.75600000|75.77700000,81,d452e6c27a73e9c0,False,,,,,,,0,False,False,False,stop_too_tight,,,,,,,,,,,,,False,,,,,,,1786375200,75.777
2026-08-10 16:55:00+00:00,2026-08-10 22:25:00+05:30,30m,AAVEUSD,long,0.2,89.36737799999999,89.03,89.03,89.189,89.189,89.189,88.99025,0.22284138178473778,,,,,,,CRYPTO,AAVEUSD|long|89.03000000|89.18900000,86,fc09624b8ae8dbb8,True,2026-08-10 22:30:00+05:30,89.189,89.38774999999998,89.58649999999997,2026-08-10 22:40:00+05:30,89.58649999999997,3,True,True,True,+2R,+2R,2.0,1.6293327597484086,2.470440251572524,0.7496855345911666,2026-08-10 22:35:00+05:30,2026-08-10 22:40:00+05:30,2026-08-10 22:40:00+05:30,,2026-08-10 22:40:00+05:30,600.0,600.0,False,,body,0.37066724025159137,1.6242879484278243,,,1786380900,89.189
2026-08-10 17:20:00+00:00,2026-08-10 22:50:00+05:30,30m,AKE/USDT,long,0.2,0.0038658162000000003,0.0038276,0.0038276,0.0038581,0.0038581,0.0038581,0.0038199749999999998,0.9881807107125372,,,,,,,CRYPTO,AKE/USDT|long|0.00382760|0.00385810,87,eaf87626fed2cff8,True,2026-08-10 22:55:00+05:30,0.0038581,0.0038962250000000006,0.003934350000000001,2026-08-10 23:50:00+05:30,0.0038597687574963503,12,True,False,False,BE,BE,0.04377068842885662,-0.039817261735076936,0.9993442622950631,0.7213114754098333,2026-08-10 23:10:00+05:30,,,2026-08-10 23:50:00+05:30,2026-08-10 23:55:00+05:30,3600.0,900.0,False,,body,0.08358795016393356,0.2136727875409783,,,1786382400,0.0038581
2026-08-11 02:45:00+00:00,2026-08-11 08:15:00+05:30,30m,AVAXUSD,short,0.2,6.54688,6.592,6.56,6.592,6.56,6.56,,0.6097560975609762,,,,,,,CRYPTO,AVAXUSD|short|6.56000000|6.59200000,88,c64fcbafafd50334,False,,,,,,,0,False,False,False,zone_not_touched,,,,,,,,,,,,,False,,,,,,,1786416300,6.56
2026-08-11 05:20:00+00:00,2026-08-11 10:50:00+05:30,30m,TACUSD,long,0.2,0.00296091,0.002941,0.002941,0.002955,0.002955,0.002955,0.0029375,0.592216582064303,,,,,,,CRYPTO,TACUSD|long|0.00294100|0.00295500,90,244d27f08e11f13b,True,2026-08-11 10:55:00+05:30,0.002955,0.0029725000000000003,0.0029900000000000005,2026-08-11 12:05:00+05:30,0.00293603125,15,False,False,False,SL,SL,-1.0839285714285802,-1.223404571428579,0.0,2.1714285714285677,,,,2026-08-11 12:05:00+05:30,2026-08-11 12:05:00+05:30,4200.0,,False,,body,0.1394759999999988,-1.223404571428579,,,1786425600,0.002955
2026-08-11 07:00:00+00:00,2026-08-11 12:30:00+05:30,30m,BNBUSD,long,0.2,599.6168399999999,597.3,597.3,598.42,598.42,598.42,,0.2339494000868917,,,,,,,CRYPTO,BNBUSD|long|597.30000000|598.42000000,92,0f706158b04c64f8,False,,,,,,,0,False,False,False,zone_not_touched,,,,,,,,,,,,,False,,,,,,,1786431600,598.42
2026-08-11 09:05:00+00:00,2026-08-11 14:35:00+05:30,30m,TACUSD,long,0.2,0.002874505536,0.002846,0.002846,0.002868768,0.002868768,0.002868768,,0.9920634920634811,,,,,,,CRYPTO,TACUSD|long|0.00284600|0.00286877,94,4962d1776df4a96f,False,,,,,,,0,False,False,False,zone_not_touched,,,,,,,,,,,,,False,,,,,,,1786439100,0.002868768
2026-08-11 09:25:00+00:00,2026-08-11 14:55:00+05:30,30m,LTCUSD,short,0.2,45.468880000000006,45.58,45.56,45.58,45.56,45.56,,0.05487269534677671,,,,,,,CRYPTO,LTCUSD|short|45.56000000|45.58000000,96,ad95a90dc541207b,False,,,,,,,0,False,False,False,stop_too_tight,,,,,,,,,,,,,False,,,,,,,1786440300,45.56
2026-08-11 10:05:00+00:00,2026-08-11 15:35:00+05:30,30m,VELVETUSD,short,0.2,0.6197896825396826,0.626,0.621031746031746,0.626,0.621031746031746,0.621031746031746,0.6272420634920635,0.9999999999999929,,,,,,,CRYPTO,VELVETUSD|short|0.62103175|0.62600000,97,30d9183dce43853f,True,2026-08-11 15:40:00+05:30,0.621031746031746,0.6148214285714286,0.6086111111111112,2026-08-11 15:40:00+05:30,0.6275556845238095,1,False,False,False,SL,SL,-1.050500000000001,-1.1331000000000018,0.0,3.3763578274760624,,,,2026-08-11 15:40:00+05:30,2026-08-11 15:40:00+05:30,0.0,,False,,body,0.0826000000000006,-1.1331000000000018,,,1786442700,0.621031746031746
2026-08-11 10:10:00+00:00,2026-08-11 15:40:00+05:30,30m,AKE/USDT,short,0.2,0.0040397044,0.004075,0.0040478,0.004075,0.0040478,0.0040478,,0.8399624487375903,,,,,,,CRYPTO,AKE/USDT|short|0.00404780|0.00407500,98,f292597d8e582671,False,,,,,,,0,False,False,False,zone_not_touched,,,,,,,,,,,,,False,,,,,,,1786443000,0.0040478
2026-08-11 10:50:00+00:00,2026-08-11 16:20:00+05:30,30m,UNIUSD,long,0.2,3.926838,3.91,3.91,3.919,3.919,3.919,3.90775,0.2870630262822144,,,,,,,CRYPTO,UNIUSD|long|3.91000000|3.91900000,99,c1fc4a78fa10c033,True,2026-08-11 16:30:00+05:30,3.919,3.93025,3.9415,2026-08-11 16:30:00+05:30,3.905796125,1,False,False,False,SL,SL,-1.1736777777777676,-1.461419466666657,0.0,2.5777777777777744,,,,2026-08-11 16:30:00+05:30,2026-08-11 16:30:00+05:30,0.0,,False,,body,0.28774168888888935,-1.461419466666657,,,1786445400,3.919
2026-08-11 14:50:00+00:00,2026-08-11 20:20:00+05:30,30m,UNIUSD,long,0.2,3.78255,3.748,3.748,3.775,3.775,3.775,3.7412500000000004,0.8940397350993246,,,,,,,CRYPTO,UNIUSD|long|3.74800000|3.77500000,103,256c915a8243a8b3,True,2026-08-11 20:25:00+05:30,3.775,3.8087499999999994,3.842499999999999,2026-08-11 20:25:00+05:30,3.7393793750000004,1,False,False,False,SL,SL,-1.055425925925927,-1.147815555555558,0.0,1.1525925925926077,,,,2026-08-11 20:25:00+05:30,2026-08-11 20:25:00+05:30,0.0,,False,,body,0.09238962962963099,-1.147815555555558,,,1786459800,3.775
2026-08-11 15:50:00+00:00,2026-08-11 21:20:00+05:30,30m,TACUSD,long,0.2,0.002874505536,0.002846,0.002846,0.002868768,0.002868768,0.002868768,0.002840308,0.9920634920634811,,,,,,,CRYPTO,TACUSD|long|0.00284600|0.00286877,105,e035d018da57b43c,True,2026-08-11 21:25:00+05:30,0.002868768,0.0028972279999999995,0.002925687999999999,2026-08-11 22:10:00+05:30,0.002870008838263728,10,True,True,False,BE,BE,0.04359937679999947,-0.039661423200001454,1.7298664792691754,0.44862965565706076,2026-08-11 21:35:00+05:30,2026-08-11 21:35:00+05:30,,2026-08-11 22:10:00+05:30,2026-08-11 22:15:00+05:30,3000.0,600.0,False,,body,0.08326080000000093,1.3454657460295354,,,1786463400,0.002868768
2026-08-12 11:35:00+00:00,2026-08-12 17:05:00+05:30,30m,LTCUSD,short,0.2,45.47886,45.65,45.57,45.65,45.57,45.57,45.67,0.2194426157559829,,,,,,,CRYPTO,LTCUSD|short|45.57000000|45.65000000,109,dda51be8b63a60b8,True,2026-08-12 17:55:00+05:30,45.57,45.47,45.37,2026-08-12 17:55:00+05:30,45.692835,1,False,False,False,SL,SL,-1.2283500000000027,-1.6047581999999974,0.0,1.0999999999999788,,,,2026-08-12 17:55:00+05:30,2026-08-12 17:55:00+05:30,0.0,,False,,body,0.37640819999999464,-1.6047581999999974,,,1786534500,45.57
2026-08-12 12:00:00+00:00,2026-08-12 17:30:00+05:30,30m,AVAXUSD,short,0.2,6.3133479999999995,6.332,6.326,6.332,6.326,6.326,,0.11855833069870828,,,,,,,CRYPTO,AVAXUSD|short|6.32600000|6.33200000,112,37c2fba61b0584cc,False,,,,,,,0,False,False,False,stop_too_tight,,,,,,,,,,,,,False,,,,,,,1786536000,6.326
2026-08-12 12:00:00+00:00,2026-08-12 17:30:00+05:30,30m,BCHUSD,short,0.2,215.48816,216.13,215.92,216.13,215.92,215.92,,0.12157280474250512,,,,,,,CRYPTO,BCHUSD|short|215.92000000|216.13000000,113,a9ed482c05069761,False,,,,,,,0,False,False,False,stop_too_tight,,,,,,,,,,,,,False,,,,,,,1786536000,215.92
2026-08-12 15:00:00+00:00,2026-08-12 20:30:00+05:30,30m,BNBUSD,long,0.2,608.5146,605.35,605.35,607.3,607.3,607.3,,0.40136670508807615,,,,,,,CRYPTO,BNBUSD|long|605.35000000|607.30000000,115,eea04ea7480a3f4e,False,,,,,,,0,False,False,False,zone_not_touched,,,,,,,,,,,,,False,,,,,,,1786546800,607.3
2026-08-12 15:15:00+00:00,2026-08-12 20:45:00+05:30,30m,TACUSD,long,0.2,0.0028278683429189258,0.002822,0.002822,0.0028222238951286682,0.0028222238951286682,0.0028222238951286682,,0.00991660907266946,,,,,,,CRYPTO,TACUSD|long|0.00282200|0.00282222,116,8cf4ffb22aa4b970,False,,,,,,,0,False,False,False,zone_not_touched,,,,,,,,,,,,,False,,,,,,,1786547700,0.0028222238951286682
2026-08-13 03:05:00+00:00,2026-08-13 08:35:00+05:30,30m,BCHUSD,short,0.2,215.568,216.51,216.0,216.51,216.0,216.0,216.6375,0.2951388888888836,,,,,,,CRYPTO,BCHUSD|short|216.00000000|216.51000000,117,48b2ad8a65f95795,True,2026-08-13 08:50:00+05:30,216.0,215.3625,214.72500000000002,2026-08-13 09:05:00+05:30,215.906371236,4,True,False,False,BE,BE,0.1468686494117478,-0.13299958588237484,0.5490196078431381,0.3137254901960662,2026-08-13 09:00:00+05:30,,,2026-08-13 09:05:00+05:30,2026-08-13 09:10:00+05:30,1200.0,600.0,False,,body,0.27986823529412264,0.524736176470628,,,1786590300,216.0
2026-08-13 03:30:00+00:00,2026-08-13 09:00:00+05:30,30m,AVAXUSD,short,0.2,6.473138888888889,6.538,6.486111111111112,6.538,6.486111111111112,6.486111111111112,6.550972222222223,0.9999999999999988,,,,,,,CRYPTO,AVAXUSD|short|6.48611111|6.53800000,118,72b0853ddb2abe8d,True,2026-08-13 09:15:00+05:30,6.486111111111112,6.421250000000001,6.3563888888888895,2026-08-13 09:30:00+05:30,6.5542477083333335,4,False,False,False,SL,SL,-1.0504999999999958,-1.1330999999999958,0.0,1.0158458244111224,,,,2026-08-13 09:30:00+05:30,2026-08-13 09:30:00+05:30,900.0,,False,,body,0.0826000000000001,-1.1330999999999958,,,1786591800,6.486111111111112
2026-08-13 04:00:00+00:00,2026-08-13 09:30:00+05:30,30m,AVAXUSD,short,0.2,6.54688,6.592,6.56,6.592,6.56,6.56,,0.6097560975609762,,,,,,,CRYPTO,AVAXUSD|short|6.56000000|6.59200000,119,3ea15636c3695af9,False,,,,,,,0,False,False,False,zone_not_touched,,,,,,,,,,,,,False,,,,,,,1786593600,6.56
2026-08-13 12:00:00+00:00,2026-08-13 17:30:00+05:30,30m,BNBUSD,long,0.2,608.5146,605.35,605.35,607.3,607.3,607.3,,0.40136670508807615,,,,,,,CRYPTO,BNBUSD|long|605.35000000|607.30000000,124,b591ee888bd58ad1,False,,,,,,,0,False,False,False,zone_not_touched,,,,,,,,,,,,,False,,,,,,,1786622400,607.3
2026-08-13 12:55:00+00:00,2026-08-13 18:25:00+05:30,30m,AVAXUSD,short,0.2,6.54688,6.592,6.56,6.592,6.56,6.56,,0.6097560975609762,,,,,,,CRYPTO,AVAXUSD|short|6.56000000|6.59200000,125,603c004d311c7057,False,,,,,,,0,False,False,False,zone_not_touched,,,,,,,,,,,,,False,,,,,,,1786625700,6.56
2026-08-13 14:25:00+00:00,2026-08-13 19:55:00+05:30,30m,TACUSD,long,0.2,0.002820816052020472,0.002815,0.002815,0.0028151856806591536,0.0028151856806591536,0.0028151856806591536,,0.008244600899217277,,,,,,,CRYPTO,TACUSD|long|0.00281500|0.00281519,126,1076d800f372079b,False,,,,,,,0,False,False,False,stop_too_tight,,,,,,,,,,,,,False,,,,,,,1786631100,0.0028151856806591536
2026-08-13 18:30:00+00:00,2026-08-14 00:00:00+05:30,30m,TACUSD,long,0.2,0.00273045,0.002708,0.002708,0.002725,0.002725,0.002725,0.00270375,0.7798165137614679,,,,,,,CRYPTO,TACUSD|long|0.00270800|0.00272500,132,5d65980f50815fb7,True,2026-08-14 00:10:00+05:30,0.002725,0.00274625,0.0027675,2026-08-14 01:50:00+05:30,0.0027261786537875,21,True,True,False,BE,BE,0.055466060588232884,-0.050456292352943584,1.7411764705882418,1.1764705882352868,2026-08-14 00:15:00+05:30,2026-08-14 00:15:00+05:30,,2026-08-14 01:50:00+05:30,2026-08-14 01:55:00+05:30,6300.0,300.0,False,,body,0.10592235294117647,1.1792850000000046,,,1786645800,0.002725
2026-08-14 06:15:00+00:00,2026-08-14 11:45:00+05:30,30m,SOLUSD,long,0.2,75.728154,75.087,75.087,75.577,75.577,75.577,74.9645,0.8104317451076348,,,,,,,CRYPTO,SOLUSD|long|75.08700000|75.57700000,134,7f17aa826c7239a4,True,2026-08-14 12:20:00+05:30,75.577,76.1895,76.80199999999999,2026-08-14 18:15:00+05:30,75.457,72,False,False,False,Neither,Neither,-0.19591836734694712,-0.29783935020409047,0.4914285714285769,0.4097959183673566,,,,,2026-08-14 18:20:00+05:30,21600.0,,False,,body,0.10192098285714334,-0.29783935020409047,,,1786688100,75.577
2026-08-14 06:25:00+00:00,2026-08-14 11:55:00+05:30,30m,BNBUSD,long,0.2,608.08374,605.0,605.0,606.87,606.87,606.87,,0.3851731013231791,,,,,,,CRYPTO,BNBUSD|long|605.00000000|606.87000000,136,85afdc0d26ff795a,False,,,,,,,0,False,False,False,zone_not_touched,,,,,,,,,,,,,False,,,,,,,1786688700,606.87
2026-08-14 12:40:00+00:00,2026-08-14 18:10:00+05:30,30m,ZECUSD,long,0.2,484.4169,483.35,483.35,483.45,483.45,483.45,,0.025855827903597715,,,,,,,CRYPTO,ZECUSD|long|483.35000000|483.45000000,137,3476045f73111025,False,,,,,,,0,False,False,False,stop_too_tight,,,,,,,,,,,,,False,,,,,,,1786711200,483.45
2026-08-14 17:25:00+00:00,2026-08-14 22:55:00+05:30,30m,DOGEUSD,short,0.2,0.07018934,0.07043,0.07033,0.07043,0.07033,0.07033,,0.17773354187402263,,,,,,,CRYPTO,DOGEUSD|short|0.07033000|0.07043000,141,a92619f284c26210,False,,,,,,,0,False,False,False,zone_not_touched,,,,,,,,,,,,,False,,,,,,,1786728300,0.07033
2026-08-15 15:15:00+00:00,2026-08-15 20:45:00+05:30,30m,BCHUSD,short,0.2,206.71573999999998,207.14,207.13,207.14,207.13,207.13,,0.0060348573359670895,,,,,,,CRYPTO,BCHUSD|short|207.13000000|207.14000000,149,9347449888c5e77a,False,,,,,,,0,False,False,False,zone_not_touched,,,,,,,,,,,,,False,,,,,,,1786806900,207.13
2026-08-16 06:15:00+00:00,2026-08-16 11:45:00+05:30,30m,BNBUSD,long,0.2,604.74708,602.61,602.61,603.54,603.54,603.54,,0.1926135798787005,,,,,,,CRYPTO,BNBUSD|long|602.61000000|603.54000000,155,73cc6a1f73592187,False,,,,,,,0,False,False,False,zone_not_touched,,,,,,,,,,,,,False,,,,,,,1786860900,603.54
2026-08-16 16:15:00+00:00,2026-08-16 21:45:00+05:30,30m,XRPUSD,short,0.2,1.003988,1.0069,1.006,1.0069,1.006,1.006,,0.11182902584491258,,,,,,,CRYPTO,XRPUSD|short|1.00600000|1.00690000,166,cb38ff4cbf8a6526,False,,,,,,,0,False,False,False,zone_not_touched,,,,,,,,,,,,,False,,,,,,,1786896900,1.006
2026-08-16 18:15:00+00:00,2026-08-16 23:45:00+05:30,30m,BNBUSD,long,0.2,605.57874,603.99,603.99,604.37,604.37,604.37,,0.0785942386286584,,,,,,,CRYPTO,BNBUSD|long|603.99000000|604.37000000,167,4730185d3c427d5d,False,,,,,,,0,False,False,False,zone_not_touched,,,,,,,,,,,,,False,,,,,,,1786904100,604.37
2026-08-17 05:00:00+00:00,2026-08-17 10:30:00+05:30,30m,VELVETUSD,long,0.2,0.9766854719999999,0.967,0.967,0.9747359999999999,0.9747359999999999,0.9747359999999999,0.965066,0.9920634920634877,,,,,,,CRYPTO,VELVETUSD|long|0.96700000|0.97473600,176,1fdb684aa6470eb7,True,2026-08-17 10:55:00+05:30,0.9747359999999999,0.9844059999999999,0.9940759999999998,2026-08-17 11:00:00+05:30,,2,False,False,False,data_quality_ambiguous,data_quality_ambiguous,,,1.175180972078603,1.1102378490175817,,,,,2026-08-17 11:05:00+05:30,600.0,,False,,body,0.08326080000000037,-1.1331608000000013,2026-08-17 11:00:00+05:30,2026-08-17 11:05:00+05:30,1786942800,0.9747359999999999
2026-08-17 08:10:00+00:00,2026-08-17 13:40:00+05:30,30m,AKE/USDT,short,0.2,0.010692857142857143,0.0108,0.010714285714285714,0.0108,0.010714285714285714,0.010714285714285714,,1.0000000000000056,,,,,,,CRYPTO,AKE/USDT|short|0.01071429|0.01080000,180,8688b665186265b3,False,,,,,,,0,False,False,False,zone_not_touched,,,,,,,,,,,,,False,,,,,,,1786954200,0.010714285714285714
2026-08-17 16:30:00+00:00,2026-08-17 22:00:00+05:30,30m,BCHUSD,short,0.2,205.32852,205.84,205.74,205.84,205.74,205.74,,0.06075629435209487,,,,,,,CRYPTO,BCHUSD|short|205.74000000|205.84000000,186,e4e6fa4aae01da5b,False,,,,,,,0,False,False,False,stop_too_tight,,,,,,,,,,,,,False,,,,,,,1786984200,205.74
2026-08-17 17:20:00+00:00,2026-08-17 22:50:00+05:30,30m,AKE/USDT,long,0.2,0.009643248,0.00959,0.00959,0.009624,0.009624,0.009624,,0.44160432252702486,,,,,,,CRYPTO,AKE/USDT|long|0.00959000|0.00962400,188,e070212c27707f5b,False,,,,,,,0,False,False,False,zone_not_touched,,,,,,,,,,,,,False,,,,,,,1786987200,0.009624
2026-08-18 02:30:00+00:00,2026-08-18 08:00:00+05:30,30m,BNBUSD,long,0.2,602.82324,600.75,600.75,601.62,601.62,601.62,,0.18076194275455892,,,,,,,CRYPTO,BNBUSD|long|600.75000000|601.62000000,193,37ddf541a8e0af85,False,,,,,,,0,False,False,False,zone_not_touched,,,,,,,,,,,,,False,,,,,,,1787020200,601.62
2026-08-18 09:30:00+00:00,2026-08-18 15:00:00+05:30,30m,LTCUSD,short,0.2,44.739432450944264,44.83,44.82909063220868,44.83,44.82909063220868,44.82909063220868,,0.002535652013262379,,,,,,,CRYPTO,LTCUSD|short|44.82909063|44.83000000,196,64e9aa1e1345429d,False,,,,,,,0,False,False,False,zone_not_touched,,,,,,,,,,,,,False,,,,,,,1787045400,44.82909063220868
2026-08-18 11:05:00+00:00,2026-08-18 16:35:00+05:30,30m,TRUMP/USDT,short,0.2,1.4101197558853407,1.413,1.4129456471797002,1.413,1.4129456471797002,1.4129456471797002,,0.004808467014310623,,,,,,,CRYPTO,TRUMP/USDT|short|1.41294565|1.41300000,197,91e7332b71bbee31,False,,,,,,,0,False,False,False,zone_not_touched,,,,,,,,,,,,,False,,,,,,,1787051100,1.4129456471797002
2026-08-18 14:25:00+00:00,2026-08-18 19:55:00+05:30,30m,AVAXUSD,short,0.2,6.386011904761904,6.45,6.398809523809524,6.45,6.398809523809524,6.398809523809524,,1.0000000000000084,,,,,,,CRYPTO,AVAXUSD|short|6.39880952|6.45000000,206,cc718113754db4fd,False,,,,,,,0,False,False,False,zone_not_touched,,,,,,,,,,,,,False,,,,,,,1787063100,6.398809523809524
2026-08-18 14:25:00+00:00,2026-08-18 19:55:00+05:30,30m,UNIUSD,short,0.2,3.302382,3.32,3.309,3.32,3.309,3.309,,0.41553339377453863,,,,,,,CRYPTO,UNIUSD|short|3.30900000|3.32000000,205,b9c19e2618c013f6,False,,,,,,,0,False,False,False,zone_not_touched,,,,,,,,,,,,,False,,,,,,,1787063100,3.309
2026-08-19 04:50:00+00:00,2026-08-19 10:20:00+05:30,30m,TACUSD,long,0.2,0.0026242379999999997,0.002606,0.002606,0.002619,0.002619,0.002619,0.00260275,0.620465826651385,,,,,,,CRYPTO,TACUSD|long|0.00260600|0.00261900,211,582952d2a301b333,True,2026-08-19 10:25:00+05:30,0.002619,0.0026352499999999996,0.0026514999999999993,2026-08-19 11:15:00+05:30,0.0026201328052364997,11,True,False,False,BE,BE,0.06971109147691898,-0.06341469313846751,0.6769230769230962,0.8000000000000107,2026-08-19 10:50:00+05:30,,,2026-08-19 11:15:00+05:30,2026-08-19 11:20:00+05:30,3300.0,1500.0,False,,body,0.1331257846153865,0.2129992153846061,,,1787115000,0.002619
2026-08-19 05:20:00+00:00,2026-08-19 10:50:00+05:30,30m,BNBUSD,long,0.2,601.4505,599.76,599.76,600.25,600.25,600.25,,0.10204081632652304,,,,,,,CRYPTO,BNBUSD|long|599.76000000|600.25000000,214,23abbc07fde24ff6,False,,,,,,,0,False,False,False,zone_not_touched,,,,,,,,,,,,,False,,,,,,,1787116800,600.25
2026-08-19 06:40:00+00:00,2026-08-19 12:10:00+05:30,30m,TACUSD,long,0.2,0.0025765508159999997,0.002551,0.002551,0.002571408,0.002571408,0.002571408,0.002545898,0.9920634920634864,,,,,,,CRYPTO,TACUSD|long|0.00255100|0.00257141,216,56917b69b7ca9266,True,2026-08-19 12:15:00+05:30,0.002571408,0.0025969179999999997,0.0026224279999999996,2026-08-19 12:30:00+05:30,0.002544625051,4,False,False,False,SL,SL,-1.0499000000000078,-1.1331608000000084,0.49361034888279665,5.974441395531187,,,,2026-08-19 12:30:00+05:30,2026-08-19 12:30:00+05:30,900.0,,False,,body,0.08326080000000048,-1.1331608000000084,,,1787121600,0.002571408
2026-08-19 08:35:00+00:00,2026-08-19 14:05:00+05:30,30m,AVAXUSD,short,0.2,6.378948449493227,6.392,6.391731913319867,6.392,6.391731913319867,6.391731913319867,,0.005242841137759132,,,,,,,CRYPTO,AVAXUSD|short|6.39173191|6.39200000,219,d1bb662b2ddf374c,False,,,,,,,0,False,False,False,stop_too_tight,,,,,,,,,,,,,False,,,,,,,1787128500,6.391731913319867
2026-08-19 08:35:00+00:00,2026-08-19 14:05:00+05:30,30m,LTCUSD,short,0.2,44.739432450944264,44.83,44.82909063220868,44.83,44.82909063220868,44.82909063220868,,0.002535652013262379,,,,,,,CRYPTO,LTCUSD|short|44.82909063|44.83000000,220,a6d0e51a31e82187,False,,,,,,,0,False,False,False,stop_too_tight,,,,,,,,,,,,,False,,,,,,,1787128500,44.82909063220868
2026-08-19 08:45:00+00:00,2026-08-19 14:15:00+05:30,30m,BCHUSD,short,0.2,204.59448280619955,205.01,205.0044917897791,205.01,205.0044917897791,205.0044917897791,,0.003358591178172507,,,,,,,CRYPTO,BCHUSD|short|205.00449179|205.01000000,221,c1b16c940d856c10,False,,,,,,,0,False,False,False,zone_not_touched,,,,,,,,,,,,,False,,,,,,,1787129100,205.0044917897791
2026-08-19 14:55:00+00:00,2026-08-19 20:25:00+05:30,30m,AVAXUSD,short,0.2,6.386011904761904,6.45,6.398809523809524,6.45,6.398809523809524,6.398809523809524,6.4627976190476195,1.0000000000000084,,,,,,,CRYPTO,AVAXUSD|short|6.39880952|6.45000000,227,577b3f6b7c777255,True,2026-08-19 20:35:00+05:30,6.398809523809524,6.334821428571428,6.270833333333332,2026-08-19 20:35:00+05:30,6.466029017857143,1,False,False,False,SL,SL,-1.0504999999999964,-1.1330999999999958,0.0,1.2375813953488242,,,,2026-08-19 20:35:00+05:30,2026-08-19 20:35:00+05:30,0.0,,False,,body,0.08259999999999929,-1.1330999999999958,,,1787151300,6.398809523809524
2026-08-19 15:05:00+00:00,2026-08-19 20:35:00+05:30,30m,AAVEUSD,short,0.2,92.814,93.27,93.0,93.27,93.0,93.0,93.33749999999999,0.3629032258064424,,,,,,,CRYPTO,AAVEUSD|short|93.00000000|93.27000000,229,40bc1ae4e16fea7f,True,2026-08-19 20:40:00+05:30,93.0,92.66250000000001,92.32500000000002,2026-08-19 20:50:00+05:30,92.9596876155,3,True,True,False,BE,BE,0.11944410222221988,-0.10816478666667478,1.1555555555555865,0.9481481481481518,2026-08-19 20:45:00+05:30,2026-08-19 20:45:00+05:30,,2026-08-19 20:50:00+05:30,2026-08-19 20:55:00+05:30,900.0,300.0,False,,body,0.22760888888889466,0.5406216666666873,,,1787151900,93.0
2026-08-19 15:05:00+00:00,2026-08-19 20:35:00+05:30,30m,DOGEUSD,short,0.2,0.07199572,0.07225,0.07214,0.07225,0.07214,0.07214,0.0722775,0.1906016079844729,,,,,,,CRYPTO,DOGEUSD|short|0.07214000|0.07225000,228,e65134afbe57fc11,True,2026-08-19 20:50:00+05:30,0.07214,0.0720025,0.071865,2026-08-19 20:50:00+05:30,0.07231363874999999,1,False,False,False,SL,SL,-1.2628272727272583,-1.6961919272727168,0.0,2.1818181818182643,,,,2026-08-19 20:50:00+05:30,2026-08-19 20:50:00+05:30,0.0,,False,,body,0.4333646545454585,-1.6961919272727168,,,1787151900,0.07214
2026-08-19 15:05:00+00:00,2026-08-19 20:35:00+05:30,30m,TRUMP/USDT,short,0.2,1.4361220000000001,1.444,1.439,1.444,1.439,1.439,1.44525,0.4343293954134723,,,,,,,CRYPTO,TRUMP/USDT|short|1.43900000|1.44400000,230,577fbd8061b15907,True,2026-08-19 20:45:00+05:30,1.439,1.4327500000000002,1.4265000000000003,2026-08-19 20:55:00+05:30,1.4383762417065002,3,True,False,False,BE,BE,0.0998013269599717,-0.09037691304003238,0.9600000000000213,4.000000000000071,2026-08-19 20:45:00+05:30,,,2026-08-19 20:55:00+05:30,2026-08-19 21:00:00+05:30,900.0,0.0,False,,body,0.19017824000000408,0.4050567600000181,,,1787151900,1.439
2026-08-20 06:10:00+00:00,2026-08-20 11:40:00+05:30,30m,AKE/USDT,long,0.2,0.008211329078400002,0.0081299,0.0081299,0.008194939200000001,0.008194939200000001,0.008194939200000001,0.008113640200000001,0.9920634920634913,,,,,,,CRYPTO,AKE/USDT|long|0.00812990|0.00819494,235,bcaa17e2ea2203a7,True,2026-08-20 11:45:00+05:30,0.008194939200000001,0.008276238200000001,0.008357537200000001,2026-08-20 11:50:00+05:30,0.008357537200000001,2,True,True,True,+2R,+2R,2.0,1.9167391999999999,2.5567448554102676,0.44575210027185286,2026-08-20 11:45:00+05:30,2026-08-20 11:45:00+05:30,2026-08-20 11:50:00+05:30,,2026-08-20 11:50:00+05:30,300.0,300.0,False,,body,0.08326080000000007,2.1719306829825604,,,1787206200,0.008194939200000001
2026-08-20 08:05:00+00:00,2026-08-20 13:35:00+05:30,30m,BCHUSD,short,0.2,215.568,216.51,216.0,216.51,216.0,216.0,216.6375,0.2951388888888836,,,,,,,CRYPTO,BCHUSD|short|216.00000000|216.51000000,236,d8878d5ac77497c1,True,2026-08-20 13:40:00+05:30,216.0,215.3625,214.72500000000002,2026-08-20 13:40:00+05:30,216.74581874999998,1,False,False,False,SL,SL,-1.1699117647058777,-1.4497800000000003,0.0,1.5058823529412158,,,,2026-08-20 13:40:00+05:30,2026-08-20 13:40:00+05:30,0.0,,False,,body,0.27986823529412264,-1.4497800000000003,,,1787213100,216.0
2026-08-20 09:00:00+00:00,2026-08-20 14:30:00+05:30,30m,BCHUSD,short,0.2,217.8634,218.87,218.3,218.87,218.3,218.3,,0.3263857077416295,,,,,,,CRYPTO,BCHUSD|short|218.30000000|218.87000000,238,a41a06d2b149c068,False,,,,,,,0,False,False,False,zone_not_touched,,,,,,,,,,,,,False,,,,,,,1787216400,218.3
2026-08-20 10:45:00+00:00,2026-08-20 16:15:00+05:30,30m,TACUSD,short,0.2,0.002494002,0.002512,0.002499,0.002512,0.002499,0.002499,0.00251525,0.6502601040416248,,,,,,,CRYPTO,TACUSD|short|0.00249900|0.00251200,239,6e1d85aedf834150,True,2026-08-20 17:45:00+05:30,0.002499,0.0024827499999999997,0.0024664999999999995,2026-08-20 19:05:00+05:30,0.0024979167672165,17,True,True,False,BE,BE,0.06666047898459944,-0.060365613323091274,1.5384615384615097,0.7999999999999893,2026-08-20 17:55:00+05:30,2026-08-20 17:55:00+05:30,,2026-08-20 19:05:00+05:30,2026-08-20 19:10:00+05:30,5100.0,600.0,False,,body,0.1270260923076907,0.9620489076922873,,,1787222700,0.002499
2026-08-20 15:00:00+00:00,2026-08-20 20:30:00+05:30,30m,BCHUSD,short,0.2,220.39832,222.03,220.84,222.03,220.84,220.84,222.3275,0.6735645716355656,,,,,,,CRYPTO,BCHUSD|short|220.84000000|222.03000000,242,45302037abd48b0d,True,2026-08-20 20:40:00+05:30,220.84,219.35250000000002,217.86500000000004,2026-08-20 20:55:00+05:30,222.43866375,4,False,False,False,SL,SL,-1.074731932773112,-1.1973630857142898,0.006722689075624215,1.0689075630252247,,,,2026-08-20 20:55:00+05:30,2026-08-20 20:55:00+05:30,900.0,,False,,body,0.12263115294117788,-1.1973630857142898,,,1787238000,220.84
2026-08-20 16:40:00+00:00,2026-08-20 22:10:00+05:30,30m,BCHUSD,short,0.2,224.98168876384995,225.44,225.43255387159314,225.44,225.43255387159314,225.43255387159314,,0.004128800543097304,,,,,,,CRYPTO,BCHUSD|short|225.43255387|225.44000000,243,fe75ef198706cf3c,False,,,,,,,0,False,False,False,stop_too_tight,,,,,,,,,,,,,False,,,,,,,1787244000,225.43255387159314
2026-08-20 16:45:00+00:00,2026-08-20 22:15:00+05:30,30m,AKE/USDT,long,0.2,0.008211329078400002,0.0081299,0.0081299,0.008194939200000001,0.008194939200000001,0.008194939200000001,,0.9920634920634913,,,,,,,CRYPTO,AKE/USDT|long|0.00812990|0.00819494,244,5881e90c6b4e5052,False,,,,,,,0,False,False,False,zone_cooldown,,,,,,,,,,,,,True,,body,0.08326080000000007,-1.1331608000000077,,,1787244300,0.008194939200000001
2026-08-21 08:35:00+00:00,2026-08-21 14:05:00+05:30,30m,TACUSD,short,0.2,0.002687614,0.002696,0.002693,0.002696,0.002693,0.002693,,0.13924990716672286,,,,,,,CRYPTO,TACUSD|short|0.00269300|0.00269600,248,58bb9f580451bf3c,False,,,,,,,0,False,False,False,stop_too_tight,,,,,,,,,,,,,False,,,,,,,1787301300,0.002693
2026-08-21 09:20:00+00:00,2026-08-21 14:50:00+05:30,30m,TACUSD,short,0.2,0.0027562420283347875,0.002762,0.002761765559453695,0.002762,0.002761765559453695,0.002761765559453695,,0.01061099056283422,,,,,,,CRYPTO,TACUSD|short|0.00276177|0.00276200,250,3baba32211747102,False,,,,,,,0,False,False,False,stop_too_tight,,,,,,,,,,,,,False,,,,,,,1787304000,0.002761765559453695
2026-08-21 10:30:00+00:00,2026-08-21 16:00:00+05:30,30m,TACUSD,short,0.2,0.0028323239999999998,0.00285,0.002838,0.00285,0.002838,0.002838,,0.5285412262156538,,,,,,,CRYPTO,TACUSD|short|0.00283800|0.00285000,252,b39dbfd1a4f3c3fa,False,,,,,,,0,False,False,False,zone_not_touched,,,,,,,,,,,,,False,,,,,,,1787308200,0.002838
2026-08-22 03:45:00+00:00,2026-08-22 09:15:00+05:30,30m,AKE/USDT,short,0.2,0.0084587486,0.008541,0.0084757,0.008541,0.0084757,0.0084757,0.008557325000000001,0.9630472999280514,,,,,,,CRYPTO,AKE/USDT|short|0.00847570|0.00854100,257,5e8ad2a5dcdafdb7,True,2026-08-22 09:50:00+05:30,0.0084757,0.008394074999999997,0.008312449999999996,2026-08-22 10:10:00+05:30,0.008472026067985949,5,True,False,False,BE,BE,0.045009886849005816,-0.04075952448330466,0.8134762633996686,0.48759571209801406,2026-08-22 10:05:00+05:30,,,2026-08-22 10:10:00+05:30,2026-08-22 10:15:00+05:30,1500.0,900.0,False,,body,0.08576941133231047,0.20053621653903614,,,1787370300,0.0084757
2026-08-23 05:15:00+00:00,2026-08-23 10:45:00+05:30,30m,BCHUSD,long,0.2,265.36150368,262.73,262.73,264.83184,264.83184,264.83184,262.20454,0.9920634920634888,,,,,,,CRYPTO,BCHUSD|long|262.73000000|264.83184000,265,9b96a988880a23db,True,2026-08-23 11:35:00+05:30,264.83184,267.45914,270.08644,2026-08-23 13:40:00+05:30,270.08644,26,True,True,True,+2R,+2R,2.0,1.9167391999999996,2.427648155901496,0.34706352529212,2026-08-23 11:45:00+05:30,2026-08-23 12:00:00+05:30,2026-08-23 13:40:00+05:30,,2026-08-23 13:40:00+05:30,7500.0,7500.0,False,,body,0.08326080000000029,0.49835850974762325,,,1787462100,264.83184
2026-08-24 08:15:00+00:00,2026-08-24 13:45:00+05:30,30m,BCHUSD,long,0.2,265.36150368,262.73,262.73,264.83184,264.83184,264.83184,,0.9920634920634888,,,,,,,CRYPTO,BCHUSD|long|262.73000000|264.83184000,268,6230786a3b0c409a,False,,,,,,,0,False,False,False,zone_not_touched,,,,,,,,,,,,,False,,,,,,,1787559300,264.83184
2026-08-24 17:20:00+00:00,2026-08-24 22:50:00+05:30,30m,DOGEUSD,long,0.2,0.08976918,0.088888,0.088888,0.08959,0.08959,0.08959,0.0887125,0.9794619935260669,,,,,,,CRYPTO,DOGEUSD|long|0.08888800|0.08959000,271,e3e3434a976c72ce,True,2026-08-24 22:55:00+05:30,0.08959,0.0904675,0.09134500000000001,2026-08-24 22:55:00+05:30,0.08866814375,1,False,False,False,SL,SL,-1.0505484330484354,-1.1348804444444465,0.0,1.723076923076916,,,,2026-08-24 22:55:00+05:30,2026-08-24 22:55:00+05:30,0.0,,False,,body,0.0843320113960111,-1.1348804444444465,,,1787592000,0.08959
2026-08-24 18:30:00+00:00,2026-08-25 00:00:00+05:30,30m,TACUSD,short,0.2,0.0019167936507936507,0.001936,0.0019206349206349206,0.001936,0.0019206349206349206,0.0019206349206349206,0.0019398412698412699,1.0000000000000047,,,,,,,CRYPTO,TACUSD|short|0.00192063|0.00193600,272,ec36b1f7b323019f,True,2026-08-25 00:35:00+05:30,0.0019206349206349206,0.0019014285714285713,0.001882222222222222,2026-08-25 00:40:00+05:30,0.001882222222222222,2,True,True,True,+2R,+2R,2.0,1.9174000000000004,2.8446280991735353,0.12314049586777219,2026-08-25 00:40:00+05:30,2026-08-25 00:40:00+05:30,2026-08-25 00:40:00+05:30,,2026-08-25 00:40:00+05:30,300.0,300.0,False,,body,0.08259999999999963,2.4633254132231226,,,1787596200,0.0019206349206349206
2026-08-25 12:05:00+00:00,2026-08-25 17:35:00+05:30,30m,BNBUSD,long,0.2,694.67658,692.68,692.68,693.29,693.29,693.29,,0.1099828354656847,,,,,,,CRYPTO,BNBUSD|long|692.68000000|693.29000000,278,2ba8ccac913e6956,False,,,,,,,0,False,False,False,stop_too_tight,,,,,,,,,,,,,False,,,,,,,1787659500,693.29
2026-08-25 12:05:00+00:00,2026-08-25 17:35:00+05:30,30m,TRUMP/USDT,long,0.2,2.362427424,2.339,2.339,2.357712,2.357712,2.357712,2.3343220000000002,0.9920634920634743,,,,,,,CRYPTO,TRUMP/USDT|long|2.33900000|2.35771200,279,4c372d738f97467f,True,2026-08-25 17:45:00+05:30,2.357712,2.3811019999999994,2.404491999999999,2026-08-25 17:50:00+05:30,2.333154839,2,False,False,False,SL,SL,-1.049900000000007,-1.1331608000000084,0.012312954253967218,1.5268063274903971,,,,2026-08-25 17:50:00+05:30,2026-08-25 17:50:00+05:30,300.0,,False,,body,0.0832608000000015,-1.1331608000000084,,,1787659500,2.357712
2026-08-25 13:45:00+00:00,2026-08-25 19:15:00+05:30,30m,AVAXUSD,long,0.2,7.4374452,7.4,7.4,7.4226,7.4226,7.4226,7.39435,0.3805944008837858,,,,,,,CRYPTO,AVAXUSD|long|7.40000000|7.42260000,282,58e303daa2c4afea,True,2026-08-25 19:20:00+05:30,7.4226,7.45085,7.4791,2026-08-25 19:20:00+05:30,7.390652825,1,False,False,False,SL,SL,-1.1308734513274379,-1.347902392920359,0.0,3.2070796460177204,,,,2026-08-25 19:20:00+05:30,2026-08-25 19:20:00+05:30,0.0,,False,,body,0.21702894159292124,-1.347902392920359,,,1787665500,7.4226
2026-08-25 13:50:00+00:00,2026-08-25 19:20:00+05:30,30m,LTCUSD,long,0.2,50.702803200000005,50.2,50.2,50.601600000000005,50.601600000000005,50.601600000000005,,0.9920634920634969,,,,,,,CRYPTO,LTCUSD|long|50.20000000|50.60160000,283,5758d78df5cb736e,False,,,,,,,0,False,False,False,zone_not_touched,,,,,,,,,,,,,False,,,,,,,1787665800,50.601600000000005
2026-08-25 15:25:00+00:00,2026-08-25 20:55:00+05:30,30m,ZECUSD,long,0.2,806.18916,798.28,798.28,804.58,804.58,804.58,796.7049999999999,0.9787715329737394,,,,,,,CRYPTO,ZECUSD|long|798.28000000|804.58000000,284,a933d6e298fdded5,True,2026-08-25 21:50:00+05:30,804.58,812.4550000000002,820.3300000000003,2026-08-25 21:55:00+05:30,796.3066474999999,2,False,False,False,SL,SL,-1.050584444444442,-1.1349759466666631,0.0,1.0476190476190326,,,,2026-08-25 21:55:00+05:30,2026-08-25 21:55:00+05:30,300.0,,False,,body,0.084391502222221,-1.1349759466666631,,,1787671500,804.58
2026-08-26 04:55:00+00:00,2026-08-26 10:25:00+05:30,30m,BEAT/USDT,short,0.2,0.13158154761904758,0.1329,0.13184523809523807,0.1329,0.13184523809523807,0.13184523809523807,0.13316369047619048,1.0000000000000195,,,,,,,CRYPTO,BEAT/USDT|short|0.13184524|0.13290000,286,56f556d484f6213d,True,2026-08-26 10:30:00+05:30,0.13184523809523807,0.13052678571428566,0.12920833333333326,2026-08-26 10:45:00+05:30,,4,True,False,False,data_quality_ambiguous,data_quality_ambiguous,,,1.2478555304739904,0.9516930022573336,2026-08-26 10:40:00+05:30,,,,2026-08-26 10:50:00+05:30,1200.0,600.0,False,,body,0.08259999999999841,0.4104479119638477,2026-08-26 10:45:00+05:30,2026-08-26 10:50:00+05:30,1787720100,0.13184523809523807
2026-08-26 08:30:00+00:00,2026-08-26 14:00:00+05:30,30m,TACUSD,short,0.2,0.003522702380952381,0.003558,0.003529761904761905,0.003558,0.003529761904761905,0.003529761904761905,0.0035650595238095237,0.9999999999999938,,,,,,,CRYPTO,TACUSD|short|0.00352976|0.00355800,288,e4f7cc12b226fd79,True,2026-08-26 14:15:00+05:30,0.003529761904761905,0.003494464285714286,0.0034591666666666672,2026-08-26 14:15:00+05:30,0.0035668420535714283,1,False,False,False,SL,SL,-1.0504999999999949,-1.1330999999999953,0.0,1.2249578414839775,,,,2026-08-26 14:15:00+05:30,2026-08-26 14:15:00+05:30,0.0,,False,,body,0.08260000000000052,-1.1330999999999953,,,1787733000,0.003529761904761905
2026-08-26 09:25:00+00:00,2026-08-26 14:55:00+05:30,30m,AVAXUSD,long,0.2,7.322616,7.25,7.25,7.308,7.308,7.308,7.2355,0.9920634920634892,,,,,,,CRYPTO,AVAXUSD|long|7.25000000|7.30800000,291,63eefebde1f6ae8d,True,2026-08-26 15:10:00+05:30,7.308,7.3805,7.452999999999999,2026-08-26 17:35:00+05:30,7.311160954818,30,True,True,False,BE,BE,0.04359937680000082,-0.03966142319999944,1.5448275862069025,0.5517241379310366,2026-08-26 15:45:00+05:30,2026-08-26 16:05:00+05:30,,2026-08-26 17:35:00+05:30,2026-08-26 17:40:00+05:30,9000.0,3300.0,False,,body,0.08326080000000026,1.1605193724138092,,,1787736300,7.308
2026-08-26 09:45:00+00:00,2026-08-26 15:15:00+05:30,30m,LTCUSD,long,0.2,49.995792,49.5,49.5,49.896,49.896,49.896,,0.9920634920635012,,,,,,,CRYPTO,LTCUSD|long|49.50000000|49.89600000,296,2baebb7ec85f92bd,False,,,,,,,0,False,False,False,zone_not_touched,,,,,,,,,,,,,False,,,,,,,1787737500,49.896
2026-08-26 13:25:00+00:00,2026-08-26 18:55:00+05:30,30m,BCHUSD,long,0.2,263.38187232,260.77,260.77,262.85616,262.85616,262.85616,260.24845999999997,0.9920634920635006,,,,,,,CRYPTO,BCHUSD|long|260.77000000|262.85616000,298,3931ef3b46b56d17,True,2026-08-26 20:05:00+05:30,262.85616,265.46386,268.07156000000003,2026-08-26 20:30:00+05:30,260.11833577,6,False,False,False,SL,SL,-1.0498999999999914,-1.1331607999999906,0.09734248571539017,1.2946888062276876,,,,2026-08-26 20:30:00+05:30,2026-08-26 20:30:00+05:30,1500.0,,False,,body,0.08326079999999929,-1.1331607999999906,,,1787750700,262.85616
2026-08-26 15:00:00+00:00,2026-08-26 20:30:00+05:30,30m,BNBUSD,long,0.2,692.24172,687.96,687.96,690.86,690.86,690.86,,0.5247083345395593,,,,,,,CRYPTO,BNBUSD|long|687.96000000|690.86000000,305,31b4fbfb9387229e,False,,,,,,,0,False,False,False,zone_not_touched,,,,,,,,,,,,,False,,,,,,,1787756400,690.86
2026-08-27 05:30:00+00:00,2026-08-27 11:00:00+05:30,30m,LTCUSD,long,0.2,49.62906,49.25,49.25,49.53,49.53,49.53,,0.7066424389259063,,,,,,,CRYPTO,LTCUSD|long|49.25000000|49.53000000,308,37560058e029b245,False,,,,,,,0,False,False,False,zone_not_touched,,,,,,,,,,,,,False,,,,,,,1787808600,49.53
2026-08-27 07:05:00+00:00,2026-08-27 12:35:00+05:30,30m,BLESSUSD,short,0.2,0.011024533730158732,0.011135,0.011046626984126985,0.011135,0.011046626984126985,0.011046626984126985,0.011157093253968254,0.9999999999999938,,,,,,,CRYPTO,BLESSUSD|short|0.01104663|0.01113500,309,059eda8a336556a4,True,2026-08-27 12:50:00+05:30,0.011046626984126985,0.010936160714285716,0.010825694444444447,2026-08-27 13:00:00+05:30,0.01104183864139137,3,True,False,False,BE,BE,0.04334664999999553,-0.03925335000000499,0.8294566681634676,0.890525370453525,2026-08-27 12:55:00+05:30,,,2026-08-27 13:00:00+05:30,2026-08-27 13:05:00+05:30,900.0,300.0,False,,body,0.08260000000000052,0.44714639649754634,,,1787814300,0.011046626984126985
2026-08-27 17:05:00+00:00,2026-08-27 22:35:00+05:30,30m,VELVETUSD,short,0.2,0.1151692,0.1163,0.1154,0.1163,0.1154,0.1154,0.116525,0.9748700173310233,,,,,,,CRYPTO,VELVETUSD|short|0.11540000|0.11630000,310,757f9730956e58e0,True,2026-08-27 22:40:00+05:30,0.1154,0.114275,0.11315,2026-08-27 22:45:00+05:30,0.11315,2,True,True,True,+2R,+2R,2.0,1.9152707555555557,2.0444444444444394,0.0,2026-08-27 22:45:00+05:30,2026-08-27 22:45:00+05:30,2026-08-27 22:45:00+05:30,,2026-08-27 22:45:00+05:30,300.0,300.0,False,,body,0.08472924444444437,1.6593235333333367,,,1787850300,0.1154
2026-08-28 10:05:00+00:00,2026-08-28 15:35:00+05:30,30m,AVAXUSD,long,0.2,7.328628,7.2958,7.2958,7.314,7.314,7.314,,0.31104730653541524,,,,,,,CRYPTO,AVAXUSD|long|7.29580000|7.31400000,318,070e518a88337d19,False,,,,,,,0,False,False,False,zone_not_touched,,,,,,,,,,,,,False,,,,,,,1787911500,7.314
2026-08-28 14:00:00+00:00,2026-08-28 19:30:00+05:30,30m,BNBUSD,long,0.2,702.5723399999999,700.81,700.81,701.17,701.17,701.17,,0.06417844459974692,,,,,,,CRYPTO,BNBUSD|long|700.81000000|701.17000000,321,04666d53e329aa95,False,,,,,,,0,False,False,False,stop_too_tight,,,,,,,,,,,,,False,,,,,,,1787925600,701.17
2026-08-28 14:50:00+00:00,2026-08-28 20:20:00+05:30,30m,TACUSD,long,0.2,0.0024432287039999998,0.002419,0.002419,0.002438352,0.002438352,0.002438352,0.002414162,0.9920634920634875,,,,,,,CRYPTO,TACUSD|long|0.00241900|0.00243835,322,fbc85e2f068fbe23,True,2026-08-28 20:35:00+05:30,0.002438352,0.002462542,0.0024867319999999997,2026-08-28 20:40:00+05:30,0.0024867319999999997,2,True,True,True,+2R,+2R,2.0,1.9167391999999996,2.1350971475816576,0.13856965688300474,2026-08-28 20:40:00+05:30,2026-08-28 20:40:00+05:30,2026-08-28 20:40:00+05:30,,2026-08-28 20:40:00+05:30,300.0,300.0,False,,body,0.08326080000000038,1.7504937990078606,,,1787928600,0.002438352
2026-08-28 15:40:00+00:00,2026-08-28 21:10:00+05:30,30m,BEAT/USDT,short,0.2,0.12734479999999998,0.1286,0.1276,0.1286,0.1276,0.1276,,0.9796238244514116,,,,,,,CRYPTO,BEAT/USDT|short|0.12760000|0.12860000,323,f25796df9d0791e7,False,,,,,,,0,False,False,False,zone_not_touched,,,,,,,,,,,,,False,,,,,,,1787931600,0.1276
2026-08-28 16:15:00+00:00,2026-08-28 21:45:00+05:30,30m,BNBUSD,long,0.2,692.24172,687.96,687.96,690.86,690.86,690.86,687.235,0.5247083345395593,,,,,,,CRYPTO,BNBUSD|long|687.96000000|690.86000000,326,a10220a55f30975c,True,2026-08-28 21:50:00+05:30,690.86,694.485,698.11,2026-08-28 21:55:00+05:30,686.8913825,2,False,False,False,SL,SL,-1.0947910344827725,-1.2522118234482897,0.0,1.1696551724137956,,,,2026-08-28 21:55:00+05:30,2026-08-28 21:55:00+05:30,300.0,,False,,body,0.15742078896551726,-1.2522118234482897,,,1787933700,690.86
2026-08-28 16:25:00+00:00,2026-08-28 21:55:00+05:30,30m,AVAXUSD,long,0.2,7.210392,7.164,7.164,7.196,7.196,7.196,,0.5558643690939417,,,,,,,CRYPTO,AVAXUSD|long|7.16400000|7.19600000,328,cc1deb7cf80a41fa,False,,,,,,,0,False,False,False,zone_not_touched,,,,,,,,,,,,,False,,,,,,,1787934300,7.196
2026-08-29 06:00:00+00:00,2026-08-29 11:30:00+05:30,30m,BNBUSD,long,0.2,689.2257000000001,685.23,685.23,687.85,687.85,687.85,684.575,0.4761212473649745,,,,,,,CRYPTO,BNBUSD|long|685.23000000|687.85000000,331,fbfc87c2dd26d73a,True,2026-08-29 11:45:00+05:30,687.85,691.125,694.4,2026-08-29 16:30:00+05:30,688.147518167975,58,True,False,False,BE,BE,0.09084524212977145,-0.08263997924427559,0.5221374045801327,0.37557251908397765,2026-08-29 16:15:00+05:30,,,2026-08-29 16:30:00+05:30,2026-08-29 16:35:00+05:30,17400.0,16200.0,False,,body,0.17348522137404704,-0.006499152671789549,,,1787983200,687.85
2026-08-30 04:45:00+00:00,2026-08-30 10:15:00+05:30,30m,LTCUSD,long,0.2,48.80742,48.64,48.64,48.71,48.71,48.71,,0.1796345719564742,,,,,,,CRYPTO,LTCUSD|long|48.64000000|48.71000000,340,57473fc25605a114,False,,,,,,,0,False,False,False,zone_not_touched,,,,,,,,,,,,,False,,,,,,,1788065100,48.71
2026-08-30 08:00:00+00:00,2026-08-30 13:30:00+05:30,30m,TACUSD,long,0.2,0.0022472856,0.002225,0.002225,0.0022428,0.0022428,0.0022428,,0.9920634920634981,,,,,,,CRYPTO,TACUSD|long|0.00222500|0.00224280,341,4aa8246e8fb3b023,False,,,,,,,0,False,False,False,zone_not_touched,,,,,,,,,,,,,False,,,,,,,1788076800,0.0022428
2026-08-31 02:50:00+00:00,2026-08-31 08:20:00+05:30,30m,AAVEUSD,long,0.2,121.20192,120.0,120.0,120.96000000000001,120.96000000000001,120.96000000000001,,0.9920634920635061,,,,,,,CRYPTO,AAVEUSD|long|120.00000000|120.96000000,348,a34290ca2acc211b,False,,,,,,,0,False,False,False,zone_not_touched,,,,,,,,,,,,,False,,,,,,,1788144600,120.96000000000001
2026-09-01 03:00:00+00:00,2026-09-01 08:30:00+05:30,30m,AKE/USDT,short,0.2,0.008719331944444445,0.0088067,0.008736805555555557,0.0088067,0.008736805555555557,0.008736805555555557,0.00882417361111111,0.9999999999999829,,,,,,,CRYPTO,AKE/USDT|short|0.00873681|0.00880670,351,b8e4891d5babc3f9,True,2026-09-01 08:35:00+05:30,0.008736805555555557,0.008649437500000003,0.008562069444444449,2026-09-01 08:45:00+05:30,,3,True,False,False,data_quality_ambiguous,data_quality_ambiguous,,,1.846276130673284,0.09379222637308297,2026-09-01 08:40:00+05:30,,,,2026-09-01 08:50:00+05:30,900.0,300.0,False,,body,0.08260000000000142,0.5013985831810328,2026-09-01 08:45:00+05:30,2026-09-01 08:50:00+05:30,1788231600,0.008736805555555557
2026-09-01 06:55:00+00:00,2026-09-01 12:25:00+05:30,30m,TRUMP/USDT,long,0.2,2.360712,2.348,2.348,2.356,2.356,2.356,2.346,0.4244482173174783,,,,,,,CRYPTO,TRUMP/USDT|long|2.34800000|2.35600000,353,8116b007253effe1,True,2026-09-01 13:30:00+05:30,2.356,2.3659999999999997,2.3759999999999994,2026-09-01 13:40:00+05:30,2.357019048926,3,True,False,False,BE,BE,0.10190489260000431,-0.09270070739999987,0.5000000000000444,0.6999999999999822,2026-09-01 13:35:00+05:30,,,2026-09-01 13:40:00+05:30,2026-09-01 13:45:00+05:30,900.0,300.0,False,,body,0.19460560000000418,-0.0625305999999477,,,1788245700,2.356
2026-09-01 08:20:00+00:00,2026-09-01 13:50:00+05:30,30m,HUSD,short,0.2,0.0735526,0.07412,0.0737,0.07412,0.0737,0.0737,0.07422500000000001,0.7123473541384145,,,,,,,CRYPTO,HUSD|short|0.07370000|0.07412000,355,52d9d2cd03d94236,True,2026-09-01 13:55:00+05:30,0.0737,0.07317499999999999,0.07264999999999998,2026-09-01 14:25:00+05:30,0.07366805351895,7,True,False,False,BE,BE,0.06085044009522994,-0.0551042265714342,0.5333333333333263,0.26666666666666317,2026-09-01 14:20:00+05:30,,,2026-09-01 14:25:00+05:30,2026-09-01 14:30:00+05:30,2100.0,1500.0,False,,body,0.11595466666666414,0.09732985714286273,,,1788250800,0.0737
2026-09-01 08:25:00+00:00,2026-09-01 13:55:00+05:30,30m,BNBUSD,long,0.2,686.56038,684.22,684.22,685.19,685.19,685.19,,0.17695821596930644,,,,,,,CRYPTO,BNBUSD|long|684.22000000|685.19000000,358,6105f10b371d9f14,False,,,,,,,0,False,False,False,zone_not_touched,,,,,,,,,,,,,False,,,,,,,1788251100,685.19
2026-09-01 09:00:00+00:00,2026-09-01 14:30:00+05:30,30m,LTCUSD,long,0.2,48.3465,48.15,48.15,48.25,48.25,48.25,,0.2590673575129534,,,,,,,CRYPTO,LTCUSD|long|48.15000000|48.25000000,360,5b0febaaabd69abf,False,,,,,,,0,False,False,False,zone_not_touched,,,,,,,,,,,,,False,,,,,,,1788253200,48.25
2026-09-01 16:35:00+00:00,2026-09-01 22:05:00+05:30,30m,BNBUSD,long,0.2,683.4942599999999,676.74,676.74,682.13,682.13,682.13,675.3925,0.9877149516954179,,,,,,,CRYPTO,BNBUSD|long|676.74000000|682.13000000,368,1c02a03e8d10522d,True,2026-09-01 23:35:00+05:30,682.13,688.8675,695.6049999999999,2026-09-02 00:10:00+05:30,675.05480375,8,False,False,False,SL,SL,-1.0501218923933244,-1.1337492586270912,0.0,1.0582560296846075,,,,2026-09-02 00:10:00+05:30,2026-09-02 00:10:00+05:30,2100.0,,False,,body,0.0836273662337668,-1.1337492586270912,,,1788280500,682.13
2026-09-01 17:45:00+00:00,2026-09-01 23:15:00+05:30,30m,TRUMP/USDT,long,0.2,2.301826464,2.279,2.279,2.2972319999999997,2.2972319999999997,2.2972319999999997,2.274442,0.9920634920634768,,,,,,,CRYPTO,TRUMP/USDT|long|2.27900000|2.29723200,369,95de2681e1d866af,True,2026-09-01 23:20:00+05:30,2.2972319999999997,2.3200219999999994,2.342811999999999,2026-09-02 00:15:00+05:30,2.273304779,12,False,False,False,SL,SL,-1.0499000000000018,-1.133160800000003,0.16533567354104856,1.1071522597630679,,,,2026-09-02 00:15:00+05:30,2026-09-02 00:15:00+05:30,3300.0,,False,,body,0.0832608000000013,-1.133160800000003,,,1788284700,2.2972319999999997
2026-09-01 18:25:00+00:00,2026-09-01 23:55:00+05:30,30m,ZECUSD,long,0.2,820.62798,817.51,817.51,818.99,818.99,818.99,,0.22588798398027113,,,,,,,CRYPTO,ZECUSD|long|817.51000000|818.99000000,376,13b1a749bff6cab1,False,,,,,,,0,False,False,False,zone_not_touched,,,,,,,,,,,,,False,,,,,,,1788287100,818.99
2026-09-01 18:35:00+00:00,2026-09-02 00:05:00+05:30,30m,AVAXUSD,long,0.2,7.1622959999999996,7.134,7.134,7.148,7.148,7.148,7.1305000000000005,0.24482372691660859,,,,,,,CRYPTO,AVAXUSD|long|7.13400000|7.14800000,377,5ced5dfc55205b80,True,2026-09-02 00:15:00+05:30,7.148,7.165499999999999,7.182999999999998,2026-09-02 00:20:00+05:30,7.182999999999998,2,True,True,True,+2R,+2R,2.0,1.6626143999999843,3.885714285714496,0.0,2026-09-02 00:20:00+05:30,2026-09-02 00:20:00+05:30,2026-09-02 00:20:00+05:30,,2026-09-02 00:20:00+05:30,300.0,300.0,False,,body,0.3373856000000158,4.234567971428818,,,1788287700,7.148
2026-09-01 18:40:00+00:00,2026-09-02 00:10:00+05:30,30m,LINKUSD,long,0.2,11.100156,11.0,11.0,11.078,11.078,11.078,10.9805,0.8801227658422112,,,,,,,CRYPTO,LINKUSD|long|11.00000000|11.07800000,378,6dc7c302604ccc8b,True,2026-09-02 00:15:00+05:30,11.078,11.1755,11.273,2026-09-02 06:10:00+05:30,11.188,72,True,True,False,+1R,+1R,1.1282051282051389,1.0343545846153954,1.9794871794871909,0.18461538461537313,2026-09-02 00:20:00+05:30,2026-09-02 00:20:00+05:30,,,2026-09-02 06:15:00+05:30,21600.0,300.0,False,,body,0.09385054358974346,1.4036898410256384,,,1788288000,11.078
2026-09-02 08:55:00+00:00,2026-09-02 14:25:00+05:30,30m,ZECUSD,long,0.2,820.62798,817.51,817.51,818.99,818.99,818.99,817.14,0.22588798398027113,,,,,,,CRYPTO,ZECUSD|long|817.51000000|818.99000000,380,26865c9a2893ea3b,True,2026-09-02 15:05:00+05:30,818.99,820.84,822.69,2026-09-02 15:05:00+05:30,816.7314299999999,1,False,False,False,SL,SL,-1.2208486486486754,-1.5865166162162385,0.0,4.994594594594538,,,,2026-09-02 15:05:00+05:30,2026-09-02 15:05:00+05:30,0.0,,False,,body,0.3656679675675631,-1.5865166162162385,,,1788339300,818.99
2026-09-02 09:45:00+00:00,2026-09-02 15:15:00+05:30,30m,AVAXUSD,long,0.2,7.080212159999999,7.01,7.01,7.0660799999999995,7.0660799999999995,7.0660799999999995,6.995979999999999,0.9920634920634929,,,,,,,CRYPTO,AVAXUSD|long|7.01000000|7.06608000,382,72151e004f965420,True,2026-09-02 16:15:00+05:30,7.0660799999999995,7.1361799999999995,7.20628,2026-09-02 22:10:00+05:30,7.154,72,True,True,False,+1R,+1R,1.254208273894442,1.170947473894442,1.9104136947218346,0.2293865905848736,2026-09-02 17:00:00+05:30,2026-09-02 17:50:00+05:30,,,2026-09-02 22:15:00+05:30,21600.0,5700.0,False,,body,0.08326079999999994,0.49933210299573416,,,1788342300,7.0660799999999995
2026-09-02 10:05:00+00:00,2026-09-02 15:35:00+05:30,30m,AAVEUSD,long,0.2,125.91132,124.73,124.73,125.66,125.66,125.66,,0.9251153907369046,,,,,,,CRYPTO,AAVEUSD|long|124.73000000|125.66000000,383,7791de6fd3b43586,False,,,,,,,0,False,False,False,zone_not_touched,,,,,,,,,,,,,False,,,,,,,1788343500,125.66
2026-09-02 13:15:00+00:00,2026-09-02 18:45:00+05:30,30m,HUSD,short,0.2,0.07623722,0.07645,0.07639,0.07645,0.07639,0.07639,,0.09818039010342404,,,,,,,CRYPTO,HUSD|short|0.07639000|0.07645000,385,5ce901c55aa5b1aa,False,,,,,,,0,False,False,False,stop_too_tight,,,,,,,,,,,,,False,,,,,,,1788354900,0.07639
2026-09-02 14:30:00+00:00,2026-09-02 20:00:00+05:30,30m,AKE/USDT,long,0.2,0.0076148136288,0.0075393,0.0075393,0.0075996143999999995,0.0075996143999999995,0.0075996143999999995,,0.992063492063492,,,,,,,CRYPTO,AKE/USDT|long|0.00753930|0.00759961,386,4af5fd0ab931350b,False,,,,,,,0,False,False,False,zone_not_touched,,,,,,,,,,,,,False,,,,,,,1788359400,0.0075996143999999995
2026-09-02 15:40:00+00:00,2026-09-02 21:10:00+05:30,30m,HUSD,short,0.2,0.07961046,0.08028,0.07977,0.08028,0.07977,0.07977,,0.7991726212862142,,,,,,,CRYPTO,HUSD|short|0.07977000|0.08028000,389,60c791ea57df9b1d,False,,,,,,,0,False,False,False,zone_not_touched,,,,,,,,,,,,,False,,,,,,,1788363600,0.07977
2026-09-03 02:30:00+00:00,2026-09-03 08:00:00+05:30,30m,HUSD,short,0.2,0.07961046,0.08028,0.07977,0.08028,0.07977,0.07977,0.0804075,0.7991726212862142,,,,,,,CRYPTO,HUSD|short|0.07977000|0.08028000,391,32dc9311f7cced8d,True,2026-09-03 08:10:00+05:30,0.07977,0.07913249999999998,0.07849499999999997,2026-09-03 08:30:00+05:30,0.079735422377295,5,True,False,False,BE,BE,0.05423940816469324,-0.0491174859529517,0.6745098039215546,0.7372549019607881,2026-09-03 08:25:00+05:30,,,2026-09-03 08:30:00+05:30,2026-09-03 08:35:00+05:30,1500.0,900.0,False,,body,0.10335689411764494,0.2588004588235296,,,1788402600,0.07977
2026-09-03 09:05:00+00:00,2026-09-03 14:35:00+05:30,30m,HUSD,short,0.2,0.08781401999999999,0.08842,0.08799,0.08842,0.08799,0.08799,,0.610864871008065,,,,,,,CRYPTO,HUSD|short|0.08799000|0.08842000,393,0c932289b2cb60ee,False,,,,,,,0,False,False,False,zone_not_touched,,,,,,,,,,,,,False,,,,,,,1788426300,0.08799
2026-09-04 12:30:00+00:00,2026-09-04 18:00:00+05:30,30m,AVAXUSD,long,0.2,7.2645,7.236,7.236,7.25,7.25,7.25,,0.24137931034482857,,,,,,,CRYPTO,AVAXUSD|long|7.23600000|7.25000000,396,38a5fdad6c7a5430,False,,,,,,,0,False,False,False,zone_not_touched,,,,,,,,,,,,,False,,,,,,,1788525000,7.25
2026-09-04 14:05:00+00:00,2026-09-04 19:35:00+05:30,30m,BEAT/USDT,short,0.2,0.12475,0.1259,0.125,0.1259,0.125,0.125,0.12612500000000001,0.9000000000000119,,,,,,,CRYPTO,BEAT/USDT|short|0.12500000|0.12590000,397,0b09bcca96e0d5fb,True,2026-09-04 19:40:00+05:30,0.125,0.12387499999999999,0.12274999999999997,2026-09-04 20:00:00+05:30,0.1249458166875,5,True,False,False,BE,BE,0.04816294444444151,-0.04361483333333506,0.7999999999999876,0.6222222222222195,2026-09-04 19:55:00+05:30,,,2026-09-04 20:00:00+05:30,2026-09-04 20:05:00+05:30,1500.0,900.0,False,,body,0.09177777777777657,0.40294166666665027,,,1788530700,0.125
2026-09-05 04:35:00+00:00,2026-09-05 10:05:00+05:30,30m,BEAT/USDT,short,0.2,0.12684579999999998,0.1275,0.1271,0.1275,0.1271,0.1271,0.1276,0.39339103068450076,,,,,,,CRYPTO,BEAT/USDT|short|0.12710000|0.12750000,398,002eb2590407052d,True,2026-09-05 11:15:00+05:30,0.1271,0.1266,0.1261,2026-09-05 11:20:00+05:30,0.1261,2,True,True,True,+2R,+2R,2.0,1.7900308000000003,2.0,0.4000000000000111,2026-09-05 11:20:00+05:30,2026-09-05 11:20:00+05:30,2026-09-05 11:20:00+05:30,,2026-09-05 11:20:00+05:30,300.0,300.0,False,,body,0.2099691999999998,2.2142057999999154,,,1788582900,0.1271
2026-09-07 02:35:00+00:00,2026-09-07 08:05:00+05:30,30m,HUSD,short,0.2,0.07510947999999999,0.07579,0.07526,0.07579,0.07526,0.07526,0.0759225,0.8802816901408588,,,,,,,CRYPTO,HUSD|short|0.07526000|0.07579000,407,4f0253111409f454,True,2026-09-07 08:10:00+05:30,0.07526,0.07459749999999998,0.07393499999999997,2026-09-07 08:20:00+05:30,0.07596046125,3,False,False,False,SL,SL,-1.057299999999993,-1.1511335999999917,0.40754716981130307,1.6905660377358376,,,,2026-09-07 08:20:00+05:30,2026-09-07 08:20:00+05:30,600.0,,False,,body,0.09383359999999856,-1.1511335999999917,,,1788748500,0.07526
2026-09-07 03:30:00+00:00,2026-09-07 09:00:00+05:30,30m,BCHUSD,long,0.2,255.70038,253.99,253.99,255.19,255.19,255.19,253.69,0.5877973274814844,,,,,,,CRYPTO,BCHUSD|long|253.99000000|255.19000000,409,5e3a9dd4654aeff3,True,2026-09-07 09:05:00+05:30,255.19,256.69,258.19,2026-09-07 10:40:00+05:30,258.19,20,True,True,True,+2R,+2R,2.0,1.8594753733333333,2.080000000000003,0.26666666666667044,2026-09-07 09:15:00+05:30,2026-09-07 10:15:00+05:30,2026-09-07 10:40:00+05:30,,2026-09-07 10:40:00+05:30,5700.0,5700.0,False,,body,0.14052462666666668,0.07093037333333416,,,1788751800,255.19
2026-09-07 03:40:00+00:00,2026-09-07 09:10:00+05:30,30m,AAVEUSD,long,0.2,133.09566,132.314,132.314,132.83,132.83,132.83,,0.48558307611233165,,,,,,,CRYPTO,AAVEUSD|long|132.31400000|132.83000000,410,357aa03947ae7cb6,False,,,,,,,0,False,False,False,zone_not_touched,,,,,,,,,,,,,False,,,,,,,1788752400,132.83
2026-09-07 03:55:00+00:00,2026-09-07 09:25:00+05:30,30m,BLESSUSD,short,0.2,0.00993509,0.009985,0.009955,0.009985,0.009955,0.009955,,0.3766951280763543,,,,,,,CRYPTO,BLESSUSD|short|0.00995500|0.00998500,411,81f943513389ba99,False,,,,,,,0,False,False,False,zone_not_touched,,,,,,,,,,,,,False,,,,,,,1788753300,0.009955
2026-09-07 07:25:00+00:00,2026-09-07 12:55:00+05:30,30m,BNBUSD,long,0.2,742.97298,740.0,740.0,741.49,741.49,741.49,739.6275,0.2511834279626097,,,,,,,CRYPTO,BNBUSD|long|740.00000000|741.49000000,412,13aa3326cfa25562,True,2026-09-07 13:00:00+05:30,741.49,743.3525,745.2149999999999,2026-09-07 13:10:00+05:30,741.8107192649151,3,True,False,False,BE,BE,0.17219826304164482,-0.15664508729393367,0.9557046979865859,0.5530201342281867,2026-09-07 13:05:00+05:30,,,2026-09-07 13:10:00+05:30,2026-09-07 13:15:00+05:30,900.0,300.0,False,,body,0.3288433503355785,-0.058672712751646816,,,1788765900,741.49
2026-09-07 14:35:00+00:00,2026-09-07 20:05:00+05:30,30m,BNBUSD,long,0.2,742.97298,740.0,740.0,741.49,741.49,741.49,,0.2511834279626097,,,,,,,CRYPTO,BNBUSD|long|740.00000000|741.49000000,421,8ab1b69467c6a991,False,,,,,,,0,False,False,False,zone_cooldown,,,,,,,,,,,,,True,,body,0.3288433503355785,0.6926293006711504,,,1788791700,741.49
2026-09-07 15:25:00+00:00,2026-09-07 20:55:00+05:30,30m,UNIUSD,long,0.2,6.89877,6.865,6.865,6.885,6.885,6.885,6.86,0.3631082062454534,,,,,,,CRYPTO,UNIUSD|long|6.86500000|6.88500000,423,c0c13940ff4bd5ea,True,2026-09-07 21:00:00+05:30,6.885,6.909999999999999,6.934999999999999,2026-09-07 21:00:00+05:30,6.8565700000000005,1,False,False,False,SL,SL,-1.1371999999999958,-1.3646804000000006,0.0,2.3600000000000567,,,,2026-09-07 21:00:00+05:30,2026-09-07 21:00:00+05:30,0.0,,False,,body,0.22748040000000486,-1.3646804000000006,,,1788794700,6.885
2026-09-08 05:55:00+00:00,2026-09-08 11:25:00+05:30,30m,TRUMP/USDT,long,0.2,2.250492,2.229,2.229,2.246,2.246,2.246,2.2247500000000002,0.9461264470169086,,,,,,,CRYPTO,TRUMP/USDT|long|2.22900000|2.24600000,429,31b00ad20a55d28b,True,2026-09-08 11:50:00+05:30,2.246,2.2672499999999998,2.2884999999999995,2026-09-08 13:30:00+05:30,2.2469714702409997,21,True,False,False,BE,BE,0.04571624663528285,-0.04158709454118869,0.9411764705882464,0.2823529411764635,2026-09-08 12:35:00+05:30,,,2026-09-08 13:30:00+05:30,2026-09-08 13:35:00+05:30,6300.0,2700.0,False,,body,0.08730334117647154,0.4566098941176314,,,1788846900,2.246
2026-09-08 14:15:00+00:00,2026-09-08 19:45:00+05:30,30m,AKE/USDT,short,0.2,0.019735747023809525,0.0199335,0.01977529761904762,0.0199335,0.01977529761904762,0.01977529761904762,0.019973050595238094,0.999999999999992,,,,,,,CRYPTO,AKE/USDT|short|0.01977530|0.01993350,445,f55aca88c9b81685,True,2026-09-08 19:50:00+05:30,0.01977529761904762,0.019577544642857145,0.01937979166666667,2026-09-08 19:50:00+05:30,0.019983037120535712,1,False,False,False,SL,SL,-1.0504999999999947,-1.1330999999999953,0.0,2.344350966965179,,,,2026-09-08 19:50:00+05:30,2026-09-08 19:50:00+05:30,0.0,,False,,body,0.08260000000000066,-1.1330999999999953,,,1788876900,0.01977529761904762
2026-09-09 03:05:00+00:00,2026-09-09 08:35:00+05:30,30m,TRUMP/USDT,long,0.2,2.215975104,2.194,2.194,2.211552,2.211552,2.211552,2.189612,0.9920634920635052,,,,,,,CRYPTO,TRUMP/USDT|long|2.19400000|2.21155200,448,ceb286b37d9b7ad9,True,2026-09-09 08:40:00+05:30,2.211552,2.2334920000000005,2.2554320000000008,2026-09-09 10:45:00+05:30,2.2554320000000008,26,True,True,True,+2R,+2R,2.0,1.9167392000000012,2.025888787602507,0.2530537830446741,2026-09-09 09:30:00+05:30,2026-09-09 09:55:00+05:30,2026-09-09 10:45:00+05:30,,2026-09-09 10:45:00+05:30,7500.0,7500.0,False,,body,0.0832607999999989,1.595783981221472,,,1788923100,2.211552
2026-09-09 03:25:00+00:00,2026-09-09 08:55:00+05:30,30m,BNBUSD,long,0.2,748.1433,742.066,742.066,746.65,746.65,746.65,,0.7674278443715133,,,,,,,CRYPTO,BNBUSD|long|742.06600000|746.65000000,449,9fec8b22774823b9,False,,,,,,,0,False,False,False,zone_not_touched,,,,,,,,,,,,,False,,,,,,,1788924300,746.65
2026-09-09 11:00:00+00:00,2026-09-09 16:30:00+05:30,30m,TRUMP/USDT,long,0.2,2.215975104,2.194,2.194,2.211552,2.211552,2.211552,,0.9920634920635052,,,,,,,CRYPTO,TRUMP/USDT|long|2.19400000|2.21155200,456,cc9ba314662bfdee,False,,,,,,,0,False,False,False,zone_not_touched,,,,,,,,,,,,,False,,,,,,,1788951600,2.211552
2026-09-09 11:05:00+00:00,2026-09-09 16:35:00+05:30,30m,BNBUSD,long,0.2,748.1433,742.066,742.066,746.65,746.65,746.65,,0.7674278443715133,,,,,,,CRYPTO,BNBUSD|long|742.06600000|746.65000000,457,910c0e7db1b30400,False,,,,,,,0,False,False,False,zone_not_touched,,,,,,,,,,,,,False,,,,,,,1788951900,746.65
2026-09-09 14:00:00+00:00,2026-09-09 19:30:00+05:30,30m,RIVERUSD,short,0.2,1.258478,1.267,1.261,1.267,1.261,1.261,1.2685,0.5947660586835894,,,,,,,CRYPTO,RIVERUSD|short|1.26100000|1.26700000,458,76d62bcc5a99fee7,True,2026-09-09 19:35:00+05:30,1.261,1.2534999999999998,1.2459999999999998,2026-09-09 20:10:00+05:30,1.2459999999999998,8,True,True,True,+2R,+2R,2.0,1.8611218666666678,2.266666666666635,0.40000000000001185,2026-09-09 19:40:00+05:30,2026-09-09 19:40:00+05:30,2026-09-09 20:10:00+05:30,,2026-09-09 20:10:00+05:30,2100.0,2100.0,False,,body,0.13887813333333218,0.7275301999999586,,,1788962400,1.261
2026-09-09 15:10:00+00:00,2026-09-09 20:40:00+05:30,30m,BNBUSD,long,0.2,739.28562,736.13,736.13,737.81,737.81,737.81,735.71,0.2846261232566527,,,,,,,CRYPTO,BNBUSD|long|736.13000000|737.81000000,463,df1c04e249fe2d99,True,2026-09-09 20:50:00+05:30,737.81,739.9099999999999,742.0099999999998,2026-09-09 20:50:00+05:30,735.3421450000001,1,False,False,False,SL,SL,-1.1751690476190377,-1.465374314285717,0.0,1.4476190476190929,,,,2026-09-09 20:50:00+05:30,2026-09-09 20:50:00+05:30,0.0,,False,,body,0.29020526666667923,-1.465374314285717,,,1788966600,737.81
2026-09-09 15:20:00+00:00,2026-09-09 20:50:00+05:30,30m,DOGEUSD,long,0.2,0.08817599999999999,0.08769,0.08769,0.088,0.088,0.088,,0.44034090909089213,,,,,,,CRYPTO,DOGEUSD|long|0.08769000|0.08800000,465,4e84323acd5a259f,False,,,,,,,0,False,False,False,zone_not_touched,,,,,,,,,,,,,False,,,,,,,1788967200,0.088
2026-09-09 19:00:00+00:00,2026-09-10 00:30:00+05:30,30m,AAVEUSD,long,0.2,127.8051,126.75,126.75,127.55,127.55,127.55,126.55,0.7840062720501764,,,,,,,CRYPTO,AAVEUSD|long|126.75000000|127.55000000,467,9a9acc3dcae4e389,True,2026-09-10 01:05:00+05:30,127.55,128.55,129.55,2026-09-10 01:20:00+05:30,126.48672499999999,4,False,False,False,SL,SL,-1.0632750000000044,-1.1686313000000044,0.0,1.5499999999999972,,,,2026-09-10 01:20:00+05:30,2026-09-10 01:20:00+05:30,900.0,,False,,body,0.10535630000000001,-1.1686313000000044,,,1788980400,127.55
2026-09-10 10:30:00+00:00,2026-09-10 16:00:00+05:30,30m,BCHUSD,long,0.2,245.66034,244.87,244.87,245.17,245.17,245.17,,0.1529550923848642,,,,,,,CRYPTO,BCHUSD|long|244.87000000|245.17000000,471,4a7788cd56ce23c0,False,,,,,,,0,False,False,False,stop_too_tight,,,,,,,,,,,,,False,,,,,,,1789036200,245.17
2026-09-10 10:45:00+00:00,2026-09-10 16:15:00+05:30,30m,HUSD,short,0.2,0.08247472,0.08296,0.08264,0.08296,0.08264,0.08264,0.08304,0.484027105517906,,,,,,,CRYPTO,HUSD|short|0.08264000|0.08296000,472,55066c8c701dafd3,True,2026-09-10 17:35:00+05:30,0.08264,0.08224000000000001,0.08184000000000001,2026-09-10 17:35:00+05:30,0.08308152,1,False,False,False,SL,SL,-1.1038000000000088,-1.27445160000001,0.0,1.725000000000001,,,,2026-09-10 17:35:00+05:30,2026-09-10 17:35:00+05:30,0.0,,False,,body,0.17065160000000104,-1.27445160000001,,,1789037100,0.08264
2026-09-10 12:35:00+00:00,2026-09-10 18:05:00+05:30,30m,BNBUSD,long,0.2,712.43202,708.76,708.76,711.01,711.01,711.01,708.1975,0.39556405676432116,,,,,,,CRYPTO,BNBUSD|long|708.76000000|711.01000000,479,7042a838061bc1ae,True,2026-09-10 18:10:00+05:30,711.01,713.8225,716.635,2026-09-10 18:15:00+05:30,707.8434012499999,2,False,False,False,SL,SL,-1.1259017777777949,-1.3347175146666839,0.33777777777779394,2.862222222222206,,,,2026-09-10 18:15:00+05:30,2026-09-10 18:15:00+05:30,300.0,,False,,body,0.2088157368888889,-1.3347175146666839,,,1789043700,711.01
2026-09-10 12:35:00+00:00,2026-09-10 18:05:00+05:30,30m,DOGEUSD,long,0.2,0.08441850000000001,0.08386,0.08386,0.08425,0.08425,0.08425,0.0837625,0.5786350148367975,,,,,,,CRYPTO,DOGEUSD|long|0.08386000|0.08425000,477,f6837434e3b22ea8,True,2026-09-10 18:15:00+05:30,0.08425,0.08473750000000001,0.08522500000000001,2026-09-10 18:15:00+05:30,0.08372061875,1,False,False,False,SL,SL,-1.085910256410257,-1.22866,0.0,3.3497435897435968,,,,2026-09-10 18:15:00+05:30,2026-09-10 18:15:00+05:30,0.0,,False,,body,0.14274974358974307,-1.22866,,,1789043700,0.08425
2026-09-10 12:35:00+00:00,2026-09-10 18:05:00+05:30,30m,LINKUSD,long,0.2,11.683865088,11.568,11.568,11.660544,11.660544,11.660544,11.544864,0.9920634920634864,,,,,,,CRYPTO,LINKUSD|long|11.56800000|11.66054400,478,24ebe31bfb1e4693,True,2026-09-10 18:15:00+05:30,11.660544,11.776224,11.891903999999998,2026-09-10 18:15:00+05:30,11.539091568,1,False,False,False,SL,SL,-1.049900000000005,-1.1331608000000055,0.0,1.387828492392814,,,,2026-09-10 18:15:00+05:30,2026-09-10 18:15:00+05:30,0.0,,False,,body,0.08326080000000048,-1.1331608000000055,,,1789043700,11.660544
2026-09-11 11:00:00+00:00,2026-09-11 16:30:00+05:30,30m,DOGEUSD,long,0.2,0.083444491872,0.082617,0.082617,0.083277936,0.083277936,0.083277936,0.082451766,0.9920634920634934,,,,,,,CRYPTO,DOGEUSD|long|0.08261700|0.08327794,486,c00bc28da9f823ba,True,2026-09-11 16:35:00+05:30,0.083277936,0.084104106,0.084930276,2026-09-11 17:50:00+05:30,0.08331395649713086,16,True,False,False,BE,BE,0.043599376800007174,-0.039661423199992725,0.7529491509011519,0.31220693077695866,2026-09-11 17:15:00+05:30,,,2026-09-11 17:50:00+05:30,2026-09-11 17:55:00+05:30,4800.0,2400.0,False,,body,0.0832607999999999,0.36903687632569376,,,1789124400,0.083277936
2026-09-11 12:40:00+00:00,2026-09-11 18:10:00+05:30,30m,TRUMP/USDT,short,0.2,2.0167548149980155,2.021,2.0207964078136427,2.021,2.0207964078136427,2.0207964078136427,,0.012593561229752893,,,,,,,CRYPTO,TRUMP/USDT|short|2.02079641|2.02100000,491,876375cdf03e5361,False,,,,,,,0,False,False,False,stop_too_tight,,,,,,,,,,,,,False,,,,,,,1789130400,2.0207964078136427
2026-09-11 15:00:00+00:00,2026-09-11 20:30:00+05:30,30m,VELVETUSD,short,0.2,0.0559878,0.0565,0.0561,0.0565,0.0561,0.0561,0.056600000000000004,0.8912655971479633,,,,,,,CRYPTO,VELVETUSD|short|0.05610000|0.05650000,494,8f0e9587ee611adc,True,2026-09-11 20:35:00+05:30,0.0561,0.05559999999999999,0.05509999999999998,2026-09-11 20:45:00+05:30,0.056075682529349996,3,True,False,False,BE,BE,0.048634941300001296,-0.044042258699997346,0.9999999999999861,0.4000000000000056,2026-09-11 20:40:00+05:30,,,2026-09-11 20:45:00+05:30,2026-09-11 20:50:00+05:30,900.0,300.0,False,,body,0.09267719999999864,0.6015977999999853,,,1789138800,0.0561
2026-09-12 04:25:00+00:00,2026-09-12 09:55:00+05:30,30m,BLESSUSD,short,0.2,0.008484980158730159,0.00857,0.008501984126984127,0.00857,0.008501984126984127,0.008501984126984127,0.008587003968253968,0.9999999999999929,,,,,,,CRYPTO,BLESSUSD|short|0.00850198|0.00857000,497,94544a161d01bf03,True,2026-09-12 10:05:00+05:30,0.008501984126984127,0.008416964285714286,0.008331944444444446,2026-09-12 12:25:00+05:30,0.008331944444444446,29,True,True,True,+2R,+2R,2.0,1.9173999999999993,2.0816802800466796,0.0942823803967361,2026-09-12 10:10:00+05:30,2026-09-12 10:15:00+05:30,2026-09-12 12:25:00+05:30,,2026-09-12 12:25:00+05:30,8400.0,8400.0,False,,body,0.0826000000000006,0.8174080221703603,,,1789187100,0.008501984126984127
2026-09-12 08:50:00+00:00,2026-09-12 14:20:00+05:30,30m,AVAXUSD,long,0.2,7.4408520000000005,7.4,7.4,7.426,7.426,7.426,,0.4376514947481787,,,,,,,CRYPTO,AVAXUSD|long|7.40000000|7.42600000,499,3ede32158a55724b,False,,,,,,,0,False,False,False,zone_not_touched,,,,,,,,,,,,,False,,,,,,,1789203000,7.426
2026-09-12 12:40:00+00:00,2026-09-12 18:10:00+05:30,30m,AKE/USDT,short,0.2,0.015461914200000001,0.0156,0.0154929,0.0156,0.0154929,0.0154929,0.015626775,0.8641054934841028,,,,,,,CRYPTO,AKE/USDT|short|0.01549290|0.01560000,500,25914a75b5ea9bdf,True,2026-09-12 18:15:00+05:30,0.0154929,0.015359025000000002,0.015225150000000003,2026-09-12 18:20:00+05:30,0.015486184346862152,2,True,True,False,BE,BE,0.05016360887281855,-0.045426571519339334,1.4491129785247565,0.04481792717086181,2026-09-12 18:15:00+05:30,2026-09-12 18:15:00+05:30,,2026-09-12 18:20:00+05:30,2026-09-12 18:25:00+05:30,600.0,0.0,False,,body,0.09559018039215789,0.7652596095238218,,,1789216800,0.0154929
2026-09-13 02:35:00+00:00,2026-09-13 08:05:00+05:30,30m,AKE/USDT,short,0.2,0.016477989880952382,0.0166431,0.016511011904761907,0.0166431,0.016511011904761907,0.016511011904761907,0.016676122023809525,0.9999999999999969,,,,,,,CRYPTO,AKE/USDT|short|0.01651101|0.01664310,507,86d7635dc387642f,True,2026-09-13 08:25:00+05:30,0.016511011904761907,0.016345901785714288,0.01618079166666667,2026-09-13 08:40:00+05:30,0.01618079166666667,4,True,True,True,+2R,+2R,2.0,1.9173999999999998,2.227676334336772,0.16890603313082753,2026-09-13 08:30:00+05:30,2026-09-13 08:30:00+05:30,2026-09-13 08:40:00+05:30,,2026-09-13 08:40:00+05:30,900.0,900.0,False,,body,0.08260000000000026,0.9662123758494574,,,1789266900,0.016511011904761907
2026-09-13 08:30:00+00:00,2026-09-13 14:00:00+05:30,30m,LINKUSD,long,0.2,11.322600000000001,11.24,11.24,11.3,11.3,11.3,11.225,0.6637168141593014,,,,,,,CRYPTO,LINKUSD|long|11.24000000|11.30000000,518,4e198ec35696c764,True,2026-09-13 14:10:00+05:30,11.3,11.375000000000002,11.450000000000003,2026-09-13 14:50:00+05:30,11.304887628550002,9,True,False,False,BE,BE,0.06516838066668529,-0.05928228599997963,0.5599999999999896,0.18666666666667897,2026-09-13 14:35:00+05:30,,,2026-09-13 14:50:00+05:30,2026-09-13 14:55:00+05:30,2700.0,1500.0,False,,body,0.12445066666666492,0.11006099999998496,,,1789288200,11.3
2026-09-13 19:05:00+00:00,2026-09-14 00:35:00+05:30,30m,TRUMP/USDT,short,0.2,2.001988,2.011,2.006,2.011,2.006,2.006,,0.3115653040877634,,,,,,,CRYPTO,TRUMP/USDT|short|2.00600000|2.01100000,527,2404e1f866aa3287,False,,,,,,,0,False,False,False,zone_not_touched,,,,,,,,,,,,,False,,,,,,,1789326300,2.006
2026-09-14 03:10:00+00:00,2026-09-14 08:40:00+05:30,30m,TRUMP/USDT,short,0.2,2.001988,2.011,2.006,2.011,2.006,2.006,2.0122500000000003,0.3115653040877634,,,,,,,CRYPTO,TRUMP/USDT|short|2.00600000|2.01100000,528,8a9e4028f621733c,True,2026-09-14 08:50:00+05:30,2.006,1.9997499999999993,1.9934999999999987,2026-09-14 08:55:00+05:30,,2,False,False,False,data_quality_ambiguous,data_quality_ambiguous,,,0.9599999999998835,1.5999999999999006,,,,,2026-09-14 09:00:00+05:30,600.0,,False,,body,0.2651129599999774,-1.4260929599999588,2026-09-14 08:55:00+05:30,2026-09-14 09:00:00+05:30,1789355400,2.006
2026-09-14 12:00:00+00:00,2026-09-14 17:30:00+05:30,30m,BLESSUSD,short,0.2,0.00861274,0.008635,0.00863,0.008635,0.00863,0.00863,,0.07242178447276143,,,,,,,CRYPTO,BLESSUSD|short|0.00863000|0.00863500,530,9991fcddee1466ac,False,,,,,,,0,False,False,False,stop_too_tight,,,,,,,,,,,,,False,,,,,,,1789387200,0.00863
2026-09-14 13:00:00+00:00,2026-09-14 18:30:00+05:30,30m,ZORAUSD,long,0.2,0.0078063110214868,0.00779,0.00779,0.007790729562362076,0.007790729562362076,0.007790729562362076,,0.011705616852628685,,,,,,,CRYPTO,ZORAUSD|long|0.00779000|0.00779073,531,ad0abe171b721fc4,False,,,,,,,0,False,False,False,stop_too_tight,,,,,,,,,,,,,False,,,,,,,1789390800,0.007790729562362076
2026-09-14 16:25:00+00:00,2026-09-14 21:55:00+05:30,30m,BEAT/USDT,short,0.2,0.0840577380952381,0.0849,0.08422619047619048,0.0849,0.08422619047619048,0.08422619047619048,0.08506845238095238,0.9999999999999957,,,,,,,CRYPTO,BEAT/USDT|short|0.08422619|0.08490000,532,df364f1791328900,True,2026-09-14 22:00:00+05:30,0.08422619047619048,0.08338392857142858,0.08254166666666668,2026-09-14 22:00:00+05:30,0.08511098660714286,1,False,False,False,SL,SL,-1.0505000000000047,-1.133100000000005,0.0,1.1561837455830342,,,,2026-09-14 22:00:00+05:30,2026-09-14 22:00:00+05:30,0.0,,False,,body,0.08260000000000035,-1.133100000000005,,,1789403100,0.08422619047619048
2026-09-15 07:20:00+00:00,2026-09-15 12:50:00+05:30,30m,VELVETUSD,short,0.2,0.0530936,0.0535,0.0532,0.0535,0.0532,0.0532,0.053575,0.7048872180451135,,,,,,,CRYPTO,VELVETUSD|short|0.05320000|0.05350000,540,eb776c0073e4f082,True,2026-09-15 13:05:00+05:30,0.0532,0.052825,0.05245,2026-09-15 13:10:00+05:30,0.0536017875,2,False,False,False,SL,SL,-1.0714333333333335,-1.1886152,0.26666666666665556,1.3333333333333333,,,,2026-09-15 13:10:00+05:30,2026-09-15 13:10:00+05:30,300.0,,False,,body,0.11718186666666656,-1.1886152,,,1789456800,0.0532
2026-09-15 07:55:00+00:00,2026-09-15 13:25:00+05:30,30m,BNBUSD,long,0.2,714.79674,713.22,713.22,713.37,713.37,713.37,,0.026283695697884687,,,,,,,CRYPTO,BNBUSD|long|713.22000000|713.37000000,543,a697645061221b82,False,,,,,,,0,False,False,False,zone_not_touched,,,,,,,,,,,,,False,,,,,,,1789458900,713.37
2026-09-15 14:40:00+00:00,2026-09-15 20:10:00+05:30,30m,BNBUSD,long,0.2,714.79674,713.22,713.22,713.37,713.37,713.37,,0.026283695697884687,,,,,,,CRYPTO,BNBUSD|long|713.22000000|713.37000000,558,326ff2d1404b7240,False,,,,,,,0,False,False,False,stop_too_tight,,,,,,,,,,,,,False,,,,,,,1789483200,713.37
2026-09-15 14:50:00+00:00,2026-09-15 20:20:00+05:30,30m,TRUMP/USDT,long,0.2,1.927848,1.917,1.917,1.924,1.924,1.924,,0.4547817047816951,,,,,,,CRYPTO,TRUMP/USDT|long|1.91700000|1.92400000,560,21b5e7c6d277a2a4,False,,,,,,,0,False,False,False,zone_not_touched,,,,,,,,,,,,,False,,,,,,,1789483800,1.924
2026-09-16 06:40:00+00:00,2026-09-16 12:10:00+05:30,30m,LINKUSD,long,0.2,10.766770560000001,10.66,10.66,10.745280000000001,10.745280000000001,10.745280000000001,10.63868,0.9920634920634943,,,,,,,CRYPTO,LINKUSD|long|10.66000000|10.74528000,565,d2989c26504cf17e,True,2026-09-16 13:15:00+05:30,10.745280000000001,10.851880000000001,10.958480000000002,2026-09-16 18:00:00+05:30,10.749927693566882,58,True,True,False,BE,BE,0.043599376800006105,-0.03966142319999371,1.4701688555346888,0.6405253283302185,2026-09-16 14:35:00+05:30,2026-09-16 17:00:00+05:30,,2026-09-16 18:00:00+05:30,2026-09-16 18:05:00+05:30,17400.0,13500.0,False,,body,0.08326079999999982,0.21391391857409342,,,1789540800,10.745280000000001
2026-09-16 08:05:00+00:00,2026-09-16 13:35:00+05:30,30m,BNBUSD,long,0.2,706.6605,702.96,702.96,705.25,705.25,705.25,702.3875,0.4058844381424962,,,,,,,CRYPTO,BNBUSD|long|702.96000000|705.25000000,566,95e7e14fa421e4b8,True,2026-09-16 13:50:00+05:30,705.25,708.1125,710.9749999999999,2026-09-16 15:20:00+05:30,710.9749999999999,19,True,True,True,+2R,+2R,2.0,1.7964937991266343,2.001746724890868,0.3947598253275156,2026-09-16 14:25:00+05:30,2026-09-16 14:45:00+05:30,2026-09-16 15:20:00+05:30,,2026-09-16 15:20:00+05:30,5400.0,5400.0,False,,body,0.2035062008733657,1.7628720742358353,,,1789545900,705.25
2026-09-16 08:40:00+00:00,2026-09-16 14:10:00+05:30,30m,UNIUSD,long,0.2,6.22674864,6.165,6.165,6.21432,6.21432,6.21432,,0.9920634920634811,,,,,,,CRYPTO,UNIUSD|long|6.16500000|6.21432000,567,e8633bbcd569e216,False,,,,,,,0,False,False,False,zone_not_touched,,,,,,,,,,,,,False,,,,,,,1789548000,6.21432
2026-09-17 03:45:00+00:00,2026-09-17 09:15:00+05:30,30m,VELVETUSD,short,0.2,0.0531934,0.0537,0.0533,0.0537,0.0533,0.0533,,0.9380863039399633,,,,,,,CRYPTO,VELVETUSD|short|0.05330000|0.05370000,573,c8521d8eb6754b73,False,,,,,,,0,False,False,False,zone_not_touched,,,,,,,,,,,,,False,,,,,,,1789616700,0.0533
2026-09-18 04:00:00+00:00,2026-09-18 09:30:00+05:30,30m,TRUMP/USDT,short,0.2,2.068854,2.089,2.073,2.089,2.073,2.073,,0.9647853352629049,,,,,,,CRYPTO,TRUMP/USDT|short|2.07300000|2.08900000,579,27dd941ae4b0e6f9,False,,,,,,,0,False,False,False,zone_not_touched,,,,,,,,,,,,,False,,,,,,,1789704000,2.073
2026-09-18 10:40:00+00:00,2026-09-18 16:10:00+05:30,30m,TRUMP/USDT,short,0.2,2.068854,2.089,2.073,2.089,2.073,2.073,,0.9647853352629049,,,,,,,CRYPTO,TRUMP/USDT|short|2.07300000|2.08900000,581,2ad5214078d180e7,False,,,,,,,0,False,False,False,zone_not_touched,,,,,,,,,,,,,False,,,,,,,1789728000,2.073
2026-09-18 12:30:00+00:00,2026-09-18 18:00:00+05:30,30m,ZECUSD,long,0.2,1454.9641199999999,1443.39,1443.39,1452.06,1452.06,1452.06,1441.2225,0.7463534564687316,,,,,,,CRYPTO,ZECUSD|long|1443.39000000|1452.06000000,582,61874b351f19bf32,True,2026-09-18 18:10:00+05:30,1452.06,1462.8974999999998,1473.7349999999997,2026-09-18 18:45:00+05:30,1473.7349999999997,8,True,True,True,+2R,+2R,2.0,1.8893285757785454,2.102883506343737,0.11164936562860915,2026-09-18 18:20:00+05:30,2026-09-18 18:25:00+05:30,2026-09-18 18:45:00+05:30,,2026-09-18 18:45:00+05:30,2100.0,2100.0,False,,body,0.11067142422145469,0.8894494235294311,,,1789734600,1452.06
2026-09-18 14:10:00+00:00,2026-09-18 19:40:00+05:30,30m,RIVERUSD,short,0.2,1.254486,1.266,1.257,1.266,1.257,1.257,1.26825,0.894988066825792,,,,,,,CRYPTO,RIVERUSD|short|1.25700000|1.26600000,583,593a846b5714b40f,True,2026-09-18 19:45:00+05:30,1.257,1.2457499999999997,1.2344999999999995,2026-09-18 19:50:00+05:30,1.268884125,2,False,False,False,SL,SL,-1.0563666666666593,-1.148658399999991,0.0,1.244444444444423,,,,2026-09-18 19:50:00+05:30,2026-09-18 19:50:00+05:30,300.0,,False,,body,0.09229173333333165,-1.148658399999991,,,1789740600,1.257
2026-09-19 03:15:00+00:00,2026-09-19 08:45:00+05:30,30m,TACUSD,short,0.2,0.001648482142857143,0.001665,0.0016517857142857144,0.001665,0.0016517857142857144,0.0016517857142857144,,0.9999999999999967,,,,,,,CRYPTO,TACUSD|short|0.00165179|0.00166500,584,90ff9c0c012980b2,False,,,,,,,0,False,False,False,zone_not_touched,,,,,,,,,,,,,False,,,,,,,1789787700,0.0016517857142857144
2026-09-19 04:35:00+00:00,2026-09-19 10:05:00+05:30,30m,TRUMP/USDT,long,0.2,2.032056,2.017,2.017,2.028,2.028,2.028,,0.6780078895463695,,,,,,,CRYPTO,TRUMP/USDT|long|2.01700000|2.02800000,585,8af36a44792b7c36,False,,,,,,,0,False,False,False,zone_not_touched,,,,,,,,,,,,,False,,,,,,,1789792500,2.028
2026-09-19 11:55:00+00:00,2026-09-19 17:25:00+05:30,30m,TACUSD,short,0.2,0.001648482142857143,0.001665,0.0016517857142857144,0.001665,0.0016517857142857144,0.0016517857142857144,0.0016683035714285714,0.9999999999999967,,,,,,,CRYPTO,TACUSD|short|0.00165179|0.00166500,586,3d7d940393214b37,True,2026-09-19 17:40:00+05:30,0.0016517857142857144,0.0016352678571428573,0.0016187500000000002,2026-09-19 20:55:00+05:30,0.0016187500000000002,40,True,True,True,+2R,+2R,2.0,1.9173999999999998,2.0454054054054116,0.3762162162162111,2026-09-19 17:50:00+05:30,2026-09-19 17:50:00+05:30,2026-09-19 20:55:00+05:30,,2026-09-19 20:55:00+05:30,11700.0,11700.0,False,,body,0.08260000000000028,0.9368533783783914,,,1789818900,0.0016517857142857144
2026-09-19 19:10:00+00:00,2026-09-20 00:40:00+05:30,30m,UNIUSD,long,0.2,8.611188,8.552,8.552,8.594,8.594,8.594,,0.6108913195252528,,,,,,,CRYPTO,UNIUSD|long|8.55200000|8.59400000,589,2b8dc86039dcfe5c,False,,,,,,,0,False,False,False,zone_not_touched,,,,,,,,,,,,,False,,,,,,,1789845000,8.594
2026-09-20 02:30:00+00:00,2026-09-20 08:00:00+05:30,30m,BCHUSD,long,0.2,247.27356,245.25,245.25,246.78,246.78,246.78,244.8675,0.7749817651349358,,,,,,,CRYPTO,BCHUSD|long|245.25000000|246.78000000,595,6de4fa202109887d,True,2026-09-20 08:10:00+05:30,246.78,248.6925,250.605,2026-09-20 08:25:00+05:30,244.74506625,4,False,False,False,SL,SL,-1.0640176470588232,-1.1706007999999999,0.15686274509804563,1.5843137254902013,,,,2026-09-20 08:25:00+05:30,2026-09-20 08:25:00+05:30,900.0,,False,,body,0.10658315294117679,-1.1706007999999999,,,1789871400,246.78
2026-09-20 02:30:00+00:00,2026-09-20 08:00:00+05:30,30m,DOGEUSD,long,0.2,0.08700366000000001,0.08662,0.08662,0.08683,0.08683,0.08683,0.0865675,0.30231486813313235,,,,,,,CRYPTO,DOGEUSD|long|0.08662000|0.08683000,593,99b03a957b204ebc,True,2026-09-20 08:05:00+05:30,0.08683,0.0870925,0.087355,2026-09-20 08:10:00+05:30,0.08652421625000001,2,False,False,False,SL,SL,-1.1648904761904684,-1.4381155428571362,0.0,2.5523809523809784,,,,2026-09-20 08:10:00+05:30,2026-09-20 08:10:00+05:30,300.0,,False,,body,0.27322506666666785,-1.4381155428571362,,,1789871400,0.08683
2026-09-20 02:30:00+00:00,2026-09-20 08:00:00+05:30,30m,XRPUSD,long,0.2,1.4006957999999998,1.3939,1.3939,1.3979,1.3979,1.3979,1.3929,0.3576793762071603,,,,,,,CRYPTO,XRPUSD|long|1.39390000|1.39790000,592,512da817b2b720f2,True,2026-09-20 08:05:00+05:30,1.3979,1.4028999999999998,1.4078999999999997,2026-09-20 08:10:00+05:30,1.39220355,2,False,False,False,SL,SL,-1.1392899999999948,-1.3702230799999997,0.0,3.900000000000053,,,,2026-09-20 08:10:00+05:30,2026-09-20 08:10:00+05:30,300.0,,False,,body,0.23093308000000495,-1.3702230799999997,,,1789871400,1.3979
2026-09-20 02:45:00+00:00,2026-09-20 08:15:00+05:30,30m,LTCUSD,long,0.2,57.02381999999999,56.8,56.8,56.91,56.91,56.91,56.772499999999994,0.2416095589527374,,,,,,,CRYPTO,LTCUSD|long|56.80000000|56.91000000,596,970131091b653902,True,2026-09-20 08:25:00+05:30,56.91,57.0475,57.185,2026-09-20 08:25:00+05:30,56.74411375,1,False,False,False,SL,SL,-1.2064454545454282,-1.5483193454545119,0.0,2.5454545454544517,,,,2026-09-20 08:25:00+05:30,2026-09-20 08:25:00+05:30,0.0,,False,,body,0.3418738909090838,-1.5483193454545119,,,1789872300,56.91
2026-09-20 03:00:00+00:00,2026-09-20 08:30:00+05:30,30m,BNBUSD,long,0.2,746.37978,744.74,744.74,744.89,744.89,744.89,,0.025171501832485337,,,,,,,CRYPTO,BNBUSD|long|744.74000000|744.89000000,597,a0a591bf5fc48ffe,False,,,,,,,0,False,False,False,zone_not_touched,,,,,,,,,,,,,False,,,,,,,1789873200,744.89
2026-09-20 08:40:00+00:00,2026-09-20 14:10:00+05:30,30m,ZECUSD,long,0.2,1438.48498752,1424.22,1424.22,1435.61376,1435.61376,1435.61376,,0.992063492063486,,,,,,,CRYPTO,ZECUSD|long|1424.22000000|1435.61376000,598,dc397d4df6e70c56,False,,,,,,,0,False,False,False,zone_not_touched,,,,,,,,,,,,,False,,,,,,,1789893600,1435.61376
2026-09-20 11:10:00+00:00,2026-09-20 16:40:00+05:30,30m,AKE/USDT,long,0.2,0.0548526559392,0.0543087,0.0543087,0.0547431696,0.0547431696,0.0547431696,0.054200082600000005,0.9920634920634877,,,,,,,CRYPTO,AKE/USDT|long|0.05430870|0.05474317,599,7948bae6509170bb,True,2026-09-20 16:45:00+05:30,0.0547431696,0.0552862566,0.0558293436,2026-09-20 16:45:00+05:30,0.054172982558700004,1,False,False,False,SL,SL,-1.0499000000000007,-1.133160800000001,0.0,4.112913032350271,,,,2026-09-20 16:45:00+05:30,2026-09-20 16:45:00+05:30,0.0,,False,,body,0.08326080000000038,-1.133160800000001,,,1789902600,0.0547431696
2026-09-20 13:15:00+00:00,2026-09-20 18:45:00+05:30,30m,AAVEUSD,long,0.2,134.32812,133.38,133.38,134.06,134.06,134.06,133.20999999999998,0.634044457705522,,,,,,,CRYPTO,AAVEUSD|long|133.38000000|134.06000000,600,e07e6f352c047b02,True,2026-09-20 18:50:00+05:30,134.06,134.91000000000003,135.76000000000005,2026-09-20 19:00:00+05:30,134.11798544100998,3,True,False,False,BE,BE,0.06821816589408712,-0.06205661057649765,0.6117647058823487,0.07058823529411844,2026-09-20 18:55:00+05:30,,,2026-09-20 19:00:00+05:30,2026-09-20 19:05:00+05:30,900.0,300.0,False,,body,0.13027477647058477,0.15245022352941523,,,1789910100,134.06
2026-09-20 13:30:00+00:00,2026-09-20 19:00:00+05:30,30m,TRUMP/USDT,long,0.2,2.0050019999999997,1.994,1.994,2.001,2.001,2.001,1.99225,0.4372813593203306,,,,,,,CRYPTO,TRUMP/USDT|long|1.99400000|2.00100000,601,23e55b878c9b71e4,True,2026-09-20 19:05:00+05:30,2.001,2.0097499999999995,2.0184999999999995,2026-09-20 19:35:00+05:30,2.0184999999999995,7,True,True,True,+2R,+2R,2.0,1.8111055999999959,2.9714285714286626,0.6857142857142756,2026-09-20 19:15:00+05:30,2026-09-20 19:15:00+05:30,2026-09-20 19:35:00+05:30,,2026-09-20 19:35:00+05:30,1800.0,1800.0,False,,body,0.18889440000000404,0.7034020285714889,,,1789911000,2.001
2026-09-20 14:10:00+00:00,2026-09-20 19:40:00+05:30,30m,UNIUSD,long,0.2,8.550066,8.466,8.466,8.533,8.533,8.533,,0.9814836517051473,,,,,,,CRYPTO,UNIUSD|long|8.46600000|8.53300000,603,1de98118d8158ffc,False,,,,,,,0,False,False,False,zone_not_touched,,,,,,,,,,,,,False,,,,,,,1789913400,8.533
2026-09-21 07:30:00+00:00,2026-09-21 13:00:00+05:30,30m,UNIUSD,long,0.2,8.550066,8.466,8.466,8.533,8.533,8.533,,0.9814836517051473,,,,,,,CRYPTO,UNIUSD|long|8.46600000|8.53300000,604,d6754ff5e2542529,False,,,,,,,0,False,False,False,zone_not_touched,,,,,,,,,,,,,False,,,,,,,1789975800,8.533
2026-09-22 02:40:00+00:00,2026-09-22 08:10:00+05:30,30m,RIVERUSD,short,0.2,1.2844259999999998,1.292,1.287,1.292,1.287,1.287,,0.48562548562549257,,,,,,,CRYPTO,RIVERUSD|short|1.28700000|1.29200000,608,4a2e523545a58422,False,,,,,,,0,False,False,False,zone_not_touched,,,,,,,,,,,,,False,,,,,,,1790044800,1.287
2026-09-22 05:15:00+00:00,2026-09-22 10:45:00+05:30,30m,TRUMP/USDT,long,0.2,2.1331537920000003,2.112,2.112,2.128896,2.128896,2.128896,2.1077760000000003,0.9920634920634828,,,,,,,CRYPTO,TRUMP/USDT|long|2.11200000|2.12889600,610,3900a7ad11325d70,True,2026-09-22 10:50:00+05:30,2.128896,2.150016,2.1711359999999997,2026-09-22 10:55:00+05:30,2.129816818838016,2,True,False,False,BE,BE,0.04359937679999419,-0.03966142320000658,0.7151515151515221,0.2318181818181845,2026-09-22 10:50:00+05:30,,,2026-09-22 10:55:00+05:30,2026-09-22 11:00:00+05:30,600.0,0.0,False,,body,0.08326080000000077,1.1357799196969736,,,1790054100,2.128896
2026-09-22 17:50:00+00:00,2026-09-22 23:20:00+05:30,30m,RIVERUSD,short,0.2,1.2814320000000001,1.293,1.284,1.293,1.284,1.284,1.2952499999999998,0.8761682242990467,,,,,,,CRYPTO,RIVERUSD|short|1.28400000|1.29300000,613,5e4983da41df5be9,True,2026-09-22 23:50:00+05:30,1.284,1.2727500000000003,1.2615000000000005,2026-09-23 00:30:00+05:30,1.2615000000000005,9,True,True,True,+2R,+2R,2.0,1.9057258666666645,2.133333333333381,0.5333333333333452,2026-09-23 00:05:00+05:30,2026-09-23 00:10:00+05:30,2026-09-23 00:30:00+05:30,,2026-09-23 00:30:00+05:30,2400.0,2400.0,False,,body,0.09427413333333534,0.48786753333335475,,,1790099400,1.284
2026-09-22 18:25:00+00:00,2026-09-22 23:55:00+05:30,30m,BEAT/USDT,short,0.2,0.0919158,0.0926,0.0921,0.0926,0.0921,0.0921,0.092725,0.6786102062975032,,,,,,,CRYPTO,BEAT/USDT|short|0.09210000|0.09260000,614,0be5386523eb865a,True,2026-09-23 00:00:00+05:30,0.0921,0.091475,0.09085,2026-09-23 00:05:00+05:30,0.09085,2,True,True,True,+2R,+2R,2.0,1.87828064,2.720000000000009,0.4799999999999911,2026-09-23 00:05:00+05:30,2026-09-23 00:05:00+05:30,2026-09-23 00:05:00+05:30,,2026-09-23 00:05:00+05:30,300.0,300.0,False,,body,0.1217193599999999,3.0762356400000166,,,1790101500,0.0921
2026-09-23 02:30:00+00:00,2026-09-23 08:00:00+05:30,30m,BLESSUSD,short,0.2,0.009439083999999999,0.009469,0.009458,0.009469,0.009458,0.009458,,0.14537957284839934,,,,,,,CRYPTO,BLESSUSD|short|0.00945800|0.00946900,615,ec30bca77472df66,False,,,,,,,0,False,False,False,stop_too_tight,,,,,,,,,,,,,False,,,,,,,1790130600,0.009458
2026-09-23 07:40:00+00:00,2026-09-23 13:10:00+05:30,30m,BNBUSD,long,0.2,787.0209000000001,781.29,781.29,785.45,785.45,785.45,780.25,0.6620408682920677,,,,,,,CRYPTO,BNBUSD|long|781.29000000|785.45000000,618,ddef335c0824cac6,True,2026-09-23 14:20:00+05:30,785.45,790.6500000000001,795.8500000000001,2026-09-23 15:05:00+05:30,785.7897334375751,10,True,False,False,BE,BE,0.06533335337982472,-0.05943235815863575,0.5596153846153736,0.2788461538461601,2026-09-23 14:35:00+05:30,,,2026-09-23 15:05:00+05:30,2026-09-23 15:10:00+05:30,3000.0,900.0,False,,body,0.12476571153846047,0.10917082692306795,,,1790149200,785.45
2026-09-23 11:35:00+00:00,2026-09-23 17:05:00+05:30,30m,XRPUSD,long,0.2,1.5714366,1.556,1.556,1.5683,1.5683,1.5683,1.552925,0.9803609003379402,,,,,,,CRYPTO,XRPUSD|long|1.55600000|1.56830000,621,c2604ff40c8257e1,True,2026-09-23 17:30:00+05:30,1.5683,1.583675,1.5990499999999999,2026-09-23 19:35:00+05:30,1.56897834228805,26,True,False,False,BE,BE,0.04411982361301372,-0.040134862565848535,0.9430894308943113,0.8520325203252151,2026-09-23 19:00:00+05:30,,,2026-09-23 19:35:00+05:30,2026-09-23 19:40:00+05:30,7800.0,5400.0,False,,body,0.08425468617886225,0.2909532406504115,,,1790163300,1.5683
2026-09-24 08:25:00+00:00,2026-09-24 13:55:00+05:30,30m,AVAXUSD,long,0.2,10.170300000000001,10.07,10.07,10.15,10.15,10.15,10.05,0.9852216748768439,,,,,,,CRYPTO,AVAXUSD|long|10.07000000|10.15000000,633,cd6175aa91136d70,True,2026-09-24 14:05:00+05:30,10.15,10.25,10.35,2026-09-24 14:35:00+05:30,10.154390215025,7,True,False,False,BE,BE,0.04390215024999493,-0.03993684975000539,0.8199999999999925,0.8399999999999993,2026-09-24 14:30:00+05:30,,,2026-09-24 14:35:00+05:30,2026-09-24 14:40:00+05:30,2100.0,1500.0,False,,body,0.08383900000000032,0.4351259999999817,,,1790238300,10.15
2026-09-24 09:15:00+00:00,2026-09-24 14:45:00+05:30,30m,BCHUSD,long,0.2,328.08349727999996,324.83,324.83,327.42864,327.42864,327.42864,324.18034,0.9920634920634835,,,,,,,CRYPTO,BCHUSD|long|324.83000000|327.42864000,636,36047d474eb9e6a7,True,2026-09-24 14:50:00+05:30,327.42864,330.67693999999995,333.9252399999999,2026-09-24 15:30:00+05:30,327.5702638556594,9,True,False,False,BE,BE,0.043599376799993615,-0.0396614232000071,0.6253609580395973,0.7476649324261904,2026-09-24 15:25:00+05:30,,,2026-09-24 15:30:00+05:30,2026-09-24 15:35:00+05:30,2700.0,2100.0,False,,body,0.08326080000000072,0.24151247756057007,,,1790241300,327.42864
2026-09-24 16:00:00+00:00,2026-09-24 21:30:00+05:30,30m,BEAT/USDT,short,0.2,0.0960076,0.0965,0.0962,0.0965,0.0962,0.0962,0.09657500000000001,0.38981288981290463,,,,,,,CRYPTO,BEAT/USDT|short|0.09620000|0.09650000,639,6ffcaf722011a5ac,True,2026-09-24 21:45:00+05:30,0.0962,0.09582499999999998,0.09544999999999997,2026-09-24 21:45:00+05:30,0.0966232875,1,False,False,False,SL,SL,-1.1287666666666454,-1.3406631999999707,0.0,2.399999999999941,,,,2026-09-24 21:45:00+05:30,2026-09-24 21:45:00+05:30,0.0,,False,,body,0.2118965333333253,-1.3406631999999707,,,1790265600,0.0962
2026-09-25 07:35:00+00:00,2026-09-25 13:05:00+05:30,30m,AVAXUSD,long,0.2,10.076111999999998,9.984,9.984,10.056,10.056,10.056,,0.8949880668257566,,,,,,,CRYPTO,AVAXUSD|long|9.98400000|10.05600000,641,e3e5783009977af9,False,,,,,,,0,False,False,False,zone_not_touched,,,,,,,,,,,,,False,,,,,,,1790321700,10.056
2026-09-25 14:05:00+00:00,2026-09-25 19:35:00+05:30,30m,BCHUSD,long,0.2,328.08349727999996,324.83,324.83,327.42864,327.42864,327.42864,,0.9920634920634835,,,,,,,CRYPTO,BCHUSD|long|324.83000000|327.42864000,644,76cfc1a91c8dec91,False,,,,,,,0,False,False,False,zone_not_touched,,,,,,,,,,,,,False,,,,,,,1790345100,327.42864
2026-09-26 05:10:00+00:00,2026-09-26 10:40:00+05:30,30m,BNBUSD,long,0.2,773.85462,768.78,768.78,772.31,772.31,772.31,767.8975,0.5713379342491888,,,,,,,CRYPTO,BNBUSD|long|768.78000000|772.31000000,648,3f21a92f41e03027,True,2026-09-26 11:30:00+05:30,772.31,776.7224999999999,781.1349999999998,2026-09-26 14:20:00+05:30,772.6440499473849,35,True,False,False,BE,BE,0.07570537051217904,-0.06886756093258314,0.5235127478753783,0.1223796033994277,2026-09-26 14:05:00+05:30,,,2026-09-26 14:20:00+05:30,2026-09-26 14:25:00+05:30,10500.0,9300.0,False,,body,0.1445729314447622,0.04128917903684193,,,1790399400,772.31
2026-09-26 06:25:00+00:00,2026-09-26 11:55:00+05:30,30m,ZECUSD,long,0.2,1530.6952800000001,1516.78,1516.78,1527.64,1527.64,1527.64,,0.8886255924170645,,,,,,,CRYPTO,ZECUSD|long|1516.78000000|1527.64000000,649,eec2b78df250d0e3,False,,,,,,,0,False,False,False,zone_not_touched,,,,,,,,,,,,,False,,,,,,,1790403900,1527.64
2026-09-26 13:05:00+00:00,2026-09-26 18:35:00+05:30,30m,BEAT/USDT,short,0.2,0.10603749999999999,0.1071,0.10625,0.1071,0.10625,0.10625,0.1073125,1.0000000000000075,,,,,,,CRYPTO,BEAT/USDT|short|0.10625000|0.10710000,653,c3133f86a7ad5ce3,True,2026-09-26 18:40:00+05:30,0.10625,0.10518749999999999,0.10412499999999998,2026-09-26 18:50:00+05:30,0.106203944184375,3,True,False,False,BE,BE,0.043346650000000875,-0.03925334999999852,0.9882352941176353,0.2352941176470573,2026-09-26 18:45:00+05:30,,,2026-09-26 18:50:00+05:30,2026-09-26 18:55:00+05:30,900.0,300.0,False,,body,0.0825999999999994,0.41767499999999463,,,1790427900,0.10625
2026-09-26 15:10:00+00:00,2026-09-26 20:40:00+05:30,30m,RIVERUSD,short,0.2,1.2844259999999998,1.296,1.287,1.296,1.287,1.287,1.2982500000000001,0.8741258741258899,,,,,,,CRYPTO,RIVERUSD|short|1.28700000|1.29600000,655,a4e75982bc4e2700,True,2026-09-26 20:45:00+05:30,1.287,1.2757499999999997,1.2644999999999995,2026-09-26 21:40:00+05:30,1.2864421286145,12,True,False,False,BE,BE,0.049588567599989974,-0.04490583240000831,0.5333333333333241,0.5333333333333241,2026-09-26 21:35:00+05:30,,,2026-09-26 21:40:00+05:30,2026-09-26 21:45:00+05:30,3600.0,3000.0,False,,body,0.09449439999999829,0.1317805999999845,,,1790435400,1.287
2026-09-27 02:40:00+00:00,2026-09-27 08:10:00+05:30,30m,TACUSD,short,0.2,0.0016504623015873017,0.001667,0.0016537698412698414,0.001667,0.0016537698412698414,0.0016537698412698414,,0.999999999999999,,,,,,,CRYPTO,TACUSD|short|0.00165377|0.00166700,659,f8c852ff595509f5,False,,,,,,,0,False,False,False,zone_not_touched,,,,,,,,,,,,,False,,,,,,,1790476800,0.0016537698412698414
2026-09-27 03:55:00+00:00,2026-09-27 09:25:00+05:30,30m,ZORAUSD,long,0.2,0.008718090954796759,0.0087,0.0087,0.008700689575645468,0.008700689575645468,0.008700689575645468,,0.009906910818289746,,,,,,,CRYPTO,ZORAUSD|long|0.00870000|0.00870069,660,1ef9233c2ed1bf8d,False,,,,,,,0,False,False,False,stop_too_tight,,,,,,,,,,,,,False,,,,,,,1790481300,0.008700689575645468
2026-09-28 02:30:00+00:00,2026-09-28 08:00:00+05:30,30m,SOLUSD,long,0.2,120.541602,120.0505,120.0505,120.301,120.301,120.301,119.987875,0.260284619412972,,,,,,,CRYPTO,SOLUSD|long|120.05050000|120.30100000,667,411083784c55ba1d,True,2026-09-28 08:05:00+05:30,120.301,120.614125,120.92725,2026-09-28 08:10:00+05:30,120.35303421258351,2,True,False,False,BE,BE,0.16617712601519283,-0.15116778735806127,0.7632734530938275,0.48223552894210464,2026-09-28 08:05:00+05:30,,,2026-09-28 08:10:00+05:30,2026-09-28 08:15:00+05:30,600.0,0.0,False,,body,0.3173449133732541,-1.5089423185628634,,,1790562600,120.301
2026-09-28 02:40:00+00:00,2026-09-28 08:10:00+05:30,30m,ZORAUSD,long,0.2,0.008379645399409682,0.008362,0.008362,0.008362919560289103,0.008362919560289103,0.008362919560289103,,0.013744606211892081,,,,,,,CRYPTO,ZORAUSD|long|0.00836200|0.00836292,671,6a091c03acdfc21c,False,,,,,,,0,False,False,False,stop_too_tight,,,,,,,,,,,,,False,,,,,,,1790563200,0.008362919560289103
2026-09-28 02:45:00+00:00,2026-09-28 08:15:00+05:30,30m,BNBUSD,long,0.2,771.988135079637,770.43,770.43,770.4472405984401,770.4472405984401,770.4472405984401,,0.0027971737601886863,,,,,,,CRYPTO,BNBUSD|long|770.43000000|770.44724060,672,e01faaf23a1adc24,False,,,,,,,0,False,False,False,stop_too_tight,,,,,,,,,,,,,False,,,,,,,1790563500,770.4472405984401
2026-09-28 07:20:00+00:00,2026-09-28 12:50:00+05:30,30m,BNBUSD,long,0.2,761.0490599999999,756.58,756.58,759.53,759.53,759.53,755.8425000000001,0.48549761036428934,,,,,,,CRYPTO,BNBUSD|long|756.58000000|759.53000000,677,0b7e97d718a63ee8,True,2026-09-28 13:20:00+05:30,759.53,763.2174999999999,766.9049999999997,2026-09-28 14:30:00+05:30,759.8585221692549,15,True,True,False,BE,BE,0.08909075776405387,-0.0810439622359514,1.1254237288135878,0.21423728813558995,2026-09-28 13:30:00+05:30,2026-09-28 13:30:00+05:30,,2026-09-28 14:30:00+05:30,2026-09-28 14:35:00+05:30,4500.0,600.0,False,,body,0.17013472000000526,0.4988648562712048,,,1790580000,759.53
2026-09-28 14:50:00+00:00,2026-09-28 20:20:00+05:30,30m,ZECUSD,long,0.2,1530.6952800000001,1516.78,1516.78,1527.64,1527.64,1527.64,1514.065,0.8886255924170645,,,,,,,CRYPTO,ZECUSD|long|1516.78000000|1527.64000000,682,cb9510107b20e0b6,True,2026-09-28 20:45:00+05:30,1527.64,1541.2150000000001,1554.7900000000002,2026-09-28 21:00:00+05:30,1528.3007554759402,4,True,False,False,BE,BE,0.048674436533336855,-0.044278096799996176,0.6703499079189598,0.24162062615102683,2026-09-28 20:50:00+05:30,,,2026-09-28 21:00:00+05:30,2026-09-28 21:05:00+05:30,1200.0,300.0,False,,body,0.09295253333333303,0.2039190596684965,,,1790607000,1527.64
2026-09-28 15:00:00+00:00,2026-09-28 20:30:00+05:30,30m,ZORAUSD,long,0.2,0.007839648,0.007816,0.007816,0.007824,0.007824,0.007824,,0.1278118609406901,,,,,,,CRYPTO,ZORAUSD|long|0.00781600|0.00782400,683,a1d64099cf2df28a,False,,,,,,,0,False,False,False,zone_not_touched,,,,,,,,,,,,,False,,,,,,,1790607600,0.007824
2026-09-29 09:45:00+00:00,2026-09-29 15:15:00+05:30,30m,TRUMP/USDT,short,0.2,2.03592,2.045,2.04,2.045,2.04,2.04,2.0462499999999997,0.3063725490195904,,,,,,,CRYPTO,TRUMP/USDT|short|2.04000000|2.04500000,687,1c65f47c8d72098d,True,2026-09-29 15:20:00+05:30,2.04,2.0337500000000004,2.0275000000000007,2026-09-29 16:15:00+05:30,2.0275000000000007,12,True,True,True,+2R,+2R,2.0,1.7303935999999847,2.4000000000001562,0.8000000000000285,2026-09-29 15:35:00+05:30,2026-09-29 15:50:00+05:30,2026-09-29 16:15:00+05:30,,2026-09-29 16:15:00+05:30,3300.0,3300.0,False,,body,0.26960640000001534,1.0779486000001037,,,1790675100,2.04
2026-09-29 15:20:00+00:00,2026-09-29 20:50:00+05:30,30m,BNBUSD,long,0.2,756.4098,753.44,753.44,754.9,754.9,754.9,753.075,0.24175387468537973,,,,,,,CRYPTO,BNBUSD|long|753.44000000|754.90000000,691,76d2a98740127996,True,2026-09-29 20:55:00+05:30,754.9,756.7249999999999,758.5499999999998,2026-09-29 21:05:00+05:30,755.22651953915,3,True,False,False,BE,BE,0.17891481597261646,-0.16275499224657444,0.5260273972603136,0.8821917808219583,2026-09-29 21:00:00+05:30,,,2026-09-29 21:05:00+05:30,2026-09-29 21:10:00+05:30,900.0,300.0,False,,body,0.3416698082191909,-0.27260234246569526,,,1790695200,754.9
2026-09-29 16:45:00+00:00,2026-09-29 22:15:00+05:30,30m,LINKUSD,long,0.2,14.678298,14.576,14.576,14.649,14.649,14.649,14.55775,0.6229094136118419,,,,,,,CRYPTO,LINKUSD|long|14.57600000|14.64900000,693,c04a86209a9f1a07,True,2026-09-29 22:50:00+05:30,14.649,14.740249999999998,14.831499999999997,2026-09-29 23:15:00+05:30,14.550471125,6,False,False,False,SL,SL,-1.0797684931506948,-1.2123720438356282,0.0,1.2273972602739713,,,,2026-09-29 23:15:00+05:30,2026-09-29 23:15:00+05:30,1500.0,,False,,body,0.13260355068493337,-1.2123720438356282,,,1790700300,14.649
2026-09-30 10:15:00+00:00,2026-09-30 15:45:00+05:30,30m,TACUSD,short,0.2,0.0015623452380952381,0.001578,0.0015654761904761905,0.001578,0.0015654761904761905,0.0015654761904761905,0.0015811309523809523,0.9999999999999976,,,,,,,CRYPTO,TACUSD|short|0.00156548|0.00157800,705,cfd695d0ea33523a,True,2026-09-30 15:55:00+05:30,0.0015654761904761905,0.0015498214285714286,0.0015341666666666668,2026-09-30 19:10:00+05:30,0.0015341666666666668,40,True,True,True,+2R,+2R,2.0,1.9173999999999998,2.202281368821297,0.16121673003801953,2026-09-30 16:45:00+05:30,2026-09-30 16:45:00+05:30,2026-09-30 19:10:00+05:30,,2026-09-30 19:10:00+05:30,11700.0,11700.0,False,,body,0.08260000000000021,1.0537343155893575,,,1790763300,0.0015654761904761905
2026-09-30 12:30:00+00:00,2026-09-30 18:00:00+05:30,30m,BLESSUSD,short,0.2,0.008836458333333333,0.008925,0.008854166666666666,0.008925,0.008854166666666666,0.008854166666666666,0.008942708333333334,1.0000000000000075,,,,,,,CRYPTO,BLESSUSD|short|0.00885417|0.00892500,706,4065a7ea5e6cd3e1,True,2026-09-30 18:05:00+05:30,0.008854166666666666,0.008765624999999999,0.008677083333333332,2026-09-30 21:10:00+05:30,0.008850328682031249,38,True,True,False,BE,BE,0.04334665000001394,-0.039253349999985455,1.9105882352941008,0.8677647058823458,2026-09-30 19:00:00+05:30,2026-09-30 19:05:00+05:30,,2026-09-30 21:10:00+05:30,2026-09-30 21:15:00+05:30,11400.0,3600.0,False,,body,0.0825999999999994,1.5288185294117336,,,1790771400,0.008854166666666666
2026-09-30 14:30:00+00:00,2026-09-30 20:00:00+05:30,30m,UNIUSD,long,0.2,8.781528,8.721,8.721,8.764,8.764,8.764,8.71025,0.6133044272021803,,,,,,,CRYPTO,UNIUSD|long|8.72100000|8.76400000,709,c3842e0ea64222cd,True,2026-09-30 20:05:00+05:30,8.764,8.817749999999998,8.871499999999997,2026-09-30 20:20:00+05:30,8.871499999999997,4,True,True,True,+2R,+2R,2.0,1.8653197395348815,2.065116279069815,0.03720930232556141,2026-09-30 20:10:00+05:30,2026-09-30 20:10:00+05:30,2026-09-30 20:20:00+05:30,,2026-09-30 20:20:00+05:30,900.0,900.0,False,,body,0.13468026046511858,0.7091452046511656,,,1790778600,8.764
2026-09-30 17:50:00+00:00,2026-09-30 23:20:00+05:30,30m,VELVETUSD,short,0.2,0.057884000000000005,0.0583,0.058,0.0583,0.058,0.058,,0.6465517241379196,,,,,,,CRYPTO,VELVETUSD|short|0.05800000|0.05830000,712,4d4d5675de437b51,False,,,,,,,0,False,False,False,zone_not_touched,,,,,,,,,,,,,False,,,,,,,1790790600,0.058
2026-10-01 07:15:00+00:00,2026-10-01 12:45:00+05:30,30m,VELVETUSD,short,0.2,0.057884000000000005,0.0583,0.058,0.0583,0.058,0.058,0.058374999999999996,0.6465517241379196,,,,,,,CRYPTO,VELVETUSD|short|0.05800000|0.05830000,717,ab518eaa9e055c22,True,2026-10-01 13:00:00+05:30,0.058,0.05762500000000001,0.057250000000000016,2026-10-01 13:20:00+05:30,0.057974858943,5,True,True,False,BE,BE,0.0670428186666713,-0.060711847999997626,1.333333333333358,0.2666666666666605,2026-10-01 13:00:00+05:30,2026-10-01 13:10:00+05:30,,2026-10-01 13:20:00+05:30,2026-10-01 13:25:00+05:30,1500.0,600.0,False,,body,0.12775466666666893,0.8787870000000242,,,1790838900,0.058
2026-10-01 07:20:00+00:00,2026-10-01 12:50:00+05:30,30m,BNBUSD,long,0.2,767.0109600000001,763.08,763.08,765.48,765.48,765.48,762.48,0.3919109578303809,,,,,,,CRYPTO,BNBUSD|long|763.08000000|765.48000000,718,19678f2958d6a01b,True,2026-10-01 12:55:00+05:30,765.48,768.48,771.48,2026-10-01 15:30:00+05:30,765.81109574358,32,True,True,False,BE,BE,0.1103652478600073,-0.10039691213999273,1.320000000000012,0.8233333333333425,2026-10-01 14:40:00+05:30,2026-10-01 15:00:00+05:30,,2026-10-01 15:30:00+05:30,2026-10-01 15:35:00+05:30,9600.0,7500.0,False,,body,0.21076216000000003,0.654494506666672,,,1790839200,765.48
2026-10-01 08:05:00+00:00,2026-10-01 13:35:00+05:30,30m,LINKUSD,long,0.2,14.195333999999999,14.057,14.057,14.167,14.167,14.167,14.0295,0.9705653984612077,,,,,,,CRYPTO,LINKUSD|long|14.05700000|14.16700000,724,872786eee0091018,True,2026-10-01 13:40:00+05:30,14.167,14.304499999999999,14.441999999999998,2026-10-01 14:00:00+05:30,14.1731277020945,5,True,False,False,BE,BE,0.0445651061418255,-0.040539926585447666,0.5090909090909138,0.13090909090909655,2026-10-01 13:55:00+05:30,,,2026-10-01 14:00:00+05:30,2026-10-01 14:05:00+05:30,1500.0,900.0,False,,body,0.08510503272727317,0.12233996727274006,,,1790841900,14.167
2026-10-02 14:50:00+00:00,2026-10-02 20:20:00+05:30,30m,LINKUSD,long,0.2,14.195333999999999,14.057,14.057,14.167,14.167,14.167,14.0295,0.9705653984612077,,,,,,,CRYPTO,LINKUSD|long|14.05700000|14.16700000,735,282bf83b7e154246,True,2026-10-02 20:25:00+05:30,14.167,14.304499999999999,14.441999999999998,2026-10-02 20:35:00+05:30,14.1731277020945,3,True,False,False,BE,BE,0.0445651061418255,-0.040539926585447666,0.7054545454545457,0.050909090909088794,2026-10-02 20:30:00+05:30,,,2026-10-02 20:35:00+05:30,2026-10-02 20:40:00+05:30,900.0,300.0,False,,body,0.08510503272727317,0.31860542181817963,,,1790952600,14.167
2026-10-02 18:15:00+00:00,2026-10-02 23:45:00+05:30,30m,BNBUSD,long,0.2,770.8686600000001,768.06,768.06,769.33,769.33,769.33,767.7425,0.2063483810588552,,,,,,,CRYPTO,BNBUSD|long|768.06000000|769.33000000,740,271b61ecfccc07b9,True,2026-10-02 23:55:00+05:30,769.33,770.9175000000001,772.5050000000002,2026-10-03 00:05:00+05:30,767.35862875,3,False,False,False,SL,SL,-1.24180866141729,-1.6421025700786847,0.0,4.497637795275324,,,,2026-10-03 00:05:00+05:30,2026-10-03 00:05:00+05:30,600.0,,False,,body,0.40029390866139447,-1.6421025700786847,,,1790964900,769.33
2026-10-02 18:40:00+00:00,2026-10-03 00:10:00+05:30,30m,SOLUSD,long,0.2,117.232998,116.707,116.707,116.999,116.999,116.999,,0.31196847836307073,,,,,,,CRYPTO,SOLUSD|long|116.70700000|116.99900000,742,1c60325c978a1218,False,,,,,,,0,False,False,False,zone_not_touched,,,,,,,,,,,,,False,,,,,,,1790966400,116.999
2026-10-04 02:35:00+00:00,2026-10-04 08:05:00+05:30,30m,RIVERUSD,short,0.2,1.205584,1.211,1.208,1.211,1.208,1.208,1.21175,0.3104304635761707,,,,,,,CRYPTO,RIVERUSD|short|1.20800000|1.21100000,746,96c8701a24aed464,True,2026-10-04 08:10:00+05:30,1.208,1.2042499999999998,1.2004999999999997,2026-10-04 08:10:00+05:30,1.212355875,1,False,False,False,SL,SL,-1.1615666666666546,-1.4276487999999778,0.0,4.2666666666665085,,,,2026-10-04 08:10:00+05:30,2026-10-04 08:10:00+05:30,0.0,,False,,body,0.26608213333332326,-1.4276487999999778,,,1791081300,1.208
2026-10-04 03:00:00+00:00,2026-10-04 08:30:00+05:30,30m,BLESSUSD,short,0.2,0.008947070000000001,0.009005,0.008965,0.009005,0.008965,0.008965,0.009015,0.5577244841048488,,,,,,,CRYPTO,BLESSUSD|short|0.00896500|0.00900500,748,c83f4633fb33f8ba,True,2026-10-04 08:35:00+05:30,0.008965,0.008915000000000001,0.008865000000000001,2026-10-04 09:20:00+05:30,0.0089611139728275,10,True,False,False,BE,BE,0.07772054345000409,-0.07038125654999683,0.9800000000000145,0.2399999999999986,2026-10-04 08:40:00+05:30,,,2026-10-04 09:20:00+05:30,2026-10-04 09:25:00+05:30,3000.0,300.0,False,,body,0.14810180000000092,0.4926131999999891,,,1791082800,0.008965
2026-10-04 08:20:00+00:00,2026-10-04 13:50:00+05:30,30m,BLESSUSD,short,0.2,0.00905685,0.00911,0.009075,0.00911,0.009075,0.009075,0.00911875,0.48209366391185,,,,,,,CRYPTO,BLESSUSD|short|0.00907500|0.00911000,749,9fa3a359305a9f58,True,2026-10-04 13:55:00+05:30,0.009075,0.00903125,0.008987499999999999,2026-10-04 13:55:00+05:30,0.009123309375,1,False,False,False,SL,SL,-1.104214285714268,-1.2755502857142667,0.0,1.7142857142857086,,,,2026-10-04 13:55:00+05:30,2026-10-04 13:55:00+05:30,0.0,,False,,body,0.17133599999999852,-1.2755502857142667,,,1791102000,0.009075
