market,timeframe,symbol,trade_id,alert_time,stored,resim,stored_net,resim_net,stored_entry_time,resim_entry_time
CRYPTO,30m,ZIL/USDT,8865d6b44be69e78,2026-08-11T12:32:17.464900+05:30,alert_before_data,data_missing,,,,
CRYPTO,30m,TAIKO/USDT,f0ba59e3cd809695,2026-08-11T12:32:17.631205+05:30,alert_before_data,data_missing,,,,
CRYPTO,30m,GALA/USDT,6516eb1af19b339e,2026-08-11T12:32:17.898216+05:30,alert_before_data,zone_not_touched,,,,
CRYPTO,30m,LDO/USDT,13c4e4c53538713b,2026-08-11T13:32:16.183855+05:30,alert_before_data,zone_not_touched,,,,
CRYPTO,30m,TRX/USDT,dd3a5d9056abbb27,2026-08-11T13:51:55.673607+05:30,alert_before_data,zone_not_touched,,,,
CRYPTO,30m,DOTUSD,d458ac86ae141d37,2026-08-11T15:11:46.035296+05:30,zone_not_touched,+2R,,1.7119487908961517,,2026-08-11T15:15:00+05:30
CRYPTO,30m,LDO/USDT,459e2c8e56f7c459,2026-08-11T15:51:48.762509+05:30,alert_before_data,zone_not_touched,,,,
CRYPTO,30m,WLFI/USDT,c8ed5f92b721dd93,2026-08-11T16:32:23.164336+05:30,alert_before_data,+2R,,1.8000728066982132,,2026-08-11T16:40:00+05:30
CRYPTO,30m,ETHFI/USDT,8633886b794f0a07,2026-08-11T18:32:19.702390+05:30,alert_before_data,BE,,0.029408809891802057,,2026-08-11T18:50:00+05:30
CRYPTO,30m,POL/USDT,4aeabb732c4c51a9,2026-08-11T18:51:45.339271+05:30,alert_before_data,SL,,-1.6125161290323076,,2026-08-11T19:35:00+05:30
CRYPTO,30m,ZIL/USDT,aaff877a7796d63b,2026-08-11T20:51:54.335033+05:30,alert_before_data,data_missing,,,,
CRYPTO,30m,ETHUSD,2d693b2b9b8b66eb,2026-08-11T21:11:45.567305+05:30,zone_not_touched,data_quality_ambiguous,,,,2026-08-11T21:15:00+05:30
CRYPTO,30m,TRUMP/USDT,3e2930ac68e27f2a,2026-08-11T21:11:45.793649+05:30,+1R,SL,0.6703198389621929,-1.4940202415567072,2026-08-11T22:30:00+05:30,2026-08-11T21:20:00+05:30
CRYPTO,30m,PEOPLE/USDT,ed916453fd5c0c8b,2026-08-11T21:11:46.444726+05:30,alert_before_data,SL,,-1.1758646401214483,,2026-08-11T21:45:00+05:30
CRYPTO,30m,JTO/USDT,b089310bfb0bd3f5,2026-08-11T22:51:47.739895+05:30,alert_before_data,SL,,-1.1737517041151209,,2026-08-11T22:55:00+05:30
CRYPTO,30m,PEOPLE/USDT,132f21ed854a8112,2026-08-12T00:11:53.017872+05:30,alert_before_data,zone_not_touched,,,,
CRYPTO,30m,POL/USDT,8a1dfabe1f6fa0f1,2026-08-12T00:11:53.599606+05:30,alert_before_data,zone_not_touched,,,,
CRYPTO,30m,WLFI/USDT,95d1a9df3bf453af,2026-08-12T00:32:14.630131+05:30,alert_before_data,zone_not_touched,,,,
CRYPTO,30m,VVV/USDT,a7528f5553bd0245,2026-08-12T02:32:18.954494+05:30,alert_before_data,zone_not_touched,,,,
CRYPTO,30m,HBAR/USDT,b9e0e6b2c18c83e3,2026-08-12T04:51:44.426259+05:30,alert_before_data,zone_not_touched,,,,
CRYPTO,30m,ASTER/USDT,fb8801eb959d47bc,2026-08-12T06:51:39.892553+05:30,alert_before_data,Neither,,0.6042256782997604,,2026-08-12T06:55:00+05:30
CRYPTO,30m,VVV/USDT,12e12111af0b8390,2026-08-12T10:32:18.502939+05:30,alert_before_data,SL,,-1.2937439968507998,,2026-08-12T11:10:00+05:30
CRYPTO,30m,JUP/USDT,7eb2b2991791e537,2026-08-12T11:11:45.488952+05:30,alert_before_data,SL,,-1.4563395405499726,,2026-08-12T12:30:00+05:30
CRYPTO,30m,0G/USDT,c36c6cd2b37ee0f4,2026-08-12T11:11:45.736485+05:30,alert_before_data,data_missing,,,,
CRYPTO,30m,ZRO/USDT,72dd38ca67ebeeb9,2026-08-12T11:51:48.423396+05:30,alert_before_data,BE,,0.030605717840695157,,2026-08-12T12:05:00+05:30
CRYPTO,30m,ICP/USDT,e105fbc9a8bc4639,2026-08-12T13:11:54.008522+05:30,alert_before_data,data_missing,,,,
CRYPTO,30m,HOME/USDT,fe8f2b19c1268e96,2026-08-12T13:32:12.426690+05:30,alert_before_data,data_missing,,,,
CRYPTO,30m,XMRUSD,c6f2569e126e064e,2026-08-12T14:11:47.233753+05:30,+1R,+1R,0.859257695690412,0.5312014072119752,2026-08-12T14:30:00+05:30,2026-08-12T14:55:00+05:30
CRYPTO,30m,AERO/USDT,6e88a0eb66d5be37,2026-08-12T14:51:47.114350+05:30,alert_before_data,data_missing,,,,
CRYPTO,30m,ALLO/USDT,620172c0fd17f54f,2026-08-12T14:51:47.443952+05:30,alert_before_data,+2R,,1.8744645732689205,,2026-08-12T15:15:00+05:30
CRYPTO,30m,TAIKO/USDT,3da95555a39c80ce,2026-08-12T14:51:47.674957+05:30,alert_before_data,data_missing,,,,
CRYPTO,30m,ASTER/USDT,93298d48a70c07c1,2026-08-12T15:32:23.492782+05:30,alert_before_data,zone_not_touched,,,,
CRYPTO,30m,O/USDT,ccf36c2edf3cffb1,2026-08-12T16:32:13.620106+05:30,alert_before_data,data_missing,,,,
CRYPTO,30m,HOME/USDT,dac611c51b5258bf,2026-08-12T16:32:13.951443+05:30,alert_before_data,data_missing,,,,
CRYPTO,30m,DASH/USDT,35ba8e989f55918c,2026-08-12T16:51:49.200479+05:30,alert_before_data,zone_not_touched,,,,
CRYPTO,30m,POL/USDT,0fe72ab54ab6208a,2026-08-12T17:51:39.531360+05:30,alert_before_data,zone_not_touched,,,,
CRYPTO,30m,GALA/USDT,eecf30b7290a78cd,2026-08-12T18:11:47.903721+05:30,alert_before_data,zone_not_touched,,,,
CRYPTO,30m,ALGO/USDT,cb46f713ae9b28d0,2026-08-12T18:51:50.546783+05:30,alert_before_data,data_missing,,,,
CRYPTO,30m,HBAR/USDT,95b013784b04b39b,2026-08-12T19:11:49.178852+05:30,alert_before_data,SL,,-1.2780913038590314,,2026-08-12T19:25:00+05:30
CRYPTO,30m,FARTCOIN/USDT,1a63816e8fc11892,2026-08-12T20:11:48.111135+05:30,alert_before_data,+2R,,1.8207585923593017,,2026-08-12T20:30:00+05:30
CRYPTO,30m,ICP/USDT,7e679ba8043dc163,2026-08-12T21:51:56.561851+05:30,alert_before_data,data_missing,,,,
CRYPTO,30m,WIF/USDT,b2b7dbbafdac3d0c,2026-08-12T23:11:47.476368+05:30,alert_before_data,zone_not_touched,,,,
CRYPTO,30m,MNT/USDT,145f0d75648aae38,2026-08-13T00:11:52.037200+05:30,alert_before_data,data_missing,,,,
CRYPTO,30m,ESPORTS/USDT,8ff616281ca9f41f,2026-08-13T00:32:13.716595+05:30,alert_before_data,SL,,-1.0471462096093258,,2026-08-13T00:35:00+05:30
CRYPTO,30m,LINKUSD,397b3410c3537edb,2026-08-13T01:51:42.788028+05:30,BE,SL,0.028344897959191595,-1.3290918367346927,2026-08-13T02:30:00+05:30,2026-08-13T02:50:00+05:30
CRYPTO,30m,LA/USDT,77e2462c94e4ad34,2026-08-13T02:32:07.291147+05:30,alert_before_data,data_missing,,,,
CRYPTO,30m,WLFI/USDT,d63460c39b467041,2026-08-13T03:12:00.532296+05:30,alert_before_data,Neither,,-0.5171867465730502,,2026-08-13T03:15:00+05:30
CRYPTO,30m,1000SHIBUSD,2c50a1a47e75563e,2026-08-13T07:51:52.064203+05:30,zone_not_touched,+2R,,1.879498184219215,,2026-08-13T07:55:00+05:30
CRYPTO,30m,CRV/USDT,1dbe1bee1f6f2714,2026-08-13T08:11:48.638219+05:30,alert_before_data,data_missing,,,,
CRYPTO,30m,ALGO/USDT,70ba21ebfe54affb,2026-08-13T08:11:49.016253+05:30,alert_before_data,data_missing,,,,
CRYPTO,30m,HBAR/USDT,908a250457fcde51,2026-08-13T08:32:15.716984+05:30,alert_before_data,zone_not_touched,,,,
CRYPTO,30m,NEARUSD,68f596f897eb77b8,2026-08-13T09:32:13.149921+05:30,SL,BE,-1.373416979432525,0.03207086023119854,2026-08-13T10:00:00+05:30,2026-08-13T09:35:00+05:30
CRYPTO,30m,TRX/USDT,a8c119c140283a7b,2026-08-13T10:32:21.816167+05:30,alert_before_data,SL,,-1.7350199772770556,,2026-08-13T11:25:00+05:30
CRYPTO,30m,KGEN/USDT,dd1be0c6dd08e13c,2026-08-13T10:51:49.793758+05:30,alert_before_data,data_missing,,,,
CRYPTO,30m,WLFI/USDT,7c18183de30ce695,2026-08-13T11:32:32.686563+05:30,alert_before_data,zone_not_touched,,,,
CRYPTO,30m,LA/USDT,8b06da2f17b44ceb,2026-08-13T13:51:47.316346+05:30,alert_before_data,data_missing,,,,
CRYPTO,30m,STRK/USDT,60f17a431cfead13,2026-08-13T13:51:47.622275+05:30,alert_before_data,zone_not_touched,,,,
CRYPTO,30m,ASTER/USDT,d4916fc296e1a94c,2026-08-13T14:32:18.456329+05:30,alert_before_data,zone_not_touched,,,,
CRYPTO,30m,O/USDT,14b63b2b724f4fb1,2026-08-13T15:32:28.605125+05:30,alert_before_data,data_missing,,,,
CRYPTO,30m,HBAR/USDT,ece3e1e53f034c16,2026-08-13T17:32:19.221499+05:30,alert_before_data,zone_not_touched,,,,
CRYPTO,30m,ICP/USDT,64090e502f0dc9cd,2026-08-13T17:32:19.505486+05:30,alert_before_data,data_missing,,,,
CRYPTO,30m,0G/USDT,8d264ed2c1c5f2eb,2026-08-13T18:11:48.279656+05:30,alert_before_data,data_missing,,,,
CRYPTO,30m,WLD/USDT,bc29e9c1094caf80,2026-08-13T19:53:27.565398+05:30,alert_before_data,zone_not_touched,,,,
CRYPTO,30m,LDO/USDT,cb69496b1768ae3e,2026-08-13T20:51:52.079613+05:30,alert_before_data,+2R,,1.7864438254410338,,2026-08-13T21:00:00+05:30
CRYPTO,30m,DASH/USDT,4f901a7523a73cff,2026-08-13T21:32:19.044151+05:30,alert_before_data,+1R,,1.7668119185019184,,2026-08-13T22:10:00+05:30
CRYPTO,30m,ALGO/USDT,152d5b2e9dc2f48a,2026-08-13T21:51:50.455448+05:30,alert_before_data,data_missing,,,,
CRYPTO,30m,TAO/USDT,b602c996150e5a9b,2026-08-13T22:11:50.300690+05:30,alert_before_data,zone_not_touched,,,,
CRYPTO,30m,ICP/USDT,b48943452158244a,2026-08-13T22:11:50.597496+05:30,alert_before_data,data_missing,,,,
CRYPTO,30m,1000BONKUSD,0a03f0b659ecc6ba,2026-08-13T23:32:13.864783+05:30,+1R,SL,0.9256991613252972,-1.1119512580120554,2026-08-14T00:00:00+05:30,2026-08-13T23:35:00+05:30
CRYPTO,30m,ICP/USDT,4bc6a75d95deb2c0,2026-08-14T03:51:56.374106+05:30,alert_before_data,data_missing,,,,
CRYPTO,30m,WLFI/USDT,cc10f11e270958c3,2026-08-14T03:51:56.674325+05:30,alert_before_data,zone_not_touched,,,,
CRYPTO,30m,PEOPLE/USDT,a3d9522bd3639729,2026-08-14T05:32:21.684314+05:30,alert_before_data,zone_not_touched,,,,
CRYPTO,30m,ATOM/USDT,fc87f7f675a915d0,2026-08-14T07:11:47.367849+05:30,alert_before_data,data_missing,,,,
CRYPTO,30m,ERA/USDT,d1b97ecfac067800,2026-08-14T07:51:46.345671+05:30,alert_before_data,data_missing,,,,
CRYPTO,30m,ALGO/USDT,e1435511cbd1c85d,2026-08-14T08:32:24.430198+05:30,alert_before_data,data_missing,,,,
CRYPTO,30m,JUP/USDT,a478629359ed9517,2026-08-14T09:11:48.996494+05:30,alert_before_data,zone_not_touched,,,,
CRYPTO,30m,KGEN/USDT,40abe3eb87e03a45,2026-08-14T09:11:49.354650+05:30,alert_before_data,data_missing,,,,
CRYPTO,30m,EUL/USDT,2a17d43d3ee649da,2026-08-14T09:32:18.769731+05:30,alert_before_data,data_missing,,,,
CRYPTO,30m,POL/USDT,a8cfbe49491a0088,2026-08-14T10:31:58.576614+05:30,alert_before_data,zone_not_touched,,,,
CRYPTO,30m,DEXE/USDT,e77a1058dbb6a40b,2026-08-14T11:11:34.907390+05:30,alert_before_data,data_missing,,,,
CRYPTO,30m,TAO/USDT,19feec889b394056,2026-08-14T13:11:36.264745+05:30,alert_before_data,zone_not_touched,,,,
CRYPTO,30m,1000PEPEUSD,721569122be1df8d,2026-08-14T13:32:07.785662+05:30,+1R,zone_not_touched,0.7953760174384924,,2026-08-14T15:00:00+05:30,
CRYPTO,30m,HBAR/USDT,9fb1068d3ffb01f1,2026-08-14T14:32:04.424917+05:30,alert_before_data,zone_not_touched,,,,
CRYPTO,30m,1000SHIBUSD,8e91bf6b224ca457,2026-08-14T15:11:36.038996+05:30,+2R,zone_not_touched,1.742200422061245,,2026-08-14T16:30:00+05:30,
CRYPTO,30m,ORDI/USDT,acffd0cb279578e3,2026-08-14T15:11:36.279205+05:30,alert_before_data,SL,,-1.2198791469194261,,2026-08-14T16:00:00+05:30
CRYPTO,30m,BOME/USDT,2c490a0a2b717ac6,2026-08-14T16:31:59.636879+05:30,alert_before_data,data_missing,,,,
CRYPTO,30m,POL/USDT,a0c254effb6fe86d,2026-08-14T17:32:05.767206+05:30,alert_before_data,SL,,-1.5436148585715244,,2026-08-14T18:00:00+05:30
CRYPTO,30m,LDO/USDT,d1d2a931d57fad61,2026-08-14T18:51:31.975591+05:30,alert_before_data,zone_not_touched,,,,
CRYPTO,30m,WLD/USDT,8b7a4cc245178028,2026-08-14T19:11:40.201735+05:30,alert_before_data,BE,,0.012067422205144299,,2026-08-14T19:15:00+05:30
CRYPTO,30m,WIF/USDT,484cbc232fe117df,2026-08-14T21:32:08.334495+05:30,alert_before_data,+2R,,1.7446531523154052,,2026-08-14T22:50:00+05:30
CRYPTO,30m,GALA/USDT,5027967a60c96ece,2026-08-14T22:11:30.806278+05:30,alert_before_data,SL,,-1.3767909744050433,,2026-08-14T23:30:00+05:30
CRYPTO,30m,JUP/USDT,7daa46bb583d891e,2026-08-14T23:11:44.718934+05:30,alert_before_data,+2R,,1.7463465553235884,,2026-08-15T00:00:00+05:30
CRYPTO,30m,POL/USDT,fea6109157e73ea0,2026-08-15T00:32:01.311512+05:30,alert_before_data,SL,,-1.3922650780261518,,2026-08-15T00:35:00+05:30
CRYPTO,30m,TRX/USDT,9a522a792878b767,2026-08-15T02:32:08.262672+05:30,alert_before_data,zone_not_touched,,,,
CRYPTO,30m,ASTER/USDT,c6a6f08e4c76fd51,2026-08-15T03:11:41.146647+05:30,alert_before_data,zone_not_touched,,,,
CRYPTO,30m,DASH/USDT,16397f90066965f5,2026-08-15T03:32:06.818909+05:30,alert_before_data,zone_not_touched,,,,
CRYPTO,30m,PHAROS/USDT,b232eb6e71322321,2026-08-15T04:11:53.397884+05:30,alert_before_data,data_missing,,,,
CRYPTO,30m,WIF/USDT,e0ec43b0cf73f632,2026-08-15T05:51:36.621537+05:30,alert_before_data,zone_not_touched,,,,
CRYPTO,30m,VIRTUAL/USDT,406153a80467fc02,2026-08-15T07:51:38.453326+05:30,alert_before_data,+2R,,1.832284119254064,,2026-08-15T08:00:00+05:30
CRYPTO,30m,ASTER/USDT,c4292fe8adc97bfd,2026-08-15T08:11:32.466819+05:30,alert_before_data,zone_not_touched,,,,
CRYPTO,30m,TAIKO/USDT,047f19abed496ef7,2026-08-15T08:32:03.046853+05:30,alert_before_data,data_missing,,,,
CRYPTO,30m,POL/USDT,442318f300bd42e7,2026-08-15T08:51:34.193575+05:30,alert_before_data,zone_not_touched,,,,
CRYPTO,30m,ZRO/USDT,cb63c6c5edb9c13b,2026-08-15T09:32:14.290819+05:30,alert_before_data,BE,,0.022635213812492894,,2026-08-15T10:25:00+05:30
CRYPTO,30m,BANK/USDT,426a842191d367d0,2026-08-15T10:11:41.662315+05:30,alert_before_data,SL,,-1.247620300751885,,2026-08-15T10:50:00+05:30
CRYPTO,30m,ATOM/USDT,a76f146fc9262584,2026-08-15T12:11:34.824618+05:30,alert_before_data,data_missing,,,,
CRYPTO,30m,CRV/USDT,3abeb0add43f0d5b,2026-08-15T13:11:42.474775+05:30,alert_before_data,data_missing,,,,
CRYPTO,30m,LDO/USDT,b84547f278682e68,2026-08-15T13:31:57.067167+05:30,alert_before_data,SL,,-1.349660726603798,,2026-08-15T13:45:00+05:30
CRYPTO,30m,TRX/USDT,9d3aa145302effec,2026-08-15T13:51:40.322419+05:30,alert_before_data,zone_not_touched,,,,
CRYPTO,30m,TAIKO/USDT,7ae5c77cb1f5f8b2,2026-08-15T14:11:45.643554+05:30,alert_before_data,data_missing,,,,
CRYPTO,30m,ALGO/USDT,e7f4f55ba4a39a1f,2026-08-15T14:51:43.113523+05:30,alert_before_data,data_missing,,,,
CRYPTO,30m,DASH/USDT,01fa6d362be29eeb,2026-08-15T14:51:43.335917+05:30,alert_before_data,+1R,,0.3311897106109192,,2026-08-15T15:30:00+05:30
CRYPTO,30m,PHAROS/USDT,ef01793343d891c9,2026-08-15T15:11:44.986223+05:30,alert_before_data,data_missing,,,,
CRYPTO,30m,AERO/USDT,a49ed2ac50a1f1bb,2026-08-15T15:32:09.822589+05:30,alert_before_data,data_missing,,,,
CRYPTO,30m,LA/USDT,baacdf6cbffa047b,2026-08-15T15:51:32.988921+05:30,alert_before_data,data_missing,,,,
CRYPTO,30m,NEARUSD,586f61f73b79f83b,2026-08-15T18:11:35.186824+05:30,+1R,BE,0.8300789364353962,0.02191981719983596,2026-08-15T19:30:00+05:30,2026-08-15T18:15:00+05:30
CRYPTO,30m,TRX/USDT,17f870e09ba7ff61,2026-08-15T22:11:46.049690+05:30,alert_before_data,zone_not_touched,,,,
CRYPTO,30m,PENGU/USDT,b04fb2dab3bb061f,2026-08-15T22:32:00.189137+05:30,alert_before_data,zone_not_touched,,,,
CRYPTO,30m,UB/USDT,e73c49e62f2d1b28,2026-08-15T23:31:58.607219+05:30,alert_before_data,data_missing,,,,
CRYPTO,30m,STORJ/USDT,3068ccc0ae8b90cc,2026-08-16T00:51:34.610563+05:30,alert_before_data,data_missing,,,,
CRYPTO,30m,ATOM/USDT,0ff42f7030a2cf75,2026-08-16T01:31:56.336373+05:30,alert_before_data,data_missing,,,,
CRYPTO,30m,GALA/USDT,bdb88f93d60ea9d8,2026-08-16T01:31:56.569625+05:30,alert_before_data,zone_not_touched,,,,
CRYPTO,30m,LDO/USDT,66b3cad983461263,2026-08-16T02:11:34.814887+05:30,alert_before_data,zone_not_touched,,,,
CRYPTO,30m,PENGU/USDT,a8f541c385083164,2026-08-16T03:31:57.778958+05:30,alert_before_data,zone_not_touched,,,,
CRYPTO,30m,POL/USDT,6da9a05012f13004,2026-08-16T04:11:35.103317+05:30,alert_before_data,zone_not_touched,,,,
CRYPTO,30m,ALGO/USDT,6301586e05bc9490,2026-08-16T04:31:55.142006+05:30,alert_before_data,data_missing,,,,
CRYPTO,30m,UNIUSD,350371c556a587a4,2026-08-16T04:51:40.807383+05:30,+1R,BE,0.7555589169565928,0.03153289971260334,2026-08-16T05:30:00+05:30,2026-08-16T05:45:00+05:30
CRYPTO,30m,DASH/USDT,9c8631abdb241293,2026-08-16T04:51:40.952327+05:30,alert_before_data,SL,,-1.2122517419108454,,2026-08-16T05:45:00+05:30
CRYPTO,30m,ESPORTS/USDT,fbf19102301378d2,2026-08-16T06:51:33.354100+05:30,alert_before_data,SL,,-1.1601737710553406,,2026-08-16T06:55:00+05:30
CRYPTO,30m,STORJ/USDT,e994bc9c9e12768a,2026-08-16T06:51:33.737541+05:30,alert_before_data,data_missing,,,,
CRYPTO,30m,XMRUSD,e34efb3a6ebc9cf3,2026-08-16T07:11:41.561689+05:30,+1R,zone_not_touched,0.5621867350506805,,2026-08-16T08:30:00+05:30,
CRYPTO,30m,ZRO/USDT,a4e283a048d447fe,2026-08-16T07:11:41.958063+05:30,alert_before_data,zone_not_touched,,,,
CRYPTO,30m,COTI/USDT,77d6a386a2e3aa66,2026-08-16T10:11:35.659137+05:30,alert_before_data,data_missing,,,,
CRYPTO,30m,HBAR/USDT,733f6ab2230d2490,2026-08-16T12:32:02.088029+05:30,alert_before_data,Neither,,-0.4632201415643848,,2026-08-16T12:35:00+05:30
CRYPTO,30m,STRK/USDT,c3ffa760005fa74f,2026-08-16T12:32:02.441036+05:30,alert_before_data,zone_not_touched,,,,
CRYPTO,30m,GALA/USDT,3395e3b648ca85c7,2026-08-16T12:51:18.783899+05:30,alert_before_data,SL,,-1.3747690058479674,,2026-08-16T13:30:00+05:30
CRYPTO,30m,ATOM/USDT,ccb58f4dd52e70b2,2026-08-16T13:11:36.969709+05:30,alert_before_data,data_missing,,,,
CRYPTO,30m,WIF/USDT,8200e52904dc09d5,2026-08-16T13:31:58.909147+05:30,alert_before_data,zone_not_touched,,,,
CRYPTO,30m,CRV/USDT,7acc4c8e02260610,2026-08-16T13:51:32.916590+05:30,alert_before_data,data_missing,,,,
CRYPTO,30m,GALA/USDT,f111efaac22a6ced,2026-08-16T13:51:33.152532+05:30,alert_before_data,SL,,-1.444407156673139,,2026-08-16T14:05:00+05:30
CRYPTO,30m,ALGO/USDT,aaeeea34bfe77399,2026-08-16T17:11:30.900055+05:30,alert_before_data,data_missing,,,,
CRYPTO,30m,ATOM/USDT,7483b03802256727,2026-08-16T18:31:58.130944+05:30,alert_before_data,data_missing,,,,
CRYPTO,30m,WLD/USDT,155a46937ff40e85,2026-08-16T20:11:29.348529+05:30,alert_before_data,SL,,-1.1972621419676246,,2026-08-16T20:15:00+05:30
CRYPTO,30m,ZRO/USDT,ef568188ae20937b,2026-08-16T21:31:57.661455+05:30,alert_before_data,+2R,,1.6080178173719089,,2026-08-16T21:50:00+05:30
CRYPTO,30m,ZIL/USDT,7b13d64b4fc35d33,2026-08-16T23:11:23.669588+05:30,alert_before_data,data_missing,,,,
CRYPTO,30m,VVV/USDT,cdedede93ce413fb,2026-08-17T00:11:43.899504+05:30,alert_before_data,zone_not_touched,,,,
CRYPTO,30m,POL/USDT,5b9ddb75521154b1,2026-08-17T02:31:57.647336+05:30,alert_before_data,zone_not_touched,,,,
CRYPTO,30m,ENA/USDT,d7d6b583255243a9,2026-08-17T02:48:56.023580+05:30,alert_before_data,SL,,-1.2735298507462687,,2026-08-17T02:55:00+05:30
CRYPTO,30m,ASTER/USDT,11df18d6ed11b641,2026-08-17T08:01:22.055861+05:30,alert_before_data,zone_not_touched,,,,
CRYPTO,30m,JUP/USDT,962bf8b6e619cc59,2026-08-17T08:01:22.492700+05:30,alert_before_data,zone_not_touched,,,,
CRYPTO,30m,ICP/USDT,d205aefd167a3d80,2026-08-17T08:21:16.775328+05:30,alert_before_data,data_missing,,,,
CRYPTO,30m,POL/USDT,74a3fed9deffa055,2026-08-17T08:41:14.322550+05:30,alert_before_data,zone_not_touched,,,,
CRYPTO,30m,POL/USDT,3f1e64f437a286aa,2026-08-17T10:41:16.167367+05:30,alert_before_data,zone_not_touched,,,,
CRYPTO,30m,TRX/USDT,d98c36af9693dd53,2026-08-17T11:01:19.697908+05:30,alert_before_data,zone_not_touched,,,,
CRYPTO,30m,PEOPLE/USDT,ff80c0a05811ece2,2026-08-17T11:01:19.900733+05:30,alert_before_data,SL,,-1.259430486593851,,2026-08-17T11:15:00+05:30
CRYPTO,30m,KGEN/USDT,bb0ac07862cada03,2026-08-17T11:41:22.828917+05:30,alert_before_data,data_missing,,,,
CRYPTO,30m,ZAMA/USDT,03885d366187d88f,2026-08-17T14:01:28.399688+05:30,alert_before_data,data_missing,,,,
CRYPTO,30m,MMT/USDT,6a11159dcc027621,2026-08-17T14:01:28.968013+05:30,alert_before_data,zone_not_touched,,,,
CRYPTO,30m,GALA/USDT,ddc745a8b97edf69,2026-08-17T14:21:27.572924+05:30,alert_before_data,Neither,,0.31791635267520946,,2026-08-17T14:25:00+05:30
CRYPTO,30m,DOTUSD,15b6cebab1b4c831,2026-08-17T18:21:22.300971+05:30,+2R,BE,1.7260174418604628,0.035343749999986296,2026-08-17T18:30:00+05:30,2026-08-17T18:30:00+05:30
CRYPTO,30m,VIRTUAL/USDT,2464a9e0d870c913,2026-08-17T18:21:22.567917+05:30,alert_before_data,SL,,-1.2320301812235988,,2026-08-17T18:25:00+05:30
CRYPTO,30m,VVV/USDT,c9ea2a6f11a056f2,2026-08-17T21:21:25.147682+05:30,alert_before_data,SL,,-1.1746290526472407,,2026-08-17T21:25:00+05:30
CRYPTO,30m,UNIUSD,6928632267a031b9,2026-08-17T21:41:21.600900+05:30,+1R,+1R,0.8374507874015704,1.6091043307087065,2026-08-17T22:30:00+05:30,2026-08-17T22:45:00+05:30
CRYPTO,30m,HBAR/USDT,63ea8deab337c955,2026-08-17T21:41:21.861710+05:30,alert_before_data,zone_not_touched,,,,
CRYPTO,30m,PENGU/USDT,c3a751393ccaf8b7,2026-08-17T22:01:31.633929+05:30,alert_before_data,+2R,,1.8079909414428952,,2026-08-17T22:10:00+05:30
CRYPTO,30m,AERO/USDT,fc8ca76feb9bed35,2026-08-17T23:01:25.456383+05:30,alert_before_data,data_missing,,,,
CRYPTO,30m,ALGO/USDT,178db9c11d8496d4,2026-08-17T23:01:25.971431+05:30,alert_before_data,data_missing,,,,
CRYPTO,30m,STRK/USDT,04d363af10d87536,2026-08-18T00:21:17.647563+05:30,alert_before_data,zone_not_touched,,,,
CRYPTO,30m,ZIL/USDT,3176ddeadad69aea,2026-08-18T08:01:26.172890+05:30,alert_before_data,data_missing,,,,
CRYPTO,30m,TRX/USDT,a5cb8f8f13da9187,2026-08-18T08:01:26.458052+05:30,alert_before_data,zone_not_touched,,,,
CRYPTO,30m,TAIKO/USDT,4d099115ae866dde,2026-08-18T08:41:17.870756+05:30,alert_before_data,data_missing,,,,
CRYPTO,30m,MNT/USDT,3bbc0ec897373039,2026-08-18T08:41:18.026339+05:30,alert_before_data,data_missing,,,,
CRYPTO,30m,DEXE/USDT,9e761c850817efd7,2026-08-18T10:41:19.134516+05:30,alert_before_data,data_missing,,,,
CRYPTO,30m,HBAR/USDT,ff170f247f8a4a17,2026-08-18T12:01:23.176797+05:30,alert_before_data,zone_not_touched,,,,
CRYPTO,30m,1000PEPEUSD,9b320011f28d5971,2026-08-18T13:41:09.752639+05:30,zone_not_touched,+1R,,0.22921148855293177,,2026-08-18T13:45:00+05:30
CRYPTO,30m,AERO/USDT,6e045b37392d6418,2026-08-18T13:41:10.211474+05:30,alert_before_data,data_missing,,,,
CRYPTO,30m,VIRTUAL/USDT,fce24995b215bd1f,2026-08-18T13:41:10.510099+05:30,alert_before_data,zone_not_touched,,,,
CRYPTO,30m,ALGO/USDT,158821955ff77e5e,2026-08-18T13:41:10.779948+05:30,alert_before_data,data_missing,,,,
CRYPTO,30m,VIRTUAL/USDT,be787612ee339dac,2026-08-18T16:21:18.793947+05:30,alert_before_data,SL,,-1.3383482972136433,,2026-08-18T17:05:00+05:30
CRYPTO,30m,STORJ/USDT,8d93b989eac3e921,2026-08-18T16:21:19.277100+05:30,alert_before_data,data_missing,,,,
CRYPTO,30m,AAVEUSD,51d9048bb9bfdafd,2026-08-18T17:01:32.511759+05:30,+1R,SL,0.6188364706132874,-1.5722452940800595,2026-08-18T17:30:00+05:30,2026-08-18T17:45:00+05:30
CRYPTO,30m,PUMPUSD,162474453bffec49,2026-08-18T17:21:20.809302+05:30,+1R,BE,0.7395640930919746,0.03359623199112027,2026-08-18T17:30:00+05:30,2026-08-18T17:35:00+05:30
CRYPTO,30m,1000PEPEUSD,155a3651df3b482e,2026-08-18T22:01:25.409157+05:30,zone_not_touched,BE,,0.026088463324039274,,2026-08-18T22:10:00+05:30
CRYPTO,30m,WLFI/USDT,cca295f0073ad2ee,2026-08-18T22:21:20.908732+05:30,alert_before_data,zone_not_touched,,,,
CRYPTO,30m,0G/USDT,fbc42ae98504fb7d,2026-08-19T00:01:32.643061+05:30,alert_before_data,data_missing,,,,
CRYPTO,30m,GWEI/USDT,3cc8fad96179ecfc,2026-08-19T00:21:31.571650+05:30,alert_before_data,data_missing,,,,
CRYPTO,30m,ASTER/USDT,767db10445bab30f,2026-08-19T08:01:26.753158+05:30,alert_before_data,zone_not_touched,,,,
CRYPTO,30m,XLM/USDT,92ded0df1e4c78f7,2026-08-19T08:21:16.211251+05:30,alert_before_data,BE,,0.05478589999728406,,2026-08-19T08:50:00+05:30
CRYPTO,30m,INJUSD,f3ad7c7cb24f1bbe,2026-08-19T10:21:23.254320+05:30,+1R,BE,0.657471264367812,0.0441862068965343,2026-08-19T11:30:00+05:30,2026-08-19T11:50:00+05:30
CRYPTO,30m,VIRTUAL/USDT,c033f1feb390fbc8,2026-08-19T10:21:23.471489+05:30,alert_before_data,BE,,0.02184349943576,,2026-08-19T10:25:00+05:30
CRYPTO,30m,LDO/USDT,391d2012c9856399,2026-08-19T10:41:21.765063+05:30,alert_before_data,BE,,0.043399071925758814,,2026-08-19T10:45:00+05:30
CRYPTO,30m,ATOM/USDT,62d74f057e403c48,2026-08-19T10:41:22.085612+05:30,alert_before_data,data_missing,,,,
CRYPTO,30m,ZIL/USDT,b52f41dc85915215,2026-08-19T13:01:38.157978+05:30,alert_before_data,data_missing,,,,
CRYPTO,30m,ESP/USDT,27fd7525a6375fb1,2026-08-19T13:01:39.331606+05:30,alert_before_data,data_missing,,,,
CRYPTO,30m,TRX/USDT,c4af48931e24fcfe,2026-08-19T13:01:39.541882+05:30,alert_before_data,zone_not_touched,,,,
CRYPTO,30m,TRX/USDT,62d23336e51fae2a,2026-08-19T13:01:39.541882+05:30,alert_before_data,zone_not_touched,,,,
CRYPTO,30m,JUP/USDT,9e04c45915bb9045,2026-08-19T13:01:40.677089+05:30,alert_before_data,zone_not_touched,,,,
CRYPTO,30m,POL/USDT,6147365119ad1a9e,2026-08-19T13:01:40.898518+05:30,alert_before_data,zone_not_touched,,,,
CRYPTO,30m,LINKUSD,12e3ebc9c3e96d59,2026-08-19T13:21:19.894015+05:30,+1R,SL,0.6003778663598196,-1.5999332004602513,2026-08-19T13:30:00+05:30,2026-08-19T13:35:00+05:30
CRYPTO,30m,GALA/USDT,6b73dd56de2d136e,2026-08-19T13:21:20.132486+05:30,alert_before_data,BE,,0.027333980453469492,,2026-08-19T14:30:00+05:30
CRYPTO,30m,FARTCOIN/USDT,e2fa1e91c4818fd1,2026-08-19T13:41:29.602354+05:30,alert_before_data,SL,,-1.4586890060240978,,2026-08-19T14:05:00+05:30
CRYPTO,30m,ZAMA/USDT,76539724c6fa3634,2026-08-19T13:41:30.114063+05:30,alert_before_data,data_missing,,,,
CRYPTO,30m,VVV/USDT,e8e57d708494769a,2026-08-19T13:41:30.463989+05:30,alert_before_data,BE,,0.026504704097114168,,2026-08-19T13:45:00+05:30
CRYPTO,30m,HYPEUSD,ccfc992e80eccfa7,2026-08-19T14:03:23.294991+05:30,+2R,BE,1.5881936202567446,0.05312302298686428,2026-08-19T15:30:00+05:30,2026-08-19T15:30:00+05:30
CRYPTO,30m,WIF/USDT,efb19a6d3f5d13bd,2026-08-19T14:03:26.147330+05:30,alert_before_data,zone_not_touched,,,,
CRYPTO,30m,ALGO/USDT,3fdf82bd89caee7a,2026-08-19T14:03:26.641422+05:30,alert_before_data,data_missing,,,,
CRYPTO,30m,STORJ/USDT,01a2dff98bf1c48c,2026-08-19T14:21:19.323381+05:30,alert_before_data,data_missing,,,,
CRYPTO,30m,ESP/USDT,8cc09f8063646d9b,2026-08-19T14:41:20.707008+05:30,alert_before_data,data_missing,,,,
CRYPTO,30m,HBAR/USDT,6f2a721af080eadc,2026-08-19T15:01:32.357322+05:30,alert_before_data,zone_not_touched,,,,
CRYPTO,30m,ASTER/USDT,fa2d72ce1b7402a2,2026-08-19T15:21:32.140089+05:30,alert_before_data,zone_not_touched,,,,
CRYPTO,30m,PHAROS/USDT,9f242d9d2a8d83af,2026-08-19T15:21:33.866617+05:30,alert_before_data,data_missing,,,,
CRYPTO,30m,BOME/USDT,278a9f6d925098e0,2026-08-19T15:21:34.699000+05:30,alert_before_data,data_missing,,,,
CRYPTO,30m,WLFI/USDT,8aef12743e3bcf4c,2026-08-19T15:21:34.971741+05:30,alert_before_data,zone_not_touched,,,,
CRYPTO,30m,JUP/USDT,e14eb8c0ff95b6a3,2026-08-19T15:41:23.173489+05:30,alert_before_data,zone_not_touched,,,,
CRYPTO,30m,ICP/USDT,68a29b56f8e0b8cd,2026-08-19T16:01:26.917359+05:30,alert_before_data,data_missing,,,,
CRYPTO,30m,COAI/USDT,1ced4f84268de6ee,2026-08-19T16:21:16.487722+05:30,alert_before_data,zone_not_touched,,,,
CRYPTO,30m,KAITO/USDT,1ee19c58bea04751,2026-08-19T16:41:22.909987+05:30,alert_before_data,SL,,-1.295608272711906,,2026-08-19T16:45:00+05:30
CRYPTO,30m,STORJ/USDT,f289e37e17ec558e,2026-08-19T16:41:25.087426+05:30,alert_before_data,data_missing,,,,
CRYPTO,30m,PEOPLE/USDT,8c2f2439309815bf,2026-08-19T16:41:25.626019+05:30,alert_before_data,zone_not_touched,,,,
CRYPTO,30m,UB/USDT,4b3175b73cdf17ed,2026-08-19T17:01:24.677020+05:30,alert_before_data,data_missing,,,,
CRYPTO,30m,ESPORTS/USDT,2efb9ab24dd72668,2026-08-19T17:41:22.555042+05:30,alert_before_data,+2R,,1.7762209968490401,,2026-08-19T18:00:00+05:30
CRYPTO,30m,COTI/USDT,f3e0d99cb7d722e5,2026-08-19T18:21:22.268961+05:30,alert_before_data,data_missing,,,,
CRYPTO,30m,FARTCOIN/USDT,2b61e535b09d943a,2026-08-19T18:21:22.398043+05:30,alert_before_data,SL,,-1.5097332713754708,,2026-08-19T18:35:00+05:30
CRYPTO,30m,WLFI/USDT,e3f1731381fce729,2026-08-19T18:21:22.716506+05:30,alert_before_data,zone_not_touched,,,,
CRYPTO,30m,CRV/USDT,1eb20460a95a48fe,2026-08-19T18:21:23.177606+05:30,alert_before_data,data_missing,,,,
CRYPTO,30m,KGEN/USDT,98e69f099ecb6534,2026-08-19T18:41:26.754047+05:30,alert_before_data,data_missing,,,,
CRYPTO,30m,XRPUSD,31b6b3695d61405b,2026-08-19T19:01:26.077794+05:30,+2R,SL,1.5408267681288854,-1.6892598478066319,2026-08-19T20:00:00+05:30,2026-08-19T20:20:00+05:30
CRYPTO,30m,AERO/USDT,97b664ec8b33ec39,2026-08-19T19:01:26.859826+05:30,alert_before_data,data_missing,,,,
CRYPTO,30m,ETHFI/USDT,03e73a87b46952ac,2026-08-19T19:01:27.999974+05:30,alert_before_data,SL,,-1.4150530375007104,,2026-08-19T19:05:00+05:30
CRYPTO,30m,MNT/USDT,c1b9a7541fb6727e,2026-08-19T19:21:23.862616+05:30,alert_before_data,data_missing,,,,
CRYPTO,30m,DOGEUSD,80c718d03e4ca9b4,2026-08-19T19:41:11.682069+05:30,BE,SL,0.06242765039986897,-1.7264029116260282,2026-08-19T20:00:00+05:30,2026-08-19T20:05:00+05:30
CRYPTO,30m,RE/USDT,62535f20c1a81bed,2026-08-19T19:41:12.018562+05:30,alert_before_data,data_missing,,,,
CRYPTO,30m,STRK/USDT,d5502a9d85e3f490,2026-08-19T20:01:32.752769+05:30,alert_before_data,SL,,-1.6522832134746732,,2026-08-19T20:35:00+05:30
CRYPTO,30m,ENA/USDT,04c94f194d1504ba,2026-08-19T20:21:22.381485+05:30,alert_before_data,SL,,-1.6326022727272713,,2026-08-19T20:25:00+05:30
CRYPTO,30m,ZIL/USDT,db8f779b80051b74,2026-08-19T20:21:22.565835+05:30,alert_before_data,data_missing,,,,
CRYPTO,30m,JUP/USDT,3eb4363e8032187f,2026-08-19T20:21:22.748534+05:30,alert_before_data,SL,,-1.640618421052691,,2026-08-19T20:25:00+05:30
CRYPTO,30m,HYPEUSD,650d8aa8eab59be1,2026-08-19T20:41:21.786157+05:30,+2R,SL,1.5600494717668314,-1.6604257923497765,2026-08-19T21:00:00+05:30,2026-08-19T20:55:00+05:30
CRYPTO,30m,MNT/USDT,25de5c6ff29d801e,2026-08-19T20:41:24.089194+05:30,alert_before_data,data_missing,,,,
CRYPTO,30m,ETHFI/USDT,2661cf7c5dd36ea4,2026-08-19T21:01:27.291575+05:30,alert_before_data,zone_not_touched,,,,
CRYPTO,30m,MNT/USDT,a01086dc9742a082,2026-08-19T22:01:29.693020+05:30,alert_before_data,data_missing,,,,
CRYPTO,30m,MMT/USDT,adc6df79a3fcb018,2026-08-19T23:21:20.845186+05:30,alert_before_data,BE,,0.026482287822867323,,2026-08-19T23:25:00+05:30
CRYPTO,30m,EUL/USDT,3abca47adc4c3548,2026-08-19T23:41:22.482984+05:30,alert_before_data,data_missing,,,,
CRYPTO,30m,GWEI/USDT,e73050b48746f602,2026-08-20T00:41:24.104258+05:30,alert_before_data,data_missing,,,,
CRYPTO,30m,TRX/USDT,8d537843a68c575a,2026-08-20T08:01:29.423330+05:30,alert_before_data,zone_not_touched,,,,
CRYPTO,30m,PHAROS/USDT,6624b2f0a8133a0d,2026-08-20T08:01:29.642153+05:30,alert_before_data,data_missing,,,,
CRYPTO,30m,ERA/USDT,d4e93b88975c8eb2,2026-08-20T08:01:29.838840+05:30,alert_before_data,data_missing,,,,
CRYPTO,30m,TRX/USDT,8ecd844bd589a7ac,2026-08-20T08:41:18.065301+05:30,alert_before_data,zone_not_touched,,,,
CRYPTO,30m,MMT/USDT,4d1ac7619005d97d,2026-08-20T08:41:18.510440+05:30,alert_before_data,SL,,-1.4105417949846268,,2026-08-20T08:55:00+05:30
CRYPTO,30m,POL/USDT,36eb88670ea5e390,2026-08-20T08:41:18.706178+05:30,alert_before_data,+2R,,1.625362659346789,,2026-08-20T08:55:00+05:30
CRYPTO,30m,CRV/USDT,4696c26f992ec65e,2026-08-20T09:21:21.935007+05:30,alert_before_data,data_missing,,,,
CRYPTO,30m,ESP/USDT,2baebb9792bd4042,2026-08-20T11:01:23.350364+05:30,alert_before_data,data_missing,,,,
CRYPTO,30m,GWEI/USDT,777aafdde9758eef,2026-08-20T11:01:26.102109+05:30,alert_before_data,data_missing,,,,
CRYPTO,30m,ZRO/USDT,39dacabf3879d922,2026-08-20T11:21:24.600714+05:30,alert_before_data,SL,,-1.3627458516116886,,2026-08-20T11:30:00+05:30
CRYPTO,30m,HBAR/USDT,631156d183c49f8c,2026-08-20T11:21:25.082605+05:30,alert_before_data,BE,,0.051333273908680144,,2026-08-20T11:25:00+05:30
CRYPTO,30m,AKE/USDT,1ea4b1db637d1a09,2026-08-20T11:41:19.308484+05:30,+2R,SL,1.8526567456121772,-1.2205148815817273,2026-08-20T12:00:00+05:30,2026-08-20T11:45:00+05:30
CRYPTO,30m,HYPEUSD,0b943b6b1a0db1a8,2026-08-20T12:01:26.531505+05:30,+1R,zone_not_touched,0.7119111522167183,,2026-08-20T13:30:00+05:30,
CRYPTO,30m,WIF/USDT,e9a5f3b55a2edbf1,2026-08-20T12:01:26.858385+05:30,alert_before_data,SL,,-1.5470788504053838,,2026-08-20T12:40:00+05:30
CRYPTO,30m,ALLO/USDT,ea3bfc57078304d8,2026-08-20T12:01:27.779290+05:30,alert_before_data,BE,,0.021367710915358495,,2026-08-20T12:10:00+05:30
CRYPTO,30m,UB/USDT,62b4473619fa52e0,2026-08-20T12:41:18.607281+05:30,alert_before_data,data_missing,,,,
CRYPTO,30m,ETHFI/USDT,cd7a2b679d0e6848,2026-08-20T12:41:18.810520+05:30,alert_before_data,SL,,-1.3703424476755304,,2026-08-20T12:45:00+05:30
CRYPTO,30m,PEOPLE/USDT,7f0af073cf95d4ee,2026-08-20T12:41:18.963098+05:30,alert_before_data,zone_not_touched,,,,
CRYPTO,30m,JUP/USDT,9d00de2496d4a793,2026-08-20T13:01:25.558537+05:30,alert_before_data,SL,,-1.5633936170212759,,2026-08-20T13:35:00+05:30
CRYPTO,30m,PENGU/USDT,620ab8e05188cc2f,2026-08-20T13:41:26.701823+05:30,alert_before_data,SL,,-1.534299865771824,,2026-08-20T13:55:00+05:30
CRYPTO,30m,DASH/USDT,2cc87a3c58f8b7d8,2026-08-20T13:41:27.231771+05:30,alert_before_data,SL,,-1.5885359314202192,,2026-08-20T14:30:00+05:30
CRYPTO,30m,ATOM/USDT,c837cfccf7c833e8,2026-08-20T14:01:23.535436+05:30,alert_before_data,data_missing,,,,
CRYPTO,30m,MNT/USDT,57198ab4780acade,2026-08-20T14:21:22.367441+05:30,alert_before_data,data_missing,,,,
CRYPTO,30m,PEOPLE/USDT,89cd7834b8281dc3,2026-08-20T14:21:22.495021+05:30,alert_before_data,SL,,-1.4314751062644036,,2026-08-20T15:45:00+05:30
CRYPTO,30m,0G/USDT,59511de1914bbd24,2026-08-20T15:21:20.604317+05:30,alert_before_data,data_missing,,,,
CRYPTO,30m,EUL/USDT,33bcf70af19cec1c,2026-08-20T16:21:23.460540+05:30,alert_before_data,data_missing,,,,
CRYPTO,30m,STORJ/USDT,9fab0253bae268cc,2026-08-20T17:41:19.441092+05:30,alert_before_data,data_missing,,,,
CRYPTO,30m,LA/USDT,af32566fc59951c4,2026-08-20T18:01:22.645238+05:30,alert_before_data,data_missing,,,,
CRYPTO,30m,AKE/USDT,773fe10924044aae,2026-08-20T19:21:22.534142+05:30,+1R,zone_cooldown,0.9607526705166517,,2026-08-20T19:30:00+05:30,
CRYPTO,30m,ASTER/USDT,8ca411ef69229fa5,2026-08-20T20:21:16.148580+05:30,alert_before_data,BE,,0.005165508630983057,,2026-08-20T20:40:00+05:30
CRYPTO,30m,US/USDT,e57a9e6a1c1faeb6,2026-08-20T22:01:33.271719+05:30,alert_before_data,data_missing,,,,
CRYPTO,30m,COAI/USDT,6a3152a2b3a9599b,2026-08-20T22:21:16.112463+05:30,alert_before_data,SL,,-1.1685327868852375,,2026-08-20T22:35:00+05:30
CRYPTO,30m,COTI/USDT,25a1a597cd6ca51f,2026-08-20T23:41:20.924199+05:30,alert_before_data,data_missing,,,,
CRYPTO,30m,ERA/USDT,4691624476c9fb00,2026-08-21T08:21:16.869354+05:30,alert_before_data,data_missing,,,,
CRYPTO,30m,ETHFI/USDT,a25719580a67cf8f,2026-08-21T10:21:19.439416+05:30,alert_before_data,SL,,-1.166641732283469,,2026-08-21T10:45:00+05:30
CRYPTO,30m,TAIKO/USDT,0ab62802055a23b7,2026-08-21T11:41:20.566738+05:30,alert_before_data,data_missing,,,,
CRYPTO,30m,LINKUSD,5e6339fa46483e36,2026-08-21T20:41:21.982295+05:30,SL,BE,-1.0718313127750385,0.00613449289865501,2026-08-21T22:00:00+05:30,2026-08-21T20:45:00+05:30
CRYPTO,30m,BTCUSD,4f66f876993a5162,2026-08-22T00:41:18.395467+05:30,+1R,+1R,0.9175574314751745,0.9600650097033446,2026-08-22T01:00:00+05:30,2026-08-22T00:45:00+05:30
CRYPTO,30m,EUL/USDT,8737591dfa4254bc,2026-08-22T08:01:26.337720+05:30,alert_before_data,data_missing,,,,
CRYPTO,30m,O/USDT,f30a129230143cf5,2026-08-22T08:41:18.996342+05:30,alert_before_data,data_missing,,,,
CRYPTO,30m,AERO/USDT,636c9a297aa022e7,2026-08-22T14:21:20.496293+05:30,alert_before_data,data_missing,,,,
CRYPTO,30m,WLFI/USDT,4cf99480323304ab,2026-08-22T15:41:20.585922+05:30,alert_before_data,+2R,,1.9301453911714854,,2026-08-22T15:50:00+05:30
CRYPTO,30m,EUL/USDT,220b980a7da3deef,2026-08-22T16:01:13.915929+05:30,alert_before_data,data_missing,,,,
CRYPTO,30m,ESP/USDT,336df85175ca1b42,2026-08-22T16:01:14.127946+05:30,alert_before_data,data_missing,,,,
CRYPTO,30m,UB/USDT,52810ca3f8da97e8,2026-08-22T16:21:19.960021+05:30,alert_before_data,data_missing,,,,
CRYPTO,30m,VANRY/USDT,3e470e3546833f50,2026-08-22T20:41:20.850437+05:30,alert_before_data,data_missing,,,,
CRYPTO,30m,DEXE/USDT,5f65ae05f5ab04f8,2026-08-23T08:02:02.848145+05:30,alert_before_data,data_missing,,,,
CRYPTO,30m,JUP/USDT,4ba9cc16d60c4269,2026-08-23T08:42:04.122108+05:30,alert_before_data,SL,,-1.2556705499400425,,2026-08-23T08:55:00+05:30
CRYPTO,30m,STORJ/USDT,4649ce04383b6377,2026-08-23T08:42:04.429282+05:30,alert_before_data,data_missing,,,,
CRYPTO,30m,KGEN/USDT,6d288c85f8c6e181,2026-08-23T08:42:04.659883+05:30,alert_before_data,data_missing,,,,
CRYPTO,30m,1000PEPEUSD,8b515c740b55aca3,2026-08-23T09:02:03.576308+05:30,+1R,SL,0.8875494120940634,-1.1681758818588996,2026-08-23T09:30:00+05:30,2026-08-23T09:05:00+05:30
CRYPTO,30m,VVV/USDT,9731eb497e14a16c,2026-08-23T09:02:03.739768+05:30,alert_before_data,BE,,0.018253812047790807,,2026-08-23T09:05:00+05:30
CRYPTO,30m,ICP/USDT,234f6cdc5a2a6a46,2026-08-23T09:02:03.868711+05:30,alert_before_data,data_missing,,,,
CRYPTO,30m,MNT/USDT,b0a85eb2daff4f5d,2026-08-23T09:02:04.057830+05:30,SL,data_missing,-1.2810343664970991,,2026-08-23T09:30:00+05:30,
CRYPTO,30m,KORU/USDT,6308ce7198d654b6,2026-08-23T10:01:59.552440+05:30,alert_before_data,data_missing,,,,
CRYPTO,30m,TRX/USDT,ec21d3d528f6a3cf,2026-08-23T10:22:01.161772+05:30,alert_before_data,stop_too_tight,,,,
CRYPTO,30m,ETHFI/USDT,113109eff65a52df,2026-08-23T10:22:01.612581+05:30,alert_before_data,+2R,,1.8122609400324154,,2026-08-23T10:45:00+05:30
CRYPTO,30m,HBAR/USDT,1f97b04a042951bc,2026-08-23T11:41:56.136063+05:30,alert_before_data,BE,,0.034163367464220495,,2026-08-23T11:45:00+05:30
CRYPTO,30m,DASH/USDT,9a24cb510299fb8a,2026-08-23T11:41:56.414202+05:30,alert_before_data,zone_not_touched,,,,
CRYPTO,30m,COAI/USDT,5510a812a18457a9,2026-08-23T12:02:03.510051+05:30,alert_before_data,zone_not_touched,,,,
CRYPTO,30m,NEARUSD,f0a08fc5b5979bb0,2026-08-23T17:42:05.429085+05:30,+1R,SL,0.8538434255089485,-1.2197348617365706,2026-08-23T19:00:00+05:30,2026-08-23T19:10:00+05:30
CRYPTO,30m,WLD/USDT,afc64ce3189b9d2f,2026-08-23T19:02:10.121901+05:30,alert_before_data,SL,,-1.1905551164725443,,2026-08-23T19:05:00+05:30
CRYPTO,30m,ZECUSD,3ae71dda7d2cdd41,2026-08-23T19:12:35.192225+05:30,+1R,+2R,0.8269135713866905,1.8269135713866904,2026-08-23T19:30:00+05:30,2026-08-23T19:15:00+05:30
CRYPTO,30m,ZAMA/USDT,c0c94a5481290e77,2026-08-23T19:22:02.170455+05:30,alert_before_data,data_missing,,,,
CRYPTO,30m,APTUSD,d4045d1287ff46db,2026-08-23T20:02:27.298718+05:30,BE,+2R,0.026525696035253704,1.7943744493392009,2026-08-23T20:30:00+05:30,2026-08-23T20:05:00+05:30
CRYPTO,30m,US/USDT,55c9115de2f4e094,2026-08-23T20:22:04.277494+05:30,alert_before_data,data_missing,,,,
CRYPTO,30m,CL/USDT,ecc26a5e221dd71b,2026-08-23T20:33:14.816215+05:30,alert_before_data,data_missing,,,,
CRYPTO,30m,JTO/USDT,a677bcfb84108776,2026-08-23T23:22:09.901734+05:30,alert_before_data,SL,,-1.2366209999217526,,2026-08-23T23:35:00+05:30
CRYPTO,30m,KAITO/USDT,93e65764cb51dc43,2026-08-24T09:33:35.224659+05:30,alert_before_data,zone_not_touched,,,,
CRYPTO,30m,CAP/USDT,9e2fcfb8c2f995fb,2026-08-24T13:02:19.485582+05:30,alert_before_data,data_missing,,,,
CRYPTO,30m,ICP/USDT,f3960984c89be69f,2026-08-24T14:01:05.219634+05:30,alert_before_data,data_missing,,,,
CRYPTO,30m,MNT/USDT,e943e23f11c986ef,2026-08-24T14:56:47.710996+05:30,SL,data_missing,-1.6129368048534325,,2026-08-24T15:00:00+05:30,
CRYPTO,30m,AERO/USDT,441bcb9ca0356d15,2026-08-24T15:41:37.501922+05:30,alert_before_data,data_missing,,,,
CRYPTO,30m,BNBUSD,1ac8a1f0907e7dea,2026-08-24T18:22:09.469428+05:30,+1R,SL,0.5494748336384778,-1.676287749542292,2026-08-24T18:30:00+05:30,2026-08-24T18:25:00+05:30
CRYPTO,30m,HBAR/USDT,5f46bf9a940d49cd,2026-08-24T18:22:09.942556+05:30,alert_before_data,+2R,,1.6935575902335316,,2026-08-24T18:40:00+05:30
CRYPTO,30m,CRV/USDT,3b359b66a4c8f2df,2026-08-24T20:22:10.199873+05:30,alert_before_data,data_missing,,,,
CRYPTO,30m,XMRUSD,05f3955790bef445,2026-08-24T22:42:16.187936+05:30,+1R,SL,0.6708583057141019,-1.4942125414288334,2026-08-24T23:00:00+05:30,2026-08-24T23:10:00+05:30
CRYPTO,30m,JUP/USDT,dc9271192abedfb7,2026-08-25T08:02:19.201726+05:30,alert_before_data,zone_not_touched,,,,
CRYPTO,30m,ETC/USDT,caa41b707925ac4b,2026-08-25T08:02:19.423753+05:30,alert_before_data,SL,,-1.4028461808692458,,2026-08-25T09:30:00+05:30
CRYPTO,30m,FARTCOIN/USDT,e07329e8be152c48,2026-08-25T11:22:04.149368+05:30,alert_before_data,+2R,,1.8781995515695051,,2026-08-25T11:25:00+05:30
CRYPTO,30m,KORU/USDT,4bf21abbd2567d1f,2026-08-25T12:35:55.319851+05:30,alert_before_data,data_missing,,,,
CRYPTO,30m,UB/USDT,cf265ef204abb961,2026-08-25T13:02:14.484122+05:30,alert_before_data,data_missing,,,,
CRYPTO,30m,LTCUSD,01b5cb147a08e6e2,2026-08-25T13:22:11.677630+05:30,+1R,BE,0.6466052685737778,0.0455879203539592,2026-08-25T14:30:00+05:30,2026-08-25T14:30:00+05:30
CRYPTO,30m,0G/USDT,5b5918569968a11b,2026-08-25T18:02:18.986804+05:30,alert_before_data,data_missing,,,,
CRYPTO,30m,ESP/USDT,99377852f3a43455,2026-08-25T18:22:15.725805+05:30,alert_before_data,data_missing,,,,
CRYPTO,30m,DOTUSD,6750d53d8e42d0c8,2026-08-25T18:41:57.803824+05:30,BE,SL,0.026468476434912153,-1.307272981801213,2026-08-25T19:00:00+05:30,2026-08-25T18:45:00+05:30
CRYPTO,30m,KAITO/USDT,2d17fe3a47961ee0,2026-08-25T18:58:25.500267+05:30,alert_before_data,+2R,,1.7531059318903668,,2026-08-25T19:00:00+05:30
CRYPTO,30m,LA/USDT,e96cad46d035b12a,2026-08-25T19:22:15.752969+05:30,alert_before_data,data_missing,,,,
CRYPTO,30m,MMT/USDT,482471287f87efb6,2026-08-25T23:12:25.418554+05:30,alert_before_data,zone_not_touched,,,,
CRYPTO,30m,LABUSD,92e8fea9b30ecc94,2026-08-26T10:22:07.812083+05:30,+1R,+2R,0.8256948228882803,1.8256948228882803,2026-08-26T10:30:00+05:30,2026-08-26T10:25:00+05:30
CRYPTO,30m,GWEI/USDT,6f8099d700e89ae7,2026-08-26T11:17:25.793046+05:30,alert_before_data,data_missing,,,,
CRYPTO,30m,MNT/USDT,620f0d9753d61e1f,2026-08-26T19:02:24.368361+05:30,SL,data_missing,-1.4725539611454448,,2026-08-26T20:00:00+05:30,
CRYPTO,30m,1000SHIBUSD,8379f776fc6c1ace,2026-08-26T19:22:03.407083+05:30,+1R,SL,0.8326068472052879,-1.250589729192072,2026-08-26T19:30:00+05:30,2026-08-26T19:55:00+05:30
CRYPTO,30m,TRX/USDT,5c23281016f797b8,2026-08-26T19:22:03.791591+05:30,alert_before_data,zone_not_touched,,,,
CRYPTO,30m,DOTUSD,547434a6d6dd16b7,2026-08-26T20:22:14.911858+05:30,+1R,SL,0.6707345971564098,-1.493398104265373,2026-08-26T20:30:00+05:30,2026-08-26T20:30:00+05:30
CRYPTO,30m,POL/USDT,ea4a3d9f5617e9eb,2026-08-26T20:22:15.335848+05:30,alert_before_data,SL,,-1.2760293337264133,,2026-08-26T20:25:00+05:30
CRYPTO,30m,ATOM/USDT,d44f813ad4793953,2026-08-26T21:42:05.026049+05:30,alert_before_data,data_missing,,,,
CRYPTO,30m,CL/USDT,f96a3a67b744c6f4,2026-08-26T22:22:16.436915+05:30,alert_before_data,data_missing,,,,
CRYPTO,30m,RE/USDT,e17535942c1b0540,2026-08-26T23:42:17.894857+05:30,alert_before_data,data_missing,,,,
CRYPTO,30m,COAI/USDT,fb4459fccb9b25fb,2026-08-27T10:22:09.128364+05:30,alert_before_data,SL,,-1.4069861367837575,,2026-08-27T10:40:00+05:30
CRYPTO,30m,0G/USDT,40e26a8a530d10c2,2026-08-27T14:22:03.956624+05:30,alert_before_data,data_missing,,,,
CRYPTO,30m,JUP/USDT,f762541bbf64480f,2026-08-27T15:22:16.466099+05:30,alert_before_data,zone_not_touched,,,,
CRYPTO,30m,ZAMA/USDT,a228a128ca8d77ce,2026-08-27T17:42:16.618144+05:30,alert_before_data,data_missing,,,,
CRYPTO,30m,WLFI/USDT,987ae274a75ef8d7,2026-08-27T20:22:28.214950+05:30,alert_before_data,SL,,-1.4748808398668536,,2026-08-27T20:30:00+05:30
CRYPTO,30m,US/USDT,49256e99b3d9ca18,2026-08-27T21:02:30.059256+05:30,alert_before_data,data_missing,,,,
CRYPTO,30m,GALA/USDT,5540da8c927c9202,2026-08-27T21:42:04.993613+05:30,alert_before_data,SL,,-1.3676398605912075,,2026-08-27T21:45:00+05:30
CRYPTO,30m,CAP/USDT,6c5f21d54254a0e1,2026-08-27T22:02:21.382179+05:30,alert_before_data,data_missing,,,,
CRYPTO,30m,WLD/USDT,44452f449ebea745,2026-08-27T23:22:05.113086+05:30,alert_before_data,zone_not_touched,,,,
CRYPTO,30m,JTO/USDT,5a05e8d931023b30,2026-08-28T08:02:15.374129+05:30,alert_before_data,SL,,-1.370818600907359,,2026-08-28T08:05:00+05:30
CRYPTO,30m,DOTUSD,99e6d5a114f6cf13,2026-08-28T08:22:05.253601+05:30,BE,SL,0.0404040941898231,-1.4693150487188789,2026-08-28T08:30:00+05:30,2026-08-28T08:25:00+05:30
CRYPTO,30m,ETHUSD,148466e9af3ba92d,2026-08-28T09:42:15.892735+05:30,+1R,BE,0.5847538475941405,0.05356675366036434,2026-08-28T10:00:00+05:30,2026-08-28T10:05:00+05:30
CRYPTO,30m,STORJ/USDT,c8dd95ded1385b31,2026-08-28T09:42:16.181775+05:30,alert_before_data,data_missing,,,,
CRYPTO,30m,POL/USDT,2c7bc591147feb04,2026-08-28T10:22:05.219704+05:30,alert_before_data,+2R,,1.7897644711767533,,2026-08-28T11:25:00+05:30
CRYPTO,30m,DASH/USDT,31b22eea283f18d3,2026-08-28T10:42:05.905931+05:30,alert_before_data,zone_not_touched,,,,
CRYPTO,30m,ATOM/USDT,36487f5a990ddde0,2026-08-28T14:22:09.486449+05:30,alert_before_data,data_missing,,,,
CRYPTO,30m,STRK/USDT,1255658fb3cfbb6c,2026-08-28T15:22:09.418880+05:30,alert_before_data,SL,,-1.4305857110761466,,2026-08-28T15:25:00+05:30
CRYPTO,30m,HOME/USDT,10252bdc58e9b33d,2026-08-28T15:22:09.827666+05:30,alert_before_data,data_missing,,,,
CRYPTO,30m,DOGEUSD,a7235b99fbc3eac5,2026-08-28T15:42:11.302382+05:30,zone_not_touched,+2R,,1.6659613150557528,,2026-08-28T15:45:00+05:30
CRYPTO,30m,CAP/USDT,8c9a8f4ef30f5687,2026-08-28T17:22:15.979812+05:30,alert_before_data,data_missing,,,,
CRYPTO,30m,ACE/USDT,7c1bb734654d596b,2026-08-28T18:22:06.404120+05:30,alert_before_data,data_missing,,,,
CRYPTO,30m,KAITO/USDT,34ecf0357a74f0ee,2026-08-28T19:42:15.199836+05:30,alert_before_data,SL,,-1.3903670410403515,,2026-08-28T19:45:00+05:30
CRYPTO,30m,LA/USDT,e2da1edd3b9dd56a,2026-08-28T19:42:15.408231+05:30,alert_before_data,data_missing,,,,
CRYPTO,30m,ERA/USDT,0d037bf8f24f9fdc,2026-08-28T19:42:15.657592+05:30,alert_before_data,data_missing,,,,
CRYPTO,30m,ZAMA/USDT,15bf328cec9feaa6,2026-08-28T21:22:10.231327+05:30,alert_before_data,data_missing,,,,
CRYPTO,30m,PENGU/USDT,e97161fd25c35381,2026-08-28T21:42:03.405925+05:30,alert_before_data,SL,,-1.3486992123399975,,2026-08-28T21:45:00+05:30
CRYPTO,30m,VIRTUAL/USDT,d988258302b628f0,2026-08-28T21:42:03.626864+05:30,alert_before_data,SL,,-1.293299896064506,,2026-08-28T21:45:00+05:30
CRYPTO,30m,STRK/USDT,54e7d45ad9891f1d,2026-08-28T21:42:03.802067+05:30,alert_before_data,SL,,-1.439542061611376,,2026-08-28T21:45:00+05:30
CRYPTO,30m,ETC/USDT,47b5c538b51d8285,2026-08-28T21:42:03.937315+05:30,alert_before_data,SL,,-1.4275123957500204,,2026-08-28T21:45:00+05:30
CRYPTO,30m,SUIUSD,a0a26f080d0a6605,2026-08-28T22:02:28.519526+05:30,+2R,BE,1.676322783438108,0.04175436093647056,2026-08-28T23:00:00+05:30,2026-08-28T23:05:00+05:30
CRYPTO,30m,O/USDT,07bf7aeca1b1d827,2026-08-28T22:02:28.823228+05:30,alert_before_data,data_missing,,,,
CRYPTO,30m,MMT/USDT,23430f41e5c959c4,2026-08-28T22:02:29.113813+05:30,alert_before_data,zone_not_touched,,,,
CRYPTO,30m,ETHUSD,5345fe8ae11ed32b,2026-08-29T00:02:21.974540+05:30,zone_not_touched,SL,,-1.5161605518259127,,2026-08-29T00:05:00+05:30
CRYPTO,30m,ARBUSD,b672db6223efc002,2026-08-29T00:02:22.417474+05:30,zone_not_touched,SL,,-1.404907102977666,,2026-08-29T00:20:00+05:30
CRYPTO,30m,LDO/USDT,353f8de50277d93e,2026-08-29T00:02:22.723095+05:30,alert_before_data,zone_not_touched,,,,
CRYPTO,30m,CRV/USDT,765142b8f48dfd37,2026-08-29T00:22:15.230343+05:30,alert_before_data,data_missing,,,,
CRYPTO,30m,KGEN/USDT,be4b953eb16d3dab,2026-08-29T00:22:15.528071+05:30,alert_before_data,data_missing,,,,
CRYPTO,30m,TRX/USDT,aeed075be06aa149,2026-08-29T11:42:05.665963+05:30,alert_before_data,stop_too_tight,,,,
CRYPTO,30m,ALLO/USDT,45a101c7a655d65e,2026-08-29T12:42:03.190985+05:30,alert_before_data,SL,,-1.4549028857179331,,2026-08-29T12:50:00+05:30
CRYPTO,30m,1000SHIBUSD,5bc2dd8c72d25d36,2026-08-29T13:42:15.168779+05:30,+2R,+1R,1.540937330928767,0.6225423805229804,2026-08-29T14:00:00+05:30,2026-08-29T13:45:00+05:30
CRYPTO,30m,ALGO/USDT,3bb5bebea8eaddc0,2026-08-29T13:42:15.807178+05:30,alert_before_data,data_missing,,,,
CRYPTO,30m,ADAUSD,5dec499899bb8ca7,2026-08-29T14:02:15.705587+05:30,zone_not_touched,BE,,0.035845652446678145,,2026-08-29T14:05:00+05:30
CRYPTO,30m,LDO/USDT,512427f20e19d819,2026-08-29T14:22:05.195728+05:30,alert_before_data,zone_not_touched,,,,
CRYPTO,30m,TAO/USDT,fa4a1e48169d8d47,2026-08-29T20:02:14.088903+05:30,alert_before_data,SL,,-1.3825160511058896,,2026-08-29T20:05:00+05:30
CRYPTO,30m,CL/USDT,7bd61a855f1d3f20,2026-08-29T21:02:11.221827+05:30,alert_before_data,data_missing,,,,
CRYPTO,30m,ALGO/USDT,3d21e392b3d23ebe,2026-08-29T21:22:05.349915+05:30,alert_before_data,data_missing,,,,
CRYPTO,30m,VIRTUAL/USDT,58778f8bd70d43d8,2026-08-30T00:22:18.594240+05:30,alert_before_data,+2R,,1.7453133401148,,2026-08-30T00:25:00+05:30
CRYPTO,30m,JUP/USDT,779bc9d0e0e0243a,2026-08-30T09:22:05.411693+05:30,alert_before_data,SL,,-1.336426861009887,,2026-08-30T09:25:00+05:30
CRYPTO,30m,LDO/USDT,dd5064d15cbcf8ab,2026-08-30T10:02:14.298878+05:30,alert_before_data,zone_not_touched,,,,
CRYPTO,30m,LA/USDT,296672a72ca3819e,2026-08-30T11:22:04.071693+05:30,alert_before_data,data_missing,,,,
CRYPTO,30m,ONDOUSD,87938bdf19ea093e,2026-08-30T12:22:11.820344+05:30,zone_not_touched,+2R,,1.7096398305084577,,2026-08-30T12:25:00+05:30
CRYPTO,30m,ZAMA/USDT,730d42d89424418f,2026-08-30T13:02:19.058618+05:30,alert_before_data,data_missing,,,,
CRYPTO,30m,ERA/USDT,040e8f74be307667,2026-08-30T13:02:19.289555+05:30,alert_before_data,data_missing,,,,
CRYPTO,30m,WIF/USDT,724283d03818630e,2026-08-30T13:22:02.539707+05:30,alert_before_data,BE,,0.032465272738820106,,2026-08-30T14:10:00+05:30
CRYPTO,30m,FARTCOIN/USDT,03cb1efceead9715,2026-08-30T14:22:02.959896+05:30,alert_before_data,BE,,0.027708794137619674,,2026-08-30T14:55:00+05:30
CRYPTO,30m,XMRUSD,3f07a0a32bb9b4a4,2026-08-30T14:22:03.299655+05:30,SL,BE,-1.5863444686902681,0.05038262430734053,2026-08-30T14:30:00+05:30,2026-08-30T14:25:00+05:30
CRYPTO,30m,1000SHIBUSD,1d7bd357f04e2dbb,2026-08-30T14:41:01.149229+05:30,zone_not_touched,+2R,,1.6507897090183725,,2026-08-30T14:55:00+05:30
CRYPTO,30m,ZIL/USDT,019032fce438daae,2026-08-30T15:02:28.066326+05:30,alert_before_data,data_missing,,,,
CRYPTO,30m,US/USDT,ac874580215ec933,2026-08-30T15:22:03.154533+05:30,alert_before_data,data_missing,,,,
CRYPTO,30m,AVAXUSD,2b7e4d78616e9343,2026-08-30T15:42:05.101367+05:30,BE,SL,0.05836726619965987,-1.679189141856434,2026-08-30T16:00:00+05:30,2026-08-30T16:00:00+05:30
CRYPTO,30m,LA/USDT,e248d03d5baedcd1,2026-08-30T16:22:20.388285+05:30,alert_before_data,data_missing,,,,
CRYPTO,30m,LDO/USDT,4d5002846578c00e,2026-08-30T16:42:05.539628+05:30,alert_before_data,SL,,-1.3728608737266648,,2026-08-30T16:45:00+05:30
CRYPTO,30m,ZIL/USDT,c1c313078c53a830,2026-08-30T17:42:15.261753+05:30,alert_before_data,data_missing,,,,
CRYPTO,30m,TAO/USDT,e2ede99167e6002a,2026-08-30T17:42:15.483679+05:30,alert_before_data,SL,,-1.444219784306441,,2026-08-30T17:45:00+05:30
CRYPTO,30m,DOGEUSD,35b09d5163abdbd1,2026-08-30T18:42:09.630759+05:30,BE,SL,0.05272595268817204,-1.613592473118301,2026-08-30T19:00:00+05:30,2026-08-30T19:10:00+05:30
CRYPTO,30m,AERO/USDT,721d44965ccaa0cc,2026-08-30T19:22:11.280974+05:30,alert_before_data,data_missing,,,,
CRYPTO,30m,HBAR/USDT,207f16d907a34966,2026-08-30T19:22:11.651195+05:30,alert_before_data,zone_not_touched,,,,
CRYPTO,30m,ERA/USDT,8610fc9f5dd7ff26,2026-08-30T19:22:11.879838+05:30,alert_before_data,data_missing,,,,
CRYPTO,30m,TRX/USDT,8ed0210bf7b0e3b6,2026-08-30T19:42:05.387443+05:30,alert_before_data,zone_not_touched,,,,
CRYPTO,30m,ALGO/USDT,f11bc83b52d9bd0d,2026-08-30T22:02:28.566938+05:30,alert_before_data,data_missing,,,,
CRYPTO,30m,MNT/USDT,5ea13b070aa1cf24,2026-08-30T23:39:48.980062+05:30,SL,data_missing,-1.584226208669119,,2026-08-31T00:00:00+05:30,
CRYPTO,30m,HOME/USDT,046321e284fac7f3,2026-08-31T14:22:17.492851+05:30,+2R,data_missing,1.6525020680527056,,2026-08-31T14:30:00+05:30,
CRYPTO,30m,CL/USDT,43e0cc137ca3d191,2026-08-31T18:02:22.468028+05:30,zone_not_touched,data_missing,,,,
CRYPTO,30m,ALGO/USDT,4ffd573289de8159,2026-09-01T08:42:11.407676+05:30,SL,data_missing,-1.6614813571961438,,2026-09-01T09:00:00+05:30,
CRYPTO,30m,ALGO/USDT,acf300f8b27ab054,2026-09-01T09:02:21.732626+05:30,SL,data_missing,-1.5156972244616305,,2026-09-01T09:30:00+05:30,
CRYPTO,30m,TRX/USDT,0cf2aacedb834825,2026-09-01T10:02:29.025364+05:30,stop_too_tight,zone_not_touched,,,,
CRYPTO,30m,FILUSD,7c46821a4faca88c,2026-09-01T10:02:29.394794+05:30,zone_not_touched,+2R,,1.536715774704355,,2026-09-01T10:05:00+05:30
CRYPTO,30m,MNT/USDT,07550ec6caab2b96,2026-09-01T10:22:20.200327+05:30,+1R,data_missing,0.6715359595229491,,2026-09-01T10:30:00+05:30,
CRYPTO,30m,BANK/USDT,c741dafb9f926a9f,2026-09-01T12:42:18.219259+05:30,+1R,BE,0.6670632982719731,0.04294883452288578,2026-09-01T13:30:00+05:30,2026-09-01T13:55:00+05:30
CRYPTO,30m,PEOPLE/USDT,d66435876856e321,2026-09-01T14:02:21.945107+05:30,zone_not_touched,+2R,,1.7376782443524859,,2026-09-01T14:05:00+05:30
CRYPTO,30m,KGEN/USDT,a546910529a5065a,2026-09-01T14:02:22.309424+05:30,zone_not_touched,data_missing,,,,
CRYPTO,30m,CL/USDT,dd3c48d1fa8a645f,2026-09-01T14:02:22.516933+05:30,SL,data_missing,-1.714622415669267,,2026-09-01T14:30:00+05:30,
CRYPTO,30m,ICP/USDT,aabf4bf9704c00c2,2026-09-01T14:42:21.620552+05:30,zone_not_touched,data_missing,,,,
CRYPTO,30m,ORDI/USDT,0de09ee875f13b62,2026-09-01T14:42:21.802113+05:30,+1R,+2R,0.7033806818181851,1.7033806818181851,2026-09-01T15:00:00+05:30,2026-09-01T14:45:00+05:30
CRYPTO,30m,HOME/USDT,8f2f03acf9c23a19,2026-09-01T15:02:22.425202+05:30,SL,data_missing,-1.4731192965779532,,2026-09-01T15:30:00+05:30,
CRYPTO,30m,ZIL/USDT,229a258c7f602d89,2026-09-01T17:42:11.061948+05:30,+1R,data_missing,0.7009239373601728,,2026-09-01T18:00:00+05:30,
CRYPTO,30m,TAO/USDT,46af50c7cb0bbe71,2026-09-01T18:22:11.004005+05:30,BE,zone_not_touched,0.042586426468430305,,2026-09-01T18:30:00+05:30,
CRYPTO,30m,ZIL/USDT,1a83578fb3ee8f38,2026-09-01T19:42:17.118039+05:30,zone_not_touched,data_missing,,,,
CRYPTO,30m,ESP/USDT,aade5fed0f0290fe,2026-09-01T20:22:11.790767+05:30,+2R,data_missing,1.6136362352276343,,2026-09-01T21:00:00+05:30,
CRYPTO,30m,KGEN/USDT,afd3c12e831eeefa,2026-09-01T22:21:56.680598+05:30,SL,data_missing,-1.5163210495283317,,2026-09-01T22:30:00+05:30,
CRYPTO,30m,SOON/USDT,10c5a98cb7766398,2026-09-01T23:01:54.758180+05:30,+1R,alert_before_data,0.798253284514323,,2026-09-01T23:30:00+05:30,
CRYPTO,30m,ERA/USDT,d641e641edb531f2,2026-09-01T23:21:34.826203+05:30,BE,data_missing,0.04616354842734349,,2026-09-01T23:30:00+05:30,
CRYPTO,30m,KORU/USDT,42776b2bf55c815e,2026-09-02T00:21:46.203585+05:30,zone_not_touched,data_missing,,,,
CRYPTO,30m,XAUTUSD,69ec3b90df610579,2026-09-02T09:01:49.708874+05:30,zone_not_touched,stop_too_tight,,,,
CRYPTO,30m,ICP/USDT,59aff9c6b65d766e,2026-09-02T10:21:38.194268+05:30,BE,data_missing,0.0414632349214244,,2026-09-02T10:30:00+05:30,
CRYPTO,30m,ETHUSD,c1b335278676c23d,2026-09-02T14:41:40.905296+05:30,SL,BE,-1.6706351260220529,0.0577176208379373,2026-09-02T15:00:00+05:30,2026-09-02T14:45:00+05:30
CRYPTO,30m,BTW/USDT,8c30ef90d298bf9b,2026-09-02T16:01:54.051257+05:30,zone_not_touched,alert_before_data,,,,
CRYPTO,30m,ZECUSD,c9006272588de749,2026-09-02T17:01:51.563731+05:30,zone_not_touched,+2R,,1.749367058942756,,2026-09-02T17:10:00+05:30
CRYPTO,30m,HUSD,e48b53404c6934d7,2026-09-02T20:01:49.097401+05:30,+1R,SL,0.7284623951553852,-1.4078064072669054,2026-09-02T20:30:00+05:30,2026-09-02T20:30:00+05:30
CRYPTO,30m,EUL/USDT,873494ab6b4ae866,2026-09-02T22:01:52.633176+05:30,+2R,data_missing,1.6747226402924076,,2026-09-02T22:30:00+05:30,
CRYPTO,30m,ZAMA/USDT,12292f9686eaf48f,2026-09-02T22:21:38.767290+05:30,+2R,data_missing,1.6560886742756646,,2026-09-02T23:30:00+05:30,
CRYPTO,30m,ATOM/USDT,728eb5b814b73bd0,2026-09-03T08:21:49.540070+05:30,zone_not_touched,data_missing,,,,
CRYPTO,30m,SOON/USDT,85e7d8aafd06982a,2026-09-03T10:41:38.571105+05:30,+2R,alert_before_data,1.660157706093175,,2026-09-03T11:00:00+05:30,
CRYPTO,30m,ESP/USDT,82be6b258f3f8ab2,2026-09-03T12:01:44.246574+05:30,SL,data_missing,-1.452420093923474,,2026-09-03T12:30:00+05:30,
CRYPTO,30m,AERO/USDT,1fc77856ae7bcbe7,2026-09-03T19:01:59.657814+05:30,BE,data_missing,0.044423385736212684,,2026-09-03T19:30:00+05:30,
CRYPTO,30m,KGEN/USDT,1ec4d5c32199791f,2026-09-03T19:21:51.439728+05:30,SL,data_missing,-1.5583890728477134,,2026-09-03T19:30:00+05:30,
CRYPTO,30m,ZIL/USDT,ec253d892e87a836,2026-09-03T20:41:46.844064+05:30,SL,data_missing,-1.4462765298218452,,2026-09-03T21:00:00+05:30,
CRYPTO,30m,ERA/USDT,54fb5bb82b11cad4,2026-09-03T23:21:52.706079+05:30,BE,data_missing,0.04143128124830758,,2026-09-03T23:30:00+05:30,
CRYPTO,30m,MNT/USDT,bccb8960b655900f,2026-09-04T00:41:50.185250+05:30,SL,data_missing,-1.4800428959627818,,2026-09-04T01:00:00+05:30,
CRYPTO,30m,ICP/USDT,6f2a0cf32240675a,2026-09-04T14:42:03.653213+05:30,+2R,data_missing,1.727664206642059,,2026-09-04T15:00:00+05:30,
CRYPTO,30m,RE/USDT,88b63a2742b87ff0,2026-09-04T16:21:39.276968+05:30,+2R,data_missing,1.7128381584289034,,2026-09-04T16:30:00+05:30,
CRYPTO,30m,MNT/USDT,e11e957da7b67e3e,2026-09-04T17:01:53.355392+05:30,+2R,data_missing,1.566353322528348,,2026-09-04T17:30:00+05:30,
CRYPTO,30m,ICP/USDT,37c9a106a3eff504,2026-09-04T18:01:50.197794+05:30,SL,data_missing,-1.455508272058811,,2026-09-04T18:30:00+05:30,
CRYPTO,30m,ERA/USDT,548b3e477717f1f3,2026-09-04T18:01:50.592043+05:30,+2R,data_missing,1.6143333333333332,,2026-09-04T18:30:00+05:30,
CRYPTO,30m,EUL/USDT,cb94f76a4df10f86,2026-09-04T18:21:53.083368+05:30,+2R,data_missing,1.6888251647693164,,2026-09-04T18:30:00+05:30,
CRYPTO,30m,BEAT/USDT,f9bc25346d9413c2,2026-09-04T20:02:10.993078+05:30,SL,BE,-1.366405848997378,0.03146790301376659,2026-09-04T20:30:00+05:30,2026-09-04T20:05:00+05:30
CRYPTO,30m,ICP/USDT,af5940c9ab5573e5,2026-09-04T20:21:42.094028+05:30,zone_not_touched,data_missing,,,,
CRYPTO,30m,ESP/USDT,a8b4fc7556802fbc,2026-09-04T21:21:32.329499+05:30,zone_not_touched,data_missing,,,,
CRYPTO,30m,EUL/USDT,ff0c7bf8c4b4b060,2026-09-05T08:41:43.274271+05:30,+2R,data_missing,1.669180381009364,,2026-09-05T09:00:00+05:30,
CRYPTO,30m,KGEN/USDT,349903c0873c6076,2026-09-05T09:41:41.065240+05:30,BE,data_missing,0.03521922413795042,,2026-09-05T10:00:00+05:30,
CRYPTO,30m,O/USDT,c20d98eb044b564c,2026-09-05T10:21:42.978644+05:30,+2R,data_missing,1.8410546241211467,,2026-09-05T10:30:00+05:30,
CRYPTO,30m,ZIL/USDT,4cdb73f316b2fc66,2026-09-05T12:01:44.856641+05:30,SL,data_missing,-1.4174021739130411,,2026-09-05T12:30:00+05:30,
CRYPTO,30m,CL/USDT,27bf53082870569d,2026-09-05T21:21:41.748132+05:30,zone_not_touched,data_missing,,,,
CRYPTO,30m,CAP/USDT,5560437c2b83240c,2026-09-06T08:41:58.359343+05:30,zone_not_touched,data_missing,,,,
CRYPTO,30m,ESP/USDT,456ae917eee91c67,2026-09-06T09:21:46.603032+05:30,BE,data_missing,0.019911012765965436,,2026-09-06T09:30:00+05:30,
CRYPTO,30m,CL/USDT,ec45edbf3a1d42c2,2026-09-06T11:21:46.238499+05:30,zone_not_touched,data_missing,,,,
CRYPTO,30m,HUSD,b94ca9fe62f787de,2026-09-06T13:01:49.890617+05:30,Neither,Neither,0.026579162956366933,0.026935351736420716,2026-09-06T13:30:00+05:30,2026-09-06T13:05:00+05:30
CRYPTO,30m,KORU/USDT,5b236c1bbf03e620,2026-09-06T14:21:51.441104+05:30,zone_not_touched,data_missing,,,,
CRYPTO,30m,SOON/USDT,413695a79e08c657,2026-09-06T20:01:47.302989+05:30,+2R,alert_before_data,1.6975999999999936,,2026-09-06T20:30:00+05:30,
CRYPTO,30m,US/USDT,d2bc848002f140d3,2026-09-06T20:21:36.963701+05:30,+2R,data_missing,1.8282773333333335,,2026-09-06T20:30:00+05:30,
CRYPTO,30m,CAP/USDT,00688a918352461a,2026-09-06T22:16:30.182657+05:30,SL,data_missing,-1.0762999999999967,,2026-09-06T22:30:00+05:30,
CRYPTO,30m,CAP/USDT,31ab0e31f4d5a59a,2026-09-06T23:46:46.415252+05:30,zone_cooldown,data_missing,,,,
CRYPTO,30m,EUL/USDT,ff5e7e51f663652e,2026-09-07T00:46:55.813330+05:30,Neither,data_missing,0.01648661926308958,,2026-09-07T01:00:00+05:30,
CRYPTO,30m,DEXE/USDT,a79ba66872f71175,2026-09-07T08:01:54.096800+05:30,BE,data_missing,0.02004143999999819,,2026-09-07T08:30:00+05:30,
CRYPTO,30m,BTW/USDT,12f306417ab92938,2026-09-07T08:11:50.354986+05:30,zone_not_touched,alert_before_data,,,,
CRYPTO,30m,ALGO/USDT,8f8cb751656d1895,2026-09-07T08:51:50.753071+05:30,+1R,data_missing,0.8876895522388066,,2026-09-07T09:00:00+05:30,
CRYPTO,30m,0G/USDT,cb3f5387f1cd30d7,2026-09-07T09:01:48.076813+05:30,zone_not_touched,data_missing,,,,
CRYPTO,30m,ICP/USDT,a19df747a19016af,2026-09-07T10:01:57.176597+05:30,SL,data_missing,-1.1594142857142884,,2026-09-07T10:30:00+05:30,
CRYPTO,30m,SOON/USDT,d075e2cac68855ab,2026-09-07T13:11:57.267661+05:30,zone_not_touched,alert_before_data,,,,
CRYPTO,30m,HOME/USDT,0fb5a95fb56ba7d2,2026-09-07T13:11:57.800521+05:30,zone_not_touched,data_missing,,,,
CRYPTO,30m,CL/USDT,24bf263dadc1f6db,2026-09-07T13:11:58.068064+05:30,SL,data_missing,-1.4994090909090794,,2026-09-07T13:30:00+05:30,
CRYPTO,30m,BEAT/USDT,dace04b2fc9be352,2026-09-07T17:01:52.243916+05:30,+1R,BE,0.8589666666666729,0.018193300000008378,2026-09-07T17:30:00+05:30,2026-09-07T17:05:00+05:30
CRYPTO,30m,EUL/USDT,9d87a6a76067a81e,2026-09-07T18:32:04.640451+05:30,SL,data_missing,-1.5947666666666618,,2026-09-07T19:00:00+05:30,
CRYPTO,30m,RE/USDT,6a99d1b1923bda78,2026-09-07T18:32:04.988738+05:30,zone_not_touched,data_missing,,,,
CRYPTO,30m,ALGO/USDT,7ed454f0080a0dcc,2026-09-07T18:32:06.953715+05:30,zone_not_touched,data_missing,,,,
CRYPTO,30m,ERA/USDT,e31779a87409b167,2026-09-07T18:52:04.338160+05:30,zone_not_touched,data_missing,,,,
CRYPTO,30m,O/USDT,397cdab511a5cbac,2026-09-07T19:01:52.631732+05:30,+2R,data_missing,1.8886600000000002,,2026-09-07T20:00:00+05:30,
CRYPTO,30m,BNBUSD,f626c6b02c920736,2026-09-07T20:11:48.922516+05:30,+1R,SL,0.6018845637583796,-1.5966731543624566,2026-09-07T20:30:00+05:30,2026-09-07T20:35:00+05:30
CRYPTO,30m,CL/USDT,6629e589476d7caa,2026-09-07T20:32:04.024304+05:30,stop_too_tight,data_missing,,,,
CRYPTO,30m,US/USDT,0fb62acaefd992c7,2026-09-07T21:32:03.567508+05:30,SL,data_missing,-1.0526887323943668,,2026-09-07T22:00:00+05:30,
CRYPTO,30m,US/USDT,d181cf6d3381e127,2026-09-07T23:21:54.724255+05:30,SL,data_missing,-1.3756387755102155,,2026-09-07T23:30:00+05:30,
CRYPTO,30m,GWEI/USDT,6f4d0c5443b20aef,2026-09-08T08:01:57.672066+05:30,+2R,data_missing,1.8198545454545438,,2026-09-08T08:30:00+05:30,
CRYPTO,30m,KGEN/USDT,b0d2f0063b501ced,2026-09-08T08:31:57.590656+05:30,zone_not_touched,data_missing,,,,
CRYPTO,30m,CRV/USDT,aa2e4c53bafa5c1d,2026-09-08T08:51:53.122855+05:30,BE,data_missing,0.015604700000004565,,2026-09-08T09:00:00+05:30,
CRYPTO,30m,CL/USDT,9e109dfae8d281d0,2026-09-08T09:01:50.980123+05:30,BE,data_missing,0.04170626086954632,,2026-09-08T10:00:00+05:30,
CRYPTO,30m,ERA/USDT,4b3bd88c7d129a08,2026-09-08T09:21:44.420264+05:30,BE,data_missing,0.01586957999999583,,2026-09-08T10:30:00+05:30,
CRYPTO,30m,UB/USDT,ccbbbebcdc3ff88c,2026-09-08T09:41:51.020211+05:30,zone_not_touched,data_missing,,,,
CRYPTO,30m,SOON/USDT,bc3390e17c1107e4,2026-09-08T10:21:46.401235+05:30,SL,alert_before_data,-1.2337799999999965,,2026-09-08T10:30:00+05:30,
CRYPTO,30m,BNBUSD,947148041bb23f72,2026-09-08T11:01:57.712791+05:30,zone_not_touched,BE,,0.020118118134706237,,2026-09-08T11:10:00+05:30
CRYPTO,30m,XRPUSD,e2e10731c14a131f,2026-09-08T12:02:00.446567+05:30,zone_not_touched,BE,,0.017193368674702503,,2026-09-08T12:05:00+05:30
CRYPTO,30m,AAVEUSD,3a6ec34c512fe815,2026-09-08T12:32:05.270241+05:30,+1R,BE,0.7927128712871268,0.026740039603964177,2026-09-08T13:00:00+05:30,2026-09-08T13:20:00+05:30
CRYPTO,30m,HOME/USDT,84c5880c80f0b502,2026-09-08T12:51:42.013556+05:30,zone_not_touched,data_missing,,,,
CRYPTO,30m,TACUSD,a452926963e3f8ab,2026-09-08T13:11:52.699816+05:30,SL,BE,-1.3277000000000259,0.028225199999994816,2026-09-08T13:30:00+05:30,2026-09-08T13:15:00+05:30
CRYPTO,30m,RIVERUSD,1c4d358ca27470f9,2026-09-08T15:01:59.067412+05:30,+1R,BE,0.8550857142857112,0.01869394285714235,2026-09-08T15:30:00+05:30,2026-09-08T15:05:00+05:30
CRYPTO,30m,ZIL/USDT,b58effb1ff16c935,2026-09-08T15:51:56.142605+05:30,+2R,data_missing,1.8688444444444416,,2026-09-08T16:00:00+05:30,
CRYPTO,30m,BOME/USDT,3e92b8709e0b9852,2026-09-08T15:51:56.372173+05:30,zone_not_touched,data_missing,,,,
CRYPTO,30m,ATOM/USDT,4023f5143f816632,2026-09-08T16:11:54.752599+05:30,+1R,data_missing,0.9000000000000004,,2026-09-08T16:30:00+05:30,
CRYPTO,30m,KGEN/USDT,833d5e77ea98f320,2026-09-08T16:41:57.427270+05:30,+1R,data_missing,0.8636800000000001,,2026-09-08T17:00:00+05:30,
CRYPTO,30m,0G/USDT,3867b255d56f465f,2026-09-08T16:51:39.739546+05:30,+1R,data_missing,0.6817600000000074,,2026-09-08T17:00:00+05:30,
CRYPTO,30m,ESP/USDT,6c89440ef603ec8c,2026-09-08T17:11:53.099265+05:30,BE,data_missing,0.026637066666672066,,2026-09-08T18:00:00+05:30,
CRYPTO,30m,GWEI/USDT,303ca18baf155a3d,2026-09-08T17:11:53.508130+05:30,SL,data_missing,-1.1546333333333323,,2026-09-08T17:30:00+05:30,
CRYPTO,30m,LA/USDT,0950c5450472f0d2,2026-09-08T17:21:52.162068+05:30,BE,data_missing,0.025717439999998842,,2026-09-08T17:30:00+05:30,
CRYPTO,30m,SOON/USDT,209945a0db7c98d0,2026-09-08T17:32:03.261828+05:30,BE,alert_before_data,0.014916369230773968,,2026-09-08T18:00:00+05:30,
CRYPTO,30m,ALGO/USDT,cb9c8fbdc57f23a9,2026-09-08T18:11:41.118212+05:30,+2R,data_missing,1.9000000000000001,,2026-09-08T18:30:00+05:30,
CRYPTO,30m,CL/USDT,8c431b5a4da93e98,2026-09-08T18:41:53.967514+05:30,zone_not_touched,data_missing,,,,
CRYPTO,30m,ETHUSD,65c2ffa5ccfecec7,2026-09-08T19:11:52.964349+05:30,zone_not_touched,+2R,,1.60832,,2026-09-08T19:15:00+05:30
CRYPTO,30m,EUL/USDT,a9b5a5403bb7d3fb,2026-09-08T19:11:53.191229+05:30,+1R,data_missing,0.5337818181818232,,2026-09-08T19:30:00+05:30,
CRYPTO,30m,ICP/USDT,98ec0724d8618499,2026-09-08T19:11:53.381314+05:30,zone_not_touched,data_missing,,,,
CRYPTO,30m,ERA/USDT,68d957ae54b84bdf,2026-09-08T19:11:53.613167+05:30,zone_not_touched,data_missing,,,,
CRYPTO,30m,RIVERUSD,19ef6bae6fa0f282,2026-09-08T19:41:56.406775+05:30,+1R,BE,0.8525714285714254,0.019018285714294647,2026-09-08T20:00:00+05:30,2026-09-08T19:55:00+05:30
CRYPTO,30m,AKE/USDT,55ac247c07eb0a57,2026-09-08T19:51:58.386135+05:30,+2R,data_quality_ambiguous,1.9000000000000015,,2026-09-08T20:30:00+05:30,2026-09-08T19:55:00+05:30
CRYPTO,30m,US/USDT,11940d8a0700402d,2026-09-08T20:21:54.689144+05:30,BE,data_missing,0.012900000000002965,,2026-09-08T20:30:00+05:30,
CRYPTO,30m,MNT/USDT,8e8da22678ee2422,2026-09-08T22:41:47.317365+05:30,+1R,data_missing,0.8228413793103443,,2026-09-08T23:00:00+05:30,
CRYPTO,30m,KGEN/USDT,def96f34672f1436,2026-09-09T00:21:59.410957+05:30,BE,data_missing,0.013003200000000853,,2026-09-09T00:30:00+05:30,
CRYPTO,30m,BTCUSD,ede3a2aa2be9c0a9,2026-09-09T08:02:03.657704+05:30,+1R,SL,0.60933531598513,-1.586497026022301,2026-09-09T09:30:00+05:30,2026-09-09T09:30:00+05:30
CRYPTO,30m,RE/USDT,3fdcdb3023baea4f,2026-09-09T08:41:46.883102+05:30,zone_not_touched,data_missing,,,,
CRYPTO,30m,LINKUSD,9dd400ea949c3696,2026-09-09T08:51:54.879419+05:30,+1R,+1R,0.8992,0.3035290747823236,2026-09-09T09:00:00+05:30,2026-09-09T08:55:00+05:30
CRYPTO,30m,XRPUSD,46b23f98c1044bc1,2026-09-09T11:51:52.563881+05:30,+1R,+1R,0.8933629629629617,0.5081777777777816,2026-09-09T12:30:00+05:30,2026-09-09T11:55:00+05:30
CRYPTO,30m,CL/USDT,774bb1af9bf0712a,2026-09-09T15:11:51.344976+05:30,stop_too_tight,data_missing,,,,
CRYPTO,30m,RE/USDT,aaa9e46d0c0f037d,2026-09-09T15:41:54.941662+05:30,SL,data_missing,-1.1506999999999976,,2026-09-09T16:00:00+05:30,
CRYPTO,30m,CRV/USDT,a77ef0fee50d45f3,2026-09-09T16:21:57.497070+05:30,+2R,data_missing,1.8978285714285699,,2026-09-09T16:30:00+05:30,
CRYPTO,30m,ESP/USDT,850c13abd490e592,2026-09-09T17:01:56.399422+05:30,BE,data_missing,0.017523359999996962,,2026-09-09T17:30:00+05:30,
CRYPTO,30m,COTI/USDT,309c3b422c446aa6,2026-09-09T18:01:56.391937+05:30,BE,data_missing,0.012899999999992362,,2026-09-09T18:30:00+05:30,
CRYPTO,30m,US/USDT,fe8d26f1433d0be1,2026-09-09T19:11:50.448382+05:30,SL,data_missing,-1.1506999999999972,,2026-09-09T19:30:00+05:30,
CRYPTO,30m,COTI/USDT,c231675dd1eeaf23,2026-09-09T19:21:56.073063+05:30,SL,data_missing,-1.2201342857142932,,2026-09-09T19:30:00+05:30,
CRYPTO,30m,ZIL/USDT,49cec3a40061b3a7,2026-09-09T19:32:07.235141+05:30,+1R,data_missing,0.8857599999999993,,2026-09-09T20:30:00+05:30,
CRYPTO,30m,DEXE/USDT,2880229fe4c5edec,2026-09-09T20:21:58.351995+05:30,BE,data_missing,0.024664799999998488,,2026-09-09T20:30:00+05:30,
CRYPTO,30m,BOME/USDT,c410f598510604b9,2026-09-09T20:32:08.631112+05:30,SL,data_missing,-1.1692333333333407,,2026-09-09T21:00:00+05:30,
CRYPTO,30m,HOME/USDT,900c292e7e05d6a9,2026-09-09T20:41:36.616318+05:30,+1R,data_missing,0.8991999999999996,,2026-09-09T21:00:00+05:30,
CRYPTO,30m,BNBUSD,7695c6d45e982357,2026-09-09T20:51:59.838636+05:30,zone_not_touched,SL,,-1.5265071428571482,,2026-09-09T20:55:00+05:30
CRYPTO,30m,CAP/USDT,f63ef0087bf29460,2026-09-09T21:51:54.062289+05:30,SL,data_missing,-1.189299999999992,,2026-09-09T22:00:00+05:30,
CRYPTO,30m,ZAMA/USDT,e9400fdfc2a50c1b,2026-09-09T22:41:49.478118+05:30,SL,data_missing,-1.233966666666665,,2026-09-09T23:00:00+05:30,
CRYPTO,30m,BTW/USDT,a1f90e72fd7cda50,2026-09-10T12:12:22.386359+05:30,BE,alert_before_data,0.013545367521362275,,2026-09-10T12:30:00+05:30,
CRYPTO,30m,RE/USDT,32a3bc72328fda40,2026-09-10T12:51:55.638821+05:30,stop_too_tight,data_missing,,,,
CRYPTO,30m,CL/USDT,cf101166eb3edc65,2026-09-10T14:21:40.372323+05:30,BE,data_missing,0.01793991272727133,,2026-09-10T14:30:00+05:30,
CRYPTO,30m,RE/USDT,bfc315d2ae143a88,2026-09-10T14:32:00.992560+05:30,zone_not_touched,data_missing,,,,
CRYPTO,30m,AAVEUSD,9ed8211987b5bdc1,2026-09-10T16:32:10.726508+05:30,+1R,BE,0.7414315789473653,0.03335532631579341,2026-09-10T17:00:00+05:30,2026-09-10T17:25:00+05:30
CRYPTO,30m,AVAXUSD,a5de33e6c7a27e43,2026-09-10T16:32:11.004107+05:30,alert_before_data,SL,,-1.4615000000000087,,2026-09-10T18:00:00+05:30
CRYPTO,30m,EUL/USDT,3dc2f6660e5a7364,2026-09-10T17:22:24.534820+05:30,SL,data_missing,-1.1506999999999996,,2026-09-10T17:30:00+05:30,
CRYPTO,30m,AVAXUSD,87a9e09742f02faf,2026-09-10T18:51:59.092202+05:30,+1R,BE,0.8317777777777808,0.021700666666672336,2026-09-10T19:00:00+05:30,2026-09-10T19:00:00+05:30
CRYPTO,30m,ESP/USDT,3005c1733b538a37,2026-09-10T22:01:57.398073+05:30,+1R,data_missing,0.8992000000000011,,2026-09-10T23:30:00+05:30,
CRYPTO,30m,BTW/USDT,579b015ce2d49a3b,2026-09-10T23:01:53.041257+05:30,BE,alert_before_data,0.012900000000000189,,2026-09-10T23:30:00+05:30,
CRYPTO,30m,ALGO/USDT,07699a68e06d41a5,2026-09-10T23:41:54.031799+05:30,SL,data_missing,-1.2587545454545341,,2026-09-11T00:00:00+05:30,
CRYPTO,30m,AKE/USDT,75a9ab8fbe2d73e5,2026-09-11T09:21:41.703584+05:30,+1R,BE,0.899199999999999,0.013003200000000173,2026-09-11T09:30:00+05:30,2026-09-11T09:25:00+05:30
CRYPTO,30m,UB/USDT,59489a5a37a9eee0,2026-09-11T09:51:43.665830+05:30,BE,data_missing,0.05906323636367694,,2026-09-11T10:00:00+05:30,
CRYPTO,30m,STORJ/USDT,9e77fd880806ae0b,2026-09-11T10:32:03.828098+05:30,SL,data_missing,-1.1504999999999939,,2026-09-11T11:00:00+05:30,
CRYPTO,30m,ATOM/USDT,29be722d09736239,2026-09-11T11:41:58.440649+05:30,+1R,data_missing,0.8440888888888887,,2026-09-11T12:00:00+05:30,
CRYPTO,30m,ZIL/USDT,eb0f5c1a7e84bab9,2026-09-11T15:21:38.018055+05:30,+1R,data_missing,0.7912799999999987,,2026-09-11T15:30:00+05:30,
CRYPTO,30m,LA/USDT,b4b21cfa77c7d51b,2026-09-11T15:21:38.328329+05:30,+1R,data_missing,0.8979520000000001,,2026-09-11T16:30:00+05:30,
CRYPTO,30m,CRV/USDT,48c48c416a235ff7,2026-09-11T16:31:57.957510+05:30,+2R,data_missing,1.8420235294117637,,2026-09-11T17:00:00+05:30,
CRYPTO,30m,SOLUSD,5b3ea4a85f29fd42,2026-09-11T16:41:47.183737+05:30,+1R,BE,0.8587714285714292,0.018218485714286414,2026-09-11T17:00:00+05:30,2026-09-11T16:45:00+05:30
CRYPTO,30m,ZAMA/USDT,05442e0d94b71d73,2026-09-11T16:41:47.787821+05:30,zone_not_touched,data_missing,,,,
CRYPTO,30m,BCHUSD,2dfa6a813a2a5a21,2026-09-11T16:41:48.041720+05:30,alert_before_data,SL,,-1.4701736842105237,,2026-09-11T18:00:00+05:30
CRYPTO,30m,HOME/USDT,f6e85dad2fdaf967,2026-09-11T16:41:48.319577+05:30,+2R,data_missing,1.8992000000000002,,2026-09-11T18:00:00+05:30,
CRYPTO,30m,ZORAUSD,c36c6e8fb98e2d6f,2026-09-11T16:41:48.990419+05:30,zone_not_touched,+2R,,1.7943999999999964,,2026-09-11T16:45:00+05:30
CRYPTO,30m,DOGEUSD,e68d55c37b930310,2026-09-11T16:51:54.522795+05:30,+1R,BE,0.8992000000000001,0.013003200000007875,2026-09-11T17:30:00+05:30,2026-09-11T17:50:00+05:30
CRYPTO,30m,O/USDT,1ee9de004fc2dc48,2026-09-11T17:41:58.637184+05:30,+2R,data_missing,1.8786514285714322,,2026-09-11T18:00:00+05:30,
CRYPTO,30m,ICP/USDT,43649989e2b147c4,2026-09-11T18:21:53.080092+05:30,+1R,data_missing,0.8813473684210534,,2026-09-11T19:00:00+05:30,
CRYPTO,30m,SOLUSD,2891bd424f32c941,2026-09-11T19:32:04.387160+05:30,zone_not_touched,SL,,-1.5728454545454649,,2026-09-11T19:35:00+05:30
CRYPTO,30m,BOME/USDT,2472893acf314206,2026-09-11T19:32:04.656440+05:30,zone_not_touched,data_missing,,,,
CRYPTO,30m,HOME/USDT,e05b5d8ac2afde79,2026-09-11T20:21:44.555458+05:30,SL,data_missing,-1.4387400000000152,,2026-09-11T20:30:00+05:30,
CRYPTO,30m,HUSD,c5f42d5583aea5cc,2026-09-11T21:02:05.760033+05:30,zone_not_touched,stop_too_tight,,,,
CRYPTO,30m,LA/USDT,d951933728de9a41,2026-09-12T08:11:50.905533+05:30,BE,data_missing,0.013003200000003767,,2026-09-12T09:00:00+05:30,
CRYPTO,30m,DEXE/USDT,a12250bc6d10c583,2026-09-12T08:52:00.698243+05:30,BE,data_missing,0.015297415384621163,,2026-09-12T09:00:00+05:30,
CRYPTO,30m,HYPEUSD,2b8beab3cb294145,2026-09-12T09:01:56.433303+05:30,BE,+2R,0.016539379591835962,1.8717877551020403,2026-09-12T10:00:00+05:30,2026-09-12T10:15:00+05:30
CRYPTO,30m,RIVERUSD,e7c653909f7317fd,2026-09-12T09:11:49.632365+05:30,zone_not_touched,BE,,0.013519199999997497,,2026-09-12T09:15:00+05:30
CRYPTO,30m,EUL/USDT,a2ad7d123533d0e5,2026-09-12T10:02:04.295370+05:30,zone_not_touched,data_missing,,,,
CRYPTO,30m,BTW/USDT,47efea98dcbb3dd1,2026-09-12T12:01:54.346294+05:30,zone_not_touched,alert_before_data,,,,
CRYPTO,30m,BNBUSD,e9e6da5f6db0aa65,2026-09-12T15:01:49.541769+05:30,Neither,Neither,0.13336974789917316,0.16530252100840664,2026-09-12T15:30:00+05:30,2026-09-12T15:40:00+05:30
CRYPTO,30m,UB/USDT,018c958226e513f3,2026-09-12T15:21:57.629392+05:30,BE,data_missing,0.01734608219177619,,2026-09-12T15:30:00+05:30,
CRYPTO,30m,ESP/USDT,1a601756af3a9e36,2026-09-12T19:21:33.164624+05:30,SL,data_missing,-1.3187352941176331,,2026-09-12T19:30:00+05:30,
CRYPTO,30m,ZAMA/USDT,0dcd6bc0268874b8,2026-09-12T20:31:59.948954+05:30,SL,data_missing,-1.1504999999999959,,2026-09-12T21:30:00+05:30,
CRYPTO,30m,UNIUSD,67c1bd80d5a127ff,2026-09-12T20:41:59.755619+05:30,SL,BE,-1.1594142857142857,0.01366662857143551,2026-09-12T21:00:00+05:30,2026-09-12T20:45:00+05:30
CRYPTO,30m,GWEI/USDT,189849597cbb78dd,2026-09-12T22:32:03.232441+05:30,SL,data_missing,-1.3884428571428435,,2026-09-12T23:00:00+05:30,
CRYPTO,30m,AERO/USDT,25d12d10e6a83766,2026-09-12T23:01:46.736501+05:30,SL,data_missing,-1.2184806451612802,,2026-09-12T23:30:00+05:30,
CRYPTO,30m,0G/USDT,f47558c258271f21,2026-09-12T23:01:47.011861+05:30,SL,data_missing,-1.1567399999999994,,2026-09-12T23:30:00+05:30,
CRYPTO,30m,ATOM/USDT,419fcb55e5df0040,2026-09-12T23:41:50.479604+05:30,BE,data_missing,0.015161018181819863,,2026-09-13T00:00:00+05:30,
CRYPTO,30m,LINKUSD,48e718cb8e642b80,2026-09-12T23:51:51.517493+05:30,+1R,BE,0.6172999999999917,0.04936830000001502,2026-09-13T01:00:00+05:30,2026-09-13T01:00:00+05:30
CRYPTO,30m,UB/USDT,366edf65b012f3bb,2026-09-13T00:01:56.056864+05:30,BE,data_missing,0.014443199999996853,,2026-09-13T00:30:00+05:30,
CRYPTO,30m,0G/USDT,09864868080973a9,2026-09-13T00:11:51.717939+05:30,+1R,data_missing,0.7736000000000038,,2026-09-13T00:30:00+05:30,
CRYPTO,30m,KGEN/USDT,15651fa53bba6fd7,2026-09-13T08:01:55.255542+05:30,BE,data_missing,0.04107359999999316,,2026-09-13T08:30:00+05:30,
CRYPTO,30m,GWEI/USDT,0eab9bed67b13e92,2026-09-13T08:01:55.528198+05:30,SL,data_missing,-1.532060000000027,,2026-09-13T08:30:00+05:30,
CRYPTO,30m,UB/USDT,87f648313a05344c,2026-09-13T08:11:25.251940+05:30,zone_cooldown,data_missing,,,,
CRYPTO,30m,ESP/USDT,1647efaf63ae77d4,2026-09-13T10:41:52.216671+05:30,SL,data_missing,-1.2206652173913106,,2026-09-13T11:00:00+05:30,
CRYPTO,30m,EUL/USDT,3f91ce275d6db67e,2026-09-13T10:51:53.629371+05:30,SL,data_missing,-1.3862853658536698,,2026-09-13T11:00:00+05:30,
CRYPTO,30m,ERA/USDT,ab06bc1683b4e100,2026-09-13T10:51:53.847001+05:30,BE,data_missing,0.015858400000002174,,2026-09-13T11:00:00+05:30,
CRYPTO,30m,ICP/USDT,5d55a4e8090d6553,2026-09-13T11:11:51.429221+05:30,SL,data_missing,-1.1507000000000005,,2026-09-13T11:30:00+05:30,
CRYPTO,30m,0G/USDT,42031b306f8ff23b,2026-09-13T11:21:46.675583+05:30,zone_cooldown,data_missing,,,,
CRYPTO,30m,ACE/USDT,96bc59709fbafdd9,2026-09-13T11:21:46.880069+05:30,SL,data_missing,-1.5973322580644982,,2026-09-13T11:30:00+05:30,
CRYPTO,30m,ETHUSD,6e71999679a11d42,2026-09-13T12:32:04.030199+05:30,+1R,SL,0.6139430769230769,-1.5785853846154043,2026-09-13T13:30:00+05:30,2026-09-13T13:45:00+05:30
CRYPTO,30m,O/USDT,edf718f2dce818b2,2026-09-13T14:56:58.111354+05:30,BE,data_missing,0.03204663529410123,,2026-09-13T15:00:00+05:30,
CRYPTO,30m,GWEI/USDT,e9939f000cc6c757,2026-09-13T14:56:58.343716+05:30,+1R,data_missing,0.8988705882352945,,2026-09-13T15:00:00+05:30,
CRYPTO,30m,BOME/USDT,4e83b9616cb118f9,2026-09-13T16:21:40.945188+05:30,BE,data_missing,0.02467069714285977,,2026-09-13T16:30:00+05:30,
CRYPTO,30m,US/USDT,9fee81542c0dc560,2026-09-13T18:21:56.013994+05:30,BE,data_missing,0.013003200000005294,,2026-09-13T18:30:00+05:30,
CRYPTO,30m,DEXE/USDT,a9967010febc0909,2026-09-13T19:22:02.653290+05:30,SL,data_missing,-1.1565285714285722,,2026-09-13T19:30:00+05:30,
CRYPTO,30m,GWEI/USDT,59d607d77e249774,2026-09-13T21:11:47.729487+05:30,+1R,data_missing,0.8992000000000012,,2026-09-13T21:30:00+05:30,
CRYPTO,30m,UB/USDT,89e2eafb4096964b,2026-09-13T22:11:56.386821+05:30,SL,data_missing,-1.1505000000000083,,2026-09-13T22:30:00+05:30,
CRYPTO,30m,UB/USDT,d9720e58e42eb3f0,2026-09-13T23:02:00.456461+05:30,SL,data_missing,-1.1865289156626608,,2026-09-13T23:30:00+05:30,
CRYPTO,30m,CAP/USDT,f668683e940ae403,2026-09-14T08:32:03.120581+05:30,+1R,data_missing,0.8837333333333323,,2026-09-14T09:30:00+05:30,
CRYPTO,30m,CRV/USDT,2a637f6a9978bd59,2026-09-14T11:01:59.236584+05:30,SL,data_missing,-1.3300384615384362,,2026-09-14T11:30:00+05:30,
CRYPTO,30m,BOME/USDT,1171db7afb894d1f,2026-09-14T11:51:50.634736+05:30,zone_not_touched,data_missing,,,,
CRYPTO,30m,GWEI/USDT,a55a354d2d645dca,2026-09-14T14:02:03.465009+05:30,+1R,data_missing,0.8334400000000047,,2026-09-14T14:30:00+05:30,
CRYPTO,30m,BCHUSD,99e89b20f7d7ae63,2026-09-14T14:51:56.505333+05:30,zone_not_touched,+1R,,0.7704328767123236,,2026-09-14T14:55:00+05:30
CRYPTO,30m,RE/USDT,de9813680968ecad,2026-09-14T16:01:55.311817+05:30,zone_not_touched,data_missing,,,,
CRYPTO,30m,ZAMA/USDT,7715ab8b90429ab5,2026-09-14T17:21:53.748574+05:30,BE,data_missing,0.020562599999999237,,2026-09-14T17:30:00+05:30,
CRYPTO,30m,BLESSUSD,07ba25e0389a3a6d,2026-09-14T17:32:10.176551+05:30,zone_not_touched,stop_too_tight,,,,
CRYPTO,30m,DEXE/USDT,e3e7913ec0e1f259,2026-09-14T18:22:03.560400+05:30,+1R,data_missing,0.8208000000000002,,2026-09-14T18:30:00+05:30,
CRYPTO,30m,EUL/USDT,aecbeb3c21ade0e8,2026-09-14T18:52:02.742015+05:30,stop_too_tight,data_missing,,,,
CRYPTO,30m,ESP/USDT,d04ad0af022af435,2026-09-14T19:11:54.850861+05:30,BE,data_missing,0.017389199999996885,,2026-09-14T19:30:00+05:30,
CRYPTO,30m,SOON/USDT,7930e5006b0094df,2026-09-14T20:22:10.766179+05:30,stop_too_tight,alert_before_data,,,,
CRYPTO,30m,ERA/USDT,cee067f17f1d189d,2026-09-14T20:41:59.462904+05:30,zone_not_touched,data_missing,,,,
CRYPTO,30m,O/USDT,eaa9bdb03a778815,2026-09-14T22:52:04.679529+05:30,SL,data_missing,-1.1505000000000063,,2026-09-14T23:00:00+05:30,
CRYPTO,30m,UNIUSD,eda428ef5303b4b7,2026-09-14T23:02:00.393270+05:30,+1R,BE,0.7843000000000018,0.027825300000009767,2026-09-14T23:30:00+05:30,2026-09-14T23:30:00+05:30
CRYPTO,30m,DOGEUSD,fcd36f1312fb02db,2026-09-15T00:02:06.270231+05:30,+2R,SL,1.5993882352941258,-1.6014176470588155,2026-09-15T00:30:00+05:30,2026-09-15T00:05:00+05:30
CRYPTO,30m,BTCUSD,c9fe6a8c9c6ebbb8,2026-09-15T00:22:11.573396+05:30,BE,+2R,0.014484949725807439,1.887713568016982,2026-09-15T01:30:00+05:30,2026-09-15T01:45:00+05:30
CRYPTO,30m,EUL/USDT,57857e87bd1e511d,2026-09-15T08:02:04.246640+05:30,+1R,data_missing,0.8269770491803278,,2026-09-15T08:30:00+05:30,
CRYPTO,30m,CRV/USDT,9f217d9c38b2f1b9,2026-09-15T08:02:04.540031+05:30,+2R,data_missing,1.8368941176470621,,2026-09-15T08:30:00+05:30,
CRYPTO,30m,ICP/USDT,8e6e3409d70d0243,2026-09-15T08:11:53.567290+05:30,BE,data_missing,0.014763031578938796,,2026-09-15T08:30:00+05:30,
CRYPTO,30m,BTCUSD,8a9754d03c56f15c,2026-09-15T08:21:53.639998+05:30,BE,SL,0.03516561509435295,-1.408402501096996,2026-09-15T09:00:00+05:30,2026-09-15T09:25:00+05:30
CRYPTO,30m,0G/USDT,c1fbb1e9380b862f,2026-09-15T08:41:58.706964+05:30,SL,data_missing,-1.4617400000000185,,2026-09-15T09:00:00+05:30,
CRYPTO,30m,SOON/USDT,97e2e5c9d9fd14cf,2026-09-15T09:21:58.178677+05:30,+2R,alert_before_data,1.7070400000000068,,2026-09-15T09:30:00+05:30,
CRYPTO,30m,AERO/USDT,9f15f08047101fd9,2026-09-15T09:31:59.447125+05:30,SL,data_missing,-1.214803225806442,,2026-09-15T10:00:00+05:30,
CRYPTO,30m,COTI/USDT,da5b5260a04c1030,2026-09-15T10:41:40.071086+05:30,+1R,data_missing,0.8740990825688082,,2026-09-15T11:30:00+05:30,
CRYPTO,30m,HOME/USDT,0d4e6d7df3d769bb,2026-09-15T11:01:59.114154+05:30,SL,data_missing,-1.1506999999999925,,2026-09-15T11:30:00+05:30,
CRYPTO,30m,MNT/USDT,360af65554083507,2026-09-15T13:12:08.376773+05:30,SL,data_missing,-1.2177838709677395,,2026-09-15T13:30:00+05:30,
CRYPTO,30m,ESP/USDT,4839eeba673ccbbe,2026-09-15T13:21:59.786121+05:30,SL,data_missing,-1.3867307692307826,,2026-09-15T13:30:00+05:30,
CRYPTO,30m,BCHUSD,1c9df1d822366302,2026-09-15T13:22:00.160839+05:30,+1R,+1R,0.8991999999999999,0.9530812785388104,2026-09-15T13:30:00+05:30,2026-09-15T13:25:00+05:30
CRYPTO,30m,LINKUSD,7e0bf63cfd31823f,2026-09-15T13:32:18.667221+05:30,zone_not_touched,+2R,,1.8563809523809547,,2026-09-15T13:35:00+05:30
CRYPTO,30m,ETHUSD,00fec8d5613aef81,2026-09-15T13:42:03.937228+05:30,zone_not_touched,BE,,0.04594057906134413,,2026-09-15T13:45:00+05:30
CRYPTO,30m,CRV/USDT,1edfbc9d4d2f0a40,2026-09-15T14:02:05.594169+05:30,zone_cooldown,data_missing,,,,
CRYPTO,30m,KGEN/USDT,579baa17aea84038,2026-09-15T14:42:00.965982+05:30,SL,data_missing,-1.2373500000000086,,2026-09-15T15:00:00+05:30,
CRYPTO,30m,DEXE/USDT,d47e174063905482,2026-09-15T14:51:56.166904+05:30,zone_not_touched,data_missing,,,,
CRYPTO,30m,ALGO/USDT,b52421d0605fdd3f,2026-09-15T14:51:56.484007+05:30,+1R,data_missing,0.7493066666666669,,2026-09-15T15:30:00+05:30,
CRYPTO,30m,ERA/USDT,eda6b5e8193b4751,2026-09-15T15:51:58.403226+05:30,stop_too_tight,data_missing,,,,
CRYPTO,30m,RE/USDT,3f2d707d588c5f77,2026-09-15T16:12:03.080828+05:30,SL,data_missing,-1.1944111111111093,,2026-09-15T16:30:00+05:30,
CRYPTO,30m,MNT/USDT,27408a4e74276729,2026-09-15T19:41:54.973559+05:30,stop_too_tight,data_missing,,,,
CRYPTO,30m,ZIL/USDT,785013a31b0c7013,2026-09-15T20:12:04.664276+05:30,SL,data_missing,-1.1645285714285787,,2026-09-15T20:30:00+05:30,
CRYPTO,30m,UNIUSD,dcc53f86f327baa5,2026-09-15T20:12:04.913684+05:30,+2R,SL,1.8886933333333322,-1.1664600000000034,2026-09-15T20:30:00+05:30,2026-09-15T20:15:00+05:30
CRYPTO,30m,LINKUSD,4917b6c626102a6b,2026-09-15T20:12:05.217854+05:30,+2R,SL,1.702586666666678,-1.4456199999999693,2026-09-15T20:30:00+05:30,2026-09-15T20:15:00+05:30
CRYPTO,30m,LA/USDT,ee66aef02575df65,2026-09-15T20:12:05.873259+05:30,+1R,data_missing,0.8820651162790689,,2026-09-15T20:30:00+05:30,
CRYPTO,30m,AERO/USDT,df3ee0126c0bc483,2026-09-15T20:12:06.194808+05:30,+1R,data_missing,0.8456285714285741,,2026-09-15T20:30:00+05:30,
CRYPTO,30m,CL/USDT,832817ca83938826,2026-09-15T20:32:10.116300+05:30,SL,data_missing,-1.3009500000000103,,2026-09-15T21:30:00+05:30,
CRYPTO,30m,EUL/USDT,c027d462353f44b9,2026-09-15T20:52:03.733254+05:30,zone_not_touched,data_missing,,,,
CRYPTO,30m,HUSD,89d6a79a53c81e87,2026-09-16T13:01:52.273545+05:30,+2R,BE,1.8150769230769237,0.023855076923071677,2026-09-16T13:30:00+05:30,2026-09-16T13:05:00+05:30
CRYPTO,30m,LINKUSD,46c82147b48e9b0f,2026-09-16T13:31:47.368094+05:30,+1R,BE,0.8992000000000002,0.013003199999994608,2026-09-16T14:00:00+05:30,2026-09-16T13:35:00+05:30
CRYPTO,30m,RIVERUSD,768abbef8e0f6b07,2026-09-16T22:01:40.274480+05:30,+1R,BE,0.8827,0.015131699999990797,2026-09-16T23:00:00+05:30,2026-09-16T22:05:00+05:30
CRYPTO,30m,BCHUSD,e2e27cd8527bca04,2026-09-16T23:11:21.585738+05:30,+2R,data_quality_ambiguous,1.8991999999999998,,2026-09-16T23:30:00+05:30,2026-09-16T23:15:00+05:30
CRYPTO,30m,XAUTUSD,5e7d4d9b3f66aa91,2026-09-17T00:31:44.399964+05:30,BE,SL,0.028709113450297558,-1.3333269005847714,2026-09-17T01:00:00+05:30,2026-09-17T00:35:00+05:30
CRYPTO,30m,ZORAUSD,ce8e0ca65593d0b1,2026-09-17T14:31:53.090275+05:30,BE,SL,0.012899999999995457,-1.1504999999999983,2026-09-17T15:30:00+05:30,2026-09-17T15:30:00+05:30
CRYPTO,30m,BEAT/USDT,59cc41750295374c,2026-09-17T16:21:29.217149+05:30,+2R,BE,1.801482352941174,0.02560877647057555,2026-09-17T16:30:00+05:30,2026-09-17T16:30:00+05:30
CRYPTO,30m,BTCUSD,ab309ccd676e12a9,2026-09-17T17:51:44.467718+05:30,+1R,BE,0.8397104166666667,0.020677356249989176,2026-09-17T18:00:00+05:30,2026-09-17T17:55:00+05:30
CRYPTO,30m,AAVEUSD,75b6f17c8ce008c1,2026-09-17T22:41:43.268245+05:30,+2R,BE,1.8552338028169042,0.018674839436629953,2026-09-17T23:00:00+05:30,2026-09-17T22:45:00+05:30
CRYPTO,30m,LTCUSD,2a0983fd54140928,2026-09-18T14:41:35.558158+05:30,zone_not_touched,+2R,,1.834222222222218,,2026-09-18T14:45:00+05:30
CRYPTO,30m,RIVERUSD,28e326e712855790,2026-09-18T17:01:44.138598+05:30,zone_not_touched,+2R,,1.8992000000000007,,2026-09-18T17:10:00+05:30
CRYPTO,30m,AVAXUSD,e720b6f73c869f2a,2026-09-18T18:11:34.657367+05:30,+2R,BE,1.5979999999999914,0.05185800000001922,2026-09-18T18:30:00+05:30,2026-09-18T18:40:00+05:30
CRYPTO,30m,LINKUSD,2bbc933147ed818e,2026-09-18T19:51:39.361288+05:30,BE,SL,0.012900000000000494,-1.1504999999999994,2026-09-18T20:00:00+05:30,2026-09-18T20:15:00+05:30
CRYPTO,30m,TRUMP/USDT,4ed13e75cf92447a,2026-09-19T11:42:05.822582+05:30,zone_not_touched,+2R,,1.7978999999999956,,2026-09-19T11:55:00+05:30
CRYPTO,30m,ETHUSD,0813e850dbe901d5,2026-09-19T12:51:25.796941+05:30,BE,SL,0.026825791715964775,-1.3124278106509029,2026-09-19T13:30:00+05:30,2026-09-19T13:45:00+05:30
CRYPTO,30m,LINKUSD,eb476aeca83d9ea1,2026-09-19T16:01:45.814998+05:30,zone_not_touched,BE,,0.03093051428572738,,2026-09-19T16:05:00+05:30
CRYPTO,30m,TACUSD,8b3baf34c3cd8852,2026-09-19T17:41:41.472599+05:30,zone_not_touched,+2R,,1.8999999999999997,,2026-09-19T17:45:00+05:30
CRYPTO,30m,ETHUSD,fd06ba0586b5f114,2026-09-19T21:21:39.074399+05:30,+1R,+1R,0.9000000000000001,0.9371324382810722,2026-09-19T22:00:00+05:30,2026-09-19T22:00:00+05:30
CRYPTO,30m,HUSD,71fda0e873a18e14,2026-09-19T23:11:26.010954+05:30,zone_not_touched,+2R,,1.8472585365853698,,2026-09-19T23:15:00+05:30
CRYPTO,30m,LTCUSD,d4f11e8a5a1621e9,2026-09-20T08:21:18.963997+05:30,+2R,SL,1.6502769230769108,-1.5240846153846435,2026-09-20T08:30:00+05:30,2026-09-20T08:25:00+05:30
CRYPTO,30m,AAVEUSD,9b07b4b4e9fcefb3,2026-09-20T19:01:41.557011+05:30,+2R,BE,1.8422823529411807,0.02034557647057647,2026-09-20T19:30:00+05:30,2026-09-20T19:05:00+05:30
CRYPTO,30m,HYPEUSD,f7833060a3be3c01,2026-09-20T22:11:27.464677+05:30,+2R,BE,1.5661720930232628,0.055963799999973085,2026-09-20T22:30:00+05:30,2026-09-20T22:35:00+05:30
CRYPTO,30m,BTCUSD,5cfff53367e75ba5,2026-09-21T11:01:33.166632+05:30,zone_cooldown,BE,,0.016069714285721556,,2026-09-21T11:05:00+05:30
CRYPTO,30m,HUSD,05c60a79ab0358dc,2026-09-21T11:21:31.144929+05:30,zone_cooldown,+2R,,1.8992000000000002,,2026-09-21T12:30:00+05:30
CRYPTO,30m,HYPEUSD,a222a189320a5f5c,2026-09-21T12:01:41.413453+05:30,stop_too_tight,zone_not_touched,,,,
CRYPTO,30m,XRPUSD,307d8ee90a47937f,2026-09-21T13:41:41.881866+05:30,zone_cooldown,SL,,-1.150499999999993,,2026-09-21T13:50:00+05:30
CRYPTO,30m,DOGEUSD,0617c4e18b613c02,2026-09-21T13:41:42.132069+05:30,zone_cooldown,SL,,-1.1605235294117677,,2026-09-21T13:45:00+05:30
CRYPTO,30m,XRPUSD,cf21bef9f2c0267e,2026-09-21T14:21:30.396967+05:30,zone_cooldown,zone_not_touched,,,,
CRYPTO,30m,UNIUSD,8e77a57667d7ae32,2026-09-21T14:41:28.342625+05:30,zone_cooldown,SL,,-1.1680499999999938,,2026-09-21T14:45:00+05:30
CRYPTO,30m,AAVEUSD,9124043255a9edd3,2026-09-21T14:51:26.489945+05:30,zone_cooldown,SL,,-1.1505000000000065,,2026-09-21T14:55:00+05:30
CRYPTO,30m,BLESSUSD,7967ed07bde0c94c,2026-09-21T15:51:28.494689+05:30,zone_cooldown,SL,,-1.1505000000000032,,2026-09-21T15:55:00+05:30
CRYPTO,30m,BCHUSD,e95826c7b683c857,2026-09-21T16:01:30.284711+05:30,zone_cooldown,SL,,-1.1505000000000025,,2026-09-21T16:05:00+05:30
CRYPTO,30m,HUSD,dd3f3a3f9845f9a3,2026-09-21T16:11:15.973910+05:30,zone_cooldown,SL,,-1.1506999999999892,,2026-09-21T16:15:00+05:30
CRYPTO,30m,VELVETUSD,b3abe6658f9cd56c,2026-09-21T16:14:13.893851+05:30,+2R,BE,1.7504000000000142,0.03219840000000332,2026-09-21T16:30:00+05:30,2026-09-21T16:15:00+05:30
CRYPTO,30m,BLESSUSD,b1256555f74a80b7,2026-09-21T16:30:15.538231+05:30,zone_not_touched,stop_too_tight,,,,
CRYPTO,30m,TRUMP/USDT,2cfa8d4a67c22051,2026-09-21T16:35:52.018060+05:30,zone_not_touched,BE,,0.012899999999991682,,2026-09-21T16:40:00+05:30
CRYPTO,30m,RIVERUSD,e9ae8c28f7765570,2026-09-21T16:46:10.479102+05:30,+1R,BE,0.8983999999999996,0.013106400000006457,2026-09-21T17:00:00+05:30,2026-09-21T16:50:00+05:30
CRYPTO,30m,TRUMP/USDT,d42b3ceffef41280,2026-09-22T10:49:40.212003+05:30,+2R,BE,1.8991999999999991,0.013003199999993817,2026-09-22T11:00:00+05:30,2026-09-22T10:50:00+05:30
CRYPTO,30m,UNIUSD,1a5179e8b49882c1,2026-09-22T15:57:46.151572+05:30,+1R,BE,0.8774035087719284,0.015814947368431323,2026-09-22T16:00:00+05:30,2026-09-22T16:00:00+05:30
CRYPTO,30m,HYPEUSD,2bbca369849bfef0,2026-09-22T17:53:01.191592+05:30,+1R,BE,0.5639681818181513,0.056248104545455535,2026-09-22T18:00:00+05:30,2026-09-22T18:00:00+05:30
CRYPTO,30m,BEAT/USDT,0aaf600f7d895493,2026-09-22T20:11:31.374748+05:30,zone_not_touched,+2R,,1.8324000000000003,,2026-09-22T20:15:00+05:30
CRYPTO,30m,RIVERUSD,d44d32a593c12112,2026-09-22T23:51:31.106567+05:30,zone_not_touched,+2R,,1.8858666666666641,,2026-09-22T23:55:00+05:30
CRYPTO,30m,ETHUSD,6c50ee941f27d351,2026-09-23T14:18:40.992741+05:30,SL,BE,-1.198132727272729,0.01708241454544729,2026-09-23T15:00:00+05:30,2026-09-23T14:20:00+05:30
CRYPTO,30m,XAUTUSD,c9f6447773d38e38,2026-09-23T16:52:40.062378+05:30,+1R,BE,0.620044933920717,0.0490142035242388,2026-09-23T17:00:00+05:30,2026-09-23T17:00:00+05:30
CRYPTO,30m,SOLUSD,0458eebea8036cc0,2026-09-23T18:41:23.541385+05:30,+2R,SL,1.6262999999999856,-1.560050000000004,2026-09-23T19:30:00+05:30,2026-09-23T19:35:00+05:30
CRYPTO,30m,HYPEUSD,6bfdd6c470ef7b72,2026-09-23T18:41:23.818592+05:30,+1R,SL,0.8705029159519735,-1.1937456260720314,2026-09-23T19:30:00+05:30,2026-09-23T19:40:00+05:30
CRYPTO,30m,ETHUSD,bcc49ddb24d51380,2026-09-23T19:51:27.159747+05:30,+1R,BE,0.8278477732793522,0.022207637246957956,2026-09-23T20:00:00+05:30,2026-09-23T19:55:00+05:30
CRYPTO,30m,SOLUSD,3fea560757d127c3,2026-09-24T14:21:38.734327+05:30,+1R,SL,0.7709171717171738,-1.343124242424233,2026-09-24T14:30:00+05:30,2026-09-24T14:45:00+05:30
CRYPTO,30m,DOGEUSD,2af15a863d49bd43,2026-09-24T15:03:08.917508+05:30,zone_not_touched,BE,,0.015801640000008596,,2026-09-24T15:05:00+05:30
CRYPTO,30m,BEAT/USDT,fee00768ae77258f,2026-09-24T21:33:09.678711+05:30,+2R,SL,1.7434666666666763,-1.385299999999969,2026-09-24T23:00:00+05:30,2026-09-24T21:45:00+05:30
CRYPTO,30m,LINKUSD,d512d353d829d409,2026-09-24T23:46:34.988231+05:30,SL,+2R,-1.3041923076922983,1.79753846153846,2026-09-25T00:00:00+05:30,2026-09-24T23:50:00+05:30
CRYPTO,30m,TACUSD,a2f3b410a0b2b2c6,2026-09-25T19:11:41.108016+05:30,+1R,BE,0.8710400000000015,0.01663584000000176,2026-09-25T19:30:00+05:30,2026-09-25T19:20:00+05:30
CRYPTO,30m,XAUTUSD,f69b8874b13257fc,2026-09-25T19:31:51.848608+05:30,zone_not_touched,zone_cooldown,,,,
CRYPTO,30m,AAVEUSD,f4917ee03a3db50b,2026-09-25T22:01:50.102132+05:30,+1R,BE,0.8908530973451345,0.014079950442480185,2026-09-25T22:30:00+05:30,2026-09-25T22:05:00+05:30
CRYPTO,30m,LTCUSD,a7c3ff382853ea1f,2026-09-26T15:31:48.877102+05:30,+2R,SL,1.7284363636363693,-1.4078454545454253,2026-09-26T16:00:00+05:30,2026-09-26T15:35:00+05:30
CRYPTO,30m,TACUSD,9922c7d2c9efbe52,2026-09-26T16:42:56.176576+05:30,+1R,BE,0.8120000000000016,0.02425199999998895,2026-09-26T17:00:00+05:30,2026-09-26T16:45:00+05:30
CRYPTO,30m,RIVERUSD,6ad58a1f3dd301ac,2026-09-27T00:51:43.434971+05:30,BE,SL,0.013003199999995649,-1.1507000000000007,2026-09-27T01:00:00+05:30,2026-09-27T01:25:00+05:30
CRYPTO,30m,VELVETUSD,0521cde02c2540c4,2026-09-27T10:28:04.940134+05:30,BE,SL,0.016047599999995776,-1.187099999999996,2026-09-27T10:30:00+05:30,2026-09-27T10:35:00+05:30
CRYPTO,30m,LINKUSD,4a32dd0a799e5e16,2026-09-27T13:21:42.005248+05:30,zone_not_touched,+2R,,1.6876540540540579,,2026-09-27T13:25:00+05:30
CRYPTO,30m,BTCUSD,401c0bafc8a33a07,2026-09-27T13:33:22.662605+05:30,BE,zone_not_touched,0.026508348562793577,,2026-09-27T15:00:00+05:30,
CRYPTO,30m,BNBUSD,1c9d18efe6b014c7,2026-09-27T13:33:22.871306+05:30,BE,zone_not_touched,0.018852247306781617,,2026-09-27T15:00:00+05:30,
CRYPTO,30m,DOGEUSD,781aca85704df7f8,2026-09-27T18:06:43.063512+05:30,zone_not_touched,stop_too_tight,,,,
CRYPTO,30m,HYPEUSD,aee654528b172469,2026-09-27T20:18:08.492334+05:30,+1R,BE,0.5962430939226397,0.052084640883990396,2026-09-27T20:30:00+05:30,2026-09-27T20:30:00+05:30
CRYPTO,30m,SOLUSD,b3cacd7e1c19af65,2026-09-28T08:03:20.170198+05:30,SL,BE,-1.5757922155688515,0.04956113053891903,2026-09-28T08:30:00+05:30,2026-09-28T08:05:00+05:30
CRYPTO,30m,TACUSD,e7afb1a784c291bd,2026-09-28T09:03:16.441622+05:30,+2R,BE,1.8992000000000009,0.013003200000002449,2026-09-28T09:30:00+05:30,2026-09-28T09:05:00+05:30
CRYPTO,30m,ETHUSD,17a3321d18ec91fc,2026-09-28T11:03:19.330802+05:30,zone_not_touched,BE,,0.024971559633018392,,2026-09-28T11:05:00+05:30
CRYPTO,30m,BNBUSD,ee7d6a1f4c2f589f,2026-09-28T12:56:39.888469+05:30,+1R,BE,0.7940257627118581,0.026570676610170957,2026-09-28T13:00:00+05:30,2026-09-28T13:20:00+05:30
CRYPTO,30m,AVAXUSD,1c1d939b82250fea,2026-09-28T20:16:49.802559+05:30,BE,SL,0.022041800000011574,-1.2557999999999976,2026-09-28T20:30:00+05:30,2026-09-28T20:20:00+05:30
CRYPTO,30m,UNIUSD,1df923e109874402,2026-09-28T20:18:19.151915+05:30,+2R,SL,1.8774035087719283,-1.183394736842109,2026-09-28T20:30:00+05:30,2026-09-28T20:20:00+05:30
CRYPTO,30m,AAVEUSD,868138d0629ab1dd,2026-09-29T10:56:43.521863+05:30,BE,+2R,0.03461557333334886,1.7316622222222222,2026-09-29T11:00:00+05:30,2026-09-29T11:00:00+05:30
CRYPTO,30m,AAVEUSD,07e8a8419bf4f557,2026-09-29T11:51:52.190066+05:30,BE,SL,0.02436927272726605,-1.2838636363636446,2026-09-29T12:00:00+05:30,2026-09-29T12:05:00+05:30
CRYPTO,30m,DOGEUSD,dc5ebbf4b52149f4,2026-09-29T12:26:41.889296+05:30,BE,SL,0.020022906122453943,-1.233324489795917,2026-09-29T12:30:00+05:30,2026-09-29T12:35:00+05:30
CRYPTO,30m,ETHUSD,a38140beecda48de,2026-09-29T12:48:14.727680+05:30,+1R,SL,0.527443478260907,-1.7093347826086664,2026-09-29T13:00:00+05:30,2026-09-29T13:05:00+05:30
CRYPTO,30m,TRUMP/USDT,78aa3cc93b2a31e6,2026-09-29T15:18:14.180122+05:30,zone_not_touched,+2R,,1.6735999999999813,,2026-09-29T15:20:00+05:30
CRYPTO,30m,BTCUSD,89b3bdf2ea4d144b,2026-09-29T20:56:59.791335+05:30,+1R,+1R,0.8647804480651731,0.49858900203665985,2026-09-29T21:00:00+05:30,2026-09-29T21:00:00+05:30
CRYPTO,30m,LTCUSD,5105d47c2b346dfa,2026-09-29T21:03:25.862189+05:30,+1R,BE,0.8314500000000024,0.02174294999999249,2026-09-29T22:30:00+05:30,2026-09-29T21:25:00+05:30
CRYPTO,30m,HYPEUSD,0fda6660c0055a02,2026-09-29T21:36:45.137354+05:30,+2R,BE,1.7988771929824536,0.02594484210527756,2026-09-29T22:00:00+05:30,2026-09-29T22:15:00+05:30
CRYPTO,30m,LINKUSD,a37741d1e7af2992,2026-09-29T22:26:10.048128+05:30,+1R,SL,0.8394630136986279,-1.240305479452067,2026-09-29T22:30:00+05:30,2026-09-29T22:50:00+05:30
CRYPTO,30m,HUSD,4d9301dd38b3385f,2026-09-30T08:03:23.623530+05:30,+1R,BE,0.8817361702127668,0.015256034042561137,2026-09-30T08:30:00+05:30,2026-09-30T08:30:00+05:30
CRYPTO,30m,AVAXUSD,5b455e5d036d21cb,2026-09-30T12:21:55.748604+05:30,BE,SL,0.021201866666664737,-1.246033333333329,2026-09-30T12:30:00+05:30,2026-09-30T12:35:00+05:30
CRYPTO,30m,BLESSUSD,9f6cb5e581715438,2026-09-30T18:01:53.485113+05:30,+1R,BE,0.9000000000000007,0.012899999999997372,2026-09-30T18:30:00+05:30,2026-09-30T18:05:00+05:30
CRYPTO,30m,ETHUSD,a2d7fa7150b2610b,2026-09-30T18:21:38.753036+05:30,+1R,BE,0.8234838709677419,0.022770580645166655,2026-09-30T18:30:00+05:30,2026-09-30T18:25:00+05:30
CRYPTO,30m,LINKUSD,f90242f3334eee81,2026-09-30T18:21:39.000062+05:30,+2R,SL,1.6898315789473646,-1.4657526315789586,2026-09-30T18:30:00+05:30,2026-09-30T18:25:00+05:30
CRYPTO,30m,HYPEUSD,7966d3072fe20d71,2026-09-30T20:03:18.833914+05:30,+2R,SL,1.5743700000000362,-1.6379449999999351,2026-09-30T20:30:00+05:30,2026-09-30T20:55:00+05:30
CRYPTO,30m,UNIUSD,5c00bd46ad53fdd1,2026-09-30T20:03:19.221216+05:30,zone_not_touched,+2R,,1.8369488372092995,,2026-09-30T20:05:00+05:30
CRYPTO,30m,HYPEUSD,c7cfb88a72c29a11,2026-09-30T22:22:47.141485+05:30,SL,BE,-1.3269614457831187,0.02807568433734481,2026-09-30T22:30:00+05:30,2026-09-30T22:25:00+05:30
CRYPTO,30m,TACUSD,74bed446ca0198b5,2026-10-01T00:26:47.816055+05:30,BE,SL,0.05228800000000344,-1.607499999999939,2026-10-01T00:30:00+05:30,2026-10-01T00:40:00+05:30
CRYPTO,30m,BNBUSD,6e810e82a37f8dce,2026-10-01T12:53:55.764514+05:30,+1R,BE,0.74484,0.0329156399999882,2026-10-01T13:00:00+05:30,2026-10-01T12:55:00+05:30
CRYPTO,30m,VELVETUSD,36e354ce53d88e21,2026-10-01T12:55:23.473112+05:30,+1R,BE,0.8453333333333306,0.019951999999996722,2026-10-01T13:00:00+05:30,2026-10-01T13:00:00+05:30
CRYPTO,30m,ETHUSD,e959e5b97d2d9359,2026-10-01T12:58:16.828039+05:30,+1R,BE,0.7858959999999999,0.027619415999986158,2026-10-01T13:00:00+05:30,2026-10-01T13:25:00+05:30
CRYPTO,30m,UNIUSD,93bbb0c90948c019,2026-10-01T13:37:03.717118+05:30,zone_not_touched,+2R,,1.8369488372092995,,2026-10-01T13:40:00+05:30
CRYPTO,30m,LINKUSD,fc9732c3974eec23,2026-10-01T13:37:03.937623+05:30,+1R,BE,0.8969672727272722,0.013291221818179655,2026-10-01T14:00:00+05:30,2026-10-01T13:40:00+05:30
CRYPTO,30m,DOGEUSD,92a047d2f6da2ef0,2026-10-01T13:43:08.460091+05:30,+1R,BE,0.7966702702702662,0.026229535135138843,2026-10-01T14:00:00+05:30,2026-10-01T13:45:00+05:30
CRYPTO,30m,ZORAUSD,c963a1f9e365ef55,2026-10-01T18:42:01.648291+05:30,stop_too_tight,zone_not_touched,,,,
CRYPTO,30m,UNIUSD,d42617669e5aeb17,2026-10-01T19:51:52.164863+05:30,+2R,BE,1.899999999999999,0.012900000000003312,2026-10-01T20:00:00+05:30,2026-10-01T19:55:00+05:30
CRYPTO,30m,AVAXUSD,46adb75d7f196707,2026-10-01T20:41:36.732077+05:30,+1R,BE,0.8448285714285759,0.020017114285705406,2026-10-01T21:00:00+05:30,2026-10-01T21:00:00+05:30
CRYPTO,30m,ETHUSD,53873b37e6c47e57,2026-10-02T09:51:36.282644+05:30,+1R,BE,0.8234838709677419,0.022770580645166655,2026-10-02T09:55:00+05:30,2026-10-02T09:55:00+05:30
XSTOCK,30m,BABA/USDT:USDT,e7b725abcf7e320b,2026-08-11T11:51:42.972154+05:30,alert_before_data,no_candles,,,,
XSTOCK,30m,AVGO/USDT:USDT,8a147f7ba012726d,2026-08-11T12:32:18.292514+05:30,alert_before_data,no_candles,,,,
XSTOCK,30m,HOOD/USDT:USDT,267f4ce36fb436f2,2026-08-11T12:32:18.664536+05:30,alert_before_data,no_candles,,,,
XSTOCK,30m,SOXX/USDT:USDT,602e55dc253e6954,2026-08-11T12:32:18.809018+05:30,alert_before_data,no_candles,,,,
XSTOCK,30m,MSFT/USDT:USDT,6c7d6d56337fb14b,2026-08-11T18:32:20.100961+05:30,alert_before_data,no_candles,,,,
XSTOCK,30m,FLNC/USDT:USDT,61cea87d96522e9a,2026-08-11T19:11:52.085471+05:30,alert_before_data,no_candles,,,,
XSTOCK,30m,MSFT/USDT:USDT,b601fb5c61ee2113,2026-08-11T19:32:20.890867+05:30,alert_before_data,no_candles,,,,
XSTOCK,30m,SOXX/USDT:USDT,57ee8f6d749ea4fb,2026-08-11T22:32:21.369143+05:30,alert_before_data,no_candles,,,,
XSTOCK,30m,TSLAXUSD,f3677ae0300fdcf1,2026-08-12T00:11:53.868705+05:30,Neither,Neither,0.035575472129494926,-0.004054445409790677,2026-08-12T00:30:00+05:30,2026-08-12T00:15:00+05:30
XSTOCK,30m,SKHYNIX/USDT:USDT,28a630589cfa36f2,2026-08-12T00:51:45.262424+05:30,alert_before_data,no_candles,,,,
XSTOCK,30m,AVGO/USDT:USDT,1d2f2be393a03105,2026-08-12T05:11:50.731239+05:30,alert_before_data,no_candles,,,,
XSTOCK,30m,MUBUSD,a6fe90dbf7ec7bc3,2026-08-12T08:51:44.405664+05:30,+1R,BE,0.8483413945126899,0.019563960107860767,2026-08-12T09:30:00+05:30,2026-08-12T09:35:00+05:30
XSTOCK,30m,MSFT/USDT:USDT,5cc775b53e74f1a5,2026-08-12T08:51:44.642116+05:30,alert_before_data,no_candles,,,,
XSTOCK,30m,OPENAI/USDT:USDT,36ebea32b59ebff9,2026-08-12T12:11:59.805939+05:30,alert_before_data,no_candles,,,,
XSTOCK,30m,DELL/USDT:USDT,c567b01edf6e55f5,2026-08-12T13:11:55.090271+05:30,alert_before_data,no_candles,,,,
XSTOCK,30m,FLNC/USDT:USDT,3e5c5d7786584548,2026-08-12T14:11:47.722261+05:30,alert_before_data,no_candles,,,,
XSTOCK,30m,TQQQ/USDT:USDT,5d29425536b699d0,2026-08-12T14:32:16.425090+05:30,alert_before_data,no_candles,,,,
XSTOCK,30m,SOXX/USDT:USDT,831f251a91f030c2,2026-08-12T18:11:48.346929+05:30,alert_before_data,no_candles,,,,
XSTOCK,30m,TQQQ/USDT:USDT,e4c486ca7c553ebb,2026-08-12T18:32:20.728931+05:30,alert_before_data,no_candles,,,,
XSTOCK,30m,AVGO/USDT:USDT,082875e422d09a35,2026-08-13T01:11:50.744667+05:30,alert_before_data,no_candles,,,,
XSTOCK,30m,TQQQ/USDT:USDT,6f78c40765ae0a17,2026-08-13T12:51:49.007925+05:30,alert_before_data,no_candles,,,,
XSTOCK,30m,AVGO/USDT:USDT,a718e79f2a9e54de,2026-08-13T13:32:15.216719+05:30,alert_before_data,no_candles,,,,
XSTOCK,30m,CRCLXUSD,3e1767c311e798aa,2026-08-13T17:11:44.531678+05:30,BE,SL,0.05334928089225566,-1.6198404754915963,2026-08-13T17:30:00+05:30,2026-08-13T17:30:00+05:30
XSTOCK,30m,OPENAI/USDT:USDT,29a7da234a1b6d56,2026-08-13T21:11:50.479742+05:30,alert_before_data,no_candles,,,,
XSTOCK,30m,NVDAXUSD,e4e3e372bce58da9,2026-08-14T00:32:20.359948+05:30,Neither,Neither,0.44120728034568923,0.47394264763649907,2026-08-14T01:00:00+05:30,2026-08-14T00:35:00+05:30
XSTOCK,30m,MSFT/USDT:USDT,bb7271af5a21f0d3,2026-08-14T01:11:59.927377+05:30,alert_before_data,no_candles,,,,
XSTOCK,30m,BABA/USDT:USDT,0816e18a698fafe7,2026-08-14T02:32:18.575940+05:30,alert_before_data,no_candles,,,,
XSTOCK,30m,SOXX/USDT:USDT,30db4dcf99eb68fe,2026-08-14T06:32:27.786239+05:30,alert_before_data,no_candles,,,,
XSTOCK,30m,NVDL/USDT:USDT,a336aecd8f5d2395,2026-08-14T11:32:05.035761+05:30,alert_before_data,no_candles,,,,
XSTOCK,30m,HOOD/USDT:USDT,186b0e19d57c7c11,2026-08-14T12:32:13.991723+05:30,alert_before_data,no_candles,,,,
XSTOCK,30m,SAMSUNG/USDT:USDT,19be268e1f63ece2,2026-08-14T14:11:40.129797+05:30,alert_before_data,no_candles,,,,
XSTOCK,30m,MSFT/USDT:USDT,8cdc5844b3c22f5b,2026-08-14T15:32:21.932484+05:30,alert_before_data,no_candles,,,,
XSTOCK,30m,BABA/USDT:USDT,c20e6148b333b189,2026-08-14T15:51:39.991070+05:30,alert_before_data,no_candles,,,,
XSTOCK,30m,AVGO/USDT:USDT,5bf2a5ba55297bd1,2026-08-14T18:51:32.202597+05:30,alert_before_data,no_candles,,,,
XSTOCK,30m,NBIS/USDT:USDT,92ea70ba858be823,2026-08-14T18:51:32.528768+05:30,alert_before_data,no_candles,,,,
XSTOCK,30m,MSFT/USDT:USDT,bcfd70a001437d15,2026-08-14T19:31:49.119609+05:30,alert_before_data,no_candles,,,,
XSTOCK,30m,FLNC/USDT:USDT,8ff46a4c22cc13d9,2026-08-14T19:51:36.959379+05:30,alert_before_data,no_candles,,,,
XSTOCK,30m,NVDL/USDT:USDT,a30a866fa9823482,2026-08-14T19:51:37.177512+05:30,alert_before_data,no_candles,,,,
XSTOCK,30m,TQQQ/USDT:USDT,756576dbd5dca7f8,2026-08-14T19:51:37.349452+05:30,alert_before_data,no_candles,,,,
XSTOCK,30m,FLNC/USDT:USDT,68b05effd62c335b,2026-08-14T20:11:38.781372+05:30,alert_before_data,no_candles,,,,
XSTOCK,30m,IBM/USDT:USDT,53d77c16abb8635e,2026-08-15T01:32:04.838816+05:30,alert_before_data,no_candles,,,,
XSTOCK,30m,NBIS/USDT:USDT,68cf98418c62267d,2026-08-15T03:32:07.289596+05:30,alert_before_data,no_candles,,,,
XSTOCK,30m,FLNC/USDT:USDT,410752cc56f0c86a,2026-08-15T06:51:40.505295+05:30,alert_before_data,no_candles,,,,
XSTOCK,30m,FLNC/USDT:USDT,b45b220dde217410,2026-08-15T21:31:57.556782+05:30,alert_before_data,no_candles,,,,
XSTOCK,30m,SAMSUNG/USDT:USDT,9c784df70fbd0c1d,2026-08-16T06:11:34.616399+05:30,alert_before_data,no_candles,,,,
XSTOCK,30m,DELL/USDT:USDT,71c4fa9d9fd80c54,2026-08-16T07:32:02.866779+05:30,alert_before_data,no_candles,,,,
XSTOCK,30m,MUBUSD,f981ae6f448fac5a,2026-08-16T08:32:03.841675+05:30,Neither,Neither,-0.06714518215582474,-0.21320368902057077,2026-08-16T09:00:00+05:30,2026-08-16T08:45:00+05:30
XSTOCK,30m,FLNC/USDT:USDT,de7fd21572c6042e,2026-08-16T11:31:51.665001+05:30,alert_before_data,no_candles,,,,
XSTOCK,30m,AVGO/USDT:USDT,11839ab3be3e1071,2026-08-16T13:31:59.087727+05:30,alert_before_data,no_candles,,,,
XSTOCK,30m,SKHYNIX/USDT:USDT,f5179fff85cdb729,2026-08-16T14:11:37.231335+05:30,alert_before_data,no_candles,,,,
XSTOCK,30m,AXTI/USDT:USDT,38146bcf5033e5f8,2026-08-16T14:11:37.464278+05:30,alert_before_data,no_candles,,,,
XSTOCK,30m,NBIS/USDT:USDT,b1691c4f1a99f555,2026-08-16T19:11:38.839609+05:30,alert_before_data,no_candles,,,,
XSTOCK,30m,HOOD/USDT:USDT,ead39b8b0edea9f6,2026-08-16T20:51:33.607095+05:30,alert_before_data,no_candles,,,,
XSTOCK,30m,SKHYNIX/USDT:USDT,81efe4d91c9b70b2,2026-08-16T21:51:37.626278+05:30,alert_before_data,no_candles,,,,
XSTOCK,30m,DELL/USDT:USDT,e88213c2295d8e8e,2026-08-16T23:11:24.449485+05:30,alert_before_data,no_candles,,,,
XSTOCK,30m,AVGO/USDT:USDT,2e1c59e2f3954c32,2026-08-17T00:11:44.940445+05:30,alert_before_data,no_candles,,,,
XSTOCK,30m,SAMSUNG/USDT:USDT,b1c3bca6b13e8754,2026-08-17T00:11:45.118908+05:30,alert_before_data,no_candles,,,,
XSTOCK,30m,MSFT/USDT:USDT,74c63614193f0aa3,2026-08-17T00:11:45.621353+05:30,alert_before_data,no_candles,,,,
XSTOCK,30m,TQQQ/USDT:USDT,6d74b99eff96a1ba,2026-08-17T00:11:45.804327+05:30,alert_before_data,no_candles,,,,
XSTOCK,30m,AVGO/USDT:USDT,9edcc8474827f382,2026-08-17T08:01:23.943127+05:30,alert_before_data,no_candles,,,,
XSTOCK,30m,SOXX/USDT:USDT,59bee18770b8fcaf,2026-08-17T08:01:24.110286+05:30,alert_before_data,no_candles,,,,
XSTOCK,30m,TQQQ/USDT:USDT,e18a6b3e99e011a4,2026-08-17T11:01:20.476130+05:30,alert_before_data,no_candles,,,,
XSTOCK,30m,BABA/USDT:USDT,cc3e27f5707ee4f4,2026-08-17T16:01:26.346704+05:30,alert_before_data,no_candles,,,,
XSTOCK,30m,TQQQ/USDT:USDT,f9bb39f9b6d21fa3,2026-08-17T18:01:26.941372+05:30,alert_before_data,no_candles,,,,
XSTOCK,30m,AVGO/USDT:USDT,5d04fbe2f2ab004e,2026-08-17T19:01:25.006918+05:30,alert_before_data,no_candles,,,,
XSTOCK,30m,OPENAI/USDT:USDT,152d1335a3944e4a,2026-08-17T19:01:25.222287+05:30,alert_before_data,no_candles,,,,
XSTOCK,30m,HOOD/USDT:USDT,7e9282b7a348dd0c,2026-08-17T19:21:22.736634+05:30,alert_before_data,no_candles,,,,
XSTOCK,30m,OPENAI/USDT:USDT,a60277654a2d3084,2026-08-17T21:41:23.181227+05:30,alert_before_data,no_candles,,,,
XSTOCK,30m,TQQQ/USDT:USDT,148544a60144bf4a,2026-08-17T23:01:26.181972+05:30,alert_before_data,no_candles,,,,
XSTOCK,30m,TSLAXUSD,ed7f906b95c38e52,2026-08-18T00:21:18.325782+05:30,BE,SL,0.02761299052774263,-1.3205812852062997,2026-08-18T01:00:00+05:30,2026-08-18T01:15:00+05:30
XSTOCK,30m,NVDL/USDT:USDT,0f68177ad44ca276,2026-08-18T00:21:19.032318+05:30,alert_before_data,no_candles,,,,
XSTOCK,30m,SOXX/USDT:USDT,9d0b7d53f05af7f0,2026-08-18T08:01:26.977662+05:30,alert_before_data,no_candles,,,,
XSTOCK,30m,SAMSUNG/USDT:USDT,ff72f23bc388d869,2026-08-18T08:21:21.763962+05:30,alert_before_data,no_candles,,,,
XSTOCK,30m,SKHYNIX/USDT:USDT,b601fa7eff50d605,2026-08-18T09:01:24.175661+05:30,alert_before_data,no_candles,,,,
XSTOCK,30m,TQQQ/USDT:USDT,4498ffee472bb2b3,2026-08-18T09:01:24.537927+05:30,alert_before_data,no_candles,,,,
XSTOCK,30m,IBM/USDT:USDT,3daaac69ba9b1ef7,2026-08-18T10:41:19.455672+05:30,alert_before_data,no_candles,,,,
XSTOCK,30m,NBIS/USDT:USDT,1b4f4937db063736,2026-08-18T13:41:11.003829+05:30,alert_before_data,no_candles,,,,
XSTOCK,30m,SOXX/USDT:USDT,6168926147c4c840,2026-08-18T19:41:21.099212+05:30,alert_before_data,no_candles,,,,
XSTOCK,30m,AXTI/USDT:USDT,5a1455af1ea7555c,2026-08-18T22:01:25.603261+05:30,alert_before_data,no_candles,,,,
XSTOCK,30m,MSFT/USDT:USDT,47359645a8cb81c1,2026-08-19T00:21:31.943872+05:30,alert_before_data,no_candles,,,,
XSTOCK,30m,HOOD/USDT:USDT,688050088e617da6,2026-08-19T00:41:11.368859+05:30,alert_before_data,no_candles,,,,
XSTOCK,30m,SOXX/USDT:USDT,d28659c629b899b5,2026-08-19T08:01:27.235016+05:30,alert_before_data,no_candles,,,,
XSTOCK,30m,AVGO/USDT:USDT,e51799d27fdbea05,2026-08-19T10:41:22.672851+05:30,alert_before_data,no_candles,,,,
XSTOCK,30m,NVDL/USDT:USDT,6de3d117bbe31c13,2026-08-19T10:41:22.913998+05:30,alert_before_data,no_candles,,,,
XSTOCK,30m,SOXX/USDT:USDT,1f6013e9c92c26bc,2026-08-19T11:01:23.229157+05:30,alert_before_data,no_candles,,,,
XSTOCK,30m,NBIS/USDT:USDT,3f2e9c7d70831350,2026-08-19T11:21:25.786704+05:30,alert_before_data,no_candles,,,,
XSTOCK,30m,CRCLXUSD,c5673982cd8a9546,2026-08-19T11:41:22.938980+05:30,zone_not_touched,+2R,,1.8102189781021905,,2026-08-19T11:45:00+05:30
XSTOCK,30m,TSLAXUSD,d5e590b9e8959fca,2026-08-19T13:01:41.139461+05:30,BE,SL,0.06444504954890967,-1.7498610412660984,2026-08-19T13:30:00+05:30,2026-08-19T13:35:00+05:30
XSTOCK,30m,AVGO/USDT:USDT,47743d14fabf1711,2026-08-19T13:01:42.655626+05:30,alert_before_data,no_candles,,,,
XSTOCK,30m,BABA/USDT:USDT,209724ef00470138,2026-08-19T13:01:43.029993+05:30,alert_before_data,no_candles,,,,
XSTOCK,30m,OPENAI/USDT:USDT,94cf83b6d2d783d5,2026-08-19T13:01:43.271054+05:30,alert_before_data,no_candles,,,,
XSTOCK,30m,MSFT/USDT:USDT,bf8423eb8dfb7ec6,2026-08-19T13:01:44.301494+05:30,alert_before_data,no_candles,,,,
XSTOCK,30m,TQQQ/USDT:USDT,ad1ddf92172bac0f,2026-08-19T13:01:44.502599+05:30,alert_before_data,no_candles,,,,
XSTOCK,30m,NVDL/USDT:USDT,bd1a2e00a43198e1,2026-08-19T13:41:31.086879+05:30,alert_before_data,no_candles,,,,
XSTOCK,30m,NBIS/USDT:USDT,a4a050322188ca61,2026-08-19T14:21:19.557836+05:30,alert_before_data,no_candles,,,,
XSTOCK,30m,DELL/USDT:USDT,037f007eb6a6e582,2026-08-19T17:21:19.481373+05:30,alert_before_data,no_candles,,,,
XSTOCK,30m,HOOD/USDT:USDT,2566c6d35c13f87f,2026-08-19T17:41:23.892253+05:30,alert_before_data,no_candles,,,,
XSTOCK,30m,MSFT/USDT:USDT,3f2effd123bb88de,2026-08-19T19:01:28.503193+05:30,alert_before_data,no_candles,,,,
XSTOCK,30m,MUBUSD,55a7663625c6cb4d,2026-08-19T19:41:12.947167+05:30,zone_not_touched,BE,,0.045324018613602524,,2026-08-19T19:45:00+05:30
XSTOCK,30m,BABA/USDT:USDT,862fbc6ec1cafadc,2026-08-19T19:41:13.083701+05:30,alert_before_data,no_candles,,,,
XSTOCK,30m,TQQQ/USDT:USDT,f92773a6f8c4986a,2026-08-19T20:01:33.408806+05:30,alert_before_data,no_candles,,,,
XSTOCK,30m,IBM/USDT:USDT,0da7b766d82b8ca6,2026-08-19T20:21:22.900600+05:30,alert_before_data,no_candles,,,,
XSTOCK,30m,HOOD/USDT:USDT,0d941970006eb4ef,2026-08-19T20:41:25.057332+05:30,alert_before_data,no_candles,,,,
XSTOCK,30m,HOOD/USDT:USDT,079dc0af28121c5e,2026-08-19T22:01:30.162119+05:30,alert_before_data,no_candles,,,,
XSTOCK,30m,IBM/USDT:USDT,8f6757ae60e75c91,2026-08-20T08:01:31.024731+05:30,alert_before_data,no_candles,,,,
XSTOCK,30m,BABA/USDT:USDT,a29c45514fa97cea,2026-08-20T09:41:20.941618+05:30,alert_before_data,no_candles,,,,
XSTOCK,30m,MSFT/USDT:USDT,8d0aa2dc5bc1e028,2026-08-20T09:41:21.176470+05:30,alert_before_data,no_candles,,,,
XSTOCK,30m,FLNC/USDT:USDT,be8eb8e4c47bc19b,2026-08-20T10:01:24.144974+05:30,alert_before_data,no_candles,,,,
XSTOCK,30m,AXTI/USDT:USDT,3d771676074f26ed,2026-08-20T11:41:20.160566+05:30,alert_before_data,no_candles,,,,
XSTOCK,30m,DELL/USDT:USDT,628551efa009adca,2026-08-20T12:21:18.117397+05:30,alert_before_data,no_candles,,,,
XSTOCK,30m,COINXUSD,0598e133be41605d,2026-08-20T12:41:19.224261+05:30,+1R,SL,0.6368320486374857,-1.5452519270437937,2026-08-20T13:30:00+05:30,2026-08-20T13:35:00+05:30
XSTOCK,30m,TQQQ/USDT:USDT,ab9cba9ab2ef83d7,2026-08-20T14:01:24.407254+05:30,alert_before_data,no_candles,,,,
XSTOCK,30m,OPENAI/USDT:USDT,a13dfdd23c019542,2026-08-21T10:01:22.338750+05:30,alert_before_data,no_candles,,,,
XSTOCK,30m,NVDL/USDT:USDT,bdd144e80324846b,2026-08-21T14:01:26.777755+05:30,alert_before_data,no_candles,,,,
XSTOCK,30m,AVGO/USDT:USDT,5fa3b0b82b6dab6c,2026-08-21T16:01:30.819630+05:30,alert_before_data,no_candles,,,,
XSTOCK,30m,BABA/USDT:USDT,7a2eb3941e9f1fd1,2026-08-21T16:01:31.095480+05:30,alert_before_data,no_candles,,,,
XSTOCK,30m,NVDL/USDT:USDT,d546fdf67cc71dfd,2026-08-21T19:41:23.658374+05:30,alert_before_data,no_candles,,,,
XSTOCK,30m,SKHYNIX/USDT:USDT,8b2a744cc0a54c87,2026-08-21T20:01:26.043290+05:30,alert_before_data,no_candles,,,,
XSTOCK,30m,GOOGLXUSD,b9d5054b29d5d243,2026-08-21T22:21:21.075104+05:30,+1R,BE,0.742912275493531,0.033164316461332055,2026-08-21T22:30:00+05:30,2026-08-21T22:25:00+05:30
XSTOCK,30m,MSFT/USDT:USDT,c54e4daf50c1e27b,2026-08-22T00:01:22.999073+05:30,alert_before_data,no_candles,,,,
XSTOCK,30m,MSTRBUSD,4feb42eb25e266f7,2026-08-22T00:41:18.901061+05:30,+1R,+1R,0.9635932669603953,0.2526563374796102,2026-08-22T01:00:00+05:30,2026-08-22T00:45:00+05:30
XSTOCK,30m,SAMSUNG/USDT:USDT,e5636ebb499bef61,2026-08-22T10:41:12.324839+05:30,alert_before_data,no_candles,,,,
XSTOCK,30m,MSFT/USDT:USDT,7fb245b1554781db,2026-08-22T10:41:12.685332+05:30,alert_before_data,no_candles,,,,
XSTOCK,30m,OPENAI/USDT:USDT,d13e49871e63117f,2026-08-22T11:41:19.443475+05:30,alert_before_data,no_candles,,,,
XSTOCK,30m,MSFT/USDT:USDT,0155ea3dd90777a2,2026-08-22T13:01:27.930730+05:30,alert_before_data,no_candles,,,,
XSTOCK,30m,CRCLXUSD,0e0e2670a7fe2485,2026-08-22T15:41:20.919263+05:30,zone_not_touched,BE,,0.017651244992530124,,2026-08-22T15:50:00+05:30
XSTOCK,30m,METAXUSD,964936ca04ce310d,2026-08-22T16:01:14.321817+05:30,Neither,Neither,-0.16699741515885239,-0.01690986408738379,2026-08-22T16:30:00+05:30,2026-08-22T16:05:00+05:30
XSTOCK,30m,COINXUSD,e83d3901f59d122e,2026-08-22T20:21:16.545013+05:30,+1R,BE,0.7118487656724606,0.03717150922827206,2026-08-22T20:30:00+05:30,2026-08-22T20:25:00+05:30
XSTOCK,30m,AVGO/USDT:USDT,5795610f57dc4f45,2026-08-22T20:21:16.718985+05:30,alert_before_data,no_candles,,,,
XSTOCK,30m,TQQQ/USDT:USDT,1c3852f0796f4896,2026-08-22T20:21:17.082705+05:30,alert_before_data,no_candles,,,,
XSTOCK,30m,BABA/USDT:USDT,52c8bec0dbbbfdfe,2026-08-22T20:41:21.690791+05:30,alert_before_data,no_candles,,,,
XSTOCK,30m,HOOD/USDT:USDT,6e449472cf344fd2,2026-08-22T20:41:22.007167+05:30,alert_before_data,no_candles,,,,
XSTOCK,30m,MSFT/USDT:USDT,fc3ffc468f450859,2026-08-23T08:02:03.977235+05:30,alert_before_data,no_candles,,,,
XSTOCK,30m,SPCXXUSD,aae64115b2001413,2026-08-23T10:22:02.205497+05:30,BE,SL,0.05242447826091057,-1.6090869565217352,2026-08-23T10:30:00+05:30,2026-08-23T10:45:00+05:30
XSTOCK,30m,AXTI/USDT:USDT,38b8121e2dd7018e,2026-08-23T11:02:03.393824+05:30,alert_before_data,no_candles,,,,
XSTOCK,30m,MRVL/USDT:USDT,5487dc8cff653211,2026-08-23T11:02:03.604605+05:30,+1R,+1R,0.5021878256800689,1.4666900270115386,2026-08-23T11:30:00+05:30,2026-08-23T11:35:00+05:30
XSTOCK,30m,HOOD/USDT:USDT,851af11dc7618e8a,2026-08-23T12:02:03.753700+05:30,alert_before_data,no_candles,,,,
XSTOCK,30m,SPCXXUSD,319ac395a9ea3ad5,2026-08-23T15:42:04.819219+05:30,+1R,SL,0.5334369296463413,-1.7003446055305222,2026-08-23T16:00:00+05:30,2026-08-23T15:45:00+05:30
XSTOCK,30m,MSFT/USDT:USDT,b6551841d1cc4dd0,2026-08-23T19:22:02.373641+05:30,alert_before_data,no_candles,,,,
XSTOCK,30m,SKHYNIX/USDT:USDT,1c73708a0841f691,2026-08-23T22:22:12.200340+05:30,alert_before_data,no_candles,,,,
XSTOCK,30m,SNDKBUSD,2edebe066eb72601,2026-08-24T09:00:22.388585+05:30,+1R,SL,0.7794890210837737,-1.330266468374345,2026-08-24T09:30:00+05:30,2026-08-24T09:05:00+05:30
XSTOCK,30m,AXTI/USDT:USDT,05d2ad7bf1e609bd,2026-08-24T09:22:03.165839+05:30,alert_before_data,no_candles,,,,
XSTOCK,30m,CRCLXUSD,84bde7ce4f1f7486,2026-08-24T09:33:35.897482+05:30,zone_not_touched,+2R,,1.5914383301707622,,2026-08-24T09:35:00+05:30
XSTOCK,30m,MSTRBUSD,baca924d5a7363c9,2026-08-24T18:40:55.701885+05:30,BE,SL,0.03480499367295847,-1.4052092287553286,2026-08-24T19:30:00+05:30,2026-08-24T19:35:00+05:30
XSTOCK,30m,MSFT/USDT:USDT,b2fd9e5954d9226d,2026-08-24T20:42:10.620148+05:30,alert_before_data,no_candles,,,,
XSTOCK,30m,AXTI/USDT:USDT,3cbef5f31e5d472d,2026-08-25T10:51:41.184446+05:30,alert_before_data,no_candles,,,,
XSTOCK,30m,SKHYNIX/USDT:USDT,dbdc6fdcf4a4be2d,2026-08-25T11:42:21.228675+05:30,alert_before_data,no_candles,,,,
XSTOCK,30m,SOXLBUSD,935efb9347e71d88,2026-08-25T13:02:14.761250+05:30,+1R,SL,0.6702352757868413,-1.4951470863197458,2026-08-25T13:30:00+05:30,2026-08-25T13:50:00+05:30
XSTOCK,30m,CRCLXUSD,4bb4e2fb49697a81,2026-08-25T18:22:15.939885+05:30,+2R,SL,1.5934023221787035,-1.6093965167319282,2026-08-25T18:30:00+05:30,2026-08-25T18:40:00+05:30
XSTOCK,30m,MSFT/USDT:USDT,f0cbfa142c145e32,2026-08-25T20:42:16.754338+05:30,alert_before_data,no_candles,,,,
XSTOCK,30m,CRCLXUSD,a954f7ee9ac61209,2026-08-26T00:39:15.009499+05:30,zone_not_touched,BE,,0.032701184437081976,,2026-08-26T00:40:00+05:30
XSTOCK,30m,SPCXXUSD,a1d29729e450f0cb,2026-08-26T18:42:19.564416+05:30,+2R,SL,1.5655916030534436,-1.651112595419845,2026-08-26T19:00:00+05:30,2026-08-26T19:00:00+05:30
XSTOCK,30m,MSFT/USDT:USDT,f9eeff16e17ce078,2026-08-26T19:02:24.830803+05:30,alert_before_data,no_candles,,,,
XSTOCK,30m,SOXLBUSD,1d00884818277dae,2026-08-27T14:02:20.827405+05:30,zone_not_touched,+2R,,1.7556465591295265,,2026-08-27T14:15:00+05:30
XSTOCK,30m,COINXUSD,4d0bf8c7074bceee,2026-08-27T15:22:16.768216+05:30,zone_not_touched,BE,,0.04140842768802805,,2026-08-27T15:25:00+05:30
XSTOCK,30m,INTCBUSD,956c70d98e8927f4,2026-08-27T15:42:05.524216+05:30,zone_not_touched,+2R,,1.613017146486,,2026-08-27T15:45:00+05:30
XSTOCK,30m,MSFT/USDT:USDT,9a5806281dd9f3a6,2026-08-27T19:22:16.345115+05:30,alert_before_data,no_candles,,,,
XSTOCK,30m,MSFT/USDT:USDT,ddaf9fefee69a943,2026-08-28T18:22:06.628689+05:30,alert_before_data,no_candles,,,,
XSTOCK,30m,AXTI/USDT:USDT,fbb807ab5fce89c4,2026-08-29T18:22:04.365854+05:30,alert_before_data,no_candles,,,,
XSTOCK,30m,MSFT/USDT:USDT,942a808df24b0a48,2026-08-30T18:22:05.391302+05:30,alert_before_data,no_candles,,,,
XSTOCK,30m,NBIS/USDT:USDT,f27a88e7c6bf50ee,2026-08-30T22:22:05.802977+05:30,alert_before_data,no_candles,,,,
XSTOCK,30m,SPCXXUSD,a6846e3e9b96bc53,2026-08-31T20:42:16.307143+05:30,+1R,SL,0.5077036705460772,-1.7389444941808359,2026-08-31T21:00:00+05:30,2026-08-31T20:45:00+05:30
XSTOCK,30m,MSFT/USDT:USDT,8a4a1cb6de37880e,2026-09-01T14:02:23.019664+05:30,stop_too_tight,no_candles,,,,
XSTOCK,30m,NBIS/USDT:USDT,5b8f8d2362a2d280,2026-09-01T16:42:23.021374+05:30,BE,no_candles,0.048951617696750716,,2026-09-01T17:00:00+05:30,
XSTOCK,30m,MSFT/USDT:USDT,6fdc70266ee3a2b3,2026-09-02T13:41:48.660823+05:30,stop_too_tight,no_candles,,,,
XSTOCK,30m,SAMSUNG/USDT:USDT,e45efa15e4c79a1f,2026-09-02T19:41:49.096506+05:30,+2R,no_candles,1.6164132804145708,,2026-09-02T20:00:00+05:30,
XSTOCK,30m,MSFT/USDT:USDT,eb6a74ace75d8d4b,2026-09-03T14:41:43.349187+05:30,zone_not_touched,no_candles,,,,
XSTOCK,30m,MSFT/USDT:USDT,c9aeb1ef4db5f3fc,2026-09-03T19:21:52.253451+05:30,stop_too_tight,no_candles,,,,
XSTOCK,30m,MRVL/USDT:USDT,3f6e3a6cd400c0a7,2026-09-03T21:21:38.848310+05:30,zone_not_touched,BE,,0.054420036091407165,,2026-09-03T21:25:00+05:30
XSTOCK,30m,SAMSUNG/USDT:USDT,248d03db574426a9,2026-09-04T00:23:48.847428+05:30,zone_not_touched,no_candles,,,,
XSTOCK,30m,SNDKBUSD,2e91331ab7609797,2026-09-04T22:01:55.186989+05:30,SL,BE,-1.3744104304768197,0.032156297021018354,2026-09-04T22:30:00+05:30,2026-09-04T22:05:00+05:30
XSTOCK,30m,AXTI/USDT:USDT,4c9228806586a13c,2026-09-06T09:21:48.257587+05:30,+1R,no_candles,0.8406249999999966,,2026-09-06T09:30:00+05:30,
XSTOCK,30m,SAMSUNG/USDT:USDT,86e23ee826df1c55,2026-09-06T11:21:46.563993+05:30,stop_too_tight,no_candles,,,,
XSTOCK,30m,SAMSUNG/USDT:USDT,b0fea129d5bd1bba,2026-09-06T20:01:47.494201+05:30,zone_not_touched,no_candles,,,,
XSTOCK,30m,MSFT/USDT:USDT,5d51a69ed90f3847,2026-09-06T20:21:37.756761+05:30,zone_not_touched,no_candles,,,,
XSTOCK,30m,MRVL/USDT:USDT,26c0622f9ab2df58,2026-09-07T08:11:50.941488+05:30,stop_too_tight,zone_not_touched,,,,
XSTOCK,30m,AXTI/USDT:USDT,5995c59a10827fac,2026-09-07T09:31:54.023841+05:30,SL,no_candles,-1.2395625000000203,,2026-09-07T10:00:00+05:30,
XSTOCK,30m,MSFT/USDT:USDT,cfc3499eda87bd0c,2026-09-07T10:31:56.288960+05:30,zone_not_touched,no_candles,,,,
XSTOCK,30m,SAMSUNG/USDT:USDT,9eac02c6ed84dbec,2026-09-07T11:01:59.877306+05:30,stop_too_tight,no_candles,,,,
XSTOCK,30m,NVDAXUSD,405db0569933122c,2026-09-08T09:01:51.295998+05:30,zone_not_touched,stop_too_tight,,,,
XSTOCK,30m,AXTI/USDT:USDT,4ab49b1517a13e80,2026-09-08T09:21:44.964194+05:30,stop_too_tight,no_candles,,,,
XSTOCK,30m,MSFT/USDT:USDT,0e02ef03a6d0318d,2026-09-08T18:11:41.331668+05:30,zone_not_touched,no_candles,,,,
XSTOCK,30m,MSFT/USDT:USDT,990eb8f2f517ee73,2026-09-08T18:52:04.073227+05:30,stop_too_tight,no_candles,,,,
XSTOCK,30m,SAMSUNG/USDT:USDT,3da518b246fb98df,2026-09-09T08:11:55.825616+05:30,+2R,no_candles,1.7229830508474406,,2026-09-09T08:30:00+05:30,
XSTOCK,30m,TSLAXUSD,2c587c94818e0bb2,2026-09-09T13:11:56.260068+05:30,BE,SL,0.03812724000001749,-1.4438400000000224,2026-09-09T13:30:00+05:30,2026-09-09T13:30:00+05:30
XSTOCK,30m,SAMSUNG/USDT:USDT,dd0553e13fb1b98d,2026-09-09T15:32:04.346642+05:30,BE,no_candles,0.027436063999987603,,2026-09-09T16:00:00+05:30,
XSTOCK,30m,MSFT/USDT:USDT,f0f8eafc7470c34b,2026-09-09T19:41:54.160315+05:30,zone_not_touched,no_candles,,,,
XSTOCK,30m,NVDAXUSD,53559d485676e0e2,2026-09-10T00:32:05.550677+05:30,zone_not_touched,stop_too_tight,,,,
XSTOCK,30m,MSFT/USDT:USDT,2f36120fba8cc3ab,2026-09-10T09:01:55.768840+05:30,zone_not_touched,no_candles,,,,
XSTOCK,30m,TSLAXUSD,e98de71f895a1f26,2026-09-10T16:52:03.909147+05:30,+1R,SL,0.5136000000000369,-1.7290999999999581,2026-09-10T17:00:00+05:30,2026-09-10T17:15:00+05:30
XSTOCK,30m,AXTI/USDT:USDT,cbb14a331be569f0,2026-09-10T17:32:04.611462+05:30,stop_too_tight,no_candles,,,,
XSTOCK,30m,SOXLBUSD,44130bbe049e2b1c,2026-09-11T08:01:56.523100+05:30,SL,BE,-1.4562999999999886,0.039284800000009834,2026-09-11T08:30:00+05:30,2026-09-11T08:10:00+05:30
XSTOCK,30m,MSFT/USDT:USDT,e556ac2422e513c5,2026-09-11T17:02:32.747478+05:30,stop_too_tight,no_candles,,,,
XSTOCK,30m,TSLAXUSD,5da82e1eb0adf116,2026-09-11T19:32:04.917262+05:30,zone_not_touched,BE,,0.021701485714295976,,2026-09-11T19:35:00+05:30
XSTOCK,30m,SAMSUNG/USDT:USDT,0fbf960fa76a4368,2026-09-12T08:01:58.416229+05:30,zone_not_touched,no_candles,,,,
XSTOCK,30m,AXTI/USDT:USDT,97a50c2abbf32800,2026-09-12T15:11:56.552555+05:30,zone_not_touched,no_candles,,,,
XSTOCK,30m,MSFT/USDT:USDT,c4388f5a33a04492,2026-09-12T19:12:07.607339+05:30,zone_not_touched,no_candles,,,,
XSTOCK,30m,SAMSUNG/USDT:USDT,95ae0595131ba00a,2026-09-12T21:21:50.328785+05:30,zone_not_touched,no_candles,,,,
XSTOCK,30m,MSFT/USDT:USDT,c82091666fa94b1b,2026-09-13T09:41:56.757711+05:30,zone_not_touched,no_candles,,,,
XSTOCK,30m,SAMSUNG/USDT:USDT,9db86d44f5f33f5d,2026-09-13T16:11:48.293572+05:30,BE,no_candles,0.046548114285721254,,2026-09-13T16:30:00+05:30,
XSTOCK,30m,MSFT/USDT:USDT,49eed3f473e605e5,2026-09-13T16:41:52.789519+05:30,zone_not_touched,no_candles,,,,
XSTOCK,30m,AXTI/USDT:USDT,69bb1db70bb0c099,2026-09-14T13:42:05.511729+05:30,BE,no_candles,0.01300319999999891,,2026-09-14T14:00:00+05:30,
XSTOCK,30m,MSFT/USDT:USDT,3e0a140c67a3a7ee,2026-09-14T14:33:53.211689+05:30,zone_not_touched,no_candles,,,,
XSTOCK,30m,MSFT/USDT:USDT,8a0707a2694babbe,2026-09-14T16:52:03.057709+05:30,BE,no_candles,0.0375278890510965,,2026-09-14T17:00:00+05:30,
XSTOCK,30m,METAXUSD,13655053866853c0,2026-09-14T17:11:57.765910+05:30,zone_not_touched,SL,,-1.4689235294118053,,2026-09-14T17:15:00+05:30
XSTOCK,30m,SAMSUNG/USDT:USDT,533e1dcd0a8e3b0c,2026-09-14T19:42:06.541519+05:30,SL,no_candles,-1.1507000000000083,,2026-09-14T20:00:00+05:30,
XSTOCK,30m,TSLAXUSD,fbc9179c58c42e01,2026-09-15T10:41:40.372895+05:30,BE,zone_not_touched,0.024699199999991123,,2026-09-15T12:00:00+05:30,
XSTOCK,30m,SOXLBUSD,bcf9d68019a02460,2026-09-15T10:41:40.716125+05:30,zone_not_touched,+2R,,1.8925333333333334,,2026-09-15T10:45:00+05:30
XSTOCK,30m,SNDKBUSD,003d6fcae2bc6b26,2026-09-15T23:41:12.001455+05:30,+1R,+1R,0.8870437209302325,0.980997209302329,2026-09-16T00:00:00+05:30,2026-09-15T23:45:00+05:30
XSTOCK,30m,SAMSUNG/USDT:USDT,548f1bf29163d2e2,2026-09-16T08:31:44.830708+05:30,stop_too_tight,no_candles,,,,
XSTOCK,30m,SAMSUNG/USDT:USDT,52cd0e7cf7bccd6a,2026-09-16T09:31:34.115889+05:30,zone_not_touched,no_candles,,,,
XSTOCK,30m,AXTI/USDT:USDT,8e450d48121c57f0,2026-09-16T11:51:20.629775+05:30,BE,no_candles,0.013027353191485777,,2026-09-16T12:00:00+05:30,
XSTOCK,30m,MSFT/USDT:USDT,a98277fe0fd92389,2026-09-16T12:41:49.662895+05:30,SL,no_candles,-1.5569616822430117,,2026-09-16T13:00:00+05:30,
XSTOCK,30m,SNDKBUSD,350ec5ab3487b154,2026-09-17T00:41:44.197826+05:30,zone_not_touched,BE,,0.01468721876171851,,2026-09-17T00:50:00+05:30
XSTOCK,30m,TSLAXUSD,cd96b149df7a128c,2026-09-17T00:51:35.361544+05:30,zone_not_touched,+2R,,1.7888296296296295,,2026-09-17T00:55:00+05:30
XSTOCK,30m,TSLAXUSD,bf302f0efb20cf94,2026-09-17T19:41:34.902565+05:30,zone_not_touched,+2R,,1.8780571428571429,,2026-09-17T19:45:00+05:30
XSTOCK,30m,TSLAXUSD,36efe9eb14f32b6f,2026-09-19T21:01:44.086663+05:30,stop_too_tight,zone_not_touched,,,,
XSTOCK,30m,MRVL/USDT:USDT,a7a3cfc84644eb23,2026-09-20T22:11:28.467276+05:30,stop_too_tight,zone_not_touched,,,,
XSTOCK,30m,TSLAXUSD,05c768b7080a93b5,2026-09-21T13:41:42.334485+05:30,zone_cooldown,BE,,0.0347596363636376,,2026-09-21T14:35:00+05:30
XSTOCK,30m,NVDAXUSD,85e0c51583cc5b0d,2026-09-22T15:31:43.705286+05:30,BE,+2R,0.031317759999996725,1.7572266666666667,2026-09-22T16:00:00+05:30,2026-09-22T16:25:00+05:30
XSTOCK,30m,SOXLBUSD,eee129a0293f2c79,2026-09-24T12:36:30.388960+05:30,BE,SL,0.018163199999988083,-1.21069999999999,2026-09-24T13:30:00+05:30,2026-09-24T13:30:00+05:30
XSTOCK,30m,TSLAXUSD,1c685eb5180a9b4c,2026-09-24T14:06:18.351034+05:30,+1R,+1R,0.8719319148936145,0.6719319148936378,2026-09-24T15:00:00+05:30,2026-09-24T14:15:00+05:30
XSTOCK,30m,SOXLBUSD,9d78d45ccfb82368,2026-09-25T11:46:33.077343+05:30,zone_not_touched,stop_too_tight,,,,
XSTOCK,30m,TSLAXUSD,cc0969db1adcd60b,2026-09-28T08:01:51.300555+05:30,Neither,Neither,-0.6752727272727239,-0.7189090909090975,2026-09-28T08:30:00+05:30,2026-09-28T08:05:00+05:30
XSTOCK,30m,TSLAXUSD,2b77773a003943b1,2026-09-28T19:13:18.921977+05:30,SL,data_quality_ambiguous,-1.3346692307692434,,2026-09-28T19:30:00+05:30,2026-09-28T19:15:00+05:30
XSTOCK,30m,SOXLBUSD,08160f864a5551e5,2026-09-30T18:36:40.587464+05:30,+2R,BE,1.7825454545454544,0.02805163636365479,2026-09-30T19:00:00+05:30,2026-09-30T18:40:00+05:30
XSTOCK,30m,NVDAXUSD,cb42c26c783e349a,2026-10-01T10:36:44.253551+05:30,+1R,+1R,0.8184862745098007,0.7439764705882539,2026-10-01T11:00:00+05:30,2026-10-01T11:25:00+05:30
XSTOCK,30m,NVDAXUSD,27b5b0be861374ad,2026-10-01T20:37:23.278507+05:30,zone_not_touched,+2R,,1.5432,,2026-10-01T20:40:00+05:30
XSTOCK,30m,SNDKBUSD,c5f450bea055e9f1,2026-10-02T20:48:22.081933+05:30,+1R,BE,0.8884188006482995,0.014393974716366137,2026-10-02T20:50:00+05:30,2026-10-02T20:50:00+05:30
OTHER,30m,SLVONUSD,c42fdc1719d4b7ea,2026-08-13T19:53:28.024899+05:30,+1R,BE,0.8318307109222477,0.02169383829103222,2026-08-13T20:00:00+05:30,2026-08-13T20:00:00+05:30
OTHER,30m,SLVONUSD,a1ed21bc8d05fad1,2026-08-19T18:41:26.977220+05:30,BE,SL,0.0630395684106207,-1.7335182373329343,2026-08-19T19:00:00+05:30,2026-08-19T19:00:00+05:30
OTHER,30m,SLVONUSD,47129017238d4d2a,2026-08-31T08:02:27.877117+05:30,zone_not_touched,BE,,0.05464958638073075,,2026-08-31T08:05:00+05:30
OTHER,30m,SLVONUSD,8ff3e9499075bee1,2026-09-09T19:41:53.851163+05:30,+2R,BE,1.8999999999999995,0.012900000000000661,2026-09-09T20:00:00+05:30,2026-09-09T19:45:00+05:30
OTHER,30m,SLVONUSD,84f190374c6d296e,2026-09-15T13:32:19.694052+05:30,zone_not_touched,+2R,,1.837685714285715,,2026-09-15T13:35:00+05:30
OTHER,30m,SLVONUSD,2391dd7c40e9e0ca,2026-09-17T00:41:43.732578+05:30,zone_not_touched,+2R,,1.837685714285715,,2026-09-17T00:45:00+05:30
OTHER,30m,SLVONUSD,a2a209a35e74c295,2026-09-21T12:31:45.263277+05:30,zone_cooldown,SL,,-1.5515000000000003,,2026-09-21T12:40:00+05:30
OTHER,30m,SLVONUSD,151b77c8ecb5bc7f,2026-10-01T08:32:01.870797+05:30,+1R,+1R,0.886215384615384,1.1374974358974415,2026-10-01T09:00:00+05:30,2026-10-01T08:35:00+05:30
CRYPTO,4h,XLM/USDT,3e2454faa9854afc,2026-08-11T12:21:31.254122+05:30,Neither,BE,-0.16715823701680543,0.010807922793918831,2026-08-11T13:30:00+05:30,2026-08-11T12:25:00+05:30
CRYPTO,4h,AAVEUSD,182121eafb2de297,2026-08-11T21:21:32.308866+05:30,+1R,+1R,0.9322145928754173,0.8031524841170475,2026-08-11T21:30:00+05:30,2026-08-11T21:25:00+05:30
CRYPTO,4h,WIF/USDT,df7978e2f2ec786d,2026-08-11T21:21:33.047967+05:30,immature,zone_not_touched,,,,
CRYPTO,4h,DASH/USDT,8f775a5e78f33148,2026-08-11T21:21:33.815422+05:30,Neither,zone_not_touched,0.6275641391920449,,2026-08-11T21:30:00+05:30,
CRYPTO,4h,ARBUSD,bd931eb23961ce22,2026-08-11T21:41:32.492224+05:30,immature,+1R,,0.9491131952827546,,2026-08-11T21:45:00+05:30
CRYPTO,4h,HOME/USDT,63c3420ec3f88b56,2026-08-11T22:01:35.611613+05:30,immature,data_missing,,,,
CRYPTO,4h,NEARUSD,cdeb46d2320cbfd7,2026-08-12T12:02:00.144043+05:30,+1R,BE,0.894377433148254,0.013625311123880393,2026-08-12T13:30:00+05:30,2026-08-12T12:05:00+05:30
CRYPTO,4h,LINKUSD,21ac5185edb93946,2026-08-12T16:21:22.125085+05:30,+1R,+1R,0.9205676572417766,0.5967794287363104,2026-08-12T17:30:00+05:30,2026-08-12T16:25:00+05:30
CRYPTO,4h,BTCUSD,227ba1bef81dda1c,2026-08-13T13:41:23.251529+05:30,+1R,BE,0.8239203809074963,0.02271427086293426,2026-08-13T17:30:00+05:30,2026-08-13T16:50:00+05:30
CRYPTO,4h,XRPUSD,6013f7b42963eca9,2026-08-13T17:01:40.227285+05:30,Neither,BE,-0.15259177621322134,0.009395542246421251,2026-08-13T17:30:00+05:30,2026-08-13T17:05:00+05:30
CRYPTO,4h,PUMPUSD,8afc18c4f170a4dc,2026-08-13T21:21:34.997403+05:30,Neither,Neither,-0.5237868934467256,-0.24031182257795589,2026-08-13T21:30:00+05:30,2026-08-13T21:25:00+05:30
CRYPTO,4h,POL/USDT,009c7ac05125fd2f,2026-08-13T21:41:22.324469+05:30,Neither,Neither,0.8036494877715192,-0.19390705911361805,2026-08-14T01:30:00+05:30,2026-08-13T22:10:00+05:30
CRYPTO,4h,FARTCOIN/USDT,603718eb3ea192ef,2026-08-14T06:01:32.464173+05:30,+1R,SL,0.9306160395361348,-1.104575940695793,2026-08-14T09:30:00+05:30,2026-08-14T06:05:00+05:30
CRYPTO,4h,DOTUSD,0eb3202d17a33fdd,2026-08-14T14:01:29.304760+05:30,immature,Neither,,0.41159852468021507,,2026-08-14T15:05:00+05:30
CRYPTO,4h,BNBUSD,d74dd30c1e219ce9,2026-08-14T16:41:31.939442+05:30,immature,zone_not_touched,,,,
CRYPTO,4h,SUIUSD,6ec140c3bd0720e6,2026-08-14T20:41:25.024643+05:30,immature,zone_not_touched,,,,
CRYPTO,4h,US/USDT,096da645790d9eea,2026-08-14T20:41:25.293215+05:30,SL,data_missing,-1.0278086478738648,,2026-08-14T21:30:00+05:30,
CRYPTO,4h,GWEI/USDT,a20826faa972c306,2026-08-15T22:41:27.301107+05:30,SL,data_missing,-1.0583671987042145,,2026-08-16T01:30:00+05:30,
CRYPTO,4h,TAIKO/USDT,673676600a3f8b86,2026-08-16T00:01:32.886494+05:30,Neither,data_missing,0.5761465923703409,,2026-08-16T01:30:00+05:30,
CRYPTO,4h,PENGU/USDT,c0044c20bb0f6a84,2026-08-16T05:01:34.604395+05:30,Neither,Neither,0.16494531814322344,0.36770538961615334,2026-08-16T05:30:00+05:30,2026-08-16T05:05:00+05:30
CRYPTO,4h,HBAR/USDT,361211e394858a7f,2026-08-16T05:41:24.928338+05:30,Neither,Neither,-0.4585694249649357,-0.2528658251519411,2026-08-16T09:30:00+05:30,2026-08-16T07:20:00+05:30
CRYPTO,4h,ZRO/USDT,8cd1513028bfef96,2026-08-16T09:41:22.654159+05:30,Neither,Neither,-0.8591217469077933,-0.47736742217664924,2026-08-16T13:30:00+05:30,2026-08-16T09:45:00+05:30
CRYPTO,4h,ZECUSD,1b8a456065c25e94,2026-08-16T10:21:22.113870+05:30,Neither,BE,0.03290632536269046,0.011846316820007127,2026-08-16T13:30:00+05:30,2026-08-16T11:45:00+05:30
CRYPTO,4h,ENA/USDT,f7e744ddc6be848e,2026-08-16T12:01:31.087777+05:30,Neither,Neither,-0.3482203877903686,-0.27143021693223657,2026-08-16T13:30:00+05:30,2026-08-16T12:05:00+05:30
CRYPTO,4h,BNBUSD,cc9a54f8199266ff,2026-08-16T12:01:31.476615+05:30,immature,zone_not_touched,,,,
CRYPTO,4h,DEXE/USDT,1227dffd7b6f24d5,2026-08-16T13:41:22.821691+05:30,SL,data_missing,-1.1250956254558644,,2026-08-16T17:30:00+05:30,
CRYPTO,4h,ORDI/USDT,448bfd3835759241,2026-08-16T13:41:23.299666+05:30,Neither,Neither,0.10448846612561033,-0.12822526689355898,2026-08-16T17:30:00+05:30,2026-08-16T13:45:00+05:30
CRYPTO,4h,GALA/USDT,766a01ee0081cedc,2026-08-16T14:01:34.622307+05:30,Neither,Neither,0.29009442179715184,0.2552524302289091,2026-08-16T17:30:00+05:30,2026-08-16T14:05:00+05:30
CRYPTO,4h,ALGO/USDT,bc86983f18275157,2026-08-16T19:01:33.551852+05:30,Neither,data_missing,0.17352405584439679,,2026-08-16T21:30:00+05:30,
CRYPTO,4h,ERA/USDT,c1f9ad5eb203163f,2026-08-16T20:21:21.079051+05:30,+2R,data_missing,1.9042916026832617,,2026-08-17T01:30:00+05:30,
CRYPTO,4h,TIAUSD,582a17607cc623d3,2026-08-16T21:21:19.045185+05:30,+1R,+2R,0.8935045317220541,1.893504531722054,2026-08-16T21:30:00+05:30,2026-08-16T21:40:00+05:30
CRYPTO,4h,ZECUSD,86040645644b84b5,2026-08-16T21:41:14.871535+05:30,immature,+1R,,1.2789658954854846,,2026-08-16T21:45:00+05:30
CRYPTO,4h,ZECUSD,f75c6843f0a788ff,2026-08-17T08:11:06.797458+05:30,SL,zone_cooldown,-1.1333764078776665,,2026-08-17T09:30:00+05:30,
CRYPTO,4h,BNBUSD,3446963df530363c,2026-08-17T08:11:07.076339+05:30,immature,zone_not_touched,,,,
CRYPTO,4h,BNBUSD,4af213e8663b2e67,2026-08-17T10:11:06.328636+05:30,immature,zone_not_touched,,,,
CRYPTO,4h,HYPEUSD,0ae562571107932b,2026-08-17T16:31:18.322568+05:30,immature,zone_not_touched,,,,
CRYPTO,4h,BNBUSD,b32ed2d06f0ee42d,2026-08-17T19:11:12.643644+05:30,immature,zone_not_touched,,,,
CRYPTO,4h,AVAXUSD,e288deb587ad06bf,2026-08-17T22:31:17.162717+05:30,Neither,Neither,0.09645044793391823,-0.2626947864083461,2026-08-18T01:30:00+05:30,2026-08-17T22:35:00+05:30
CRYPTO,4h,ERA/USDT,24a5f4d488eb2b26,2026-08-18T00:51:13.230904+05:30,SL,data_missing,-1.1430625959751057,,2026-08-18T01:30:00+05:30,
CRYPTO,4h,TAO/USDT,72e9ef484dd8f89c,2026-08-18T08:11:12.937650+05:30,+2R,SL,1.851926505930691,-1.2216102411039687,2026-08-18T09:30:00+05:30,2026-08-18T08:25:00+05:30
CRYPTO,4h,BNBUSD,03030fc6090a89ac,2026-08-18T08:11:13.296379+05:30,immature,+1R,,0.5612852706181793,,2026-08-18T18:35:00+05:30
CRYPTO,4h,TRUMP/USDT,51252347d09e7825,2026-08-18T08:31:15.839058+05:30,immature,Neither,,0.6685073412953182,,2026-08-18T08:35:00+05:30
CRYPTO,4h,TAIKO/USDT,9faaefedb432b3b8,2026-08-18T08:31:16.038414+05:30,+1R,data_missing,0.9249395464348734,,2026-08-18T09:30:00+05:30,
CRYPTO,4h,HYPEUSD,611ecf3978d8810e,2026-08-18T12:11:13.552652+05:30,+1R,BE,0.9034296028880845,0.012457581227440909,2026-08-18T13:30:00+05:30,2026-08-18T12:15:00+05:30
CRYPTO,4h,PEOPLE/USDT,9c0657863d7404dd,2026-08-18T16:11:12.302961+05:30,Neither,SL,-0.19045635528330815,-1.0472871362940284,2026-08-18T17:30:00+05:30,2026-08-18T16:15:00+05:30
CRYPTO,4h,BCHUSD,fdb7f71cef0d6755,2026-08-18T17:51:11.234389+05:30,immature,BE,,0.012512814047644538,,2026-08-18T17:55:00+05:30
CRYPTO,4h,1000PEPEUSD,8681e210232a81f4,2026-08-18T19:31:19.304213+05:30,immature,Neither,,0.5951237424421367,,2026-08-18T19:35:00+05:30
CRYPTO,4h,LA/USDT,2498bf89b2fcb913,2026-08-18T20:11:11.103492+05:30,SL,data_missing,-1.0360212552547197,,2026-08-18T21:30:00+05:30,
CRYPTO,4h,EUL/USDT,302ab17487629e02,2026-08-18T20:51:16.049902+05:30,immature,data_missing,,,,
CRYPTO,4h,TRX/USDT,b356f83810ec3c90,2026-08-18T22:11:11.164254+05:30,immature,zone_not_touched,,,,
CRYPTO,4h,BNBUSD,ad53262476ab0167,2026-08-19T08:11:14.640909+05:30,immature,zone_not_touched,,,,
CRYPTO,4h,ETHUSD,0ff56a66d0141d58,2026-08-19T13:11:13.202066+05:30,BE,SL,0.029760967000949573,-1.3465577558251387,2026-08-19T13:30:00+05:30,2026-08-19T14:05:00+05:30
CRYPTO,4h,SOLUSD,8627d224159b83f7,2026-08-19T13:11:13.491139+05:30,+1R,SL,0.7522385733589075,-1.3721421399616576,2026-08-19T13:30:00+05:30,2026-08-19T14:05:00+05:30
CRYPTO,4h,DOGEUSD,87e5a0f29f508f34,2026-08-19T13:11:13.772011+05:30,BE,SL,0.03719124550140612,-1.432956343039455,2026-08-19T17:30:00+05:30,2026-08-19T18:10:00+05:30
CRYPTO,4h,ONDOUSD,5ef7d81ca8dfe59f,2026-08-19T13:11:14.025529+05:30,immature,zone_not_touched,,,,
CRYPTO,4h,EUL/USDT,9bcbe3908f0e2aeb,2026-08-19T13:11:14.366341+05:30,+2R,data_missing,1.9176290374751623,,2026-08-19T13:30:00+05:30,
CRYPTO,4h,TAO/USDT,758f25e80ea7f542,2026-08-19T13:11:14.632773+05:30,immature,zone_not_touched,,,,
CRYPTO,4h,LTCUSD,53372449d881bd9f,2026-08-19T13:11:14.868931+05:30,+1R,SL,0.6432320816391452,-1.5356518775412729,2026-08-19T13:30:00+05:30,2026-08-19T14:05:00+05:30
CRYPTO,4h,ASTER/USDT,827257651db7cfa4,2026-08-19T13:11:15.407857+05:30,immature,zone_not_touched,,,,
CRYPTO,4h,ATOM/USDT,117cc96bd19b8c15,2026-08-19T13:31:18.335445+05:30,+2R,data_missing,1.7811788235294124,,2026-08-19T17:30:00+05:30,
CRYPTO,4h,LTCUSD,8193516e12e41163,2026-08-19T14:51:12.558055+05:30,+2R,SL,1.6690049371959574,-1.4969925942060778,2026-08-19T17:30:00+05:30,2026-08-19T20:55:00+05:30
CRYPTO,4h,KGEN/USDT,1bc8aa1479a3dba8,2026-08-19T15:11:14.944183+05:30,+2R,data_missing,1.9094736842105269,,2026-08-19T17:30:00+05:30,
CRYPTO,4h,DOTUSD,cd2b11cbf8bb5c09,2026-08-19T16:31:21.438280+05:30,+1R,SL,0.7777656249999979,-1.3338515624999927,2026-08-19T17:30:00+05:30,2026-08-19T20:55:00+05:30
CRYPTO,4h,ALGO/USDT,54db41cc38da2dcb,2026-08-19T17:31:25.420758+05:30,SL,data_missing,-1.2851806664147738,,2026-08-19T21:30:00+05:30,
CRYPTO,4h,FARTCOIN/USDT,1991e4facc7c13f9,2026-08-19T18:11:12.051124+05:30,SL,BE,-1.2122738106772704,0.018212547718239297,2026-08-19T21:30:00+05:30,2026-08-19T18:15:00+05:30
CRYPTO,4h,TAIKO/USDT,1f0ee16e3b95cc25,2026-08-19T18:51:20.584905+05:30,+2R,data_missing,1.8181370102320893,,2026-08-19T21:30:00+05:30,
CRYPTO,4h,HYPEUSD,6a0ad99f55529f79,2026-08-19T20:31:20.982719+05:30,SL,data_quality_ambiguous,-1.285027024473219,,2026-08-19T21:30:00+05:30,2026-08-19T20:35:00+05:30
CRYPTO,4h,AERO/USDT,460f89c4051557dc,2026-08-19T20:31:21.332457+05:30,SL,data_missing,-1.324668696553519,,2026-08-19T21:30:00+05:30,
CRYPTO,4h,XLM/USDT,917fa20cbe6bda4c,2026-08-19T20:51:14.861518+05:30,+2R,SL,1.7780052818078476,-1.3334920772882146,2026-08-19T21:30:00+05:30,2026-08-19T20:55:00+05:30
CRYPTO,4h,LINKUSD,f9fdf511900914eb,2026-08-19T21:11:15.961676+05:30,SL,BE,-1.326322526942982,0.028020737317088623,2026-08-19T21:30:00+05:30,2026-08-19T21:15:00+05:30
CRYPTO,4h,LTCUSD,14fdd287caa71177,2026-08-19T21:11:16.503259+05:30,+2R,SL,1.6705535055350418,-1.4946697416974337,2026-08-20T01:30:00+05:30,2026-08-20T02:20:00+05:30
CRYPTO,4h,TRX/USDT,0786b0603807014b,2026-08-19T21:11:16.744007+05:30,immature,zone_not_touched,,,,
CRYPTO,4h,MNT/USDT,56f0c47dff327542,2026-08-19T21:11:16.959125+05:30,+2R,data_missing,1.7474259434224346,,2026-08-19T21:30:00+05:30,
CRYPTO,4h,DOGEUSD,c837ba209a78cd1c,2026-08-19T21:31:21.052907+05:30,SL,BE,-1.4338119734187802,0.03726482971399153,2026-08-20T01:30:00+05:30,2026-08-19T21:50:00+05:30
CRYPTO,4h,ONDOUSD,bdf73e6424567ce9,2026-08-19T21:31:21.390487+05:30,SL,BE,-1.3320288667141997,0.02851148253742891,2026-08-20T01:30:00+05:30,2026-08-19T21:35:00+05:30
CRYPTO,4h,BNBUSD,a7c2fac7e7609d5d,2026-08-19T21:31:21.638515+05:30,+1R,+2R,0.6653138443239909,1.665313844323991,2026-08-20T01:30:00+05:30,2026-08-19T21:50:00+05:30
CRYPTO,4h,TRUMP/USDT,7b79427ad9d3eec9,2026-08-19T21:31:21.840442+05:30,SL,BE,-1.2785049827520205,0.02390842851667843,2026-08-20T01:30:00+05:30,2026-08-19T21:35:00+05:30
CRYPTO,4h,CRV/USDT,f5daf3965942d0a2,2026-08-19T21:31:22.349509+05:30,SL,data_missing,-1.171804828021459,,2026-08-20T01:30:00+05:30,
CRYPTO,4h,NEARUSD,9727c7a5ffde7709,2026-08-19T21:51:07.909411+05:30,SL,BE,-1.271823889904313,0.023333854531778053,2026-08-20T01:30:00+05:30,2026-08-19T22:00:00+05:30
CRYPTO,4h,HYPEUSD,c4c64b1319ef1030,2026-08-20T00:51:13.777591+05:30,+2R,SL,1.8592529566618188,-1.2116205650072671,2026-08-20T01:30:00+05:30,2026-08-20T02:55:00+05:30
CRYPTO,4h,RE/USDT,f02c8680ae486549,2026-08-20T00:51:14.947607+05:30,SL,data_missing,-1.0804472201095718,,2026-08-20T01:30:00+05:30,
CRYPTO,4h,XRPUSD,c7c7a3527a244e6f,2026-08-20T08:11:13.434182+05:30,+2R,BE,1.728173210668871,0.03506565582369864,2026-08-20T09:30:00+05:30,2026-08-20T13:15:00+05:30
CRYPTO,4h,AVAXUSD,7f0a595301f003a3,2026-08-20T08:11:14.419910+05:30,+2R,BE,1.7879630802670292,0.02735276264555475,2026-08-20T09:30:00+05:30,2026-08-20T13:15:00+05:30
CRYPTO,4h,ASTER/USDT,c643d8c723c3efaa,2026-08-20T08:11:14.573576+05:30,+2R,SL,1.7336027391557762,-1.4000958912663573,2026-08-20T09:30:00+05:30,2026-08-20T10:00:00+05:30
CRYPTO,4h,WIF/USDT,c5c65ffa2ff40d15,2026-08-20T08:11:14.729267+05:30,+1R,BE,0.8093551110533811,0.024593190674108034,2026-08-20T09:30:00+05:30,2026-08-20T10:35:00+05:30
CRYPTO,4h,TRX/USDT,fc67b624b89055f3,2026-08-20T08:11:14.869324+05:30,+2R,SL,1.5060420511468202,-1.7414369232797355,2026-08-20T13:30:00+05:30,2026-08-20T16:30:00+05:30
CRYPTO,4h,VIRTUAL/USDT,7d25a9aa2f5ab2bd,2026-08-20T08:11:15.224245+05:30,+1R,+2R,0.8463382979259564,1.8463382979259564,2026-08-20T09:30:00+05:30,2026-08-20T08:15:00+05:30
CRYPTO,4h,HBAR/USDT,c5a350032c2c15d9,2026-08-20T08:11:15.425238+05:30,+2R,SL,1.7573321650957767,-1.3645017523563152,2026-08-20T09:30:00+05:30,2026-08-20T10:50:00+05:30
CRYPTO,4h,DOGEUSD,1282bef6f308cf62,2026-08-20T08:31:20.264428+05:30,+2R,BE,1.8013749538915445,0.025622630947981145,2026-08-20T09:30:00+05:30,2026-08-20T12:15:00+05:30
CRYPTO,4h,SUIUSD,4e4bb4ffc3e6e737,2026-08-20T08:31:21.005430+05:30,+2R,BE,1.7298159567948432,0.03485374157344795,2026-08-20T09:30:00+05:30,2026-08-20T12:40:00+05:30
CRYPTO,4h,ASTER/USDT,d4334578684bfd8c,2026-08-20T08:31:21.161541+05:30,BE,SL,0.04371958050987251,-1.5088672152307046,2026-08-20T09:30:00+05:30,2026-08-20T09:40:00+05:30
CRYPTO,4h,ZIL/USDT,7186ef3e5a048049,2026-08-20T08:51:14.979492+05:30,+2R,data_missing,1.830137988133019,,2026-08-20T13:30:00+05:30,
CRYPTO,4h,BNBUSD,d7ac5fc682b1990f,2026-08-20T09:31:08.570076+05:30,SL,BE,-1.3557891779912101,0.030554869307229532,2026-08-20T13:30:00+05:30,2026-08-20T12:35:00+05:30
CRYPTO,4h,XMRUSD,99811abba2abf3ea,2026-08-20T09:31:08.838707+05:30,immature,+2R,,1.8959368647174648,,2026-08-20T09:35:00+05:30
CRYPTO,4h,BOME/USDT,4d05d39ca8b0d46f,2026-08-20T09:31:09.492700+05:30,SL,data_missing,-1.18006725365306,,2026-08-20T13:30:00+05:30,
CRYPTO,4h,INJUSD,feb19d4703d19ef7,2026-08-20T10:11:15.414666+05:30,+2R,BE,1.7844293015332113,0.027808620102204945,2026-08-20T13:30:00+05:30,2026-08-20T10:20:00+05:30
CRYPTO,4h,AERO/USDT,c2e12eaffbe656cb,2026-08-20T10:11:15.645909+05:30,SL,data_missing,-1.164576711970723,,2026-08-20T13:30:00+05:30,
CRYPTO,4h,XMRUSD,a93a1a744a5c88e3,2026-08-20T10:31:09.738081+05:30,immature,BE,,0.027942006003803144,,2026-08-20T10:55:00+05:30
CRYPTO,4h,NEARUSD,ba082bc26c01290f,2026-08-20T13:51:13.614892+05:30,immature,BE,,0.023091680738782844,,2026-08-20T14:05:00+05:30
CRYPTO,4h,TIAUSD,705367e162ffb335,2026-08-20T13:51:14.639694+05:30,SL,BE,-1.4188788733580495,0.03598058310880786,2026-08-20T17:30:00+05:30,2026-08-20T14:15:00+05:30
CRYPTO,4h,SUIUSD,57db49deef01fab4,2026-08-20T14:11:12.845374+05:30,SL,BE,-1.359429456467877,0.030867933256237684,2026-08-20T17:30:00+05:30,2026-08-20T14:15:00+05:30
CRYPTO,4h,BCHUSD,cc94221b0b64c430,2026-08-20T14:11:13.047204+05:30,+2R,BE,1.7692546609991129,0.02976614873112235,2026-08-20T17:30:00+05:30,2026-08-20T19:20:00+05:30
CRYPTO,4h,LTCUSD,f631b4209e774727,2026-08-20T14:31:20.025694+05:30,+2R,BE,1.7787863070539371,0.028536566390031853,2026-08-20T17:30:00+05:30,2026-08-20T20:30:00+05:30
CRYPTO,4h,LTCUSD,33fa73147c221bea,2026-08-20T20:31:22.842070+05:30,SL,zone_cooldown,-1.1571250600096044,,2026-08-20T21:30:00+05:30,
CRYPTO,4h,ZECUSD,68f50ba437a3d26c,2026-08-20T21:51:12.644291+05:30,Neither,SL,0.4426327561730543,-1.0640020824209624,2026-08-21T01:30:00+05:30,2026-08-20T21:55:00+05:30
CRYPTO,4h,OPUSD,ed1ff359581e5601,2026-08-21T11:31:17.152582+05:30,SL,BE,-1.1853723723723841,0.015899024024027195,2026-08-21T13:30:00+05:30,2026-08-21T11:35:00+05:30
CRYPTO,4h,ATOM/USDT,a82f1f09a2c26e14,2026-08-21T13:31:21.028210+05:30,+1R,data_missing,0.9303797468354431,,2026-08-21T17:30:00+05:30,
CRYPTO,4h,O/USDT,9c73f07efbf09a8b,2026-08-21T18:11:08.716769+05:30,Neither,data_missing,-0.5507595058814208,,2026-08-21T21:30:00+05:30,
CRYPTO,4h,GALA/USDT,974a1bc1ff8c50d8,2026-08-21T22:11:12.990421+05:30,SL,BE,-1.1001623251326522,0.008570959961407706,2026-08-22T01:30:00+05:30,2026-08-21T22:15:00+05:30
CRYPTO,4h,UNIUSD,ffdefdf46d9f6720,2026-08-22T09:11:19.314881+05:30,+2R,BE,1.967924432994898,0.004137748143660976,2026-08-22T09:30:00+05:30,2026-08-22T09:30:00+05:30
CRYPTO,4h,UB/USDT,da3e67d903e8ebfe,2026-08-22T22:11:12.805799+05:30,immature,data_missing,,,,
CRYPTO,4h,MNT/USDT,8b151307bf32defa,2026-08-24T18:52:05.962227+05:30,immature,data_missing,,,,
CRYPTO,4h,CL/USDT,e58576b399a894dd,2026-08-25T14:12:05.704296+05:30,SL,data_missing,-1.3717615131578984,,2026-08-25T17:30:00+05:30,
CRYPTO,4h,CL/USDT,d9935d0d9506f6c1,2026-08-26T13:32:15.760067+05:30,immature,data_missing,,,,
CRYPTO,4h,ACE/USDT,8c5e0dfbaaa95ca0,2026-08-30T14:40:52.095640+05:30,Neither,data_missing,-0.29247350560899693,,2026-08-30T17:30:00+05:30,
CRYPTO,4h,APTUSD,a2730269e4661eec,2026-08-31T08:32:17.551712+05:30,immature,zone_not_touched,,,,
CRYPTO,4h,0G/USDT,69e3ea5501874b18,2026-08-31T11:32:15.844448+05:30,+2R,data_missing,1.891309236947789,,2026-08-31T13:30:00+05:30,
CRYPTO,4h,LDO/USDT,940999279bd568d7,2026-08-31T19:32:22.124394+05:30,immature,+2R,,1.9141436244280885,,2026-08-31T19:35:00+05:30
CRYPTO,4h,DASH/USDT,d3f7943fef147d1d,2026-09-01T00:12:05.793154+05:30,immature,+2R,,1.810758928571425,,2026-09-01T00:15:00+05:30
CRYPTO,4h,CRV/USDT,10324c460e6ab92b,2026-09-01T08:52:10.242064+05:30,SL,data_missing,-1.185475252738002,,2026-09-01T09:30:00+05:30,
CRYPTO,4h,CL/USDT,7a3b078e2c611dcd,2026-09-01T14:12:10.541349+05:30,BE,data_missing,0.020915833333329137,,2026-09-01T17:30:00+05:30,
CRYPTO,4h,DASH/USDT,baeec3401ded7d06,2026-09-01T14:32:21.872835+05:30,immature,zone_not_touched,,,,
CRYPTO,4h,BLESSUSD,33ec2646cace7204,2026-09-01T23:11:33.259774+05:30,+1R,BE,0.9428429998016006,0.007373253025593239,2026-09-02T01:30:00+05:30,2026-09-01T23:15:00+05:30
CRYPTO,4h,XAUTUSD,8894d200726e0c62,2026-09-02T08:51:39.438651+05:30,immature,SL,,-1.6223247193060182,,2026-09-02T09:00:00+05:30
CRYPTO,4h,ZAMA/USDT,cd89cf8d0dea1f53,2026-09-03T17:11:43.506202+05:30,BE,data_missing,0.008297035889072962,,2026-09-03T17:30:00+05:30,
CRYPTO,4h,MNT/USDT,f44289c29229d35a,2026-09-04T17:11:41.586879+05:30,immature,data_missing,,,,
CRYPTO,4h,ICP/USDT,23b40cbd9a866118,2026-09-05T12:31:49.731642+05:30,immature,data_missing,,,,
CRYPTO,4h,CRV/USDT,81cce574487bd9b3,2026-09-06T09:31:57.930537+05:30,immature,data_missing,,,,
CRYPTO,4h,SOLUSD,e3b66f3eae52caf4,2026-09-06T17:31:49.815239+05:30,Neither,BE,0.41704462809916537,0.009059424793392001,2026-09-06T21:30:00+05:30,2026-09-06T17:35:00+05:30
CRYPTO,4h,ZIL/USDT,be3bafde71d7de4f,2026-09-06T17:31:50.405346+05:30,Neither,data_missing,0.0008771084337345948,,2026-09-06T21:30:00+05:30,
CRYPTO,4h,LTCUSD,628c1149da07e223,2026-09-06T20:51:28.143586+05:30,Neither,Neither,0.22021621621621537,-0.4140180180180143,2026-09-06T21:30:00+05:30,2026-09-06T20:55:00+05:30
CRYPTO,4h,ZIL/USDT,21f67703d727e5b1,2026-09-06T22:23:27.426432+05:30,immature,data_missing,,,,
CRYPTO,4h,HOME/USDT,c9820727359eb290,2026-09-07T15:11:42.595064+05:30,Neither,data_missing,-0.01663757115749496,,2026-09-07T17:30:00+05:30,
CRYPTO,4h,ATOM/USDT,2a7e1a91c1a7694b,2026-09-07T21:11:43.074511+05:30,Neither,data_missing,-0.05164444444444566,,2026-09-07T21:30:00+05:30,
CRYPTO,4h,HOME/USDT,8a0ac3e835773601,2026-09-07T21:11:43.311699+05:30,Neither,data_missing,0.08355218216318834,,2026-09-07T21:30:00+05:30,
CRYPTO,4h,US/USDT,4f636ec381ff74ab,2026-09-07T21:32:00.087757+05:30,SL,data_missing,-1.0526887323943668,,2026-09-08T01:30:00+05:30,
CRYPTO,4h,RIVERUSD,32b1be0cf7347451,2026-09-08T08:31:52.975183+05:30,Neither,Neither,-0.05668965517241315,0.08124137931034578,2026-09-08T09:30:00+05:30,2026-09-08T08:35:00+05:30
CRYPTO,4h,ATOM/USDT,ca0a97011a6a91ba,2026-09-08T10:11:47.098208+05:30,Neither,data_missing,-0.5405333333333345,,2026-09-08T13:30:00+05:30,
CRYPTO,4h,ZIL/USDT,3906ececd8994f64,2026-09-08T21:32:03.585039+05:30,SL,data_missing,-1.1505000000000063,,2026-09-09T01:30:00+05:30,
CRYPTO,4h,ALGO/USDT,425daaaff2480a29,2026-09-11T08:11:49.396623+05:30,+1R,data_missing,0.8991999999999989,,2026-09-11T13:30:00+05:30,
CRYPTO,4h,AAVEUSD,eea8c27ea5f01275,2026-09-11T08:51:48.391613+05:30,immature,zone_not_touched,,,,
CRYPTO,4h,HOME/USDT,2b0ea94307d14ed4,2026-09-15T11:11:51.830186+05:30,SL,data_missing,-1.1506999999999925,,2026-09-15T13:30:00+05:30,
CRYPTO,4h,ZORAUSD,e5df989f18265838,2026-09-15T15:32:08.934726+05:30,SL,BE,-1.307900000000005,0.026522400000007107,2026-09-15T17:30:00+05:30,2026-09-15T15:35:00+05:30
CRYPTO,4h,AAVEUSD,cc2978f8370f3b61,2026-09-16T09:31:34.589843+05:30,SL,BE,-1.1607000000000018,0.013863200000001963,2026-09-16T13:30:00+05:30,2026-09-16T10:30:00+05:30
CRYPTO,4h,HUSD,6838a61b18d72d2d,2026-09-16T12:51:48.938401+05:30,+2R,BE,1.8999999999999995,0.01290000000000456,2026-09-16T13:30:00+05:30,2026-09-16T12:55:00+05:30
CRYPTO,4h,LTCUSD,a56daab9fa5b29a7,2026-09-18T08:51:31.352884+05:30,+1R,BE,0.8902,0.01416420000000318,2026-09-18T09:30:00+05:30,2026-09-18T09:15:00+05:30
CRYPTO,4h,BNBUSD,b0d3aa9d6d02666d,2026-09-18T13:11:35.382467+05:30,+1R,SL,0.8698993548387097,-1.1956509677419405,2026-09-18T17:30:00+05:30,2026-09-18T19:10:00+05:30
CRYPTO,4h,DOGEUSD,95e72daf4534be47,2026-09-18T19:31:55.849092+05:30,Neither,BE,-0.4776695730947851,0.012899999999993736,2026-09-18T21:30:00+05:30,2026-09-18T19:50:00+05:30
CRYPTO,4h,XRPUSD,b2879b3672be51db,2026-09-21T15:11:29.921588+05:30,SL,BE,-1.1577530973451244,0.013523766371675752,2026-09-21T17:30:00+05:30,2026-09-21T15:15:00+05:30
CRYPTO,4h,DOGEUSD,22649f886f246a60,2026-09-21T15:11:30.155817+05:30,BE,+2R,0.012899999999993597,1.8999999999999995,2026-09-21T17:30:00+05:30,2026-09-21T18:35:00+05:30
CRYPTO,4h,LTCUSD,0626c0c834f06c4a,2026-09-21T17:02:03.377266+05:30,BE,SL,0.012900000000000938,-1.1505000000000007,2026-09-21T17:30:00+05:30,2026-09-21T17:40:00+05:30
CRYPTO,4h,BCHUSD,b93dd9c386d25553,2026-09-21T18:06:23.998594+05:30,immature,zone_not_touched,,,,
CRYPTO,4h,DOGEUSD,f2c67391021a743c,2026-09-22T09:32:51.069473+05:30,immature,SL,,-1.1504999999999976,,2026-09-22T09:35:00+05:30
CRYPTO,4h,XAUTUSD,d59122aa66d101c1,2026-09-23T19:52:36.773149+05:30,immature,zone_not_touched,,,,
CRYPTO,4h,XAUTUSD,bafcc1b42b36038a,2026-09-24T09:14:27.183149+05:30,Neither,Neither,-0.2744767627222552,-0.2249366033108623,2026-09-24T13:30:00+05:30,2026-09-24T13:45:00+05:30
CRYPTO,4h,XAUTUSD,7d14b77cb695fd4b,2026-09-25T08:11:40.509862+05:30,Neither,Neither,-0.14155217657878194,0.17947786633967944,2026-09-25T09:30:00+05:30,2026-09-25T08:20:00+05:30
CRYPTO,4h,XAUTUSD,5bb4afd3bcec7700,2026-09-25T18:54:33.632712+05:30,immature,zone_cooldown,,,,
CRYPTO,4h,TACUSD,ecfd103a832f973d,2026-09-28T09:06:34.334503+05:30,+1R,+2R,0.899200000000001,1.8992000000000009,2026-09-28T09:30:00+05:30,2026-09-28T09:30:00+05:30
CRYPTO,4h,BNBUSD,0a4c71fa69b58faf,2026-09-28T11:59:06.094888+05:30,Neither,BE,0.30724074074075547,0.018177055555551047,2026-09-28T13:30:00+05:30,2026-09-28T12:50:00+05:30
CRYPTO,4h,ZORAUSD,7719c7a3a54f5b10,2026-09-28T14:37:49.406479+05:30,+2R,SL,1.8142352941176432,-1.2781470588235222,2026-09-28T17:30:00+05:30,2026-09-28T19:55:00+05:30
CRYPTO,4h,DOGEUSD,1f48fc5f8d4fcaa6,2026-09-28T20:22:07.829190+05:30,immature,zone_not_touched,,,,
CRYPTO,4h,TRUMP/USDT,d57db141a9bd5573,2026-09-28T20:23:38.026629+05:30,immature,+2R,,1.8441599999999994,,2026-09-28T20:45:00+05:30
CRYPTO,4h,BTCUSD,37f909b68ff6179e,2026-09-30T18:06:45.929173+05:30,immature,SL,,-1.1806276595744614,,2026-09-30T18:10:00+05:30
CRYPTO,4h,TRUMP/USDT,83f0bec1ceb9f00c,2026-10-01T08:19:09.235704+05:30,immature,SL,,-1.3755857142857555,,2026-10-01T08:20:00+05:30
XSTOCK,4h,MSFT/USDT:USDT,c13987b23a7cf57e,2026-08-11T19:01:36.430637+05:30,immature,no_candles,,,,
XSTOCK,4h,BABA/USDT:USDT,d61c4f49d95d802a,2026-08-11T21:41:32.732535+05:30,Neither,no_candles,-0.4807531502800202,,2026-08-12T01:30:00+05:30,
XSTOCK,4h,QQQXUSD,084b69243d9f901d,2026-08-11T22:41:25.690278+05:30,immature,zone_not_touched,,,,
XSTOCK,4h,BABA/USDT:USDT,4ec28eb92a867232,2026-08-12T07:41:28.461219+05:30,SL,no_candles,-1.085577063354532,,2026-08-12T09:30:00+05:30,
XSTOCK,4h,SPYXUSD,2447257af2a189c8,2026-08-12T10:21:28.323123+05:30,immature,+1R,,-0.01362431189570934,,2026-08-12T18:45:00+05:30
XSTOCK,4h,SOXLBUSD,66f44ef701ca9022,2026-08-12T18:41:21.050981+05:30,Neither,SL,0.46999757849706514,-1.0703845750262309,2026-08-12T21:30:00+05:30,2026-08-12T18:45:00+05:30
XSTOCK,4h,TQQQ/USDT:USDT,b44dcd79d2829897,2026-08-13T19:21:33.205270+05:30,+2R,no_candles,1.7894751155833557,,2026-08-13T21:30:00+05:30,
XSTOCK,4h,SOXX/USDT:USDT,80442aa02e1ac2e0,2026-08-13T20:21:26.079391+05:30,+1R,no_candles,0.9209561581556246,,2026-08-13T21:30:00+05:30,
XSTOCK,4h,NVDL/USDT:USDT,ad90dd60aae668e1,2026-08-17T08:11:07.394559+05:30,alert_before_data,no_candles,,,,
XSTOCK,4h,METAXUSD,5cfdafb1e76165a9,2026-08-17T19:11:12.948789+05:30,SL,BE,-1.428509759463692,0.0368948393138927,2026-08-17T21:30:00+05:30,2026-08-17T19:30:00+05:30
XSTOCK,4h,IBM/USDT:USDT,b08e9ef728fa49ce,2026-08-17T19:31:21.277515+05:30,SL,no_candles,-1.0810676948489382,,2026-08-17T21:30:00+05:30,
XSTOCK,4h,MSTRBUSD,c9c4124f4b984797,2026-08-17T20:31:23.342421+05:30,Neither,Neither,-0.6595919534069398,-0.6238610783578118,2026-08-17T21:30:00+05:30,2026-08-17T20:35:00+05:30
XSTOCK,4h,TQQQ/USDT:USDT,47c723b93ac0fe5b,2026-08-18T19:31:19.500598+05:30,Neither,no_candles,-0.5718063206726587,,2026-08-18T21:30:00+05:30,
XSTOCK,4h,AXTI/USDT:USDT,f20361e88c4476b8,2026-08-18T22:31:24.309734+05:30,+2R,no_candles,1.8855759895313005,,2026-08-19T01:30:00+05:30,
XSTOCK,4h,GOOGLXUSD,40fba81514df92d1,2026-08-19T13:11:16.013974+05:30,+1R,BE,0.6985353246524839,0.038888943119840536,2026-08-19T13:30:00+05:30,2026-08-19T13:35:00+05:30
XSTOCK,4h,IBM/USDT:USDT,0c6222b933be92e4,2026-08-19T13:11:16.621475+05:30,+2R,no_candles,1.6528742311833478,,2026-08-19T17:30:00+05:30,
XSTOCK,4h,HOOD/USDT:USDT,3daf34501d3c2f4f,2026-08-19T13:11:17.011572+05:30,immature,no_candles,,,,
XSTOCK,4h,SPYXUSD,c23b417de0303368,2026-08-19T18:31:22.209663+05:30,immature,zone_not_touched,,,,
XSTOCK,4h,AVGO/USDT:USDT,7a5c9f2da6f4b0ef,2026-08-19T18:31:22.693007+05:30,SL,no_candles,-1.3543668746999489,,2026-08-19T21:30:00+05:30,
XSTOCK,4h,NVDL/USDT:USDT,cf3312343f1cd842,2026-08-19T19:51:13.331227+05:30,alert_before_data,no_candles,,,,
XSTOCK,4h,AVGO/USDT:USDT,116e503795846fc4,2026-08-19T20:11:16.062170+05:30,immature,no_candles,,,,
XSTOCK,4h,SOXX/USDT:USDT,1b9c4e09e315e088,2026-08-19T20:11:16.229966+05:30,+1R,no_candles,0.8346847069562253,,2026-08-19T21:30:00+05:30,
XSTOCK,4h,TSLAXUSD,ecc75418f954c530,2026-08-19T20:31:21.677508+05:30,+2R,BE,1.6883207061745806,0.040206628903495634,2026-08-19T21:30:00+05:30,2026-08-20T01:25:00+05:30
XSTOCK,4h,GOOGLXUSD,f59dbb20c940c90b,2026-08-19T20:31:21.829903+05:30,immature,zone_not_touched,,,,
XSTOCK,4h,HOOD/USDT:USDT,a8f1e08474f78647,2026-08-19T20:51:15.213628+05:30,SL,no_candles,-1.4437479852249995,,2026-08-19T21:30:00+05:30,
XSTOCK,4h,SOXLBUSD,c9d989065c60652a,2026-08-19T21:31:22.859857+05:30,SL,BE,-1.0935150904919733,0.008085297782309875,2026-08-20T01:30:00+05:30,2026-08-19T21:45:00+05:30
XSTOCK,4h,AAPLXUSD,586ceb31b96c411e,2026-08-19T22:11:09.909726+05:30,SL,BE,-1.3619660273763834,0.031086078354369745,2026-08-20T01:30:00+05:30,2026-08-19T23:05:00+05:30
XSTOCK,4h,MRVL/USDT:USDT,8b5607f7e6abff03,2026-08-19T22:11:10.445013+05:30,+1R,BE,0.8122984025909794,0.024213506065759477,2026-08-20T01:30:00+05:30,2026-08-20T02:20:00+05:30
XSTOCK,4h,GOOGLXUSD,9e287ef0fea61934,2026-08-20T08:31:21.556572+05:30,immature,BE,,0.038888943119840536,,2026-08-20T17:35:00+05:30
XSTOCK,4h,SPYXUSD,ec099461f4654d04,2026-08-20T09:31:09.833977+05:30,immature,zone_not_touched,,,,
XSTOCK,4h,BABA/USDT:USDT,02caa8ba10dfae82,2026-08-20T10:51:22.446996+05:30,immature,no_candles,,,,
XSTOCK,4h,SOXX/USDT:USDT,39587b7c159fecdf,2026-08-20T13:51:15.435388+05:30,SL,no_candles,-1.2474729395656574,,2026-08-20T17:30:00+05:30,
XSTOCK,4h,HOOD/USDT:USDT,7473f00653da025e,2026-08-20T14:31:20.401753+05:30,SL,no_candles,-1.405892564213263,,2026-08-20T17:30:00+05:30,
XSTOCK,4h,NVDL/USDT:USDT,1051da6819aa7556,2026-08-20T14:31:20.694557+05:30,alert_before_data,no_candles,,,,
XSTOCK,4h,AMZNXUSD,f18faf4ae575810b,2026-08-20T20:51:12.815663+05:30,Neither,BE,-0.17273434066862675,0.011381198661392977,2026-08-20T21:30:00+05:30,2026-08-20T20:55:00+05:30
XSTOCK,4h,GOOGLXUSD,fa6260287b08c164,2026-08-21T20:31:20.224787+05:30,Neither,BE,0.3275508160608933,0.022329903875028173,2026-08-21T21:30:00+05:30,2026-08-21T21:15:00+05:30
XSTOCK,4h,MSFT/USDT:USDT,ee5deada58651f66,2026-08-22T08:11:13.359755+05:30,immature,no_candles,,,,
XSTOCK,4h,MSFT/USDT:USDT,0e91e1e1cfc081cc,2026-08-22T16:51:16.077485+05:30,immature,no_candles,,,,
XSTOCK,4h,AMZNXUSD,93dc60b87222af54,2026-08-22T20:31:20.612274+05:30,Neither,Neither,0.032820476858285985,-0.04099660441433217,2026-08-22T21:30:00+05:30,2026-08-22T20:35:00+05:30
XSTOCK,4h,TQQQ/USDT:USDT,4954a9acd8038bac,2026-08-22T20:31:21.150448+05:30,immature,no_candles,,,,
XSTOCK,4h,OPENAI/USDT:USDT,ee0990d2de493fa4,2026-08-23T00:51:59.623913+05:30,immature,no_candles,,,,
XSTOCK,4h,GOOGLXUSD,2d258fae7e582a2a,2026-08-24T20:12:03.679832+05:30,SL,BE,-1.5555748060584076,0.04773643332101418,2026-08-24T21:30:00+05:30,2026-08-24T20:15:00+05:30
XSTOCK,4h,INTCBUSD,b834e86e71372b0d,2026-08-24T20:25:59.697440+05:30,immature,+1R,,0.6102808612897636,,2026-08-24T20:30:00+05:30
XSTOCK,4h,INTCBUSD,19b87a5955440873,2026-08-26T18:12:03.777330+05:30,immature,BE,,0.01525975996394821,,2026-08-26T18:15:00+05:30
XSTOCK,4h,METAXUSD,9651106e69d014c2,2026-08-26T18:51:59.944174+05:30,immature,BE,,0.04863489639483015,,2026-08-26T18:55:00+05:30
XSTOCK,4h,CRCLXUSD,49b17aa8061428ff,2026-08-27T14:52:03.563385+05:30,+1R,SL,0.8383068857042978,-1.243039671443562,2026-08-27T17:30:00+05:30,2026-08-27T14:55:00+05:30
XSTOCK,4h,GOOGLXUSD,f9853d4b9cd3b829,2026-08-27T19:12:03.104025+05:30,immature,zone_not_touched,,,,
XSTOCK,4h,MSFT/USDT:USDT,21f717f96c942291,2026-08-28T20:11:57.331659+05:30,SL,no_candles,-1.4435561128310002,,2026-08-28T21:30:00+05:30,
XSTOCK,4h,NBIS/USDT:USDT,a415ff48c61b5fe1,2026-08-31T09:12:12.372065+05:30,+2R,no_candles,1.9034839780416193,,2026-08-31T09:30:00+05:30,
XSTOCK,4h,HOOD/USDT:USDT,77de5a70262aab57,2026-08-31T09:32:30.600350+05:30,immature,no_candles,,,,
XSTOCK,4h,SOXLBUSD,19eca6324f84547f,2026-09-01T19:32:21.406979+05:30,+1R,+2R,0.9477801377582968,1.9477801377582968,2026-09-01T21:30:00+05:30,2026-09-01T19:35:00+05:30
XSTOCK,4h,MRVL/USDT:USDT,c4dd0f911e8024de,2026-09-01T19:32:21.561130+05:30,immature,+2R,,1.8944964682139247,,2026-09-01T19:35:00+05:30
XSTOCK,4h,MRVL/USDT:USDT,e32a1fb5ba207bef,2026-09-03T17:31:54.016910+05:30,immature,SL,,-1.1577552976791157,,2026-09-03T19:00:00+05:30
XSTOCK,4h,NVDAXUSD,f458adee57dc41a7,2026-09-03T19:11:22.270619+05:30,+1R,SL,0.5939784256039646,-1.6095323615940278,2026-09-03T21:30:00+05:30,2026-09-03T19:15:00+05:30
XSTOCK,4h,AXTI/USDT:USDT,7e8c7d25ce0dbbd8,2026-09-03T19:51:47.998641+05:30,immature,no_candles,,,,
XSTOCK,4h,SAMSUNG/USDT:USDT,b0dada65f657fca5,2026-09-04T21:11:32.450943+05:30,SL,no_candles,-1.2309949078145697,,2026-09-04T21:30:00+05:30,
XSTOCK,4h,TSLAXUSD,3a70fed21bf557bc,2026-09-08T14:11:40.724601+05:30,immature,+2R,,1.88688,,2026-09-08T14:20:00+05:30
XSTOCK,4h,MSFT/USDT:USDT,a6b04924cfa5fb1a,2026-09-08T16:32:01.285589+05:30,stop_too_tight,no_candles,,,,
XSTOCK,4h,AXTI/USDT:USDT,ce0eb98b8dfd4a5b,2026-09-14T13:32:10.505742+05:30,SL,no_candles,-1.150699999999993,,2026-09-14T17:30:00+05:30,
XSTOCK,4h,SAMSUNG/USDT:USDT,521363f9d23d46e5,2026-09-14T19:11:52.095834+05:30,+1R,no_candles,0.8992,,2026-09-14T21:30:00+05:30,
XSTOCK,4h,TSLAXUSD,98c65dae50df6661,2026-09-17T19:51:31.965122+05:30,immature,zone_not_touched,,,,
XSTOCK,4h,MRVL/USDT:USDT,4acba8020ffb05e6,2026-09-21T23:43:42.483620+05:30,Neither,BE,-0.47822648752400226,0.012900000000010431,2026-09-22T01:30:00+05:30,2026-09-21T23:45:00+05:30
XSTOCK,4h,TSLAXUSD,b1c59c856403aa94,2026-09-23T19:16:04.196863+05:30,immature,BE,,0.03491147368421782,,2026-09-23T19:25:00+05:30
XSTOCK,4h,SOXLBUSD,c75cd1e06b867a65,2026-09-28T20:17:37.475914+05:30,immature,SL,,-1.2334142857142956,,2026-09-28T20:20:00+05:30
XSTOCK,4h,TSLAXUSD,e1a8036dcbb3bd76,2026-09-29T11:02:14.990524+05:30,+1R,+1R,0.8270787878787879,1.1604121212121212,2026-09-29T17:30:00+05:30,2026-09-29T11:05:00+05:30
XSTOCK,4h,TSLAXUSD,b3a255da5ff76c26,2026-09-29T19:05:10.764549+05:30,Neither,BE,-0.11312000000000001,0.01459247999999104,2026-09-29T21:30:00+05:30,2026-09-29T19:10:00+05:30
XSTOCK,4h,SOXLBUSD,6f208a0c1ec379c1,2026-10-01T10:34:52.956280+05:30,immature,SL,,-1.2889615384615354,,2026-10-01T10:35:00+05:30
OTHER,4h,PAXGUSD,947c279422d679e3,2026-08-11T23:41:19.538697+05:30,immature,zone_not_touched,,,,
OTHER,4h,PAXGUSD,6881dc50b949ba4d,2026-08-14T00:21:26.027602+05:30,+2R,BE,1.7679038890531373,0.029940398312132604,2026-08-14T05:30:00+05:30,2026-08-14T07:00:00+05:30
OTHER,4h,SLVONUSD,6ce0150fc64771c7,2026-08-14T06:41:19.962016+05:30,+1R,+2R,0.8906107738998483,1.8906107738998483,2026-08-14T09:30:00+05:30,2026-08-14T11:00:00+05:30
OTHER,4h,PAXGUSD,6ab418005f936eaa,2026-08-17T08:11:07.243176+05:30,Neither,Neither,0.022606030286432918,0.44347142482788704,2026-08-17T09:30:00+05:30,2026-08-17T13:10:00+05:30
OTHER,4h,SLVONUSD,2defc17fac4faf48,2026-08-18T17:31:21.384653+05:30,SL,BE,-1.30543472838139,0.026310386640802652,2026-08-18T21:30:00+05:30,2026-08-18T18:55:00+05:30
OTHER,4h,SLVONUSD,9f998e5d9278b979,2026-08-18T20:51:16.286602+05:30,+1R,SL,0.8906107738998483,-1.1635838391502218,2026-08-18T21:30:00+05:30,2026-08-19T01:15:00+05:30
OTHER,4h,PAXGUSD,41cf757aa586c980,2026-08-19T13:11:15.736559+05:30,immature,zone_not_touched,,,,
OTHER,4h,SLVONUSD,72732952f88b27c2,2026-08-20T00:51:15.158404+05:30,+1R,SL,0.7621976794323903,-1.3572034808514069,2026-08-20T01:30:00+05:30,2026-08-20T02:20:00+05:30
OTHER,4h,SLVONUSD,3a006dd78016e1a4,2026-09-09T22:32:08.998712+05:30,immature,+1R,,0.8843579015127234,,2026-09-09T22:35:00+05:30
OTHER,4h,SLVONUSD,ee79e29112f50020,2026-09-11T09:32:04.990476+05:30,alert_before_data,zone_not_touched,,,,
NSE,30m,FIRSTCRY.NS,83af4ba20b1d80bf,2026-08-11T11:52:02.224123+05:30,BE,data_quality_ambiguous,0.05117011200051985,,2026-08-11T12:05:00+05:30,2026-08-11T12:05:00+05:30
NSE,30m,GPIL.NS,46bef5547780a1d0,2026-08-11T12:12:26.422597+05:30,+1R,BE,0.8335730622159834,0.02144919141714005,2026-08-11T12:15:00+05:30,2026-08-11T12:15:00+05:30
NSE,30m,HDBFS.NS,d62c3fd75e1f3594,2026-08-11T12:12:26.704967+05:30,BE,SL,0.04727207574329878,-1.5398157254508518,2026-08-11T12:50:00+05:30,2026-08-11T12:50:00+05:30
NSE,30m,ITC.NS,212d8bf7ba238096,2026-08-11T13:32:06.555689+05:30,BE,Neither,0.05631487528744561,-0.28955984868002405,2026-08-11T15:00:00+05:30,2026-08-11T15:00:00+05:30
NSE,30m,GLENMARK.NS,fb478df8d34cee9a,2026-08-11T14:32:08.918153+05:30,BE,Neither,0.036501572202945254,0.263486040559309,2026-08-11T14:55:00+05:30,2026-08-11T14:55:00+05:30
NSE,30m,PWL.NS,e813ac58e1ef149e,2026-08-11T14:52:08.625372+05:30,BE,Neither,0.027954779553141462,-0.2656832757508467,2026-08-11T14:55:00+05:30,2026-08-11T14:55:00+05:30
NSE,30m,ABLBL.NS,8d320deb078d09c8,2026-08-12T09:11:59.967047+05:30,+1R,+1R,0.880039766487536,1.4802380628305327,2026-08-12T09:15:00+05:30,2026-08-12T09:15:00+05:30
NSE,30m,APOLLOHOSP.NS,e3d9b5c07e8f27c7,2026-08-12T09:32:26.017906+05:30,+1R,BE,0.6962705641741888,0.03914480969722178,2026-08-12T09:35:00+05:30,2026-08-12T09:35:00+05:30
NSE,30m,CENTRALBK.NS,a97f9340037c2288,2026-08-12T09:32:27.286697+05:30,BE,SL,0.04248806713888248,-1.4852361236354747,2026-08-12T09:35:00+05:30,2026-08-12T09:35:00+05:30
NSE,30m,GMRAIRPORT.NS,e07904f2d6b0d909,2026-08-12T09:32:28.522308+05:30,BE,SL,0.02879697511224974,-1.3280377525579279,2026-08-12T09:35:00+05:30,2026-08-12T09:35:00+05:30
NSE,30m,NHPC.NS,39bc7b5fe663b4bf,2026-08-12T09:32:29.486191+05:30,+1R,SL,0.5398897463236944,-1.6760308809934394,2026-08-12T09:35:00+05:30,2026-08-12T09:35:00+05:30
NSE,30m,ABB.NS,860a6d33ec1ddb68,2026-08-12T09:52:15.717253+05:30,+1R,BE,0.7860567713579295,0.02757311601501941,2026-08-12T10:40:00+05:30,2026-08-12T10:40:00+05:30
NSE,30m,RAILTEL.NS,ec264061f7536fee,2026-08-12T10:11:57.235994+05:30,+1R,BE,0.6761519787601433,0.04173770358408724,2026-08-12T11:20:00+05:30,2026-08-12T11:20:00+05:30
NSE,30m,CAPLIPOINT.NS,1927fcd728b9ccb4,2026-08-12T11:52:00.867830+05:30,alert_before_data,data_quality_ambiguous,,,,2026-08-12T11:55:00+05:30
NSE,30m,PIIND.NS,bf8bd5071e0c7a9e,2026-08-12T12:52:09.929828+05:30,alert_before_data,SL,,-1.7149677039985831,,2026-08-12T13:05:00+05:30
NSE,30m,ICICIPRULI.NS,b29b504abf9408a7,2026-08-12T13:32:44.926291+05:30,+1R,BE,0.677636930821492,0.041546322180124995,2026-08-12T13:55:00+05:30,2026-08-12T13:55:00+05:30
NSE,30m,RVNL.NS,ef2371fb0c668a8b,2026-08-12T14:12:11.688798+05:30,+1R,+1R,0.8715621893852503,0.3458402363095067,2026-08-12T14:15:00+05:30,2026-08-12T14:15:00+05:30
NSE,30m,JINDALSTEL.NS,535c38a925f4ab2b,2026-08-13T09:32:13.903571+05:30,+1R,BE,0.6236045861941466,0.048510039220532486,2026-08-13T11:00:00+05:30,2026-08-13T11:00:00+05:30
NSE,30m,ADANIENSOL.NS,f24a75f4f8476cce,2026-08-13T10:12:03.214858+05:30,+1R,BE,0.8298980656671497,0.02192282690837677,2026-08-13T10:15:00+05:30,2026-08-13T10:15:00+05:30
NSE,30m,GPIL.NS,364167022eb1cb8f,2026-08-13T10:12:05.602070+05:30,alert_before_data,BE,,0.044564707848591345,,2026-08-13T10:40:00+05:30
NSE,30m,IDFCFIRSTB.NS,88ceab02c176c0c6,2026-08-13T10:12:05.870510+05:30,BE,SL,0.04424580543600071,-1.5052897364707314,2026-08-13T11:25:00+05:30,2026-08-13T11:25:00+05:30
NSE,30m,NUVAMA.NS,d9d62dbfa818f524,2026-08-13T10:12:06.366842+05:30,+1R,BE,0.7210535951893506,0.03595075960399147,2026-08-13T10:50:00+05:30,2026-08-13T10:50:00+05:30
NSE,30m,CANHLIFE.NS,4c6d99336dee2a10,2026-08-13T10:32:31.894251+05:30,alert_before_data,SL,,-1.442847435611169,,2026-08-13T11:15:00+05:30
NSE,30m,GRANULES.NS,6475baf16da5b399,2026-08-13T10:32:32.835916+05:30,+1R,BE,0.7400257815269026,0.033505614234067393,2026-08-13T11:30:00+05:30,2026-08-13T11:30:00+05:30
NSE,30m,CESC.NS,093aaa930d8e54c2,2026-08-13T11:52:05.721716+05:30,alert_before_data,SL,,-1.4182073527597696,,2026-08-13T12:55:00+05:30
NSE,30m,SBFC.NS,9ece549184aa6938,2026-08-13T12:12:14.761123+05:30,+1R,BE,0.8256950647509719,0.022464511880635724,2026-08-13T12:15:00+05:30,2026-08-13T12:15:00+05:30
NSE,30m,CHOICEIN.NS,450f7ed5a5ba026a,2026-08-13T13:12:02.726507+05:30,+1R,data_quality_ambiguous,0.7081984791753149,,2026-08-13T14:15:00+05:30,2026-08-13T14:15:00+05:30
NSE,30m,KFINTECH.NS,fbf8c557f4120479,2026-08-13T14:52:09.755016+05:30,BE,Neither,0.03180723837544777,-0.3348141805969955,2026-08-13T14:55:00+05:30,2026-08-13T14:55:00+05:30
NSE,30m,KIMS.NS,2193c55f8f1a628b,2026-08-13T14:52:10.127551+05:30,+1R,SL,0.6366831806648074,-1.5347090203395313,2026-08-13T15:00:00+05:30,2026-08-13T15:00:00+05:30
NSE,30m,ABB.NS,e5cdc7693878f70d,2026-08-14T09:32:18.253679+05:30,+1R,BE,0.6978253336755539,0.03894443018480204,2026-08-14T09:45:00+05:30,2026-08-14T09:45:00+05:30
NSE,30m,KOTAKBANK.NS,c64ddfeafca9267f,2026-08-14T09:32:23.200189+05:30,+1R,BE,0.8007505289342641,0.02567937679775953,2026-08-14T09:35:00+05:30,2026-08-14T09:35:00+05:30
NSE,30m,MGL.NS,07f3854c261257e3,2026-08-14T09:32:23.414485+05:30,BE,SL,0.02537945629172894,-1.2900481035324842,2026-08-14T09:35:00+05:30,2026-08-14T09:35:00+05:30
NSE,30m,PIRAMALFIN.NS,2a5661d734fcd97c,2026-08-14T09:32:24.534703+05:30,+1R,BE,0.7866978082246026,0.027490498845956723,2026-08-14T09:35:00+05:30,2026-08-14T09:35:00+05:30
NSE,30m,HBLENGINE.NS,485a57eee98b2c56,2026-08-14T10:12:15.738145+05:30,BE,SL,0.03866475166824762,-1.4406168383756894,2026-08-14T11:00:00+05:30,2026-08-14T11:00:00+05:30
NSE,30m,APOLLOTYRE.NS,0528a493a5f19759,2026-08-14T10:32:07.845981+05:30,BE,SL,0.045307251774004464,-1.5173995220640701,2026-08-14T11:35:00+05:30,2026-08-14T11:35:00+05:30
NSE,30m,HYUNDAI.NS,9921ec8f8b99e073,2026-08-14T10:52:16.763358+05:30,+1R,BE,0.6935613341968833,0.03949397668392879,2026-08-14T11:30:00+05:30,2026-08-14T11:30:00+05:30
NSE,30m,MFSL.NS,2014ace787f8f580,2026-08-14T10:52:17.333915+05:30,+1R,BE,0.7766816739845956,0.028781383503402452,2026-08-14T11:20:00+05:30,2026-08-14T11:20:00+05:30
NSE,30m,PERSISTENT.NS,608647626d276f87,2026-08-14T12:11:53.550837+05:30,BE,SL,0.03803339554558244,-1.4344138484509288,2026-08-14T12:35:00+05:30,2026-08-14T12:35:00+05:30
NSE,30m,CREDITACC.NS,4098edbd36895a7b,2026-08-17T09:32:12.376194+05:30,BE,SL,0.04362021052303411,-1.4971524747993832,2026-08-17T10:05:00+05:30,2026-08-17T10:05:00+05:30
NSE,30m,ENGINERSIN.NS,acd7e3116f5988de,2026-08-17T09:32:12.702898+05:30,+1R,BE,0.6127770195756989,0.04990550171037661,2026-08-17T10:40:00+05:30,2026-08-17T10:40:00+05:30
NSE,30m,HCLTECH.NS,51ab3767b91e2a46,2026-08-17T09:32:13.234495+05:30,BE,SL,0.0565641449930161,-1.6448267052852477,2026-08-17T10:45:00+05:30,2026-08-17T10:45:00+05:30
NSE,30m,MAZDOCK.NS,a495054dd2d3c1e2,2026-08-17T09:32:14.485960+05:30,+1R,+1R,0.8795857933926684,0.8662871976017539,2026-08-17T09:35:00+05:30,2026-08-17T09:35:00+05:30
NSE,30m,BHARATFORG.NS,5ebee86a36816e3d,2026-08-17T09:52:14.654346+05:30,+1R,BE,0.8048542960159647,0.025150481134332048,2026-08-17T09:55:00+05:30,2026-08-17T09:55:00+05:30
NSE,30m,KEI.NS,e35fc0472a0d6226,2026-08-17T09:52:16.248485+05:30,+1R,BE,0.7029942253792059,0.03827826069901574,2026-08-17T10:00:00+05:30,2026-08-17T10:00:00+05:30
NSE,30m,GESHIP.NS,4666420373eccbaa,2026-08-17T10:11:45.953691+05:30,+1R,SL,0.5870991735537257,-1.606615702479357,2026-08-17T10:30:00+05:30,2026-08-17T10:30:00+05:30
NSE,30m,BAJFINANCE.NS,e20f38910d133ead,2026-08-17T11:12:06.333419+05:30,BE,SL,0.04695918334399407,-1.5362460114355088,2026-08-17T12:30:00+05:30,2026-08-17T12:30:00+05:30
NSE,30m,ENDURANCE.NS,a68afa341bb8223d,2026-08-17T12:11:56.291663+05:30,BE,data_quality_ambiguous,0.03539728768611239,,2026-08-17T12:20:00+05:30,2026-08-17T12:20:00+05:30
NSE,30m,ANGELONE.NS,d0e024e1ac20b5b6,2026-08-17T13:32:13.608109+05:30,+1R,+1R,0.8574902761779329,0.5404434322081091,2026-08-17T13:35:00+05:30,2026-08-17T13:35:00+05:30
NSE,30m,AMBER.NS,68756bc81cf51eab,2026-08-18T09:32:30.454121+05:30,+1R,BE,0.8523706018037085,0.019026554612310342,2026-08-18T09:35:00+05:30,2026-08-18T09:35:00+05:30
NSE,30m,COALINDIA.NS,8ab54f8a71476eac,2026-08-18T09:32:31.701041+05:30,+1R,BE,0.7102772302283822,0.037339623197299776,2026-08-18T09:35:00+05:30,2026-08-18T09:35:00+05:30
NSE,30m,DATAPATTNS.NS,91ea7ec0db4f1db9,2026-08-18T09:32:32.710351+05:30,+1R,BE,0.8077324156763157,0.024779547556297493,2026-08-18T09:50:00+05:30,2026-08-18T09:50:00+05:30
NSE,30m,ERIS.NS,dee7f3867aeb398e,2026-08-18T09:32:33.268481+05:30,+1R,BE,0.8594215193247771,0.018117828647709278,2026-08-18T09:35:00+05:30,2026-08-18T09:35:00+05:30
NSE,30m,ITCHOTELS.NS,f4e167fd322c0bd8,2026-08-18T09:32:36.437967+05:30,+1R,Neither,0.7847013015182855,-0.5468917756278076,2026-08-18T10:35:00+05:30,2026-08-18T10:35:00+05:30
NSE,30m,M&MFIN.NS,a470d397769af05a,2026-08-18T09:32:37.743580+05:30,BE,SL,0.03443761239430765,-1.3923904246154102,2026-08-18T09:45:00+05:30,2026-08-18T09:45:00+05:30
NSE,30m,DIXON.NS,4f95760885a4759e,2026-08-18T09:52:10.226761+05:30,+1R,BE,0.8509900380115487,0.01920448240114228,2026-08-18T09:55:00+05:30,2026-08-18T09:55:00+05:30
NSE,30m,POONAWALLA.NS,914ca5d79e0bf12c,2026-08-18T09:52:12.541682+05:30,+1R,+1R,0.8892415292330268,0.30547736382303603,2026-08-18T09:55:00+05:30,2026-08-18T09:55:00+05:30
NSE,30m,LINDEINDIA.NS,b827dc6495b7739a,2026-08-18T10:32:11.638776+05:30,+1R,BE,0.8006756180439915,0.025689031352746694,2026-08-18T10:35:00+05:30,2026-08-18T10:35:00+05:30
NSE,30m,ATHERENERG.NS,b1e465a928f3b495,2026-08-18T11:12:19.193877+05:30,+1R,SL,0.6171731447248935,-1.5623959311335756,2026-08-18T11:30:00+05:30,2026-08-18T11:30:00+05:30
NSE,30m,CRAFTSMAN.NS,0ca4f6da1277a5fc,2026-08-18T11:12:19.728898+05:30,BE,SL,0.047834200260107484,-1.5462288686606174,2026-08-18T11:50:00+05:30,2026-08-18T11:50:00+05:30
NSE,30m,360ONE.NS,cbffcf48146c6955,2026-08-18T12:12:11.922498+05:30,+1R,+1R,0.8537514429748365,1.262506868675797,2026-08-18T12:15:00+05:30,2026-08-18T12:15:00+05:30
NSE,30m,NAUKRI.NS,a27fc52c877737ef,2026-08-18T12:52:25.172984+05:30,+1R,+1R,0.834460589495271,0.8260798753640995,2026-08-18T13:45:00+05:30,2026-08-18T13:45:00+05:30
NSE,30m,BERGEPAINT.NS,74bf1fb32935c2e0,2026-08-19T09:32:18.473560+05:30,BE,SL,0.04938514071858652,-1.562923174767748,2026-08-19T10:35:00+05:30,2026-08-19T10:35:00+05:30
NSE,30m,CESC.NS,eb1a0e770d7139fc,2026-08-19T09:32:20.275882+05:30,+1R,BE,0.7152361382062478,0.03670051652466666,2026-08-19T09:35:00+05:30,2026-08-19T09:35:00+05:30
NSE,30m,NAUKRI.NS,864e261c1e68aa8a,2026-08-19T09:32:22.399159+05:30,+1R,BE,0.834460589495271,0.02133480643382485,2026-08-19T09:40:00+05:30,2026-08-19T09:40:00+05:30
NSE,30m,KEI.NS,95d683dc1533d5a8,2026-08-19T09:52:10.566588+05:30,+1R,BE,0.744454315042451,0.03293486250158978,2026-08-19T09:55:00+05:30,2026-08-19T09:55:00+05:30
NSE,30m,HINDCOPPER.NS,d171474c52797452,2026-08-19T11:32:24.483952+05:30,+1R,BE,0.792335255361363,0.02676394168906357,2026-08-19T12:15:00+05:30,2026-08-19T12:15:00+05:30
NSE,30m,ITI.NS,2a853265774715f5,2026-08-19T12:12:01.767909+05:30,+1R,BE,0.8551324320332988,0.018670608477366152,2026-08-19T12:15:00+05:30,2026-08-19T12:15:00+05:30
NSE,30m,IGIL.NS,7b29ebc4b3fc09f1,2026-08-19T12:51:59.143235+05:30,+1R,SL,0.7570050134643571,-1.3567917817076318,2026-08-19T12:55:00+05:30,2026-08-19T12:55:00+05:30
NSE,30m,ATHERENERG.NS,9ed2f2f3daf81f3e,2026-08-19T13:12:11.382050+05:30,+1R,SL,0.7204762064225495,-1.41050252997323,2026-08-19T14:35:00+05:30,2026-08-19T14:35:00+05:30
NSE,30m,CARTRADE.NS,0526711850173baf,2026-08-19T13:12:14.915604+05:30,+1R,BE,0.5830094635905575,0.05374196000760101,2026-08-19T13:20:00+05:30,2026-08-19T13:20:00+05:30
NSE,30m,GODIGIT.NS,8b7cd3a5318561fe,2026-08-19T13:12:18.404824+05:30,+1R,BE,0.6713196522526386,0.042360496370081824,2026-08-19T13:20:00+05:30,2026-08-19T13:20:00+05:30
NSE,30m,GRAPHITE.NS,accfab50e8c23907,2026-08-19T13:12:19.683520+05:30,+1R,BE,0.6418284454818972,0.04616133863500205,2026-08-19T13:15:00+05:30,2026-08-19T13:15:00+05:30
NSE,30m,IKS.NS,0bef82f7e91d7ff7,2026-08-19T13:12:28.344624+05:30,BE,SL,0.05111522596237528,-1.5826613005779013,2026-08-19T14:20:00+05:30,2026-08-19T14:20:00+05:30
NSE,30m,NAVINFLUOR.NS,0e3684259890756e,2026-08-19T13:12:44.361434+05:30,+1R,SL,0.5881946775808786,-1.6060049096341502,2026-08-19T13:30:00+05:30,2026-08-19T13:30:00+05:30
NSE,30m,PNBHOUSING.NS,1e1417e3c3d042c2,2026-08-19T13:32:26.501757+05:30,+1R,BE,0.6500784323100086,0.04509807598640958,2026-08-19T14:00:00+05:30,2026-08-19T14:00:00+05:30
NSE,30m,NAM-INDIA.NS,d88d580cf3777a51,2026-08-19T14:12:22.477757+05:30,+1R,BE,0.5979809806223627,0.05181242300538974,2026-08-19T14:15:00+05:30,2026-08-19T14:15:00+05:30
NSE,30m,BALKRISIND.NS,5a008b96d6f55c40,2026-08-20T09:32:21.494137+05:30,+1R,BE,0.630347342263824,0.04764102926610081,2026-08-20T09:35:00+05:30,2026-08-20T09:35:00+05:30
NSE,30m,DCMSHRIRAM.NS,24ec3554d40e74f9,2026-08-20T09:32:26.364666+05:30,BE,SL,0.03969280007800263,-1.4533455950503615,2026-08-20T09:35:00+05:30,2026-08-20T09:35:00+05:30
NSE,30m,JSWDULUX.NS,9010283d63e9d4e1,2026-08-20T09:32:38.685912+05:30,+1R,BE,0.6350743572629836,0.047031809082737575,2026-08-20T09:35:00+05:30,2026-08-20T09:35:00+05:30
NSE,30m,KARURVYSYA.NS,972c4d7d1a5df753,2026-08-20T09:32:42.755561+05:30,+1R,SL,0.5427584859994634,-1.6728127811691609,2026-08-20T10:05:00+05:30,2026-08-20T10:05:00+05:30
NSE,30m,EMMVEE.NS,43adf3596928d407,2026-08-20T09:52:06.980544+05:30,+1R,BE,0.6477435767908843,0.0453989933957441,2026-08-20T09:55:00+05:30,2026-08-20T09:55:00+05:30
NSE,30m,GODREJCP.NS,e24f4ef3ca400df9,2026-08-20T09:52:08.398720+05:30,BE,SL,0.04859763455695815,-1.5549387066606846,2026-08-20T10:10:00+05:30,2026-08-20T10:10:00+05:30
NSE,30m,KEC.NS,307d9c7f42ae018d,2026-08-20T09:52:11.782374+05:30,+1R,SL,0.5219930798966823,-1.7033455466806262,2026-08-20T09:55:00+05:30,2026-08-20T09:55:00+05:30
NSE,30m,LAURUSLABS.NS,343f4905637edb8b,2026-08-20T09:52:14.577958+05:30,+1R,SL,0.5249908820758885,-1.6989376776249836,2026-08-20T10:25:00+05:30,2026-08-20T10:25:00+05:30
NSE,30m,NETWEB.NS,7e6ea5dca22eeaee,2026-08-20T10:32:19.118130+05:30,+1R,SL,0.6668899937316775,-1.4902939226692513,2026-08-20T10:40:00+05:30,2026-08-20T10:40:00+05:30
NSE,30m,ANGELONE.NS,f9f7b3ad67d966b3,2026-08-20T10:51:57.424486+05:30,+1R,BE,0.5658257806031185,0.05595660212358561,2026-08-20T10:55:00+05:30,2026-08-20T10:55:00+05:30
NSE,30m,PREMIERENE.NS,44962ac58a0f824b,2026-08-20T11:11:55.080602+05:30,+2R,BE,1.5744349145281926,0.05484705240791532,2026-08-20T11:15:00+05:30,2026-08-20T11:15:00+05:30
NSE,30m,HFCL.NS,c3db3fd613cef6a6,2026-08-20T11:52:10.990940+05:30,+1R,BE,0.6841975416372752,0.040700787201968236,2026-08-20T11:55:00+05:30,2026-08-20T11:55:00+05:30
NSE,30m,ABBOTINDIA.NS,c3dae3711e90a83c,2026-08-20T12:11:56.268423+05:30,+1R,SL,0.5108134968086235,-1.71878363545452,2026-08-20T13:15:00+05:30,2026-08-20T13:15:00+05:30
NSE,30m,DLF.NS,b6ebc3d1d47023fb,2026-08-20T12:12:03.086994+05:30,BE,Neither,0.05051023382170727,-0.3992839154821088,2026-08-20T12:45:00+05:30,2026-08-20T12:45:00+05:30
NSE,30m,PRESTIGE.NS,c9dc99ecd5decb19,2026-08-20T12:52:35.713239+05:30,+1R,data_quality_ambiguous,0.6138853736598038,,2026-08-20T13:10:00+05:30,2026-08-20T13:10:00+05:30
NSE,30m,GRAVITA.NS,8558b4bdb405d26e,2026-08-20T13:12:11.539750+05:30,+1R,BE,0.6290089170021049,0.04781352621892321,2026-08-20T14:40:00+05:30,2026-08-20T14:40:00+05:30
NSE,30m,POWERINDIA.NS,d35299caaa693cdc,2026-08-20T13:52:03.316386+05:30,BE,Neither,0.05289153848709144,-0.851880176186536,2026-08-20T15:00:00+05:30,2026-08-20T15:00:00+05:30
NSE,30m,OLECTRA.NS,4b82991bd01b3ba1,2026-08-20T14:32:38.152018+05:30,BE,SL,0.0526859961802445,-1.6005818396329907,2026-08-20T14:45:00+05:30,2026-08-20T14:45:00+05:30
NSE,30m,AARTIIND.NS,b28691d0553f8e71,2026-08-20T14:52:00.422059+05:30,+1R,Neither,0.6323653783204299,-0.7574555371378784,2026-08-20T15:05:00+05:30,2026-08-20T15:05:00+05:30
NSE,30m,GODIGIT.NS,a58f5c5fb8148615,2026-08-21T10:32:31.233568+05:30,+1R,BE,0.8385358066733344,0.02080959029703422,2026-08-21T10:35:00+05:30,2026-08-21T10:35:00+05:30
NSE,30m,KEI.NS,21482fad7595dcec,2026-08-21T10:51:53.169594+05:30,BE,SL,0.02701884593109799,-1.3077515050388957,2026-08-21T11:00:00+05:30,2026-08-21T11:00:00+05:30
NSE,30m,NH.NS,692daf1565f593af,2026-08-21T11:12:00.017865+05:30,+1R,+1R,0.8489426701988908,0.4410762724459856,2026-08-21T11:45:00+05:30,2026-08-21T11:45:00+05:30
NSE,30m,KEC.NS,c62e19aba28171f5,2026-08-21T11:52:08.311114+05:30,BE,data_quality_ambiguous,0.02091751387490612,,2026-08-21T12:25:00+05:30,2026-08-21T12:25:00+05:30
NSE,30m,LICI.NS,5c3aa0a9e6cf47c7,2026-08-21T11:52:08.634819+05:30,+1R,BE,0.7833664801637528,0.027919842161391317,2026-08-21T12:00:00+05:30,2026-08-21T12:00:00+05:30
NSE,30m,LATENTVIEW.NS,eeb6e5119e284dc9,2026-08-24T09:32:31.325495+05:30,BE,SL,0.05183324726929073,-1.5918530327147817,2026-08-24T09:35:00+05:30,2026-08-24T09:35:00+05:30
NSE,30m,PRESTIGE.NS,61a1f6a5fad294e8,2026-08-24T09:32:31.822822+05:30,+1R,BE,0.6494408937559715,0.04518024229107087,2026-08-24T09:35:00+05:30,2026-08-24T09:35:00+05:30
NSE,30m,BRITANNIA.NS,a8906ee9f6ab2961,2026-08-24T10:06:42.487661+05:30,+1R,SL,0.5180103803776475,-1.7082015761709648,2026-08-24T10:25:00+05:30,2026-08-24T10:25:00+05:30
NSE,30m,DELHIVERY.NS,68ee6d00f76fe316,2026-08-24T10:52:08.268144+05:30,+1R,BE,0.5713769461058484,0.05524116498919618,2026-08-24T11:05:00+05:30,2026-08-24T11:05:00+05:30
NSE,30m,RADICO.NS,66db4bfbc344dd79,2026-08-24T10:52:09.013104+05:30,+1R,+2R,0.5636585363201005,1.5636585363201005,2026-08-24T12:00:00+05:30,2026-08-24T12:00:00+05:30
NSE,30m,JSWSTEEL.NS,0c8df37b28730d70,2026-08-24T11:12:06.170202+05:30,+1R,SL,0.5129476772275403,-1.7166456072374374,2026-08-24T11:20:00+05:30,2026-08-24T11:20:00+05:30
NSE,30m,DEEPAKFERT.NS,ff870e9b8fdc83c1,2026-08-24T11:52:07.311058+05:30,BE,SL,0.05257468323825737,-1.6003118970907584,2026-08-24T12:40:00+05:30,2026-08-24T12:40:00+05:30
NSE,30m,HINDZINC.NS,c6f1541505947baf,2026-08-24T12:32:20.999473+05:30,BE,SL,0.05681647420380209,-1.6487054684714582,2026-08-24T12:35:00+05:30,2026-08-24T12:35:00+05:30
NSE,30m,LINDEINDIA.NS,70b4977ef8662a21,2026-08-24T12:32:21.616436+05:30,BE,SL,0.05375268014426904,-1.6127513800399293,2026-08-24T13:25:00+05:30,2026-08-24T13:25:00+05:30
NSE,30m,POONAWALLA.NS,29086b386c70d62a,2026-08-24T12:52:23.946659+05:30,+1R,data_quality_ambiguous,0.6206913683432894,,2026-08-24T13:00:00+05:30,2026-08-24T13:00:00+05:30
NSE,30m,PFOCUS.NS,a750b1ec08aff315,2026-08-24T13:52:22.651149+05:30,SL,data_quality_ambiguous,-1.4061245325866523,,2026-08-24T13:55:00+05:30,2026-08-24T13:55:00+05:30
NSE,30m,AIIL.NS,aaf8a46dcc28f769,2026-08-25T09:32:50.732073+05:30,+1R,data_quality_ambiguous,0.644387617320678,,2026-08-25T09:40:00+05:30,2026-08-25T09:40:00+05:30
NSE,30m,FACT.NS,9905f60d25c2a142,2026-08-25T09:32:50.976682+05:30,+2R,SL,1.5487022976188791,-1.6640731973863696,2026-08-25T09:35:00+05:30,2026-08-25T09:35:00+05:30
NSE,30m,IFCI.NS,d2763cbb39164e95,2026-08-25T09:32:51.374188+05:30,BE,SL,0.04365374730631427,-1.4985350878815904,2026-08-25T09:40:00+05:30,2026-08-25T09:40:00+05:30
NSE,30m,ITI.NS,6d9629ccb5b109c2,2026-08-25T09:32:51.659589+05:30,+1R,SL,0.6128896843248146,-1.5686941894640716,2026-08-25T09:45:00+05:30,2026-08-25T09:45:00+05:30
NSE,30m,BLS.NS,ca6fd4ae1fb75ef8,2026-08-25T10:12:08.104942+05:30,+1R,data_quality_ambiguous,0.5814267318298968,,2026-08-25T10:15:00+05:30,2026-08-25T10:15:00+05:30
NSE,30m,ICICIAMC.NS,3e8480a221c1f0f6,2026-08-25T10:52:00.071237+05:30,BE,data_quality_ambiguous,0.054384775568163346,,2026-08-25T10:55:00+05:30,2026-08-25T10:55:00+05:30
NSE,30m,ABDL.NS,06641b7590d2f6f2,2026-08-25T12:12:32.629851+05:30,BE,data_quality_ambiguous,0.04595124029625047,,2026-08-25T12:20:00+05:30,2026-08-25T12:20:00+05:30
NSE,30m,IPCALAB.NS,b14e4d3129735aac,2026-08-25T12:12:34.218532+05:30,+1R,+2R,0.619531490031491,1.619531490031491,2026-08-25T12:15:00+05:30,2026-08-25T12:15:00+05:30
NSE,30m,PINELABS.NS,0b90be7cb2433042,2026-08-25T13:11:59.330531+05:30,+1R,SL,0.6710239967522748,-1.4842154215204255,2026-08-25T13:15:00+05:30,2026-08-25T13:15:00+05:30
NSE,30m,ANGELONE.NS,4715f4b077de813f,2026-08-25T13:52:17.571127+05:30,BE,SL,0.055949539848517915,-1.6388148232352369,2026-08-25T14:00:00+05:30,2026-08-25T14:00:00+05:30
NSE,30m,ANGELONE.NS,d4dc2c63cf17d76a,2026-08-25T14:49:03.193715+05:30,BE,Neither,0.05587417724190541,-0.8893572276590702,2026-08-25T14:55:00+05:30,2026-08-25T14:55:00+05:30
NSE,30m,MGL.NS,49e48c0b2b27248a,2026-08-25T14:49:03.383177+05:30,+1R,BE,0.5860096396589031,0.05335529573543263,2026-08-25T14:50:00+05:30,2026-08-25T14:50:00+05:30
NSE,30m,OIL.NS,119b7b1ea1f10923,2026-08-26T09:32:27.067777+05:30,BE,SL,0.05533315285128332,-1.6307826124563687,2026-08-26T09:35:00+05:30,2026-08-26T09:35:00+05:30
NSE,30m,PNBHOUSING.NS,f82facaf7c97b3d6,2026-08-26T09:32:27.364243+05:30,SL,data_quality_ambiguous,-1.617788832268673,,2026-08-26T09:35:00+05:30,2026-08-26T09:35:00+05:30
NSE,30m,CROMPTON.NS,fd4fffe2c1a23042,2026-08-26T09:51:59.042245+05:30,+1R,BE,0.6258325642266366,0.048222896237947954,2026-08-26T09:55:00+05:30,2026-08-26T09:55:00+05:30
NSE,30m,MEDANTA.NS,788d5d9b974db5de,2026-08-26T09:51:59.332410+05:30,BE,SL,0.05207024224730478,-1.5945568513323636,2026-08-26T10:00:00+05:30,2026-08-26T10:00:00+05:30
NSE,30m,GRANULES.NS,3374c3cd48badd72,2026-08-26T10:01:30.129278+05:30,BE,SL,0.05272768567946806,-1.6010574650874874,2026-08-26T10:50:00+05:30,2026-08-26T10:50:00+05:30
NSE,30m,FORTIS.NS,b0b3799f3645e176,2026-08-26T10:32:38.062067+05:30,+1R,BE,0.6026642491437775,0.05120884089114297,2026-08-26T10:35:00+05:30,2026-08-26T10:35:00+05:30
NSE,30m,HYUNDAI.NS,ffd7190e7e2d4339,2026-08-26T10:32:38.304868+05:30,BE,SL,0.05921159426187772,-1.6760308162872932,2026-08-26T10:40:00+05:30,2026-08-26T10:40:00+05:30
NSE,30m,SBFC.NS,e5a562946aec4665,2026-08-26T10:32:38.861400+05:30,+1R,data_quality_ambiguous,0.534127270023232,,2026-08-26T10:35:00+05:30,2026-08-26T10:35:00+05:30
NSE,30m,NH.NS,b7d53b3f15c9affe,2026-08-26T10:52:12.347984+05:30,SL,data_quality_ambiguous,-1.6660904071225988,,2026-08-26T10:55:00+05:30,2026-08-26T10:55:00+05:30
NSE,30m,INDGN.NS,e5d60b587589664b,2026-08-26T11:12:02.812907+05:30,BE,data_quality_ambiguous,0.05097765090800499,,2026-08-26T11:15:00+05:30,2026-08-26T11:15:00+05:30
NSE,30m,COCHINSHIP.NS,936b1190a3dd751d,2026-08-26T11:52:14.678391+05:30,BE,data_quality_ambiguous,0.05573422427661373,,2026-08-26T11:55:00+05:30,2026-08-26T11:55:00+05:30
NSE,30m,NUVAMA.NS,70bd98b52f254ddb,2026-08-26T11:52:14.974351+05:30,+1R,SL,0.6198849169749344,-1.5594086310142603,2026-08-26T12:20:00+05:30,2026-08-26T12:20:00+05:30
NSE,30m,OLAELEC.NS,4b9e9d15bd341d27,2026-08-26T11:52:15.204321+05:30,+1R,BE,0.6121146452042041,0.04999086886828741,2026-08-26T11:55:00+05:30,2026-08-26T11:55:00+05:30
NSE,30m,PREMIERENE.NS,9e51f112a5a2fa34,2026-08-26T11:52:15.533011+05:30,+1R,SL,0.5218168687051107,-1.702604641781663,2026-08-26T13:05:00+05:30,2026-08-26T13:05:00+05:30
NSE,30m,MAPMYINDIA.NS,ae77d578ab8142a9,2026-08-26T12:32:18.298955+05:30,+1R,SL,0.6044138969382977,-1.5821567065714195,2026-08-26T12:40:00+05:30,2026-08-26T12:40:00+05:30
NSE,30m,NSLNISP.NS,5efeb797fc275453,2026-08-26T13:01:07.618583+05:30,+1R,BE,0.6446589735134064,0.04579653869110928,2026-08-26T13:15:00+05:30,2026-08-26T13:15:00+05:30
NSE,30m,PHOENIXLTD.NS,8c22ed2fc6fcd314,2026-08-26T13:52:28.056753+05:30,+1R,+1R,0.5609874739210399,1.465774601692566,2026-08-26T15:00:00+05:30,2026-08-26T15:00:00+05:30
NSE,30m,CPPLUS.NS,b2691e3cdafc2534,2026-08-27T09:32:37.623064+05:30,BE,SL,0.045580237012317004,-1.5205139448922338,2026-08-27T09:35:00+05:30,2026-08-27T09:35:00+05:30
NSE,30m,NESTLEIND.NS,d244cf55113ec101,2026-08-27T09:32:39.864333+05:30,+1R,SL,0.5008639633940163,-1.7334130999201922,2026-08-27T09:35:00+05:30,2026-08-27T09:35:00+05:30
NSE,30m,CHAMBLFERT.NS,da974901a88ef9cc,2026-08-27T10:52:33.394850+05:30,+1R,+1R,0.5056608617955396,-1.3030076697793092,2026-08-27T10:55:00+05:30,2026-08-27T10:55:00+05:30
NSE,30m,MRPL.NS,0fd0cc14eb07d49f,2026-08-27T12:32:25.863009+05:30,BE,SL,0.047616603998086926,-1.542746365321575,2026-08-27T12:50:00+05:30,2026-08-27T12:50:00+05:30
NSE,30m,CRISIL.NS,b0c9ec98ddc89ead,2026-08-27T12:52:09.064867+05:30,+1R,+2R,0.5753694194637156,1.5753694194637156,2026-08-27T13:00:00+05:30,2026-08-27T13:00:00+05:30
NSE,30m,CRAFTSMAN.NS,292aa892187bfd24,2026-08-27T13:12:25.345453+05:30,+1R,BE,0.5972348042997413,0.05190859060293601,2026-08-27T13:15:00+05:30,2026-08-27T13:15:00+05:30
NSE,30m,DEVYANI.NS,c33a8694b9bfffb3,2026-08-28T09:32:29.355642+05:30,BE,SL,0.04803545564931189,-1.547524942918751,2026-08-28T09:40:00+05:30,2026-08-28T09:40:00+05:30
NSE,30m,PREMIERENE.NS,9d1fc219b8f2b868,2026-08-28T09:32:31.441550+05:30,+1R,SL,0.6281049411824995,-1.5463221796159525,2026-08-28T09:50:00+05:30,2026-08-28T09:50:00+05:30
NSE,30m,BERGEPAINT.NS,c0228a7aa3940a00,2026-08-28T09:52:28.648641+05:30,+1R,SL,0.5256468813367856,-1.6969731180344396,2026-08-28T10:05:00+05:30,2026-08-28T10:05:00+05:30
NSE,30m,INDGN.NS,63b935bc8a28c358,2026-08-28T11:32:19.591299+05:30,BE,data_quality_ambiguous,0.04086971611908485,,2026-08-28T11:40:00+05:30,2026-08-28T11:40:00+05:30
NSE,30m,BLUESTARCO.NS,22059a619222bfe5,2026-08-28T11:52:07.557026+05:30,+1R,BE,0.6760030469913199,0.04175689798891086,2026-08-28T11:55:00+05:30,2026-08-28T11:55:00+05:30
NSE,30m,DEEPAKFERT.NS,b3a6e92ae8bf1089,2026-08-28T12:12:04.046672+05:30,BE,SL,0.05190130528826553,-1.5916294902595365,2026-08-28T13:10:00+05:30,2026-08-28T13:10:00+05:30
NSE,30m,COROMANDEL.NS,ca26f0ca4510f048,2026-08-28T12:52:06.279891+05:30,+1R,SL,0.5414057776500989,-1.6738017587327356,2026-08-28T12:55:00+05:30,2026-08-28T12:55:00+05:30
NSE,30m,GMRAIRPORT.NS,c5d4c28e98a62bd5,2026-08-28T13:52:12.684201+05:30,+1R,+1R,0.5224761723030497,0.4793722172711755,2026-08-28T14:05:00+05:30,2026-08-28T14:05:00+05:30
NSE,30m,PGEL.NS,74bcbf65760e827b,2026-08-28T13:52:15.544606+05:30,SL,data_quality_ambiguous,-1.5234925751930422,,2026-08-28T13:55:00+05:30,2026-08-28T13:55:00+05:30
NSE,30m,ANANTRAJ.NS,0008f3b8055f6b64,2026-08-31T09:32:25.117232+05:30,BE,SL,0.04867126624130008,-1.5547787528111403,2026-08-31T09:40:00+05:30,2026-08-31T09:40:00+05:30
NSE,30m,BALKRISIND.NS,1dd29cccea51361e,2026-08-31T09:32:25.926061+05:30,+1R,BE,0.5894901192269095,0.05290672969513038,2026-08-31T09:35:00+05:30,2026-08-31T09:35:00+05:30
NSE,30m,ICICIGI.NS,7379a4bb442bff4b,2026-08-31T09:32:29.017574+05:30,BE,SL,0.0377511853323127,-1.4301941801051712,2026-08-31T10:15:00+05:30,2026-08-31T10:15:00+05:30
NSE,30m,KAYNES.NS,0b7dd5e0512d9ce6,2026-08-31T09:32:31.230072+05:30,+1R,BE,0.6485734004756967,0.04529204528206893,2026-08-31T09:35:00+05:30,2026-08-31T09:35:00+05:30
NSE,30m,MEESHO.NS,41f4facb37fa76a1,2026-08-31T09:32:31.789348+05:30,+2R,data_quality_ambiguous,1.6289837054344383,,2026-08-31T09:45:00+05:30,2026-08-31T09:45:00+05:30
NSE,30m,PGEL.NS,43bd6d6cc48f47dc,2026-08-31T09:32:32.947117+05:30,+1R,data_quality_ambiguous,0.6323721857151732,,2026-08-31T09:40:00+05:30,2026-08-31T09:40:00+05:30
NSE,30m,HINDCOPPER.NS,8b35b51144855a9b,2026-08-31T09:52:14.591916+05:30,BE,SL,0.037833598912583366,-1.431134416790724,2026-08-31T09:55:00+05:30,2026-08-31T09:55:00+05:30
NSE,30m,LATENTVIEW.NS,8b7227f81e7d4f92,2026-08-31T09:52:16.124077+05:30,+1R,+2R,0.6054468965824562,1.6054468965824562,2026-08-31T10:30:00+05:30,2026-08-31T10:30:00+05:30
NSE,30m,CANHLIFE.NS,179eb8e64a685e05,2026-08-31T10:12:13.386884+05:30,BE,data_quality_ambiguous,0.05249375539664547,,2026-08-31T10:20:00+05:30,2026-08-31T10:20:00+05:30
NSE,30m,KEI.NS,1763efef6af9a5b8,2026-08-31T10:32:29.208527+05:30,+1R,data_quality_ambiguous,0.5858848003017701,,2026-08-31T10:35:00+05:30,2026-08-31T10:35:00+05:30
NSE,30m,MFSL.NS,b2c11382ca76d027,2026-08-31T11:12:03.003139+05:30,BE,+2R,0.054254753657899224,1.5790306340267284,2026-08-31T11:15:00+05:30,2026-08-31T11:15:00+05:30
NSE,30m,LTTS.NS,d2ba2a50835b9356,2026-08-31T11:52:06.373432+05:30,+1R,data_quality_ambiguous,0.5557392935989848,,2026-08-31T11:55:00+05:30,2026-08-31T11:55:00+05:30
NSE,30m,RADICO.NS,cd4f85122801ad3f,2026-08-31T11:52:06.875735+05:30,BE,SL,0.05689622821970658,-1.6486153628276656,2026-08-31T12:05:00+05:30,2026-08-31T12:05:00+05:30
NSE,30m,DOMS.NS,d7fad6773b71e62a,2026-08-31T12:32:35.527194+05:30,+1R,BE,0.6211048177246897,0.04883221069777599,2026-08-31T13:05:00+05:30,2026-08-31T13:05:00+05:30
NSE,30m,JSWDULUX.NS,d6b948f3564e0856,2026-08-31T12:32:35.768359+05:30,BE,data_quality_ambiguous,0.054288768085728634,,2026-08-31T12:35:00+05:30,2026-08-31T12:35:00+05:30
NSE,30m,IPCALAB.NS,34ed8834283ac3d9,2026-08-31T12:52:12.698852+05:30,BE,+2R,0.048411166582021714,1.6243717512651925,2026-08-31T13:00:00+05:30,2026-08-31T13:00:00+05:30
NSE,30m,ADANIGREEN.NS,664adc1f889ac0cf,2026-08-31T13:12:03.945143+05:30,+1R,SL,0.5709276770902285,-1.6303937353791205,2026-08-31T13:35:00+05:30,2026-08-31T13:35:00+05:30
NSE,30m,OLAELEC.NS,52f0f5378c97e834,2026-08-31T13:32:21.532995+05:30,BE,SL,0.044485853812892384,-1.5080283905808014,2026-08-31T13:35:00+05:30,2026-08-31T13:35:00+05:30
NSE,30m,ADANIPOWER.NS,1f875f7a7ed64e23,2026-08-31T14:12:20.522354+05:30,BE,SL,0.06368350668414519,-1.7260497879369583,2026-08-31T14:50:00+05:30,2026-08-31T14:50:00+05:30
NSE,30m,AFFLE.NS,878c09444bdbd78e,2026-09-01T09:32:46.222284+05:30,BE,SL,0.04242009936191343,-1.4834606956400056,2026-09-01T09:40:00+05:30,2026-09-01T09:40:00+05:30
NSE,30m,GLAXO.NS,f34f50cdcf6c8298,2026-09-01T09:32:48.243832+05:30,+1R,SL,0.5865321860203199,-1.607449382173333,2026-09-01T10:10:00+05:30,2026-09-01T10:10:00+05:30
NSE,30m,INTELLECT.NS,491a075714bb72da,2026-09-01T09:32:48.549003+05:30,+1R,SL,0.5557690474126369,-1.6536824824967709,2026-09-01T09:35:00+05:30,2026-09-01T09:35:00+05:30
NSE,30m,REDINGTON.NS,cf1552462342fc47,2026-09-01T09:52:29.908664+05:30,BE,data_quality_ambiguous,0.03987941674211204,,2026-09-01T09:55:00+05:30,2026-09-01T09:55:00+05:30
NSE,30m,HEG.NS,f8188914e8c4be74,2026-09-01T10:12:03.275898+05:30,+2R,no_candles,1.6419918612870292,,2026-09-01T10:15:00+05:30,
NSE,30m,CHENNPETRO.NS,2c9331984f0d68ea,2026-09-01T10:34:44.964087+05:30,SL,data_quality_ambiguous,-1.4960623981695693,,2026-09-01T10:35:00+05:30,2026-09-01T10:35:00+05:30
NSE,30m,HCLTECH.NS,cf20a075a0eec1bd,2026-09-01T10:54:47.374386+05:30,+1R,SL,0.5160981122279413,-1.7120133119357777,2026-09-01T11:05:00+05:30,2026-09-01T11:05:00+05:30
NSE,30m,RRKABEL.NS,75576c3d6caa8614,2026-09-01T11:52:14.829093+05:30,BE,data_quality_ambiguous,0.051218441139931015,,2026-09-01T12:40:00+05:30,2026-09-01T12:40:00+05:30
NSE,30m,ANGELONE.NS,649adf4580014311,2026-09-01T12:12:09.344768+05:30,+1R,BE,0.5698277553857998,0.05544082550531032,2026-09-01T12:15:00+05:30,2026-09-01T12:15:00+05:30
NSE,30m,DEEPAKNTR.NS,dc7b434f4c8d2e96,2026-09-01T12:12:10.044204+05:30,BE,+2R,0.04499233494260246,1.6508988901900374,2026-09-01T12:45:00+05:30,2026-09-01T12:45:00+05:30
NSE,30m,MPHASIS.NS,dff1581ed9bcc116,2026-09-01T12:32:18.040040+05:30,+1R,BE,0.5712832305534326,0.055253243098944804,2026-09-01T12:35:00+05:30,2026-09-01T12:35:00+05:30
NSE,30m,LGEINDIA.NS,79de0f5f45bbd81a,2026-09-01T14:52:20.001202+05:30,+1R,data_quality_ambiguous,0.561852577056364,,2026-09-01T15:00:00+05:30,2026-09-01T15:00:00+05:30
NSE,30m,BAJFINANCE.NS,424e2e07bd736454,2026-09-02T09:32:15.943147+05:30,+1R,BE,0.5649922618531958,0.05606402645922215,2026-09-02T09:40:00+05:30,2026-09-02T09:40:00+05:30
NSE,30m,CLEAN.NS,c54b563916784c7b,2026-09-02T09:32:16.604636+05:30,+1R,data_quality_ambiguous,0.6078991840021598,,2026-09-02T09:35:00+05:30,2026-09-02T09:35:00+05:30
NSE,30m,OBEROIRLTY.NS,fd3d6c6c4d235a7c,2026-09-02T09:32:19.166626+05:30,+2R,SL,1.5432742343337869,-1.6710544418967754,2026-09-02T09:35:00+05:30,2026-09-02T09:35:00+05:30
NSE,30m,DIXON.NS,93700376a2c55478,2026-09-02T09:52:21.543036+05:30,+1R,BE,0.5705278400302207,0.05535059822753685,2026-09-02T09:55:00+05:30,2026-09-02T09:55:00+05:30
NSE,30m,ENDURANCE.NS,e7e0ed3dc88be812,2026-09-02T09:52:21.868411+05:30,BE,+2R,0.05146400753913738,1.6006843794588876,2026-09-02T09:55:00+05:30,2026-09-02T09:55:00+05:30
NSE,30m,HINDZINC.NS,d6eae5c20e1ff062,2026-09-02T09:52:22.104035+05:30,+1R,BE,0.610001219056527,0.05026324834358964,2026-09-02T11:00:00+05:30,2026-09-02T11:00:00+05:30
NSE,30m,CONCOR.NS,bc68cdf3c36ec049,2026-09-02T10:12:09.164688+05:30,+1R,BE,0.5971489706021726,0.05191965289509071,2026-09-02T10:15:00+05:30,2026-09-02T10:15:00+05:30
NSE,30m,EXIDEIND.NS,1ecf3c029d8524a6,2026-09-02T10:32:32.938704+05:30,BE,SL,0.044048365459834815,-1.5020371913409423,2026-09-02T10:40:00+05:30,2026-09-02T10:40:00+05:30
NSE,30m,POLYCAB.NS,d9b7abee63efdb46,2026-09-02T10:32:33.309448+05:30,+1R,BE,0.6026973349998955,0.05120457676862622,2026-09-02T10:35:00+05:30,2026-09-02T10:35:00+05:30
NSE,30m,GRANULES.NS,49a01ce9c59cf742,2026-09-02T11:12:10.636377+05:30,+1R,BE,0.6280706287574374,0.04793445330219437,2026-09-02T11:15:00+05:30,2026-09-02T11:15:00+05:30
NSE,30m,DEEPAKNTR.NS,c4f3ac8e5574d760,2026-09-02T11:32:34.617981+05:30,+1R,BE,0.5824151784136556,0.05381855179429246,2026-09-02T11:35:00+05:30,2026-09-02T11:35:00+05:30
NSE,30m,KALYANKJIL.NS,535469051479fa20,2026-09-02T11:51:47.809478+05:30,BE,+2R,0.033436144585884175,1.7405648051475757,2026-09-02T12:20:00+05:30,2026-09-02T12:20:00+05:30
NSE,30m,ESCORTS.NS,3ff58ea9036f3ae9,2026-09-02T12:52:13.019801+05:30,+1R,SL,0.5009777536735484,-1.7342457864611847,2026-09-02T13:00:00+05:30,2026-09-02T13:00:00+05:30
NSE,30m,OIL.NS,f5fbc643129ab67c,2026-09-02T13:32:37.230107+05:30,+2R,SL,1.531574206808454,-1.6892577749373199,2026-09-02T13:35:00+05:30,2026-09-02T13:35:00+05:30
NSE,30m,IGIL.NS,b428d7f8ab07103b,2026-09-02T13:52:30.081884+05:30,BE,data_quality_ambiguous,0.04228293497304858,,2026-09-02T13:55:00+05:30,2026-09-02T13:55:00+05:30
NSE,30m,HEG.NS,094d978f569d9921,2026-09-02T14:52:14.711811+05:30,SL,no_candles,-1.5311115397566808,,2026-09-02T14:55:00+05:30,
NSE,30m,MCX.NS,f1ad2d40edf3b884,2026-09-03T09:51:59.038578+05:30,+1R,SL,0.6061640760849123,-1.5785833011093688,2026-09-03T09:55:00+05:30,2026-09-03T09:55:00+05:30
NSE,30m,AADHARHFC.NS,5534ca33b29f9478,2026-09-03T10:12:05.026140+05:30,+2R,BE,1.5874788203611518,0.05316594695252558,2026-09-03T11:05:00+05:30,2026-09-03T11:05:00+05:30
NSE,30m,IPCALAB.NS,65cfb133ed0eb82e,2026-09-03T10:32:25.741796+05:30,+1R,BE,0.6193412828584598,0.049059496000363634,2026-09-03T10:40:00+05:30,2026-09-03T10:40:00+05:30
NSE,30m,M&MFIN.NS,122288a73e70894c,2026-09-03T10:52:03.648365+05:30,+1R,+2R,0.5707828835355628,1.5707828835355628,2026-09-03T10:55:00+05:30,2026-09-03T10:55:00+05:30
NSE,30m,LTM.NS,3809c7d6769e51f7,2026-09-03T12:32:12.929451+05:30,BE,SL,0.05312485377159354,-1.605588660182301,2026-09-03T13:00:00+05:30,2026-09-03T13:00:00+05:30
NSE,30m,NH.NS,01701a6c0ca99710,2026-09-03T14:52:19.391340+05:30,SL,data_quality_ambiguous,-1.6983441193671482,,2026-09-03T14:55:00+05:30,2026-09-03T14:55:00+05:30
NSE,30m,AADHARHFC.NS,8885c87b69e0b84a,2026-09-04T09:32:23.533606+05:30,+1R,SL,0.5874517693362888,-1.6070972573164475,2026-09-04T10:40:00+05:30,2026-09-04T10:40:00+05:30
NSE,30m,GROWW.NS,d2ed1a7e47c92307,2026-09-04T09:32:23.861231+05:30,+1R,data_quality_ambiguous,0.6039892109869143,,2026-09-04T10:30:00+05:30,2026-09-04T10:30:00+05:30
NSE,30m,CDSL.NS,02e7f7a363f662f9,2026-09-04T09:32:24.118221+05:30,+1R,SL,0.5486127847666684,-1.6642048141200996,2026-09-04T09:35:00+05:30,2026-09-04T09:35:00+05:30
NSE,30m,KEI.NS,ed6c41d6cbc1ffb1,2026-09-04T09:32:26.558467+05:30,+1R,SL,0.6177920443006091,-1.5614859216915924,2026-09-04T09:40:00+05:30,2026-09-04T09:40:00+05:30
NSE,30m,PWL.NS,d0b46ada9cf4cf74,2026-09-04T12:32:19.354797+05:30,+2R,SL,1.6768754040622682,-1.475611705974325,2026-09-04T13:45:00+05:30,2026-09-04T13:45:00+05:30
NSE,30m,MPHASIS.NS,062817d095e6343c,2026-09-04T14:11:59.878180+05:30,+1R,BE,0.6015291402082994,0.05135513432878075,2026-09-04T14:15:00+05:30,2026-09-04T14:15:00+05:30
NSE,30m,NEULANDLAB.NS,a10fc71f83e509e1,2026-09-04T14:12:00.081194+05:30,BE,Neither,0.05463165074371318,-0.8503966547104869,2026-09-04T14:30:00+05:30,2026-09-04T14:30:00+05:30
NSE,30m,ABSLAMC.NS,5cfab3533d78194c,2026-09-04T14:32:34.630661+05:30,+1R,SL,0.5791200526273355,-1.6193479376702131,2026-09-04T14:55:00+05:30,2026-09-04T14:55:00+05:30
NSE,30m,HINDCOPPER.NS,e97d75d903e5b440,2026-09-07T09:34:08.949355+05:30,BE,SL,0.03546874358600721,-1.4041543520068374,2026-09-07T10:10:00+05:30,2026-09-07T10:10:00+05:30
NSE,30m,RAINBOW.NS,546bf7d4a5125400,2026-09-07T09:52:14.192431+05:30,BE,SL,0.051135636858875844,-1.5838941635798824,2026-09-07T09:55:00+05:30,2026-09-07T09:55:00+05:30
NSE,30m,FSL.NS,35577dc33b0333fd,2026-09-07T10:32:04.309371+05:30,BE,+2R,0.05142990858343954,1.6009489574874654,2026-09-07T10:35:00+05:30,2026-09-07T10:35:00+05:30
NSE,30m,MOTILALOFS.NS,7911131e6abcd045,2026-09-07T10:32:05.224078+05:30,+1R,BE,0.6002162628364338,0.05152433865609418,2026-09-07T10:35:00+05:30,2026-09-07T10:35:00+05:30
NSE,30m,PIDILITIND.NS,1d0c54a96787c2bf,2026-09-07T10:32:05.968662+05:30,+1R,SL,0.5266711359055858,-1.6954670880334857,2026-09-07T10:40:00+05:30,2026-09-07T10:40:00+05:30
NSE,30m,KARURVYSYA.NS,8c3cff009787094a,2026-09-07T10:52:03.573216+05:30,BE,SL,0.054145399613333645,-1.6172318218659099,2026-09-07T10:55:00+05:30,2026-09-07T10:55:00+05:30
NSE,30m,JUBLFOOD.NS,03b660c44396f65f,2026-09-07T11:12:03.742762+05:30,BE,SL,0.05277288236607075,-1.6015731031983846,2026-09-07T12:00:00+05:30,2026-09-07T12:00:00+05:30
NSE,30m,COHANCE.NS,8cd0976fc0df0272,2026-09-07T11:33:12.010480+05:30,BE,+2R,0.04666252270760329,1.6379396960717059,2026-09-07T11:40:00+05:30,2026-09-07T11:40:00+05:30
NSE,30m,NLCINDIA.NS,66678870b1a42ed8,2026-09-07T11:52:06.549563+05:30,+1R,SL,0.5614258986965954,-1.6443648356888025,2026-09-07T11:55:00+05:30,2026-09-07T11:55:00+05:30
NSE,30m,ATGL.NS,e0309e24facfa45b,2026-09-07T12:31:59.956536+05:30,BE,SL,0.05701919596593319,-1.6500182722241843,2026-09-07T12:50:00+05:30,2026-09-07T12:50:00+05:30
NSE,30m,HINDALCO.NS,54aaef04c8b67566,2026-09-07T13:12:13.466516+05:30,+1R,+1R,0.5410390658246533,0.5681219157627555,2026-09-07T13:20:00+05:30,2026-09-07T13:20:00+05:30
NSE,30m,BANDHANBNK.NS,aafed6f9bf441bda,2026-09-08T09:32:24.877753+05:30,+1R,SL,0.5668077971086909,-1.6374514704789318,2026-09-08T09:35:00+05:30,2026-09-08T09:35:00+05:30
NSE,30m,BERGEPAINT.NS,74b5a8a4d19a7e14,2026-09-08T09:32:25.095122+05:30,+1R,SL,0.555038646846195,-1.6537564393032742,2026-09-08T09:35:00+05:30,2026-09-08T09:35:00+05:30
NSE,30m,CAMS.NS,056840bb3e317f76,2026-09-08T09:32:25.421870+05:30,BE,SL,0.05255328546004201,-1.599067774993049,2026-09-08T09:50:00+05:30,2026-09-08T09:50:00+05:30
NSE,30m,IREDA.NS,9bea618d2be47972,2026-09-08T09:32:26.928262+05:30,+1R,SL,0.5149015682436859,-1.7127726705880901,2026-09-08T09:55:00+05:30,2026-09-08T09:55:00+05:30
NSE,30m,NHPC.NS,44f65f4ed75d1a5b,2026-09-08T09:32:28.070612+05:30,+1R,SL,0.5025402643590584,-1.7309483224899629,2026-09-08T09:50:00+05:30,2026-09-08T09:50:00+05:30
NSE,30m,NEWGEN.NS,895248d9d57dd69d,2026-09-08T09:32:28.693789+05:30,+1R,BE,0.6552613493000632,0.04443009891427446,2026-09-08T10:05:00+05:30,2026-09-08T10:05:00+05:30
NSE,30m,APOLLOTYRE.NS,f3d50dc0bf489f14,2026-09-08T10:12:05.350894+05:30,+1R,SL,0.5495550131476895,-1.6618193927094462,2026-09-08T10:45:00+05:30,2026-09-08T10:45:00+05:30
NSE,30m,NEULANDLAB.NS,a0e89a356797a4c5,2026-09-08T10:12:06.707148+05:30,BE,data_quality_ambiguous,0.04655408678316486,,2026-09-08T10:35:00+05:30,2026-09-08T10:35:00+05:30
NSE,30m,ABBOTINDIA.NS,286b44a98571d8ff,2026-09-08T10:51:55.864254+05:30,+2R,SL,1.5042330629999596,-1.7284592874233662,2026-09-08T11:15:00+05:30,2026-09-08T11:15:00+05:30
NSE,30m,DIVISLAB.NS,0168b082f298ee8a,2026-09-08T10:51:56.370463+05:30,+1R,SL,0.5181253787704605,-1.7090324863422208,2026-09-08T10:55:00+05:30,2026-09-08T10:55:00+05:30
NSE,30m,PINELABS.NS,51542655fa969815,2026-09-08T12:12:26.590935+05:30,+1R,BE,0.6573464071383669,0.0441613755616348,2026-09-08T12:15:00+05:30,2026-09-08T12:15:00+05:30
NSE,30m,DELHIVERY.NS,a82d9d86ed67f5a0,2026-09-09T09:33:18.283119+05:30,+1R,BE,0.56185592232837,0.056468239549409716,2026-09-09T09:35:00+05:30,2026-09-09T09:35:00+05:30
NSE,30m,INOXWIND.NS,295b826fea1dc2f8,2026-09-09T09:33:19.903535+05:30,BE,SL,0.04552311396419889,-1.5198622417957859,2026-09-09T09:35:00+05:30,2026-09-09T09:35:00+05:30
NSE,30m,KPIL.NS,1efd7fcf7e8b434e,2026-09-09T09:52:27.567721+05:30,+1R,SL,0.5721540052343028,-1.6285905830844398,2026-09-09T09:55:00+05:30,2026-09-09T09:55:00+05:30
NSE,30m,FORCEMOT.NS,100c724d3d23485c,2026-09-09T10:12:24.651087+05:30,+1R,BE,0.5828435970293111,0.053763336977414866,2026-09-09T10:15:00+05:30,2026-09-09T10:15:00+05:30
NSE,30m,ITCHOTELS.NS,743012ca770083b3,2026-09-09T10:12:25.219999+05:30,+1R,SL,0.5304044853220793,-1.6899776946769167,2026-09-09T10:15:00+05:30,2026-09-09T10:15:00+05:30
NSE,30m,LICI.NS,3fc6308ced49d55e,2026-09-09T10:12:25.921412+05:30,+1R,BE,0.5810879625469978,0.053989604074373254,2026-09-09T10:15:00+05:30,2026-09-09T10:15:00+05:30
NSE,30m,MFSL.NS,18b10b69d427fe6e,2026-09-09T10:12:26.151713+05:30,+1R,BE,0.5885560913476526,0.05302710770027608,2026-09-09T11:35:00+05:30,2026-09-09T11:35:00+05:30
NSE,30m,AEGISVOPAK.NS,5e7409a0d3d821d1,2026-09-09T11:12:00.642381+05:30,+1R,BE,0.6883656712443471,0.04016359646237139,2026-09-09T11:15:00+05:30,2026-09-09T11:15:00+05:30
NSE,30m,ENDURANCE.NS,2f46b1d94d927708,2026-09-09T11:32:34.542521+05:30,+1R,BE,0.5896814301674351,0.052882073440293775,2026-09-09T13:00:00+05:30,2026-09-09T13:00:00+05:30
NSE,30m,HCLTECH.NS,a2a2756009f675f0,2026-09-09T12:12:12.442451+05:30,+1R,SL,0.5101002276328168,-1.7198324028315632,2026-09-09T12:15:00+05:30,2026-09-09T12:15:00+05:30
NSE,30m,JWL.NS,a914caed54b4b53c,2026-09-09T12:12:12.855430+05:30,+1R,+1R,0.5458457013645273,0.2669854915122867,2026-09-09T12:15:00+05:30,2026-09-09T12:15:00+05:30
NSE,30m,NIVABUPA.NS,b8fd6b402f7521d1,2026-09-09T12:12:13.113171+05:30,+1R,SL,0.5554431987166819,-1.6531615996291826,2026-09-09T12:20:00+05:30,2026-09-09T12:20:00+05:30
NSE,30m,NBCC.NS,bb2fa16c370a5073,2026-09-09T12:32:29.714486+05:30,+1R,SL,0.5101813596445625,-1.719713109008075,2026-09-09T13:45:00+05:30,2026-09-09T13:45:00+05:30
NSE,30m,CONCOR.NS,7e8dc2c157d8ac50,2026-09-09T12:52:08.738105+05:30,BE,SL,0.05627291688310304,-1.6425041539292313,2026-09-09T12:55:00+05:30,2026-09-09T12:55:00+05:30
NSE,30m,GLAXO.NS,41f38fb4153ccb69,2026-09-09T12:52:09.166450+05:30,BE,SL,0.052963690945038444,-1.6037499923144816,2026-09-09T13:10:00+05:30,2026-09-09T13:10:00+05:30
NSE,30m,ABSLAMC.NS,26ea0a4559680c0b,2026-09-09T14:32:34.113707+05:30,+1R,BE,0.5730169627733527,0.05502979877705544,2026-09-09T14:35:00+05:30,2026-09-09T14:35:00+05:30
NSE,30m,HUDCO.NS,454ca5f5e5d50bbf,2026-09-09T14:52:24.931617+05:30,BE,Neither,0.05332321526599021,-0.5148648483706074,2026-09-09T15:00:00+05:30,2026-09-09T15:00:00+05:30
NSE,30m,ASHOKLEY.NS,03f923550497295d,2026-09-10T09:32:31.198516+05:30,+1R,BE,0.591665438330996,0.05262637342301146,2026-09-10T09:35:00+05:30,2026-09-10T09:35:00+05:30
NSE,30m,GRSE.NS,9f20d663b09e5298,2026-09-10T09:32:31.665471+05:30,+1R,SL,0.5385116513914643,-1.6780571861478515,2026-09-10T10:10:00+05:30,2026-09-10T10:10:00+05:30
NSE,30m,CDSL.NS,0fe633ba07635dd1,2026-09-10T10:12:50.887233+05:30,+1R,SL,0.5564009787351728,-1.6517533116057423,2026-09-10T10:15:00+05:30,2026-09-10T10:15:00+05:30
NSE,30m,EMCURE.NS,e52cd992948c611a,2026-09-10T10:12:51.177509+05:30,+2R,BE,1.6028145774553306,0.051189466499184544,2026-09-10T10:20:00+05:30,2026-09-10T10:20:00+05:30
NSE,30m,ITI.NS,5a8a54cbd2e86fa6,2026-09-10T10:32:17.886268+05:30,+1R,SL,0.5052727004576549,-1.7269306389319687,2026-09-10T10:35:00+05:30,2026-09-10T10:35:00+05:30
NSE,30m,GODIGIT.NS,ecb4ddce54015a80,2026-09-10T11:11:49.275199+05:30,BE,SL,0.05264669872924138,-1.600133504480247,2026-09-10T11:25:00+05:30,2026-09-10T11:25:00+05:30
NSE,30m,ABB.NS,720342b336bc9935,2026-09-10T11:52:16.284381+05:30,+1R,SL,0.5148457937110996,-1.712854679613876,2026-09-10T11:55:00+05:30,2026-09-10T11:55:00+05:30
NSE,30m,AFCONS.NS,5656b4bb0bd25917,2026-09-10T11:52:16.579273+05:30,+1R,SL,0.6780194340120718,-1.4729295622193315,2026-09-10T12:30:00+05:30,2026-09-10T12:30:00+05:30
NSE,30m,GALLANTT.NS,a2b07f56db155654,2026-09-10T12:12:39.356097+05:30,+1R,BE,0.6194301956519124,0.049048036872685385,2026-09-10T12:15:00+05:30,2026-09-10T12:15:00+05:30
NSE,30m,FORCEMOT.NS,1049eff074c0580d,2026-09-10T13:12:29.680883+05:30,BE,SL,0.05320263284263649,-1.6074760228684697,2026-09-10T13:20:00+05:30,2026-09-10T13:20:00+05:30
NSE,30m,MMTC.NS,62d6165319b822cd,2026-09-10T13:52:09.166220+05:30,+1R,+1R,0.5349525012885692,0.7294086983030363,2026-09-10T13:55:00+05:30,2026-09-10T13:55:00+05:30
NSE,30m,CGPOWER.NS,29931e05a0d8941b,2026-09-11T09:32:30.733754+05:30,+1R,+2R,0.5596142360346923,1.5596142360346923,2026-09-11T09:35:00+05:30,2026-09-11T09:35:00+05:30
NSE,30m,LTF.NS,a48475cc34aa2928,2026-09-11T09:32:32.206059+05:30,+1R,BE,0.6001719780230406,0.051530046106142036,2026-09-11T09:35:00+05:30,2026-09-11T09:35:00+05:30
NSE,30m,MOTILALOFS.NS,7d72abb767bce0b6,2026-09-11T09:32:32.547049+05:30,BE,SL,0.0511947489066239,-1.5835685586936639,2026-09-11T09:35:00+05:30,2026-09-11T09:35:00+05:30
NSE,30m,HINDCOPPER.NS,5f9874b32c726aee,2026-09-11T09:32:33.365178+05:30,+1R,BE,0.5701273122789257,0.05540221845513754,2026-09-11T09:40:00+05:30,2026-09-11T09:40:00+05:30
NSE,30m,IFCI.NS,92479a31a6a1f265,2026-09-11T09:32:36.100291+05:30,BE,SL,0.042821744025346886,-1.4880429628584944,2026-09-11T09:35:00+05:30,2026-09-11T09:35:00+05:30
NSE,30m,DLF.NS,930923b043d73056,2026-09-11T10:12:01.041927+05:30,+1R,BE,0.6069221081580584,0.05066008577829356,2026-09-11T10:50:00+05:30,2026-09-11T10:50:00+05:30
NSE,30m,HDBFS.NS,95acc9fbe23dfa61,2026-09-11T10:32:15.273850+05:30,+1R,SL,0.5185854383836572,-1.707356029921309,2026-09-11T10:35:00+05:30,2026-09-11T10:35:00+05:30
NSE,30m,COCHINSHIP.NS,797332ca0d7b1d0c,2026-09-11T10:32:15.553431+05:30,+1R,SL,0.5133853111298972,-1.715002124839074,2026-09-11T10:35:00+05:30,2026-09-11T10:35:00+05:30
NSE,30m,NLCINDIA.NS,6eba3c1a7c6d89a0,2026-09-11T11:51:49.721121+05:30,+1R,BE,0.5910454156632019,0.05270628227103519,2026-09-11T11:55:00+05:30,2026-09-11T11:55:00+05:30
NSE,30m,PAGEIND.NS,5be049b172b82412,2026-09-11T12:12:23.124763+05:30,+1R,+1R,0.5392399717812735,0.8831831311296661,2026-09-11T12:15:00+05:30,2026-09-11T12:15:00+05:30
NSE,30m,NH.NS,0e505a6ae53ea97f,2026-09-11T13:52:02.737521+05:30,+1R,SL,0.529795078446142,-1.6908737463675378,2026-09-11T14:45:00+05:30,2026-09-11T14:45:00+05:30
NSE,30m,CREDITACC.NS,7be850736483924a,2026-09-11T14:51:57.600723+05:30,BE,SL,0.05248240008513616,-1.599259060825247,2026-09-11T15:05:00+05:30,2026-09-11T15:05:00+05:30
NSE,30m,ABB.NS,23cc514e31c2458d,2026-09-15T09:32:22.470002+05:30,+1R,BE,0.6236020867103356,0.048510361355309006,2026-09-15T10:30:00+05:30,2026-09-15T10:30:00+05:30
NSE,30m,CGPOWER.NS,0e698545d6a64479,2026-09-15T09:32:22.952006+05:30,BE,SL,0.056756473512761696,-1.6470209350400242,2026-09-15T09:40:00+05:30,2026-09-15T09:40:00+05:30
NSE,30m,ENDURANCE.NS,ef86009adcc9685d,2026-09-15T09:32:23.641165+05:30,BE,SL,0.04931327350055892,-1.5621032589880286,2026-09-15T10:00:00+05:30,2026-09-15T10:00:00+05:30
NSE,30m,NETWEB.NS,ff9eddd007fd4daf,2026-09-15T09:32:24.897235+05:30,+1R,SL,0.6666931826311773,-1.4895833071942437,2026-09-15T10:10:00+05:30,2026-09-15T10:10:00+05:30
NSE,30m,INDUSINDBK.NS,85f8ff2e66211bf8,2026-09-15T10:11:56.379883+05:30,+1R,SL,0.537696088512259,-1.6792563627990056,2026-09-15T10:25:00+05:30,2026-09-15T10:25:00+05:30
NSE,30m,NAVINFLUOR.NS,549170c761ebb51a,2026-09-15T10:51:54.213852+05:30,BE,SL,0.0537826376153156,-1.6130931576110636,2026-09-15T10:55:00+05:30,2026-09-15T10:55:00+05:30
NSE,30m,MAZDOCK.NS,2d3a8cb88a7fec4c,2026-09-15T11:32:14.296388+05:30,+1R,SL,0.5029782650206245,-1.7303043008210743,2026-09-15T12:40:00+05:30,2026-09-15T12:40:00+05:30
NSE,30m,PETRONET.NS,d001ad6256eac76b,2026-09-15T11:32:14.630677+05:30,+1R,SL,0.5189470148456159,-1.7068243798647815,2026-09-15T11:35:00+05:30,2026-09-15T11:35:00+05:30
NSE,30m,PATANJALI.NS,507b90d2988676fd,2026-09-15T11:51:57.399905+05:30,+1R,SL,0.5049805998673118,-1.7273601339674134,2026-09-15T13:15:00+05:30,2026-09-15T13:15:00+05:30
NSE,30m,GRANULES.NS,e98af3d8a980ed5a,2026-09-15T12:11:52.508997+05:30,+1R,SL,0.6452344080901714,-1.521135578697133,2026-09-15T13:00:00+05:30,2026-09-15T13:00:00+05:30
NSE,30m,APOLLOTYRE.NS,e07fedb89836aacd,2026-09-15T13:12:10.552956+05:30,+1R,SL,0.5217302969250996,-1.7027319340602611,2026-09-15T13:25:00+05:30,2026-09-15T13:25:00+05:30
NSE,30m,NYKAA.NS,b74ad5c2215fb2b7,2026-09-15T14:12:07.055864+05:30,+1R,SL,0.5553540848113583,-1.6532926297646433,2026-09-15T14:20:00+05:30,2026-09-15T14:20:00+05:30
NSE,30m,IPCALAB.NS,df68b4e16bb1570e,2026-09-15T14:12:08.031883+05:30,+1R,SL,0.5575213952330487,-1.6501058882885535,2026-09-15T14:20:00+05:30,2026-09-15T14:20:00+05:30
NSE,30m,HAL.NS,5316a7a924ee08ed,2026-09-15T14:32:09.810990+05:30,+1R,SL,0.5046152761102953,-1.7278972939225055,2026-09-15T14:45:00+05:30,2026-09-15T14:45:00+05:30
NSE,30m,JSWINFRA.NS,907d60e5454f94f6,2026-09-15T14:32:11.540555+05:30,BE,SL,0.0547718225329874,-1.6243785300663174,2026-09-15T14:35:00+05:30,2026-09-15T14:35:00+05:30
NSE,30m,PPLPHARMA.NS,fad3e7a131bc5678,2026-09-15T14:32:13.614058+05:30,+1R,Neither,0.6796217980073505,-1.0492328161833868,2026-09-15T14:45:00+05:30,2026-09-15T14:45:00+05:30
NSE,30m,CHALET.NS,e0f6e581691f7114,2026-09-15T14:32:13.989459+05:30,BE,SL,0.055082837409689445,-1.6279268238782736,2026-09-15T14:35:00+05:30,2026-09-15T14:35:00+05:30
NSE,30m,FORTIS.NS,5caaa137ab8738e6,2026-09-15T14:52:18.193438+05:30,BE,Neither,0.04525943483561162,-0.9839767849093083,2026-09-15T14:55:00+05:30,2026-09-15T14:55:00+05:30
NSE,30m,KPIL.NS,2ecb10129a84730c,2026-09-15T14:52:19.125803+05:30,+1R,Neither,0.6291388194859387,0.9817580876633641,2026-09-15T15:05:00+05:30,2026-09-15T15:05:00+05:30
NSE,30m,JSL.NS,feb2e3edaff79cc9,2026-09-16T09:32:03.425752+05:30,+1R,data_quality_ambiguous,0.5768654141870904,,2026-09-16T09:35:00+05:30,2026-09-16T09:35:00+05:30
NSE,30m,ADANIENT.NS,460d00d875656747,2026-09-16T09:52:00.074724+05:30,+1R,BE,0.5588381733522465,0.05685716862725604,2026-09-16T10:00:00+05:30,2026-09-16T10:00:00+05:30
NSE,30m,BHEL.NS,da7bf7a65b405859,2026-09-16T09:52:03.236374+05:30,+1R,BE,0.5588864974930037,0.05685094058651907,2026-09-16T10:05:00+05:30,2026-09-16T10:05:00+05:30
NSE,30m,COFORGE.NS,e49055de1e8a222c,2026-09-16T09:52:04.568259+05:30,BE,SL,0.05062708911745056,-1.5770922648944399,2026-09-16T09:55:00+05:30,2026-09-16T09:55:00+05:30
NSE,30m,CGCL.NS,ea7dec75c92545bc,2026-09-16T09:52:06.348727+05:30,+1R,BE,0.6831638483089321,0.040834010142674404,2026-09-16T09:55:00+05:30,2026-09-16T09:55:00+05:30
NSE,30m,3MINDIA.NS,89478e93d7dc65f5,2026-09-16T10:11:40.408492+05:30,+1R,SL,0.5269781803777613,-1.696015620008945,2026-09-16T10:15:00+05:30,2026-09-16T10:15:00+05:30
NSE,30m,PATANJALI.NS,8b52028625401a15,2026-09-16T10:32:10.539818+05:30,+2R,SL,1.550711557675208,-1.6611188479338255,2026-09-16T10:45:00+05:30,2026-09-16T10:45:00+05:30
NSE,30m,GRANULES.NS,73234afe859782b6,2026-09-16T14:11:59.059087+05:30,+1R,SL,0.6480074066592163,-1.517058253425821,2026-09-16T14:20:00+05:30,2026-09-16T14:20:00+05:30
NSE,30m,POLICYBZR.NS,44278e8d5ac774c3,2026-09-16T14:32:15.497532+05:30,+1R,BE,0.6118336567050542,0.050027082814096346,2026-09-16T14:35:00+05:30,2026-09-16T14:35:00+05:30
NSE,30m,OIL.NS,fe089c290f75396d,2026-09-17T10:12:05.111301+05:30,+1R,BE,0.5459955112628823,0.05851233768295372,2026-09-17T10:25:00+05:30,2026-09-17T10:25:00+05:30
NSE,30m,FEDERALBNK.NS,56d4df0b7a130f80,2026-09-17T11:51:59.228960+05:30,+1R,SL,0.5293907212897593,-1.691468299740446,2026-09-17T13:10:00+05:30,2026-09-17T13:10:00+05:30
NSE,30m,AUROPHARMA.NS,2b7fd00c48b3e097,2026-09-17T12:51:58.745879+05:30,+1R,SL,0.5484782174731209,-1.6644026774125147,2026-09-17T13:00:00+05:30,2026-09-17T13:00:00+05:30
NSE,30m,BALKRISIND.NS,de422379e2527a66,2026-09-18T10:31:50.643256+05:30,BE,SL,0.04781425316453908,-1.546001297052133,2026-09-18T10:45:00+05:30,2026-09-18T10:45:00+05:30
NSE,30m,CARBORUNIV.NS,16f5c87f8094960d,2026-09-18T11:11:52.238540+05:30,+1R,BE,0.6441775310580277,0.04585858724836911,2026-09-18T11:15:00+05:30,2026-09-18T11:15:00+05:30
NSE,30m,KIMS.NS,d3bc5177092a32b7,2026-09-18T11:51:44.093590+05:30,+1R,SL,0.545257191097489,-1.669138767934736,2026-09-18T13:20:00+05:30,2026-09-18T13:20:00+05:30
NSE,30m,PHOENIXLTD.NS,86ef7c883109205f,2026-09-18T13:32:08.703442+05:30,+1R,SL,0.557399556107425,-1.6512850365043192,2026-09-18T14:10:00+05:30,2026-09-18T14:10:00+05:30
NSE,30m,KPIL.NS,eea98c7b2534b9d1,2026-09-18T13:32:10.396712+05:30,BE,+2R,0.05453197492352396,1.5768796398267466,2026-09-18T13:35:00+05:30,2026-09-18T13:35:00+05:30
NSE,30m,IRB.NS,d1f27f0cbecfdcaa,2026-09-18T13:51:43.583511+05:30,+2R,SL,1.620124680476217,-1.5580560907014467,2026-09-18T15:00:00+05:30,2026-09-18T15:00:00+05:30
NSE,30m,BANDHANBNK.NS,cccfcae86fd54f5b,2026-09-21T10:11:55.140956+05:30,+1R,SL,0.5422714458171718,-1.6735289089254561,2026-09-21T10:15:00+05:30,2026-09-21T10:15:00+05:30
NSE,30m,3MINDIA.NS,1f3ca0a366806890,2026-09-21T11:31:52.318515+05:30,+1R,SL,0.5407954610444445,-1.675699148059737,2026-09-21T11:55:00+05:30,2026-09-21T11:55:00+05:30
NSE,30m,KAJARIACER.NS,4e3fb0e84bfb457e,2026-09-22T10:51:42.963727+05:30,+1R,SL,0.5567136499196066,-1.6512935702499238,2026-09-22T11:25:00+05:30,2026-09-22T11:25:00+05:30
NSE,30m,AEGISLOG.NS,608c69ae64d84ddf,2026-09-24T09:32:10.328987+05:30,+1R,BE,0.7117987920988271,0.03714352350182204,2026-09-24T10:00:00+05:30,2026-09-24T10:00:00+05:30
NSE,30m,MSUMI.NS,247d2c9365c5b527,2026-09-24T09:32:10.538431+05:30,BE,SL,0.06167446008646699,-1.7031290592345922,2026-09-24T09:40:00+05:30,2026-09-24T09:40:00+05:30
NSE,30m,DELHIVERY.NS,47524f1b5f858318,2026-09-24T10:32:06.641286+05:30,+1R,BE,0.575241461399153,0.054743104222333916,2026-09-24T10:35:00+05:30,2026-09-24T10:35:00+05:30
NSE,30m,ITCHOTELS.NS,47ccf285fad32955,2026-09-24T10:32:06.883884+05:30,BE,SL,0.062275217972693975,-1.7109829612506169,2026-09-24T10:35:00+05:30,2026-09-24T10:35:00+05:30
NSE,30m,COROMANDEL.NS,f3110574a98aa9ca,2026-09-24T11:51:49.733655+05:30,BE,SL,0.06227650246059868,-1.7099976156635877,2026-09-24T12:45:00+05:30,2026-09-24T12:45:00+05:30
NSE,30m,PWL.NS,be45dec2fc4217de,2026-09-24T11:51:50.033912+05:30,BE,SL,0.04246665688149165,-1.4839918591663954,2026-09-24T11:55:00+05:30,2026-09-24T11:55:00+05:30
NSE,30m,FORTIS.NS,9919df53cb47d121,2026-09-24T12:11:20.596871+05:30,BE,SL,0.05783804005657195,-1.6593602672145669,2026-09-24T12:15:00+05:30,2026-09-24T12:15:00+05:30
NSE,30m,EMCURE.NS,0b017aa4fa82cfd4,2026-09-24T13:32:20.044596+05:30,BE,SL,0.04747409602820263,-1.5411205262194574,2026-09-24T13:40:00+05:30,2026-09-24T13:40:00+05:30
NSE,30m,NEULANDLAB.NS,f37144f683f9ea49,2026-09-24T14:32:16.402256+05:30,BE,Neither,0.04278748389292497,-0.8068223185323827,2026-09-24T15:00:00+05:30,2026-09-24T15:00:00+05:30
NSE,30m,JSL.NS,fcbea4530e657290,2026-09-24T14:52:00.929598+05:30,BE,Neither,0.04860892250568061,-0.3036897461157497,2026-09-24T15:00:00+05:30,2026-09-24T15:00:00+05:30
NSE,30m,PRESTIGE.NS,dbdc8097b497f8dc,2026-09-25T09:51:59.553990+05:30,BE,data_quality_ambiguous,0.04957395432555284,,2026-09-25T09:55:00+05:30,2026-09-25T09:55:00+05:30
NSE,30m,GICRE.NS,60c0ca5d1b8e923e,2026-09-25T09:52:00.006455+05:30,+1R,SL,0.5509812869327453,-1.6597222469653325,2026-09-25T09:55:00+05:30,2026-09-25T09:55:00+05:30
NSE,30m,IREDA.NS,aa879c20f330361d,2026-09-25T10:11:43.023712+05:30,+1R,SL,0.5147289802473363,-1.7140264382628563,2026-09-25T10:50:00+05:30,2026-09-25T10:50:00+05:30
NSE,30m,COLPAL.NS,df472d05d3337853,2026-09-25T11:52:03.459286+05:30,+1R,BE,0.5704413661969361,0.05536174302071889,2026-09-25T11:55:00+05:30,2026-09-25T11:55:00+05:30
NSE,30m,ATUL.NS,377805b39764c9ff,2026-09-25T13:11:59.987669+05:30,+1R,BE,0.7657799880211253,0.030186398533482928,2026-09-25T13:15:00+05:30,2026-09-25T13:15:00+05:30
NSE,30m,IREDA.NS,34d05f845f5d6131,2026-09-25T14:12:06.010002+05:30,+1R,+1R,0.8302444542907311,1.271329298144939,2026-09-25T14:15:00+05:30,2026-09-25T14:15:00+05:30
NSE,30m,PFIZER.NS,8f231aa22b560df3,2026-09-28T09:32:54.477028+05:30,+1R,BE,0.7063299589072936,0.037848349604598486,2026-09-28T09:35:00+05:30,2026-09-28T09:35:00+05:30
NSE,30m,ABSLAMC.NS,1c4b10f0491c802c,2026-09-28T09:51:52.093348+05:30,+1R,BE,0.73526880666291,0.03411869566056358,2026-09-28T10:25:00+05:30,2026-09-28T10:25:00+05:30
NSE,30m,ANGELONE.NS,be4174c23ba4d164,2026-09-28T11:52:07.436573+05:30,+1R,+1R,0.8806014581707428,0.3046826483580684,2026-09-28T11:55:00+05:30,2026-09-28T11:55:00+05:30
NSE,30m,ONESOURCE.NS,33a8b18e316e5131,2026-09-28T14:12:01.274843+05:30,BE,SL,0.061921697006463106,-1.705949725701433,2026-09-28T14:15:00+05:30,2026-09-28T14:15:00+05:30
NSE,30m,RRKABEL.NS,7c4a6ac03035634b,2026-09-28T14:52:09.506258+05:30,+1R,SL,0.511535856817061,-1.717721501218183,2026-09-28T15:00:00+05:30,2026-09-28T15:00:00+05:30
NSE,30m,MCX.NS,c9d4d086a10e2576,2026-09-29T09:31:55.791309+05:30,+1R,BE,0.7607860765277533,0.030830016477613437,2026-09-29T09:35:00+05:30,2026-09-29T09:35:00+05:30
NSE,30m,OIL.NS,964a47680c9d3aa8,2026-09-29T09:31:56.190020+05:30,+1R,BE,0.8620324679360608,0.01778132821520384,2026-09-29T09:35:00+05:30,2026-09-29T09:35:00+05:30
NSE,30m,CUB.NS,fcc254e5a080e5c9,2026-09-29T09:31:57.034305+05:30,BE,SL,0.027135534115278054,-1.3090827724247136,2026-09-29T09:35:00+05:30,2026-09-29T09:35:00+05:30
NSE,30m,AMBER.NS,b7f06cd002666b40,2026-09-29T10:32:22.120374+05:30,+1R,BE,0.8275920978029763,0.02222002126150907,2026-09-29T10:35:00+05:30,2026-09-29T10:35:00+05:30
NSE,30m,PTCIL.NS,5d482ac10b5e968c,2026-09-29T11:52:08.755980+05:30,+1R,BE,0.7704969156956761,0.029578478409862025,2026-09-29T11:55:00+05:30,2026-09-29T11:55:00+05:30
NSE,30m,COCHINSHIP.NS,4bd71dda3c6b545f,2026-09-29T12:32:17.525728+05:30,+1R,BE,0.6867317314211299,0.04037417948757216,2026-09-29T12:35:00+05:30,2026-09-29T12:35:00+05:30
NSE,30m,KEI.NS,6c8e801bf5070b65,2026-09-29T13:31:51.287334+05:30,+1R,+1R,0.7786872508567076,1.1074515001048806,2026-09-29T13:35:00+05:30,2026-09-29T13:35:00+05:30
NSE,30m,AJANTPHARM.NS,094551801901a2e7,2026-09-29T13:31:51.894695+05:30,+1R,BE,0.8318077617137146,0.0216767042758354,2026-09-29T13:35:00+05:30,2026-09-29T13:35:00+05:30
NSE,30m,GRANULES.NS,0b3db4ddff6d006a,2026-09-29T13:31:52.507367+05:30,+1R,SL,0.6772177391304219,-1.4751083478260973,2026-09-29T14:15:00+05:30,2026-09-29T14:15:00+05:30
NSE,30m,KAJARIACER.NS,b30d94e0a02e8aa1,2026-09-30T12:12:21.840967+05:30,+1R,+2R,0.5619053322171098,1.5619053322171097,2026-09-30T12:25:00+05:30,2026-09-30T12:25:00+05:30
NSE,30m,GRANULES.NS,dfdd37df7710c16c,2026-09-30T13:52:11.963889+05:30,BE,SL,0.03879341355709004,-1.442084710873916,2026-09-30T14:25:00+05:30,2026-09-30T14:25:00+05:30
NSE,30m,AEGISLOG.NS,2ff10768fd636512,2026-09-30T14:11:41.705614+05:30,+1R,+1R,0.8819937833037281,0.7654124926055605,2026-09-30T14:15:00+05:30,2026-09-30T14:15:00+05:30
NSE,30m,IDBI.NS,ba2e7e6dd4ad729a,2026-09-30T14:31:53.029530+05:30,BE,SL,0.046627128585009225,-1.53145767867395,2026-09-30T14:35:00+05:30,2026-09-30T14:35:00+05:30
NSE,30m,BLUESTARCO.NS,9496b51c30c8ae4d,2026-10-01T12:12:25.103267+05:30,+1R,BE,0.8661684031336927,0.01724828670807596,2026-10-01T12:50:00+05:30,2026-10-01T12:50:00+05:30
NSE,30m,POLYMED.NS,f4e14b5f2dad368e,2026-10-01T12:52:03.804909+05:30,+1R,BE,0.8809440000000008,0.015344000000005478,2026-10-01T12:55:00+05:30,2026-10-01T12:55:00+05:30
NSE,30m,NETWEB.NS,0efbb7504db68b23,2026-10-01T13:32:21.071773+05:30,+1R,+1R,0.8596076130172283,0.8373780536739821,2026-10-01T13:40:00+05:30,2026-10-01T13:40:00+05:30
NSE,30m,KPIL.NS,9de215396e1b5f79,2026-10-01T13:52:21.283360+05:30,BE,data_quality_ambiguous,0.03390658174769762,,2026-10-01T13:55:00+05:30,2026-10-01T13:55:00+05:30
NSE,4h,IREDA.NS,f73c81a21ae69edd,2026-08-12T09:02:34.255530+05:30,+1R,SL,0.7574093919756264,-1.3561971969351676,2026-08-12T09:15:00+05:30,2026-08-12T09:15:00+05:30
NSE,4h,PIIND.NS,545281a3923d3ff8,2026-08-12T12:42:29.485868+05:30,+1R,BE,0.7880840814368937,0.027311835224037934,2026-08-12T12:50:00+05:30,2026-08-12T12:50:00+05:30
NSE,4h,AAVAS.NS,7ada1af56627c570,2026-08-13T11:02:45.300354+05:30,+1R,+1R,0.8940765675927982,0.5444448165277334,2026-08-13T11:05:00+05:30,2026-08-13T11:05:00+05:30
NSE,4h,FIRSTCRY.NS,0cc1d1c0bde0aa88,2026-08-14T09:22:17.910341+05:30,+1R,+1R,0.9639669153820258,1.3685172680118183,2026-08-14T09:25:00+05:30,2026-08-14T09:25:00+05:30
NSE,4h,AEGISVOPAK.NS,baa7891a2b80c894,2026-08-17T09:42:27.209841+05:30,+1R,BE,0.9390084233854734,0.00786062652510515,2026-08-17T09:45:00+05:30,2026-08-17T09:45:00+05:30
NSE,4h,ACC.NS,4c965c6e24ad1c02,2026-08-17T10:02:49.605910+05:30,BE,+2R,0.02626452985466149,1.7962102537554778,2026-08-17T11:10:00+05:30,2026-08-17T11:10:00+05:30
NSE,4h,AFFLE.NS,bde43da3074a7cb4,2026-08-19T13:02:53.443817+05:30,BE,+1R,0.02291250173070386,0.7393640664922538,2026-08-19T13:05:00+05:30,2026-08-19T13:05:00+05:30
NSE,4h,INDIAMART.NS,d1a0cee0d9145014,2026-08-19T13:02:59.313389+05:30,+1R,+1R,0.8144531477372611,-0.31897323798075194,2026-08-19T13:05:00+05:30,2026-08-19T13:05:00+05:30
NSE,4h,HEXT.NS,6c23c7163d2f8788,2026-08-19T14:02:43.261721+05:30,+1R,+1R,0.8634686769620078,0.5716761397324266,2026-08-19T14:05:00+05:30,2026-08-19T14:05:00+05:30
NSE,4h,CANHLIFE.NS,f6e97421ad714be8,2026-08-20T09:22:24.286642+05:30,BE,SL,0.02044104052374912,-1.2337069075811367,2026-08-20T09:25:00+05:30,2026-08-20T09:25:00+05:30
NSE,4h,DIXON.NS,29b15779711f0745,2026-08-20T09:22:25.188149+05:30,BE,SL,0.02381024661910275,-1.2721453683623833,2026-08-20T09:30:00+05:30,2026-08-20T09:30:00+05:30
NSE,4h,KOTAKBANK.NS,a4033614a00788f9,2026-08-20T09:22:27.149197+05:30,BE,Neither,0.032477196576029654,0.2641170675949409,2026-08-20T13:05:00+05:30,2026-08-20T13:05:00+05:30
NSE,4h,AFFLE.NS,8e57fcd804d19527,2026-08-20T09:42:38.252751+05:30,+1R,BE,0.8217491404531849,0.02297306468289395,2026-08-20T10:05:00+05:30,2026-08-20T10:05:00+05:30
NSE,4h,CANFINHOME.NS,e07b227ca93a745f,2026-08-20T09:42:38.814329+05:30,BE,SL,0.02493500712830249,-1.2849774900842714,2026-08-20T13:55:00+05:30,2026-08-20T13:55:00+05:30
NSE,4h,LICI.NS,7bcbb0f9f5985765,2026-08-20T09:42:41.213419+05:30,BE,SL,0.02860315293883453,-1.326826482068563,2026-08-20T09:50:00+05:30,2026-08-20T09:50:00+05:30
NSE,4h,ACMESOLAR.NS,29567c42f0e8e908,2026-08-20T10:02:46.003445+05:30,BE,SL,0.019967372831654173,-1.22830294697728,2026-08-20T10:10:00+05:30,2026-08-20T10:10:00+05:30
NSE,4h,MMTC.NS,90eefd3737643383,2026-08-20T10:02:47.781259+05:30,+1R,BE,0.8210983723110146,0.023056936023885977,2026-08-20T10:05:00+05:30,2026-08-20T10:05:00+05:30
NSE,4h,RBLBANK.NS,7e2c458827bd49bc,2026-08-20T10:22:27.058124+05:30,BE,SL,0.025997963434878202,-1.297104502545389,2026-08-20T11:45:00+05:30,2026-08-20T11:45:00+05:30
NSE,4h,AIAENG.NS,51c9a501dbf46581,2026-08-24T09:22:31.764418+05:30,BE,data_quality_ambiguous,0.02294156773302919,,2026-08-24T09:25:00+05:30,2026-08-24T09:25:00+05:30
NSE,4h,LUPIN.NS,f976d4a7544a7787,2026-08-25T10:03:13.243336+05:30,+1R,+1R,0.7600842287024243,0.8072890428813915,2026-08-25T10:05:00+05:30,2026-08-25T10:05:00+05:30
NSE,4h,CHOICEIN.NS,d74b918f0585e8fa,2026-08-25T10:15:08.636045+05:30,+1R,BE,0.7874193199559099,0.0273975100338959,2026-08-25T10:25:00+05:30,2026-08-25T10:25:00+05:30
NSE,4h,PARADEEP.NS,ecd143d9d886a3cf,2026-08-25T11:03:02.218859+05:30,BE,+2R,0.022006306894775313,1.8292503340939241,2026-08-25T11:05:00+05:30,2026-08-25T11:05:00+05:30
NSE,4h,COCHINSHIP.NS,772421cf147e0550,2026-08-26T12:02:43.141636+05:30,+1R,BE,0.8514135888498755,0.01914989494598046,2026-08-26T12:05:00+05:30,2026-08-26T12:05:00+05:30
NSE,4h,APLAPOLLO.NS,18e21ea8d21cf8dd,2026-08-26T14:38:00.558155+05:30,BE,Neither,0.022670085405964907,0.13377836275773994,2026-08-26T14:50:00+05:30,2026-08-26T14:50:00+05:30
NSE,4h,GLENMARK.NS,16b2e0ee68aa53ab,2026-08-27T10:03:02.652032+05:30,+1R,BE,0.8085539151409665,0.02467367227253439,2026-08-27T10:05:00+05:30,2026-08-27T10:05:00+05:30
NSE,4h,BBTC.NS,eb0c40443006f25b,2026-08-27T13:02:51.051481+05:30,+1R,SL,0.817049488300795,-1.269504374210596,2026-08-27T13:15:00+05:30,2026-08-27T13:15:00+05:30
NSE,4h,ICICIGI.NS,c25271836f5e97a7,2026-08-28T12:02:51.845982+05:30,+1R,+1R,0.8310449616110323,1.1885274470671783,2026-08-28T12:05:00+05:30,2026-08-28T12:05:00+05:30
NSE,4h,DMART.NS,3a60ebaa96a1de87,2026-08-31T10:22:38.300483+05:30,BE,+2R,0.025301729535453232,1.8036807409037812,2026-08-31T11:10:00+05:30,2026-08-31T11:10:00+05:30
NSE,4h,GILLETTE.NS,aa4dfadb3c936df4,2026-09-01T10:23:03.520034+05:30,BE,+2R,0.02302924615542193,1.821313221436347,2026-09-01T11:30:00+05:30,2026-09-01T11:30:00+05:30
NSE,4h,CRISIL.NS,830dbe9407b1cbac,2026-09-01T11:22:35.583619+05:30,BE,Neither,0.029264095643583093,0.30875189979261286,2026-09-01T14:55:00+05:30,2026-09-01T14:55:00+05:30
NSE,4h,NATCOPHARM.NS,a8d1b3776c966bb6,2026-09-01T11:22:35.964450+05:30,+1R,+1R,0.8767063204595122,0.39732578696853416,2026-09-01T11:25:00+05:30,2026-09-01T11:25:00+05:30
NSE,4h,DMART.NS,1959f79b3c032990,2026-09-01T12:02:51.898860+05:30,+1R,+1R,0.8049358371952302,1.3518855783755084,2026-09-01T12:20:00+05:30,2026-09-01T12:20:00+05:30
NSE,4h,ACC.NS,63c7646ad05103e2,2026-09-02T09:22:39.978331+05:30,+1R,+1R,0.8143076495491726,0.7378837724851485,2026-09-02T09:25:00+05:30,2026-09-02T09:25:00+05:30
NSE,4h,NESTLEIND.NS,dba2d2f33856e9f9,2026-09-02T10:42:16.317823+05:30,+1R,+1R,0.7558507439459068,0.7727246372513445,2026-09-02T10:45:00+05:30,2026-09-02T10:45:00+05:30
NSE,4h,IFCI.NS,3ab313bf3dd1169f,2026-09-02T11:02:41.653649+05:30,+1R,BE,0.8578873554148474,0.01831555250062783,2026-09-02T11:05:00+05:30,2026-09-02T11:05:00+05:30
NSE,4h,CGCL.NS,36f1b3d152710bbb,2026-09-03T09:22:33.619352+05:30,BE,SL,0.02354200788362598,-1.2690850972417638,2026-09-03T09:30:00+05:30,2026-09-03T09:30:00+05:30
NSE,4h,AMBUJACEM.NS,bb98e6b462672b62,2026-09-08T09:22:30.812240+05:30,+1R,BE,0.8390146955390982,0.02074787084773716,2026-09-08T10:00:00+05:30,2026-09-08T10:00:00+05:30
NSE,4h,COALINDIA.NS,7700fffee8a6aab6,2026-09-09T10:22:43.607102+05:30,+1R,BE,0.7793720573056028,0.028434645483669474,2026-09-09T10:30:00+05:30,2026-09-09T10:30:00+05:30
NSE,4h,GPIL.NS,8c42360655f4f0a3,2026-09-09T14:22:57.879252+05:30,+1R,+1R,0.8386696453965905,0.5353314490910165,2026-09-09T14:25:00+05:30,2026-09-09T14:25:00+05:30
NSE,4h,JSL.NS,d69a7c66a9e691ca,2026-09-10T10:23:02.659961+05:30,BE,+2R,0.02204651609636618,1.8289383459092166,2026-09-10T10:30:00+05:30,2026-09-10T10:30:00+05:30
NSE,4h,AFCONS.NS,79c2eac2bcd6bb19,2026-09-10T14:42:47.888834+05:30,BE,Neither,0.019477399379564164,-0.38308045115800626,2026-09-10T14:55:00+05:30,2026-09-10T14:55:00+05:30
NSE,4h,MANKIND.NS,c48f9868274f7dca,2026-09-11T09:22:27.469504+05:30,BE,+2R,0.02609842070011803,1.797499115297569,2026-09-11T09:40:00+05:30,2026-09-11T09:40:00+05:30
NSE,4h,RELIANCE.NS,07dd6090e20653b4,2026-09-11T09:42:31.921755+05:30,+1R,+1R,0.7737086261234509,0.5592421618877589,2026-09-11T10:20:00+05:30,2026-09-11T10:20:00+05:30
NSE,4h,HDFCAMC.NS,91b51078e270cd20,2026-09-11T09:42:32.167832+05:30,+1R,BE,0.8318472113684816,0.02167161998356079,2026-09-11T09:45:00+05:30,2026-09-11T09:45:00+05:30
NSE,4h,PIDILITIND.NS,7ebb063ab26338f9,2026-09-11T10:22:25.560580+05:30,+1R,BE,0.7622988487205778,0.030635049600436004,2026-09-11T10:25:00+05:30,2026-09-11T10:25:00+05:30
NSE,4h,PHOENIXLTD.NS,a6a19f668c4c74d3,2026-09-15T14:22:28.169538+05:30,+1R,BE,0.822250661386483,0.02290842840080573,2026-09-15T14:25:00+05:30,2026-09-15T14:25:00+05:30
NSE,4h,MARUTI.NS,8dd38420ef63c8e0,2026-09-16T09:42:41.436448+05:30,+1R,BE,0.816279335924969,0.023678015972052935,2026-09-16T09:45:00+05:30,2026-09-16T09:45:00+05:30
NSE,4h,SBICARD.NS,21fd6b0314438ee8,2026-09-16T09:42:42.574233+05:30,+1R,BE,0.8045674533871889,0.025187449563450676,2026-09-16T09:45:00+05:30,2026-09-16T09:45:00+05:30
NSE,4h,GMRAIRPORT.NS,850d6fd3287e9a15,2026-09-16T10:02:35.892942+05:30,+1R,BE,0.8339629395831112,0.021398943816672178,2026-09-16T10:05:00+05:30,2026-09-16T10:05:00+05:30
NSE,4h,FACT.NS,3ad679eeef374541,2026-09-16T10:02:36.572937+05:30,+1R,+1R,0.8882593365330911,0.09831401709900892,2026-09-16T10:05:00+05:30,2026-09-16T10:05:00+05:30
NSE,4h,AEGISVOPAK.NS,f9b0b4c0d919e4a6,2026-09-17T11:02:46.283385+05:30,BE,SL,0.017767739226955487,-1.2032078570199554,2026-09-17T11:50:00+05:30,2026-09-17T11:50:00+05:30
NSE,4h,SBICARD.NS,892924f0f6382250,2026-09-25T09:42:14.738091+05:30,+1R,BE,0.804565329048393,0.02518772334935704,2026-09-25T09:45:00+05:30,2026-09-25T09:45:00+05:30
NSE,4h,CESC.NS,417aeedca38fdf78,2026-09-25T10:02:54.475144+05:30,+1R,BE,0.815809618120721,0.023738553450090155,2026-09-25T10:05:00+05:30,2026-09-25T10:05:00+05:30
NSE,4h,MPHASIS.NS,9915b9e1ca7ca6ae,2026-09-28T10:42:28.922698+05:30,+1R,+1R,0.8809439999999996,0.9181634246578131,2026-09-28T11:20:00+05:30,2026-09-28T11:20:00+05:30
NSE,4h,CONCOR.NS,5fae13cef938d298,2026-09-28T11:02:24.858476+05:30,+1R,BE,0.84760663700654,0.019640536905079387,2026-09-28T11:05:00+05:30,2026-09-28T11:05:00+05:30
NSE,4h,AADHARHFC.NS,38d85357bc4a0bd2,2026-09-28T11:22:40.908071+05:30,+1R,BE,0.8627832502326787,0.01768456699729265,2026-09-28T11:25:00+05:30,2026-09-28T11:25:00+05:30
NSE,4h,MRF.NS,7c64961834bb1a11,2026-09-29T09:22:19.086655+05:30,+1R,BE,0.880944,0.015344000000005256,2026-09-29T09:25:00+05:30,2026-09-29T09:25:00+05:30
NSE,4h,IRCTC.NS,bd7bca0374a60f4b,2026-09-29T09:22:19.560763+05:30,+1R,BE,0.8809440000000006,0.015344000000004007,2026-09-29T09:25:00+05:30,2026-09-29T09:25:00+05:30
NSE,4h,CENTRALBK.NS,1d66807079c737e2,2026-09-29T09:22:19.859936+05:30,+1R,BE,0.8809440000000001,0.015344000000001162,2026-09-29T09:25:00+05:30,2026-09-29T09:25:00+05:30
NSE,4h,AFFLE.NS,7cea9741d6823c17,2026-09-29T10:03:30.726918+05:30,+1R,BE,0.8809439999999994,0.015344000000006658,2026-09-29T10:05:00+05:30,2026-09-29T10:05:00+05:30
NSE,4h,OIL.NS,642fb82ae2d8efe2,2026-09-29T10:22:25.701660+05:30,+1R,BE,0.8620324679360608,0.01778132821520384,2026-09-29T10:25:00+05:30,2026-09-29T10:25:00+05:30
NSE,4h,KEI.NS,14449dd967862972,2026-10-01T09:22:47.822459+05:30,+1R,BE,0.8809440000000005,0.01534400000000008,2026-10-01T09:25:00+05:30,2026-10-01T09:25:00+05:30
