market,timeframe,symbol,trade_id,alert_time,production,reference,production_net,reference_net,production_entry,reference_entry
CRYPTO,30m,ZIL/USDT,8865d6b44be69e78,2026-08-11T12:32:17.464900+05:30,data_missing,alert_before_data,,,,
CRYPTO,30m,TAIKO/USDT,f0ba59e3cd809695,2026-08-11T12:32:17.631205+05:30,data_missing,alert_before_data,,,,
CRYPTO,30m,UNIUSD,cc3c0230e72ee30c,2026-08-11T12:51:39.058936+05:30,BE,BE,-0.05638717151679794,0.019576534156690778,2026-08-11T12:55:00+05:30,2026-08-11T12:55:00+05:30
CRYPTO,30m,ETHFI/USDT,8633886b794f0a07,2026-08-11T18:32:19.702390+05:30,BE,BE,-0.08470751738793941,0.029408809891802057,2026-08-11T18:50:00+05:30,2026-08-11T18:50:00+05:30
CRYPTO,30m,ZIL/USDT,aaff877a7796d63b,2026-08-11T20:51:54.335033+05:30,data_missing,alert_before_data,,,,
CRYPTO,30m,BCHUSD,c4b1121e3db23e24,2026-08-11T21:11:45.979558+05:30,BE,BE,-0.06950935957648403,0.02413230377329456,2026-08-11T21:15:00+05:30,2026-08-11T21:15:00+05:30
CRYPTO,30m,0G/USDT,c36c6cd2b37ee0f4,2026-08-12T11:11:45.736485+05:30,data_missing,alert_before_data,,,,
CRYPTO,30m,ZRO/USDT,72dd38ca67ebeeb9,2026-08-12T11:51:48.423396+05:30,BE,BE,-0.08815502516752083,0.030605717840695157,2026-08-12T12:05:00+05:30,2026-08-12T12:05:00+05:30
CRYPTO,30m,ICP/USDT,e105fbc9a8bc4639,2026-08-12T13:11:54.008522+05:30,data_missing,alert_before_data,,,,
CRYPTO,30m,HOME/USDT,fe8f2b19c1268e96,2026-08-12T13:32:12.426690+05:30,data_missing,alert_before_data,,,,
CRYPTO,30m,AERO/USDT,6e88a0eb66d5be37,2026-08-12T14:51:47.114350+05:30,data_missing,alert_before_data,,,,
CRYPTO,30m,TAIKO/USDT,3da95555a39c80ce,2026-08-12T14:51:47.674957+05:30,data_missing,alert_before_data,,,,
CRYPTO,30m,O/USDT,ccf36c2edf3cffb1,2026-08-12T16:32:13.620106+05:30,data_missing,alert_before_data,,,,
CRYPTO,30m,HOME/USDT,dac611c51b5258bf,2026-08-12T16:32:13.951443+05:30,data_missing,alert_before_data,,,,
CRYPTO,30m,ALGO/USDT,cb46f713ae9b28d0,2026-08-12T18:51:50.546783+05:30,data_missing,alert_before_data,,,,
CRYPTO,30m,ICP/USDT,7e679ba8043dc163,2026-08-12T21:51:56.561851+05:30,data_missing,alert_before_data,,,,
CRYPTO,30m,MNT/USDT,145f0d75648aae38,2026-08-13T00:11:52.037200+05:30,data_missing,alert_before_data,,,,
CRYPTO,30m,LA/USDT,77e2462c94e4ad34,2026-08-13T02:32:07.291147+05:30,data_missing,alert_before_data,,,,
CRYPTO,30m,CRV/USDT,1dbe1bee1f6f2714,2026-08-13T08:11:48.638219+05:30,data_missing,alert_before_data,,,,
CRYPTO,30m,ALGO/USDT,70ba21ebfe54affb,2026-08-13T08:11:49.016253+05:30,data_missing,alert_before_data,,,,
CRYPTO,30m,NEARUSD,68f596f897eb77b8,2026-08-13T09:32:13.149921+05:30,BE,BE,-0.09209445848971676,0.03207086023119854,2026-08-13T09:35:00+05:30,2026-08-13T09:35:00+05:30
CRYPTO,30m,KGEN/USDT,dd1be0c6dd08e13c,2026-08-13T10:51:49.793758+05:30,data_missing,alert_before_data,,,,
CRYPTO,30m,LA/USDT,8b06da2f17b44ceb,2026-08-13T13:51:47.316346+05:30,data_missing,alert_before_data,,,,
CRYPTO,30m,O/USDT,14b63b2b724f4fb1,2026-08-13T15:32:28.605125+05:30,data_missing,alert_before_data,,,,
CRYPTO,30m,ICP/USDT,64090e502f0dc9cd,2026-08-13T17:32:19.505486+05:30,data_missing,alert_before_data,,,,
CRYPTO,30m,0G/USDT,8d264ed2c1c5f2eb,2026-08-13T18:11:48.279656+05:30,data_missing,alert_before_data,,,,
CRYPTO,30m,ALGO/USDT,152d5b2e9dc2f48a,2026-08-13T21:51:50.455448+05:30,data_missing,alert_before_data,,,,
CRYPTO,30m,ICP/USDT,b48943452158244a,2026-08-13T22:11:50.597496+05:30,data_missing,alert_before_data,,,,
CRYPTO,30m,ICP/USDT,4bc6a75d95deb2c0,2026-08-14T03:51:56.374106+05:30,data_missing,alert_before_data,,,,
CRYPTO,30m,ATOM/USDT,fc87f7f675a915d0,2026-08-14T07:11:47.367849+05:30,data_missing,alert_before_data,,,,
CRYPTO,30m,ERA/USDT,d1b97ecfac067800,2026-08-14T07:51:46.345671+05:30,data_missing,alert_before_data,,,,
CRYPTO,30m,ALGO/USDT,e1435511cbd1c85d,2026-08-14T08:32:24.430198+05:30,data_missing,alert_before_data,,,,
CRYPTO,30m,KGEN/USDT,40abe3eb87e03a45,2026-08-14T09:11:49.354650+05:30,data_missing,alert_before_data,,,,
CRYPTO,30m,EUL/USDT,2a17d43d3ee649da,2026-08-14T09:32:18.769731+05:30,data_missing,alert_before_data,,,,
CRYPTO,30m,DEXE/USDT,e77a1058dbb6a40b,2026-08-14T11:11:34.907390+05:30,data_missing,alert_before_data,,,,
CRYPTO,30m,BOME/USDT,2c490a0a2b717ac6,2026-08-14T16:31:59.636879+05:30,data_missing,alert_before_data,,,,
CRYPTO,30m,WLD/USDT,8b7a4cc245178028,2026-08-14T19:11:40.201735+05:30,BE,BE,-0.03465272541298703,0.012067422205144299,2026-08-14T19:15:00+05:30,2026-08-14T19:15:00+05:30
CRYPTO,30m,PHAROS/USDT,b232eb6e71322321,2026-08-15T04:11:53.397884+05:30,data_missing,alert_before_data,,,,
CRYPTO,30m,TAIKO/USDT,047f19abed496ef7,2026-08-15T08:32:03.046853+05:30,data_missing,alert_before_data,,,,
CRYPTO,30m,ZRO/USDT,cb63c6c5edb9c13b,2026-08-15T09:32:14.290819+05:30,BE,BE,-0.0651972240513969,0.022635213812492894,2026-08-15T10:25:00+05:30,2026-08-15T10:25:00+05:30
CRYPTO,30m,ATOM/USDT,a76f146fc9262584,2026-08-15T12:11:34.824618+05:30,data_missing,alert_before_data,,,,
CRYPTO,30m,CRV/USDT,3abeb0add43f0d5b,2026-08-15T13:11:42.474775+05:30,data_missing,alert_before_data,,,,
CRYPTO,30m,TAIKO/USDT,7ae5c77cb1f5f8b2,2026-08-15T14:11:45.643554+05:30,data_missing,alert_before_data,,,,
CRYPTO,30m,ALGO/USDT,e7f4f55ba4a39a1f,2026-08-15T14:51:43.113523+05:30,data_missing,alert_before_data,,,,
CRYPTO,30m,PHAROS/USDT,ef01793343d891c9,2026-08-15T15:11:44.986223+05:30,data_missing,alert_before_data,,,,
CRYPTO,30m,AERO/USDT,a49ed2ac50a1f1bb,2026-08-15T15:32:09.822589+05:30,data_missing,alert_before_data,,,,
CRYPTO,30m,LA/USDT,baacdf6cbffa047b,2026-08-15T15:51:32.988921+05:30,data_missing,alert_before_data,,,,
CRYPTO,30m,NEARUSD,586f61f73b79f83b,2026-08-15T18:11:35.186824+05:30,BE,BE,-0.06313663502284506,0.02191981719983596,2026-08-15T18:15:00+05:30,2026-08-15T18:15:00+05:30
CRYPTO,30m,AAVEUSD,79b1f157572aefa7,2026-08-15T21:11:34.427945+05:30,BE,BE,-0.12552696029370392,0.04371335327715581,2026-08-15T21:15:00+05:30,2026-08-15T21:15:00+05:30
CRYPTO,30m,UB/USDT,e73c49e62f2d1b28,2026-08-15T23:31:58.607219+05:30,data_missing,alert_before_data,,,,
CRYPTO,30m,STORJ/USDT,3068ccc0ae8b90cc,2026-08-16T00:51:34.610563+05:30,data_missing,alert_before_data,,,,
CRYPTO,30m,ATOM/USDT,0ff42f7030a2cf75,2026-08-16T01:31:56.336373+05:30,data_missing,alert_before_data,,,,
CRYPTO,30m,ALGO/USDT,6301586e05bc9490,2026-08-16T04:31:55.142006+05:30,data_missing,alert_before_data,,,,
CRYPTO,30m,UNIUSD,350371c556a587a4,2026-08-16T04:51:40.807383+05:30,BE,BE,-0.09082562880049044,0.03153289971260334,2026-08-16T05:45:00+05:30,2026-08-16T05:45:00+05:30
CRYPTO,30m,STORJ/USDT,e994bc9c9e12768a,2026-08-16T06:51:33.737541+05:30,data_missing,alert_before_data,,,,
CRYPTO,30m,UNIUSD,ca06c9d9f9c86c8e,2026-08-16T09:51:32.696573+05:30,BE,BE,-0.09083518669883628,0.031632332981455014,2026-08-16T09:55:00+05:30,2026-08-16T09:55:00+05:30
CRYPTO,30m,COTI/USDT,77d6a386a2e3aa66,2026-08-16T10:11:35.659137+05:30,data_missing,alert_before_data,,,,
CRYPTO,30m,ATOM/USDT,ccb58f4dd52e70b2,2026-08-16T13:11:36.969709+05:30,data_missing,alert_before_data,,,,
CRYPTO,30m,CRV/USDT,7acc4c8e02260610,2026-08-16T13:51:32.916590+05:30,data_missing,alert_before_data,,,,
CRYPTO,30m,ALGO/USDT,aaeeea34bfe77399,2026-08-16T17:11:30.900055+05:30,data_missing,alert_before_data,,,,
CRYPTO,30m,ATOM/USDT,7483b03802256727,2026-08-16T18:31:58.130944+05:30,data_missing,alert_before_data,,,,
CRYPTO,30m,ZIL/USDT,7b13d64b4fc35d33,2026-08-16T23:11:23.669588+05:30,data_missing,alert_before_data,,,,
CRYPTO,30m,ICP/USDT,d205aefd167a3d80,2026-08-17T08:21:16.775328+05:30,data_missing,alert_before_data,,,,
CRYPTO,30m,KGEN/USDT,bb0ac07862cada03,2026-08-17T11:41:22.828917+05:30,data_missing,alert_before_data,,,,
CRYPTO,30m,LINKUSD,3a869a5244ff551f,2026-08-17T13:41:20.332754+05:30,BE,BE,-0.06792428320740806,0.023581995948885354,2026-08-17T13:45:00+05:30,2026-08-17T13:45:00+05:30
CRYPTO,30m,ZAMA/USDT,03885d366187d88f,2026-08-17T14:01:28.399688+05:30,data_missing,alert_before_data,,,,
CRYPTO,30m,DOTUSD,15b6cebab1b4c831,2026-08-17T18:21:22.300971+05:30,BE,BE,-0.10180219222386225,0.035343749999986296,2026-08-17T18:30:00+05:30,2026-08-17T18:30:00+05:30
CRYPTO,30m,AERO/USDT,fc8ca76feb9bed35,2026-08-17T23:01:25.456383+05:30,data_missing,alert_before_data,,,,
CRYPTO,30m,ALGO/USDT,178db9c11d8496d4,2026-08-17T23:01:25.971431+05:30,data_missing,alert_before_data,,,,
CRYPTO,30m,TRUMP/USDT,31130b68a3a7e43f,2026-08-18T00:41:19.880980+05:30,BE,BE,-0.06194217534554797,0.02150512392756268,2026-08-18T01:20:00+05:30,2026-08-18T01:20:00+05:30
CRYPTO,30m,ZIL/USDT,3176ddeadad69aea,2026-08-18T08:01:26.172890+05:30,data_missing,alert_before_data,,,,
CRYPTO,30m,TAIKO/USDT,4d099115ae866dde,2026-08-18T08:41:17.870756+05:30,data_missing,alert_before_data,,,,
CRYPTO,30m,MNT/USDT,3bbc0ec897373039,2026-08-18T08:41:18.026339+05:30,data_missing,alert_before_data,,,,
CRYPTO,30m,1000SHIBUSD,8d66904edfb0a428,2026-08-18T09:01:23.700029+05:30,BE,BE,-0.044774196929669885,0.015544734235722418,2026-08-18T09:05:00+05:30,2026-08-18T09:05:00+05:30
CRYPTO,30m,DEXE/USDT,9e761c850817efd7,2026-08-18T10:41:19.134516+05:30,data_missing,alert_before_data,,,,
CRYPTO,30m,AERO/USDT,6e045b37392d6418,2026-08-18T13:41:10.211474+05:30,data_missing,alert_before_data,,,,
CRYPTO,30m,ALGO/USDT,158821955ff77e5e,2026-08-18T13:41:10.779948+05:30,data_missing,alert_before_data,,,,
CRYPTO,30m,STORJ/USDT,8d93b989eac3e921,2026-08-18T16:21:19.277100+05:30,data_missing,alert_before_data,,,,
CRYPTO,30m,PUMPUSD,162474453bffec49,2026-08-18T17:21:20.809302+05:30,BE,BE,-0.09647470539342798,0.03359623199112027,2026-08-18T17:35:00+05:30,2026-08-18T17:35:00+05:30
CRYPTO,30m,1000PEPEUSD,155a3651df3b482e,2026-08-18T22:01:25.409157+05:30,BE,BE,-0.07491544926883048,0.026088463324039274,2026-08-18T22:10:00+05:30,2026-08-18T22:10:00+05:30
CRYPTO,30m,0G/USDT,fbc42ae98504fb7d,2026-08-19T00:01:32.643061+05:30,data_missing,alert_before_data,,,,
CRYPTO,30m,GWEI/USDT,3cc8fad96179ecfc,2026-08-19T00:21:31.571650+05:30,data_missing,alert_before_data,,,,
CRYPTO,30m,XLM/USDT,92ded0df1e4c78f7,2026-08-19T08:21:16.211251+05:30,BE,BE,-0.15732280820491706,0.05478589999728406,2026-08-19T08:50:00+05:30,2026-08-19T08:50:00+05:30
CRYPTO,30m,INJUSD,f3ad7c7cb24f1bbe,2026-08-19T10:21:23.254320+05:30,BE,BE,-0.12688480344833114,0.0441862068965343,2026-08-19T11:50:00+05:30,2026-08-19T11:50:00+05:30
CRYPTO,30m,VIRTUAL/USDT,c033f1feb390fbc8,2026-08-19T10:21:23.471489+05:30,BE,BE,-0.06291681353568283,0.02184349943576,2026-08-19T10:25:00+05:30,2026-08-19T10:25:00+05:30
CRYPTO,30m,LDO/USDT,391d2012c9856399,2026-08-19T10:41:21.765063+05:30,BE,BE,-0.12462447215776506,0.043399071925758814,2026-08-19T10:45:00+05:30,2026-08-19T10:45:00+05:30
CRYPTO,30m,ATOM/USDT,62d74f057e403c48,2026-08-19T10:41:22.085612+05:30,data_missing,alert_before_data,,,,
CRYPTO,30m,ZIL/USDT,b52f41dc85915215,2026-08-19T13:01:38.157978+05:30,data_missing,alert_before_data,,,,
CRYPTO,30m,ESP/USDT,27fd7525a6375fb1,2026-08-19T13:01:39.331606+05:30,data_missing,alert_before_data,,,,
CRYPTO,30m,GALA/USDT,6b73dd56de2d136e,2026-08-19T13:21:20.132486+05:30,BE,BE,-0.0787312928698439,0.027333980453469492,2026-08-19T14:30:00+05:30,2026-08-19T14:30:00+05:30
CRYPTO,30m,ZAMA/USDT,76539724c6fa3634,2026-08-19T13:41:30.114063+05:30,data_missing,alert_before_data,,,,
CRYPTO,30m,VVV/USDT,e8e57d708494769a,2026-08-19T13:41:30.463989+05:30,BE,BE,-0.07611072336875657,0.026504704097114168,2026-08-19T13:45:00+05:30,2026-08-19T13:45:00+05:30
CRYPTO,30m,HYPEUSD,ccfc992e80eccfa7,2026-08-19T14:03:23.294991+05:30,BE,BE,-0.1530126315861456,0.05312302298686428,2026-08-19T15:30:00+05:30,2026-08-19T15:30:00+05:30
CRYPTO,30m,ALGO/USDT,3fdf82bd89caee7a,2026-08-19T14:03:26.641422+05:30,data_missing,alert_before_data,,,,
CRYPTO,30m,STORJ/USDT,01a2dff98bf1c48c,2026-08-19T14:21:19.323381+05:30,data_missing,alert_before_data,,,,
CRYPTO,30m,ESP/USDT,8cc09f8063646d9b,2026-08-19T14:41:20.707008+05:30,data_missing,alert_before_data,,,,
CRYPTO,30m,PHAROS/USDT,9f242d9d2a8d83af,2026-08-19T15:21:33.866617+05:30,data_missing,alert_before_data,,,,
CRYPTO,30m,BOME/USDT,278a9f6d925098e0,2026-08-19T15:21:34.699000+05:30,data_missing,alert_before_data,,,,
CRYPTO,30m,ICP/USDT,68a29b56f8e0b8cd,2026-08-19T16:01:26.917359+05:30,data_missing,alert_before_data,,,,
CRYPTO,30m,STORJ/USDT,f289e37e17ec558e,2026-08-19T16:41:25.087426+05:30,data_missing,alert_before_data,,,,
CRYPTO,30m,UB/USDT,4b3175b73cdf17ed,2026-08-19T17:01:24.677020+05:30,data_missing,alert_before_data,,,,
CRYPTO,30m,COTI/USDT,f3e0d99cb7d722e5,2026-08-19T18:21:22.268961+05:30,data_missing,alert_before_data,,,,
CRYPTO,30m,CRV/USDT,1eb20460a95a48fe,2026-08-19T18:21:23.177606+05:30,data_missing,alert_before_data,,,,
CRYPTO,30m,KGEN/USDT,98e69f099ecb6534,2026-08-19T18:41:26.754047+05:30,data_missing,alert_before_data,,,,
CRYPTO,30m,AERO/USDT,97b664ec8b33ec39,2026-08-19T19:01:26.859826+05:30,data_missing,alert_before_data,,,,
CRYPTO,30m,MNT/USDT,c1b9a7541fb6727e,2026-08-19T19:21:23.862616+05:30,data_missing,alert_before_data,,,,
CRYPTO,30m,RE/USDT,62535f20c1a81bed,2026-08-19T19:41:12.018562+05:30,data_missing,alert_before_data,,,,
CRYPTO,30m,ZIL/USDT,db8f779b80051b74,2026-08-19T20:21:22.565835+05:30,data_missing,alert_before_data,,,,
CRYPTO,30m,MNT/USDT,25de5c6ff29d801e,2026-08-19T20:41:24.089194+05:30,data_missing,alert_before_data,,,,
CRYPTO,30m,MNT/USDT,a01086dc9742a082,2026-08-19T22:01:29.693020+05:30,data_missing,alert_before_data,,,,
CRYPTO,30m,EUL/USDT,3abca47adc4c3548,2026-08-19T23:41:22.482984+05:30,data_missing,alert_before_data,,,,
CRYPTO,30m,GWEI/USDT,e73050b48746f602,2026-08-20T00:41:24.104258+05:30,data_missing,alert_before_data,,,,
CRYPTO,30m,PHAROS/USDT,6624b2f0a8133a0d,2026-08-20T08:01:29.642153+05:30,data_missing,alert_before_data,,,,
CRYPTO,30m,ERA/USDT,d4e93b88975c8eb2,2026-08-20T08:01:29.838840+05:30,data_missing,alert_before_data,,,,
CRYPTO,30m,CRV/USDT,4696c26f992ec65e,2026-08-20T09:21:21.935007+05:30,data_missing,alert_before_data,,,,
CRYPTO,30m,ESP/USDT,2baebb9792bd4042,2026-08-20T11:01:23.350364+05:30,data_missing,alert_before_data,,,,
CRYPTO,30m,GWEI/USDT,777aafdde9758eef,2026-08-20T11:01:26.102109+05:30,data_missing,alert_before_data,,,,
CRYPTO,30m,HBAR/USDT,631156d183c49f8c,2026-08-20T11:21:25.082605+05:30,BE,BE,-0.14740827121713945,0.051333273908680144,2026-08-20T11:25:00+05:30,2026-08-20T11:25:00+05:30
CRYPTO,30m,ALLO/USDT,ea3bfc57078304d8,2026-08-20T12:01:27.779290+05:30,BE,BE,-0.0615463784682477,0.021367710915358495,2026-08-20T12:10:00+05:30,2026-08-20T12:10:00+05:30
CRYPTO,30m,UB/USDT,62b4473619fa52e0,2026-08-20T12:41:18.607281+05:30,data_missing,alert_before_data,,,,
CRYPTO,30m,ATOM/USDT,c837cfccf7c833e8,2026-08-20T14:01:23.535436+05:30,data_missing,alert_before_data,,,,
CRYPTO,30m,MNT/USDT,57198ab4780acade,2026-08-20T14:21:22.367441+05:30,data_missing,alert_before_data,,,,
CRYPTO,30m,0G/USDT,59511de1914bbd24,2026-08-20T15:21:20.604317+05:30,data_missing,alert_before_data,,,,
CRYPTO,30m,EUL/USDT,33bcf70af19cec1c,2026-08-20T16:21:23.460540+05:30,data_missing,alert_before_data,,,,
CRYPTO,30m,STORJ/USDT,9fab0253bae268cc,2026-08-20T17:41:19.441092+05:30,data_missing,alert_before_data,,,,
CRYPTO,30m,LA/USDT,af32566fc59951c4,2026-08-20T18:01:22.645238+05:30,data_missing,alert_before_data,,,,
CRYPTO,30m,ASTER/USDT,8ca411ef69229fa5,2026-08-20T20:21:16.148580+05:30,BE,BE,-0.014833238546302425,0.005165508630983057,2026-08-20T20:40:00+05:30,2026-08-20T20:40:00+05:30
CRYPTO,30m,US/USDT,e57a9e6a1c1faeb6,2026-08-20T22:01:33.271719+05:30,data_missing,alert_before_data,,,,
CRYPTO,30m,SOLUSD,93cac0be966e3d78,2026-08-20T22:41:15.045919+05:30,BE,BE,-0.032021414358548383,0.01115109770055138,2026-08-20T22:45:00+05:30,2026-08-20T22:45:00+05:30
CRYPTO,30m,COTI/USDT,25a1a597cd6ca51f,2026-08-20T23:41:20.924199+05:30,data_missing,alert_before_data,,,,
CRYPTO,30m,ERA/USDT,4691624476c9fb00,2026-08-21T08:21:16.869354+05:30,data_missing,alert_before_data,,,,
CRYPTO,30m,TAIKO/USDT,0ab62802055a23b7,2026-08-21T11:41:20.566738+05:30,data_missing,alert_before_data,,,,
CRYPTO,30m,LINKUSD,5e6339fa46483e36,2026-08-21T20:41:21.982295+05:30,BE,BE,-0.017615767008982403,0.00613449289865501,2026-08-21T20:45:00+05:30,2026-08-21T20:45:00+05:30
CRYPTO,30m,EUL/USDT,8737591dfa4254bc,2026-08-22T08:01:26.337720+05:30,data_missing,alert_before_data,,,,
CRYPTO,30m,O/USDT,f30a129230143cf5,2026-08-22T08:41:18.996342+05:30,data_missing,alert_before_data,,,,
CRYPTO,30m,AERO/USDT,636c9a297aa022e7,2026-08-22T14:21:20.496293+05:30,data_missing,alert_before_data,,,,
CRYPTO,30m,EUL/USDT,220b980a7da3deef,2026-08-22T16:01:13.915929+05:30,data_missing,alert_before_data,,,,
CRYPTO,30m,ESP/USDT,336df85175ca1b42,2026-08-22T16:01:14.127946+05:30,data_missing,alert_before_data,,,,
CRYPTO,30m,UB/USDT,52810ca3f8da97e8,2026-08-22T16:21:19.960021+05:30,data_missing,alert_before_data,,,,
CRYPTO,30m,VANRY/USDT,3e470e3546833f50,2026-08-22T20:41:20.850437+05:30,data_missing,alert_before_data,,,,
CRYPTO,30m,DEXE/USDT,5f65ae05f5ab04f8,2026-08-23T08:02:02.848145+05:30,data_missing,alert_before_data,,,,
CRYPTO,30m,STORJ/USDT,4649ce04383b6377,2026-08-23T08:42:04.429282+05:30,data_missing,alert_before_data,,,,
CRYPTO,30m,KGEN/USDT,6d288c85f8c6e181,2026-08-23T08:42:04.659883+05:30,data_missing,alert_before_data,,,,
CRYPTO,30m,VVV/USDT,9731eb497e14a16c,2026-08-23T09:02:03.739768+05:30,BE,BE,-0.05257727555522865,0.018253812047790807,2026-08-23T09:05:00+05:30,2026-08-23T09:05:00+05:30
CRYPTO,30m,ICP/USDT,234f6cdc5a2a6a46,2026-08-23T09:02:03.868711+05:30,data_missing,alert_before_data,,,,
CRYPTO,30m,MNT/USDT,b0a85eb2daff4f5d,2026-08-23T09:02:04.057830+05:30,data_missing,alert_before_data,,,,
CRYPTO,30m,KORU/USDT,6308ce7198d654b6,2026-08-23T10:01:59.552440+05:30,data_missing,alert_before_data,,,,
CRYPTO,30m,HBAR/USDT,1f97b04a042951bc,2026-08-23T11:41:56.136063+05:30,BE,BE,-0.09840228333452408,0.034163367464220495,2026-08-23T11:45:00+05:30,2026-08-23T11:45:00+05:30
CRYPTO,30m,AAVEUSD,66a77acc60692839,2026-08-23T17:02:12.907659+05:30,BE,BE,-0.07121665891626623,0.024800401149975004,2026-08-23T17:05:00+05:30,2026-08-23T17:05:00+05:30
CRYPTO,30m,ZAMA/USDT,c0c94a5481290e77,2026-08-23T19:22:02.170455+05:30,data_missing,alert_before_data,,,,
CRYPTO,30m,US/USDT,55c9115de2f4e094,2026-08-23T20:22:04.277494+05:30,data_missing,alert_before_data,,,,
CRYPTO,30m,CL/USDT,ecc26a5e221dd71b,2026-08-23T20:33:14.816215+05:30,data_missing,alert_before_data,,,,
CRYPTO,30m,CAP/USDT,9e2fcfb8c2f995fb,2026-08-24T13:02:19.485582+05:30,data_missing,alert_before_data,,,,
CRYPTO,30m,ICP/USDT,f3960984c89be69f,2026-08-24T14:01:05.219634+05:30,data_missing,alert_before_data,,,,
CRYPTO,30m,MNT/USDT,e943e23f11c986ef,2026-08-24T14:56:47.710996+05:30,data_missing,alert_before_data,,,,
CRYPTO,30m,AERO/USDT,441bcb9ca0356d15,2026-08-24T15:41:37.501922+05:30,data_missing,alert_before_data,,,,
CRYPTO,30m,CRV/USDT,3b359b66a4c8f2df,2026-08-24T20:22:10.199873+05:30,data_missing,alert_before_data,,,,
CRYPTO,30m,BEAT/USDT,73fc9db6f26e3838,2026-08-24T21:42:05.619121+05:30,BE,BE,-0.036696962995315635,0.012740475008756705,2026-08-24T22:00:00+05:30,2026-08-24T22:00:00+05:30
CRYPTO,30m,KORU/USDT,4bf21abbd2567d1f,2026-08-25T12:35:55.319851+05:30,data_missing,alert_before_data,,,,
CRYPTO,30m,UB/USDT,cf265ef204abb961,2026-08-25T13:02:14.484122+05:30,data_missing,alert_before_data,,,,
CRYPTO,30m,LTCUSD,01b5cb147a08e6e2,2026-08-25T13:22:11.677630+05:30,BE,BE,-0.13130893668502644,0.0455879203539592,2026-08-25T14:30:00+05:30,2026-08-25T14:30:00+05:30
CRYPTO,30m,0G/USDT,5b5918569968a11b,2026-08-25T18:02:18.986804+05:30,data_missing,alert_before_data,,,,
CRYPTO,30m,ESP/USDT,99377852f3a43455,2026-08-25T18:22:15.725805+05:30,data_missing,alert_before_data,,,,
CRYPTO,30m,LA/USDT,e96cad46d035b12a,2026-08-25T19:22:15.752969+05:30,data_missing,alert_before_data,,,,
CRYPTO,30m,GWEI/USDT,6f8099d700e89ae7,2026-08-26T11:17:25.793046+05:30,data_missing,alert_before_data,,,,
CRYPTO,30m,MNT/USDT,620f0d9753d61e1f,2026-08-26T19:02:24.368361+05:30,data_missing,alert_before_data,,,,
CRYPTO,30m,ATOM/USDT,d44f813ad4793953,2026-08-26T21:42:05.026049+05:30,data_missing,alert_before_data,,,,
CRYPTO,30m,CL/USDT,f96a3a67b744c6f4,2026-08-26T22:22:16.436915+05:30,data_missing,alert_before_data,,,,
CRYPTO,30m,RE/USDT,e17535942c1b0540,2026-08-26T23:42:17.894857+05:30,data_missing,alert_before_data,,,,
CRYPTO,30m,0G/USDT,40e26a8a530d10c2,2026-08-27T14:22:03.956624+05:30,data_missing,alert_before_data,,,,
CRYPTO,30m,ZAMA/USDT,a228a128ca8d77ce,2026-08-27T17:42:16.618144+05:30,data_missing,alert_before_data,,,,
CRYPTO,30m,US/USDT,49256e99b3d9ca18,2026-08-27T21:02:30.059256+05:30,data_missing,alert_before_data,,,,
CRYPTO,30m,CAP/USDT,6c5f21d54254a0e1,2026-08-27T22:02:21.382179+05:30,data_missing,alert_before_data,,,,
CRYPTO,30m,ETHUSD,148466e9af3ba92d,2026-08-28T09:42:15.892735+05:30,BE,BE,-0.1542907289955901,0.05356675366036434,2026-08-28T10:05:00+05:30,2026-08-28T10:05:00+05:30
CRYPTO,30m,STORJ/USDT,c8dd95ded1385b31,2026-08-28T09:42:16.181775+05:30,data_missing,alert_before_data,,,,
CRYPTO,30m,ATOM/USDT,36487f5a990ddde0,2026-08-28T14:22:09.486449+05:30,data_missing,alert_before_data,,,,
CRYPTO,30m,HOME/USDT,10252bdc58e9b33d,2026-08-28T15:22:09.827666+05:30,data_missing,alert_before_data,,,,
CRYPTO,30m,CAP/USDT,8c9a8f4ef30f5687,2026-08-28T17:22:15.979812+05:30,data_missing,alert_before_data,,,,
CRYPTO,30m,ACE/USDT,7c1bb734654d596b,2026-08-28T18:22:06.404120+05:30,data_missing,alert_before_data,,,,
CRYPTO,30m,LA/USDT,e2da1edd3b9dd56a,2026-08-28T19:42:15.408231+05:30,data_missing,alert_before_data,,,,
CRYPTO,30m,ERA/USDT,0d037bf8f24f9fdc,2026-08-28T19:42:15.657592+05:30,data_missing,alert_before_data,,,,
CRYPTO,30m,ZAMA/USDT,15bf328cec9feaa6,2026-08-28T21:22:10.231327+05:30,data_missing,alert_before_data,,,,
CRYPTO,30m,SUIUSD,a0a26f080d0a6605,2026-08-28T22:02:28.519526+05:30,BE,BE,-0.1202669631332057,0.04175436093647056,2026-08-28T23:05:00+05:30,2026-08-28T23:05:00+05:30
CRYPTO,30m,O/USDT,07bf7aeca1b1d827,2026-08-28T22:02:28.823228+05:30,data_missing,alert_before_data,,,,
CRYPTO,30m,CRV/USDT,765142b8f48dfd37,2026-08-29T00:22:15.230343+05:30,data_missing,alert_before_data,,,,
CRYPTO,30m,KGEN/USDT,be4b953eb16d3dab,2026-08-29T00:22:15.528071+05:30,data_missing,alert_before_data,,,,
CRYPTO,30m,ALGO/USDT,3bb5bebea8eaddc0,2026-08-29T13:42:15.807178+05:30,data_missing,alert_before_data,,,,
CRYPTO,30m,ADAUSD,5dec499899bb8ca7,2026-08-29T14:02:15.705587+05:30,BE,BE,-0.10324784440713947,0.035845652446678145,2026-08-29T14:05:00+05:30,2026-08-29T14:05:00+05:30
CRYPTO,30m,CL/USDT,7bd61a855f1d3f20,2026-08-29T21:02:11.221827+05:30,data_missing,alert_before_data,,,,
CRYPTO,30m,ALGO/USDT,3d21e392b3d23ebe,2026-08-29T21:22:05.349915+05:30,data_missing,alert_before_data,,,,
CRYPTO,30m,LA/USDT,296672a72ca3819e,2026-08-30T11:22:04.071693+05:30,data_missing,alert_before_data,,,,
CRYPTO,30m,ZAMA/USDT,730d42d89424418f,2026-08-30T13:02:19.058618+05:30,data_missing,alert_before_data,,,,
CRYPTO,30m,ERA/USDT,040e8f74be307667,2026-08-30T13:02:19.289555+05:30,data_missing,alert_before_data,,,,
CRYPTO,30m,WIF/USDT,724283d03818630e,2026-08-30T13:22:02.539707+05:30,BE,BE,-0.09351118474849823,0.032465272738820106,2026-08-30T14:10:00+05:30,2026-08-30T14:10:00+05:30
CRYPTO,30m,FARTCOIN/USDT,03cb1efceead9715,2026-08-30T14:22:02.959896+05:30,BE,BE,-0.07981088557635044,0.027708794137619674,2026-08-30T14:55:00+05:30,2026-08-30T14:55:00+05:30
CRYPTO,30m,XMRUSD,3f07a0a32bb9b4a4,2026-08-30T14:22:03.299655+05:30,BE,BE,-0.1446783924543516,0.05038262430734053,2026-08-30T14:25:00+05:30,2026-08-30T14:25:00+05:30
CRYPTO,30m,ZIL/USDT,019032fce438daae,2026-08-30T15:02:28.066326+05:30,data_missing,alert_before_data,,,,
CRYPTO,30m,US/USDT,ac874580215ec933,2026-08-30T15:22:03.154533+05:30,data_missing,alert_before_data,,,,
CRYPTO,30m,LTCUSD,4ba1d3a639f808a0,2026-08-30T16:02:21.150923+05:30,BE,BE,-0.1620916715147544,0.05644660305345944,2026-08-30T16:05:00+05:30,2026-08-30T16:05:00+05:30
CRYPTO,30m,LA/USDT,e248d03d5baedcd1,2026-08-30T16:22:20.388285+05:30,data_missing,alert_before_data,,,,
CRYPTO,30m,ZIL/USDT,c1c313078c53a830,2026-08-30T17:42:15.261753+05:30,data_missing,alert_before_data,,,,
CRYPTO,30m,AERO/USDT,721d44965ccaa0cc,2026-08-30T19:22:11.280974+05:30,data_missing,alert_before_data,,,,
CRYPTO,30m,ERA/USDT,8610fc9f5dd7ff26,2026-08-30T19:22:11.879838+05:30,data_missing,alert_before_data,,,,
CRYPTO,30m,ALGO/USDT,f11bc83b52d9bd0d,2026-08-30T22:02:28.566938+05:30,data_missing,alert_before_data,,,,
CRYPTO,30m,MNT/USDT,5ea13b070aa1cf24,2026-08-30T23:39:48.980062+05:30,data_missing,alert_before_data,,,,
CRYPTO,30m,HOME/USDT,046321e284fac7f3,2026-08-31T14:22:17.492851+05:30,data_missing,alert_before_data,,,,
CRYPTO,30m,CL/USDT,43e0cc137ca3d191,2026-08-31T18:02:22.468028+05:30,data_missing,alert_before_data,,,,
CRYPTO,30m,ALGO/USDT,4ffd573289de8159,2026-09-01T08:42:11.407676+05:30,data_missing,alert_before_data,,,,
CRYPTO,30m,ALGO/USDT,acf300f8b27ab054,2026-09-01T09:02:21.732626+05:30,data_missing,alert_before_data,,,,
CRYPTO,30m,MNT/USDT,07550ec6caab2b96,2026-09-01T10:22:20.200327+05:30,data_missing,alert_before_data,,,,
CRYPTO,30m,BANK/USDT,c741dafb9f926a9f,2026-09-01T12:42:18.219259+05:30,BE,BE,-0.12370745910922884,0.04294883452288578,2026-09-01T13:55:00+05:30,2026-09-01T13:55:00+05:30
CRYPTO,30m,KGEN/USDT,a546910529a5065a,2026-09-01T14:02:22.309424+05:30,data_missing,alert_before_data,,,,
CRYPTO,30m,CL/USDT,dd3c48d1fa8a645f,2026-09-01T14:02:22.516933+05:30,data_missing,alert_before_data,,,,
CRYPTO,30m,ICP/USDT,aabf4bf9704c00c2,2026-09-01T14:42:21.620552+05:30,data_missing,alert_before_data,,,,
CRYPTO,30m,HOME/USDT,8f2f03acf9c23a19,2026-09-01T15:02:22.425202+05:30,data_missing,alert_before_data,,,,
CRYPTO,30m,ZIL/USDT,229a258c7f602d89,2026-09-01T17:42:11.061948+05:30,data_missing,alert_before_data,,,,
CRYPTO,30m,ZIL/USDT,1a83578fb3ee8f38,2026-09-01T19:42:17.118039+05:30,data_missing,alert_before_data,,,,
CRYPTO,30m,ESP/USDT,aade5fed0f0290fe,2026-09-01T20:22:11.790767+05:30,data_missing,alert_before_data,,,,
CRYPTO,30m,KGEN/USDT,afd3c12e831eeefa,2026-09-01T22:21:56.680598+05:30,data_missing,alert_before_data,,,,
CRYPTO,30m,ERA/USDT,d641e641edb531f2,2026-09-01T23:21:34.826203+05:30,data_missing,alert_before_data,,,,
CRYPTO,30m,KORU/USDT,42776b2bf55c815e,2026-09-02T00:21:46.203585+05:30,data_missing,alert_before_data,,,,
CRYPTO,30m,ICP/USDT,59aff9c6b65d766e,2026-09-02T10:21:38.194268+05:30,data_missing,alert_before_data,,,,
CRYPTO,30m,EUL/USDT,873494ab6b4ae866,2026-09-02T22:01:52.633176+05:30,data_missing,alert_before_data,,,,
CRYPTO,30m,ZAMA/USDT,12292f9686eaf48f,2026-09-02T22:21:38.767290+05:30,data_missing,alert_before_data,,,,
CRYPTO,30m,ATOM/USDT,728eb5b814b73bd0,2026-09-03T08:21:49.540070+05:30,data_missing,alert_before_data,,,,
CRYPTO,30m,ESP/USDT,82be6b258f3f8ab2,2026-09-03T12:01:44.246574+05:30,data_missing,alert_before_data,,,,
CRYPTO,30m,AERO/USDT,1fc77856ae7bcbe7,2026-09-03T19:01:59.657814+05:30,data_missing,alert_before_data,,,,
CRYPTO,30m,KGEN/USDT,1ec4d5c32199791f,2026-09-03T19:21:51.439728+05:30,data_missing,alert_before_data,,,,
CRYPTO,30m,ZIL/USDT,ec253d892e87a836,2026-09-03T20:41:46.844064+05:30,data_missing,alert_before_data,,,,
CRYPTO,30m,ERA/USDT,54fb5bb82b11cad4,2026-09-03T23:21:52.706079+05:30,data_missing,alert_before_data,,,,
CRYPTO,30m,MNT/USDT,bccb8960b655900f,2026-09-04T00:41:50.185250+05:30,data_missing,alert_before_data,,,,
CRYPTO,30m,ICP/USDT,6f2a0cf32240675a,2026-09-04T14:42:03.653213+05:30,data_missing,alert_before_data,,,,
CRYPTO,30m,RE/USDT,88b63a2742b87ff0,2026-09-04T16:21:39.276968+05:30,data_missing,alert_before_data,,,,
CRYPTO,30m,MNT/USDT,e11e957da7b67e3e,2026-09-04T17:01:53.355392+05:30,data_missing,alert_before_data,,,,
CRYPTO,30m,ICP/USDT,37c9a106a3eff504,2026-09-04T18:01:50.197794+05:30,data_missing,alert_before_data,,,,
CRYPTO,30m,ERA/USDT,548b3e477717f1f3,2026-09-04T18:01:50.592043+05:30,data_missing,alert_before_data,,,,
CRYPTO,30m,EUL/USDT,cb94f76a4df10f86,2026-09-04T18:21:53.083368+05:30,data_missing,alert_before_data,,,,
CRYPTO,30m,BEAT/USDT,f9bc25346d9413c2,2026-09-04T20:02:10.993078+05:30,BE,BE,-0.09036301075085801,0.03146790301376659,2026-09-04T20:05:00+05:30,2026-09-04T20:05:00+05:30
CRYPTO,30m,ICP/USDT,af5940c9ab5573e5,2026-09-04T20:21:42.094028+05:30,data_missing,alert_before_data,,,,
CRYPTO,30m,ESP/USDT,a8b4fc7556802fbc,2026-09-04T21:21:32.329499+05:30,data_missing,alert_before_data,,,,
CRYPTO,30m,EUL/USDT,ff0c7bf8c4b4b060,2026-09-05T08:41:43.274271+05:30,data_missing,alert_before_data,,,,
CRYPTO,30m,KGEN/USDT,349903c0873c6076,2026-09-05T09:41:41.065240+05:30,data_missing,alert_before_data,,,,
CRYPTO,30m,O/USDT,c20d98eb044b564c,2026-09-05T10:21:42.978644+05:30,data_missing,alert_before_data,,,,
CRYPTO,30m,ZIL/USDT,4cdb73f316b2fc66,2026-09-05T12:01:44.856641+05:30,data_missing,alert_before_data,,,,
CRYPTO,30m,CL/USDT,27bf53082870569d,2026-09-05T21:21:41.748132+05:30,data_missing,alert_before_data,,,,
CRYPTO,30m,CAP/USDT,5560437c2b83240c,2026-09-06T08:41:58.359343+05:30,data_missing,alert_before_data,,,,
CRYPTO,30m,ESP/USDT,456ae917eee91c67,2026-09-06T09:21:46.603032+05:30,data_missing,alert_before_data,,,,
CRYPTO,30m,CL/USDT,ec45edbf3a1d42c2,2026-09-06T11:21:46.238499+05:30,data_missing,alert_before_data,,,,
CRYPTO,30m,KORU/USDT,5b236c1bbf03e620,2026-09-06T14:21:51.441104+05:30,data_missing,alert_before_data,,,,
CRYPTO,30m,US/USDT,d2bc848002f140d3,2026-09-06T20:21:36.963701+05:30,data_missing,alert_before_data,,,,
CRYPTO,30m,CAP/USDT,00688a918352461a,2026-09-06T22:16:30.182657+05:30,data_missing,alert_before_data,,,,
CRYPTO,30m,CAP/USDT,31ab0e31f4d5a59a,2026-09-06T23:46:46.415252+05:30,data_missing,alert_before_data,,,,
CRYPTO,30m,EUL/USDT,ff5e7e51f663652e,2026-09-07T00:46:55.813330+05:30,data_missing,alert_before_data,,,,
CRYPTO,30m,DEXE/USDT,a79ba66872f71175,2026-09-07T08:01:54.096800+05:30,data_missing,alert_before_data,,,,
CRYPTO,30m,ALGO/USDT,8f8cb751656d1895,2026-09-07T08:51:50.753071+05:30,data_missing,alert_before_data,,,,
CRYPTO,30m,0G/USDT,cb3f5387f1cd30d7,2026-09-07T09:01:48.076813+05:30,data_missing,alert_before_data,,,,
CRYPTO,30m,XAUTUSD,5d83de576a90f121,2026-09-07T09:21:38.575444+05:30,BE,BE,-0.05829233807566911,0.020237971097223778,2026-09-07T10:05:00+05:30,2026-09-07T10:05:00+05:30
CRYPTO,30m,ICP/USDT,a19df747a19016af,2026-09-07T10:01:57.176597+05:30,data_missing,alert_before_data,,,,
CRYPTO,30m,HOME/USDT,0fb5a95fb56ba7d2,2026-09-07T13:11:57.800521+05:30,data_missing,alert_before_data,,,,
CRYPTO,30m,CL/USDT,24bf263dadc1f6db,2026-09-07T13:11:58.068064+05:30,data_missing,alert_before_data,,,,
CRYPTO,30m,BEAT/USDT,2980342bd0932c0e,2026-09-07T15:51:50.991742+05:30,BE,BE,-0.0531733700571483,0.01851702857143031,2026-09-07T15:55:00+05:30,2026-09-07T15:55:00+05:30
CRYPTO,30m,EUL/USDT,9d87a6a76067a81e,2026-09-07T18:32:04.640451+05:30,data_missing,alert_before_data,,,,
CRYPTO,30m,RE/USDT,6a99d1b1923bda78,2026-09-07T18:32:04.988738+05:30,data_missing,alert_before_data,,,,
CRYPTO,30m,ALGO/USDT,7ed454f0080a0dcc,2026-09-07T18:32:06.953715+05:30,data_missing,alert_before_data,,,,
CRYPTO,30m,ERA/USDT,e31779a87409b167,2026-09-07T18:52:04.338160+05:30,data_missing,alert_before_data,,,,
CRYPTO,30m,O/USDT,397cdab511a5cbac,2026-09-07T19:01:52.631732+05:30,data_missing,alert_before_data,,,,
CRYPTO,30m,BTCUSD,1cde278f13aa2c9c,2026-09-07T20:01:49.491383+05:30,BE,BE,-0.08820219908398505,0.030622095711049402,2026-09-07T20:45:00+05:30,2026-09-07T20:45:00+05:30
CRYPTO,30m,CL/USDT,6629e589476d7caa,2026-09-07T20:32:04.024304+05:30,data_missing,alert_before_data,,,,
CRYPTO,30m,HYPEUSD,38f08a6556ccf9f2,2026-09-07T21:32:03.233168+05:30,BE,BE,-0.04366523503447593,0.015159724137934219,2026-09-07T23:00:00+05:30,2026-09-07T23:00:00+05:30
CRYPTO,30m,US/USDT,0fb62acaefd992c7,2026-09-07T21:32:03.567508+05:30,data_missing,alert_before_data,,,,
CRYPTO,30m,US/USDT,d181cf6d3381e127,2026-09-07T23:21:54.724255+05:30,data_missing,alert_before_data,,,,
CRYPTO,30m,TACUSD,24218b20e15ab6c1,2026-09-07T23:51:51.816746+05:30,BE,BE,-0.05044784297143082,0.017514514285719818,2026-09-07T23:55:00+05:30,2026-09-07T23:55:00+05:30
CRYPTO,30m,GWEI/USDT,6f4d0c5443b20aef,2026-09-08T08:01:57.672066+05:30,data_missing,alert_before_data,,,,
CRYPTO,30m,KGEN/USDT,b0d2f0063b501ced,2026-09-08T08:31:57.590656+05:30,data_missing,alert_before_data,,,,
CRYPTO,30m,CRV/USDT,aa2e4c53bafa5c1d,2026-09-08T08:51:53.122855+05:30,data_missing,alert_before_data,,,,
CRYPTO,30m,CL/USDT,9e109dfae8d281d0,2026-09-08T09:01:50.980123+05:30,data_missing,alert_before_data,,,,
CRYPTO,30m,ERA/USDT,4b3bd88c7d129a08,2026-09-08T09:21:44.420264+05:30,data_missing,alert_before_data,,,,
CRYPTO,30m,UB/USDT,ccbbbebcdc3ff88c,2026-09-08T09:41:51.020211+05:30,data_missing,alert_before_data,,,,
CRYPTO,30m,BNBUSD,947148041bb23f72,2026-09-08T11:01:57.712791+05:30,BE,BE,-0.05777104767669497,0.020118118134706237,2026-09-08T11:10:00+05:30,2026-09-08T11:10:00+05:30
CRYPTO,30m,XRPUSD,e2e10731c14a131f,2026-09-08T12:02:00.446567+05:30,BE,BE,-0.04952283282890646,0.017193368674702503,2026-09-08T12:05:00+05:30,2026-09-08T12:05:00+05:30
CRYPTO,30m,XAUTUSD,65a2e1fef485c5d1,2026-09-08T12:02:01.008188+05:30,BE,BE,-0.05829233807566911,0.020237971097223778,2026-09-08T13:05:00+05:30,2026-09-08T13:05:00+05:30
CRYPTO,30m,AAVEUSD,3a6ec34c512fe815,2026-09-08T12:32:05.270241+05:30,BE,BE,-0.07702053833663486,0.026740039603964177,2026-09-08T13:20:00+05:30,2026-09-08T13:20:00+05:30
CRYPTO,30m,HOME/USDT,84c5880c80f0b502,2026-09-08T12:51:42.013556+05:30,data_missing,alert_before_data,,,,
CRYPTO,30m,TACUSD,a452926963e3f8ab,2026-09-08T13:11:52.699816+05:30,BE,BE,-0.0812983125999932,0.028225199999994816,2026-09-08T13:15:00+05:30,2026-09-08T13:15:00+05:30
CRYPTO,30m,RIVERUSD,1c4d358ca27470f9,2026-09-08T15:01:59.067412+05:30,BE,BE,-0.05368139588571588,0.01869394285714235,2026-09-08T15:05:00+05:30,2026-09-08T15:05:00+05:30
CRYPTO,30m,ZIL/USDT,b58effb1ff16c935,2026-09-08T15:51:56.142605+05:30,data_missing,alert_before_data,,,,
CRYPTO,30m,BOME/USDT,3e92b8709e0b9852,2026-09-08T15:51:56.372173+05:30,data_missing,alert_before_data,,,,
CRYPTO,30m,ATOM/USDT,4023f5143f816632,2026-09-08T16:11:54.752599+05:30,data_missing,alert_before_data,,,,
CRYPTO,30m,KGEN/USDT,833d5e77ea98f320,2026-09-08T16:41:57.427270+05:30,data_missing,alert_before_data,,,,
CRYPTO,30m,0G/USDT,3867b255d56f465f,2026-09-08T16:51:39.739546+05:30,data_missing,alert_before_data,,,,
CRYPTO,30m,ESP/USDT,6c89440ef603ec8c,2026-09-08T17:11:53.099265+05:30,data_missing,alert_before_data,,,,
CRYPTO,30m,GWEI/USDT,303ca18baf155a3d,2026-09-08T17:11:53.508130+05:30,data_missing,alert_before_data,,,,
CRYPTO,30m,LA/USDT,0950c5450472f0d2,2026-09-08T17:21:52.162068+05:30,data_missing,alert_before_data,,,,
CRYPTO,30m,HUSD,8b890d87ebdf2ccd,2026-09-08T18:02:03.023455+05:30,BE,BE,-0.03704354999998721,0.012900000000005893,2026-09-08T18:05:00+05:30,2026-09-08T18:05:00+05:30
CRYPTO,30m,ALGO/USDT,cb9c8fbdc57f23a9,2026-09-08T18:11:41.118212+05:30,data_missing,alert_before_data,,,,
CRYPTO,30m,CL/USDT,8c431b5a4da93e98,2026-09-08T18:41:53.967514+05:30,data_missing,alert_before_data,,,,
CRYPTO,30m,EUL/USDT,a9b5a5403bb7d3fb,2026-09-08T19:11:53.191229+05:30,data_missing,alert_before_data,,,,
CRYPTO,30m,ICP/USDT,98ec0724d8618499,2026-09-08T19:11:53.381314+05:30,data_missing,alert_before_data,,,,
CRYPTO,30m,ERA/USDT,68d957ae54b84bdf,2026-09-08T19:11:53.613167+05:30,data_missing,alert_before_data,,,,
CRYPTO,30m,RIVERUSD,19ef6bae6fa0f282,2026-09-08T19:41:56.406775+05:30,BE,BE,-0.05461277657141307,0.019018285714294647,2026-09-08T19:55:00+05:30,2026-09-08T19:55:00+05:30
CRYPTO,30m,US/USDT,11940d8a0700402d,2026-09-08T20:21:54.689144+05:30,data_missing,alert_before_data,,,,
CRYPTO,30m,TACUSD,017f0013640cf0b7,2026-09-08T22:21:47.961112+05:30,BE,BE,-0.03745370160000212,0.013003199999989196,2026-09-08T22:25:00+05:30,2026-09-08T22:25:00+05:30
CRYPTO,30m,MNT/USDT,8e8da22678ee2422,2026-09-08T22:41:47.317365+05:30,data_missing,alert_before_data,,,,
CRYPTO,30m,KGEN/USDT,def96f34672f1436,2026-09-09T00:21:59.410957+05:30,data_missing,alert_before_data,,,,
CRYPTO,30m,RE/USDT,3fdcdb3023baea4f,2026-09-09T08:41:46.883102+05:30,data_missing,alert_before_data,,,,
CRYPTO,30m,SOLUSD,298b587b30020797,2026-09-09T10:21:46.136364+05:30,BE,BE,-0.0582967626113125,0.020301192452840455,2026-09-09T10:25:00+05:30,2026-09-09T10:25:00+05:30
CRYPTO,30m,CL/USDT,774bb1af9bf0712a,2026-09-09T15:11:51.344976+05:30,data_missing,alert_before_data,,,,
CRYPTO,30m,RE/USDT,aaa9e46d0c0f037d,2026-09-09T15:41:54.941662+05:30,data_missing,alert_before_data,,,,
CRYPTO,30m,CRV/USDT,a77ef0fee50d45f3,2026-09-09T16:21:57.497070+05:30,data_missing,alert_before_data,,,,
CRYPTO,30m,ESP/USDT,850c13abd490e592,2026-09-09T17:01:56.399422+05:30,data_missing,alert_before_data,,,,
CRYPTO,30m,COTI/USDT,309c3b422c446aa6,2026-09-09T18:01:56.391937+05:30,data_missing,alert_before_data,,,,
CRYPTO,30m,US/USDT,fe8d26f1433d0be1,2026-09-09T19:11:50.448382+05:30,data_missing,alert_before_data,,,,
CRYPTO,30m,COTI/USDT,c231675dd1eeaf23,2026-09-09T19:21:56.073063+05:30,data_missing,alert_before_data,,,,
CRYPTO,30m,ZIL/USDT,49cec3a40061b3a7,2026-09-09T19:32:07.235141+05:30,data_missing,alert_before_data,,,,
CRYPTO,30m,DEXE/USDT,2880229fe4c5edec,2026-09-09T20:21:58.351995+05:30,data_missing,alert_before_data,,,,
CRYPTO,30m,BOME/USDT,c410f598510604b9,2026-09-09T20:32:08.631112+05:30,data_missing,alert_before_data,,,,
CRYPTO,30m,HOME/USDT,900c292e7e05d6a9,2026-09-09T20:41:36.616318+05:30,data_missing,alert_before_data,,,,
CRYPTO,30m,CAP/USDT,f63ef0087bf29460,2026-09-09T21:51:54.062289+05:30,data_missing,alert_before_data,,,,
CRYPTO,30m,ZAMA/USDT,e9400fdfc2a50c1b,2026-09-09T22:41:49.478118+05:30,data_missing,alert_before_data,,,,
CRYPTO,30m,RE/USDT,32a3bc72328fda40,2026-09-10T12:51:55.638821+05:30,data_missing,alert_before_data,,,,
CRYPTO,30m,CL/USDT,cf101166eb3edc65,2026-09-10T14:21:40.372323+05:30,data_missing,alert_before_data,,,,
CRYPTO,30m,RE/USDT,bfc315d2ae143a88,2026-09-10T14:32:00.992560+05:30,data_missing,alert_before_data,,,,
CRYPTO,30m,AAVEUSD,9ed8211987b5bdc1,2026-09-10T16:32:10.726508+05:30,BE,BE,-0.09607484608420483,0.03335532631579341,2026-09-10T17:25:00+05:30,2026-09-10T17:25:00+05:30
CRYPTO,30m,EUL/USDT,3dc2f6660e5a7364,2026-09-10T17:22:24.534820+05:30,data_missing,alert_before_data,,,,
CRYPTO,30m,AVAXUSD,87a9e09742f02faf,2026-09-10T18:51:59.092202+05:30,BE,BE,-0.0625054058888867,0.021700666666672336,2026-09-10T19:00:00+05:30,2026-09-10T19:00:00+05:30
CRYPTO,30m,ESP/USDT,3005c1733b538a37,2026-09-10T22:01:57.398073+05:30,data_missing,alert_before_data,,,,
CRYPTO,30m,ALGO/USDT,07699a68e06d41a5,2026-09-10T23:41:54.031799+05:30,data_missing,alert_before_data,,,,
CRYPTO,30m,BLESSUSD,6139cff3a9d854a0,2026-09-11T09:01:55.803661+05:30,BE,BE,-0.05099516337777034,0.017704533333337602,2026-09-11T10:00:00+05:30,2026-09-11T10:00:00+05:30
CRYPTO,30m,AKE/USDT,75a9ab8fbe2d73e5,2026-09-11T09:21:41.703584+05:30,BE,BE,-0.03745370159999796,0.013003200000000173,2026-09-11T09:25:00+05:30,2026-09-11T09:25:00+05:30
CRYPTO,30m,UB/USDT,59489a5a37a9eee0,2026-09-11T09:51:43.665830+05:30,data_missing,alert_before_data,,,,
CRYPTO,30m,STORJ/USDT,9e77fd880806ae0b,2026-09-11T10:32:03.828098+05:30,data_missing,alert_before_data,,,,
CRYPTO,30m,ATOM/USDT,29be722d09736239,2026-09-11T11:41:58.440649+05:30,data_missing,alert_before_data,,,,
CRYPTO,30m,ZIL/USDT,eb0f5c1a7e84bab9,2026-09-11T15:21:38.018055+05:30,data_missing,alert_before_data,,,,
CRYPTO,30m,LA/USDT,b4b21cfa77c7d51b,2026-09-11T15:21:38.328329+05:30,data_missing,alert_before_data,,,,
CRYPTO,30m,CRV/USDT,48c48c416a235ff7,2026-09-11T16:31:57.957510+05:30,data_missing,alert_before_data,,,,
CRYPTO,30m,ZAMA/USDT,05442e0d94b71d73,2026-09-11T16:41:47.787821+05:30,data_missing,alert_before_data,,,,
CRYPTO,30m,HOME/USDT,f6e85dad2fdaf967,2026-09-11T16:41:48.319577+05:30,data_missing,alert_before_data,,,,
CRYPTO,30m,O/USDT,1ee9de004fc2dc48,2026-09-11T17:41:58.637184+05:30,data_missing,alert_before_data,,,,
CRYPTO,30m,ICP/USDT,43649989e2b147c4,2026-09-11T18:21:53.080092+05:30,data_missing,alert_before_data,,,,
CRYPTO,30m,BOME/USDT,2472893acf314206,2026-09-11T19:32:04.656440+05:30,data_missing,alert_before_data,,,,
CRYPTO,30m,HOME/USDT,e05b5d8ac2afde79,2026-09-11T20:21:44.555458+05:30,data_missing,alert_before_data,,,,
CRYPTO,30m,LA/USDT,d951933728de9a41,2026-09-12T08:11:50.905533+05:30,data_missing,alert_before_data,,,,
CRYPTO,30m,DEXE/USDT,a12250bc6d10c583,2026-09-12T08:52:00.698243+05:30,data_missing,alert_before_data,,,,
CRYPTO,30m,EUL/USDT,a2ad7d123533d0e5,2026-09-12T10:02:04.295370+05:30,data_missing,alert_before_data,,,,
CRYPTO,30m,UB/USDT,018c958226e513f3,2026-09-12T15:21:57.629392+05:30,data_missing,alert_before_data,,,,
CRYPTO,30m,ESP/USDT,1a601756af3a9e36,2026-09-12T19:21:33.164624+05:30,data_missing,alert_before_data,,,,
CRYPTO,30m,ZAMA/USDT,0dcd6bc0268874b8,2026-09-12T20:31:59.948954+05:30,data_missing,alert_before_data,,,,
CRYPTO,30m,UNIUSD,67c1bd80d5a127ff,2026-09-12T20:41:59.755619+05:30,BE,BE,-0.039244995257133056,0.01366662857143551,2026-09-12T20:45:00+05:30,2026-09-12T20:45:00+05:30
CRYPTO,30m,GWEI/USDT,189849597cbb78dd,2026-09-12T22:32:03.232441+05:30,data_missing,alert_before_data,,,,
CRYPTO,30m,AERO/USDT,25d12d10e6a83766,2026-09-12T23:01:46.736501+05:30,data_missing,alert_before_data,,,,
CRYPTO,30m,0G/USDT,f47558c258271f21,2026-09-12T23:01:47.011861+05:30,data_missing,alert_before_data,,,,
CRYPTO,30m,ATOM/USDT,419fcb55e5df0040,2026-09-12T23:41:50.479604+05:30,data_missing,alert_before_data,,,,
CRYPTO,30m,LINKUSD,48e718cb8e642b80,2026-09-12T23:51:51.517493+05:30,BE,BE,-0.1421977341499631,0.04936830000001502,2026-09-13T01:00:00+05:30,2026-09-13T01:00:00+05:30
CRYPTO,30m,UB/USDT,366edf65b012f3bb,2026-09-13T00:01:56.056864+05:30,data_missing,alert_before_data,,,,
CRYPTO,30m,0G/USDT,09864868080973a9,2026-09-13T00:11:51.717939+05:30,data_missing,alert_before_data,,,,
CRYPTO,30m,KGEN/USDT,15651fa53bba6fd7,2026-09-13T08:01:55.255542+05:30,data_missing,alert_before_data,,,,
CRYPTO,30m,GWEI/USDT,0eab9bed67b13e92,2026-09-13T08:01:55.528198+05:30,data_missing,alert_before_data,,,,
CRYPTO,30m,UB/USDT,87f648313a05344c,2026-09-13T08:11:25.251940+05:30,data_missing,alert_before_data,,,,
CRYPTO,30m,AAVEUSD,b6170ff8bfabc7d8,2026-09-13T08:51:38.799653+05:30,BE,BE,-0.0821078338695716,0.028593130434771102,2026-09-13T08:55:00+05:30,2026-09-13T08:55:00+05:30
CRYPTO,30m,ESP/USDT,1647efaf63ae77d4,2026-09-13T10:41:52.216671+05:30,data_missing,alert_before_data,,,,
CRYPTO,30m,EUL/USDT,3f91ce275d6db67e,2026-09-13T10:51:53.629371+05:30,data_missing,alert_before_data,,,,
CRYPTO,30m,ERA/USDT,ab06bc1683b4e100,2026-09-13T10:51:53.847001+05:30,data_missing,alert_before_data,,,,
CRYPTO,30m,ICP/USDT,5d55a4e8090d6553,2026-09-13T11:11:51.429221+05:30,data_missing,alert_before_data,,,,
CRYPTO,30m,0G/USDT,42031b306f8ff23b,2026-09-13T11:21:46.675583+05:30,data_missing,alert_before_data,,,,
CRYPTO,30m,ACE/USDT,96bc59709fbafdd9,2026-09-13T11:21:46.880069+05:30,data_missing,alert_before_data,,,,
CRYPTO,30m,LINKUSD,302f0a4b8513a89f,2026-09-13T14:11:51.590814+05:30,BE,BE,-0.05598238466667246,0.01943599999999801,2026-09-13T14:50:00+05:30,2026-09-13T14:50:00+05:30
CRYPTO,30m,AVAXUSD,0ea6a88c8c983240,2026-09-13T14:11:51.748913+05:30,BE,BE,-0.06027601888889342,0.02092666666666998,2026-09-13T14:25:00+05:30,2026-09-13T14:25:00+05:30
CRYPTO,30m,O/USDT,edf718f2dce818b2,2026-09-13T14:56:58.111354+05:30,data_missing,alert_before_data,,,,
CRYPTO,30m,GWEI/USDT,e9939f000cc6c757,2026-09-13T14:56:58.343716+05:30,data_missing,alert_before_data,,,,
CRYPTO,30m,BOME/USDT,4e83b9616cb118f9,2026-09-13T16:21:40.945188+05:30,data_missing,alert_before_data,,,,
CRYPTO,30m,US/USDT,9fee81542c0dc560,2026-09-13T18:21:56.013994+05:30,data_missing,alert_before_data,,,,
CRYPTO,30m,DEXE/USDT,a9967010febc0909,2026-09-13T19:22:02.653290+05:30,data_missing,alert_before_data,,,,
CRYPTO,30m,GWEI/USDT,59d607d77e249774,2026-09-13T21:11:47.729487+05:30,data_missing,alert_before_data,,,,
CRYPTO,30m,UB/USDT,89e2eafb4096964b,2026-09-13T22:11:56.386821+05:30,data_missing,alert_before_data,,,,
CRYPTO,30m,UB/USDT,d9720e58e42eb3f0,2026-09-13T23:02:00.456461+05:30,data_missing,alert_before_data,,,,
CRYPTO,30m,CAP/USDT,f668683e940ae403,2026-09-14T08:32:03.120581+05:30,data_missing,alert_before_data,,,,
CRYPTO,30m,CRV/USDT,2a637f6a9978bd59,2026-09-14T11:01:59.236584+05:30,data_missing,alert_before_data,,,,
CRYPTO,30m,BOME/USDT,1171db7afb894d1f,2026-09-14T11:51:50.634736+05:30,data_missing,alert_before_data,,,,
CRYPTO,30m,GWEI/USDT,a55a354d2d645dca,2026-09-14T14:02:03.465009+05:30,data_missing,alert_before_data,,,,
CRYPTO,30m,XAUTUSD,a76cae19e7e3f4d7,2026-09-14T14:51:56.801158+05:30,BE,BE,-0.1449664373323681,0.05032954013609192,2026-09-14T14:55:00+05:30,2026-09-14T14:55:00+05:30
CRYPTO,30m,RE/USDT,de9813680968ecad,2026-09-14T16:01:55.311817+05:30,data_missing,alert_before_data,,,,
CRYPTO,30m,ZAMA/USDT,7715ab8b90429ab5,2026-09-14T17:21:53.748574+05:30,data_missing,alert_before_data,,,,
CRYPTO,30m,DEXE/USDT,e3e7913ec0e1f259,2026-09-14T18:22:03.560400+05:30,data_missing,alert_before_data,,,,
CRYPTO,30m,EUL/USDT,aecbeb3c21ade0e8,2026-09-14T18:52:02.742015+05:30,data_missing,alert_before_data,,,,
CRYPTO,30m,ESP/USDT,d04ad0af022af435,2026-09-14T19:11:54.850861+05:30,data_missing,alert_before_data,,,,
CRYPTO,30m,ERA/USDT,cee067f17f1d189d,2026-09-14T20:41:59.462904+05:30,data_missing,alert_before_data,,,,
CRYPTO,30m,O/USDT,eaa9bdb03a778815,2026-09-14T22:52:04.679529+05:30,data_missing,alert_before_data,,,,
CRYPTO,30m,UNIUSD,eda428ef5303b4b7,2026-09-14T23:02:00.393270+05:30,BE,BE,-0.07990293735000259,0.027825300000009767,2026-09-14T23:30:00+05:30,2026-09-14T23:30:00+05:30
CRYPTO,30m,EUL/USDT,57857e87bd1e511d,2026-09-15T08:02:04.246640+05:30,data_missing,alert_before_data,,,,
CRYPTO,30m,CRV/USDT,9f217d9c38b2f1b9,2026-09-15T08:02:04.540031+05:30,data_missing,alert_before_data,,,,
CRYPTO,30m,ICP/USDT,8e6e3409d70d0243,2026-09-15T08:11:53.567290+05:30,data_missing,alert_before_data,,,,
CRYPTO,30m,HYPEUSD,d06f83e8faf73b7c,2026-09-15T08:41:58.334260+05:30,BE,BE,-0.07150252123637695,0.02482429090908675,2026-09-15T08:45:00+05:30,2026-09-15T08:45:00+05:30
CRYPTO,30m,0G/USDT,c1fbb1e9380b862f,2026-09-15T08:41:58.706964+05:30,data_missing,alert_before_data,,,,
CRYPTO,30m,AERO/USDT,9f15f08047101fd9,2026-09-15T09:31:59.447125+05:30,data_missing,alert_before_data,,,,
CRYPTO,30m,SOLUSD,a0ec3c13d00eae50,2026-09-15T10:11:57.768628+05:30,BE,BE,-0.054667271527285025,0.018979418181810814,2026-09-15T10:35:00+05:30,2026-09-15T10:35:00+05:30
CRYPTO,30m,COTI/USDT,da5b5260a04c1030,2026-09-15T10:41:40.071086+05:30,data_missing,alert_before_data,,,,
CRYPTO,30m,HOME/USDT,0d4e6d7df3d769bb,2026-09-15T11:01:59.114154+05:30,data_missing,alert_before_data,,,,
CRYPTO,30m,TACUSD,cb33dfab6b782a5c,2026-09-15T12:41:56.067696+05:30,BE,BE,-0.058973331600017276,0.02053679999998284,2026-09-15T12:45:00+05:30,2026-09-15T12:45:00+05:30
CRYPTO,30m,MNT/USDT,360af65554083507,2026-09-15T13:12:08.376773+05:30,data_missing,alert_before_data,,,,
CRYPTO,30m,ESP/USDT,4839eeba673ccbbe,2026-09-15T13:21:59.786121+05:30,data_missing,alert_before_data,,,,
CRYPTO,30m,XAUTUSD,c94e7620cdabcc38,2026-09-15T13:22:00.524498+05:30,BE,BE,-0.08269215026820323,0.028709113450297558,2026-09-15T13:30:00+05:30,2026-09-15T13:30:00+05:30
CRYPTO,30m,ETHUSD,00fec8d5613aef81,2026-09-15T13:42:03.937228+05:30,BE,BE,-0.13232471541590696,0.04594057906134413,2026-09-15T13:45:00+05:30,2026-09-15T13:45:00+05:30
CRYPTO,30m,CRV/USDT,1edfbc9d4d2f0a40,2026-09-15T14:02:05.594169+05:30,data_missing,alert_before_data,,,,
CRYPTO,30m,KGEN/USDT,579baa17aea84038,2026-09-15T14:42:00.965982+05:30,data_missing,alert_before_data,,,,
CRYPTO,30m,DEXE/USDT,d47e174063905482,2026-09-15T14:51:56.166904+05:30,data_missing,alert_before_data,,,,
CRYPTO,30m,ALGO/USDT,b52421d0605fdd3f,2026-09-15T14:51:56.484007+05:30,data_missing,alert_before_data,,,,
CRYPTO,30m,ZORAUSD,dd977ec90c270534,2026-09-15T15:42:04.218519+05:30,BE,BE,-0.07639366119998803,0.026522400000007107,2026-09-15T15:45:00+05:30,2026-09-15T15:45:00+05:30
CRYPTO,30m,ERA/USDT,eda6b5e8193b4751,2026-09-15T15:51:58.403226+05:30,data_missing,alert_before_data,,,,
CRYPTO,30m,RE/USDT,3f2d707d588c5f77,2026-09-15T16:12:03.080828+05:30,data_missing,alert_before_data,,,,
CRYPTO,30m,VELVETUSD,d735c59beb81b714,2026-09-15T19:11:59.868730+05:30,BE,BE,-0.03752801450000291,0.0130290000000014,2026-09-15T19:50:00+05:30,2026-09-15T19:50:00+05:30
CRYPTO,30m,MNT/USDT,27408a4e74276729,2026-09-15T19:41:54.973559+05:30,data_missing,alert_before_data,,,,
CRYPTO,30m,ZIL/USDT,785013a31b0c7013,2026-09-15T20:12:04.664276+05:30,data_missing,alert_before_data,,,,
CRYPTO,30m,LA/USDT,ee66aef02575df65,2026-09-15T20:12:05.873259+05:30,data_missing,alert_before_data,,,,
CRYPTO,30m,AERO/USDT,df3ee0126c0bc483,2026-09-15T20:12:06.194808+05:30,data_missing,alert_before_data,,,,
CRYPTO,30m,CL/USDT,832817ca83938826,2026-09-15T20:32:10.116300+05:30,data_missing,alert_before_data,,,,
CRYPTO,30m,EUL/USDT,c027d462353f44b9,2026-09-15T20:52:03.733254+05:30,data_missing,alert_before_data,,,,
CRYPTO,30m,HUSD,89d6a79a53c81e87,2026-09-16T13:01:52.273545+05:30,BE,BE,-0.06850207246155106,0.023855076923071677,2026-09-16T13:05:00+05:30,2026-09-16T13:05:00+05:30
CRYPTO,30m,LINKUSD,46c82147b48e9b0f,2026-09-16T13:31:47.368094+05:30,BE,BE,-0.037453701600010325,0.013003199999994608,2026-09-16T13:35:00+05:30,2026-09-16T13:35:00+05:30
CRYPTO,30m,DOGEUSD,69a9cb2d3976b1ec,2026-09-16T18:41:28.795440+05:30,BE,BE,-0.03745370160000011,0.01300319999999322,2026-09-16T19:40:00+05:30,2026-09-16T19:40:00+05:30
CRYPTO,30m,RIVERUSD,768abbef8e0f6b07,2026-09-16T22:01:40.274480+05:30,BE,BE,-0.0435845158500168,0.015131699999990797,2026-09-16T22:05:00+05:30,2026-09-16T22:05:00+05:30
CRYPTO,30m,RIVERUSD,fd4426b9923d1450,2026-09-17T11:51:36.891741+05:30,BE,BE,-0.03704355000000792,0.012900000000000925,2026-09-17T11:55:00+05:30,2026-09-17T11:55:00+05:30
CRYPTO,30m,BEAT/USDT,61574de325790cbf,2026-09-17T13:01:41.754600+05:30,BE,BE,-0.04068369617999061,0.014167640000004492,2026-09-17T13:20:00+05:30,2026-09-17T13:20:00+05:30
CRYPTO,30m,BTCUSD,ab309ccd676e12a9,2026-09-17T17:51:44.467718+05:30,BE,BE,-0.05937695194689102,0.020677356249989176,2026-09-17T17:55:00+05:30,2026-09-17T17:55:00+05:30
CRYPTO,30m,SOLUSD,8aa315c0ecf45c0a,2026-09-17T17:51:44.722218+05:30,BE,BE,-0.08505704219318386,0.029620159090904485,2026-09-17T17:55:00+05:30,2026-09-17T17:55:00+05:30
CRYPTO,30m,AAVEUSD,75b6f17c8ce008c1,2026-09-17T22:41:43.268245+05:30,BE,BE,-0.0536265386365935,0.018674839436629953,2026-09-17T22:45:00+05:30,2026-09-17T22:45:00+05:30
CRYPTO,30m,ETHUSD,b0801ff1b15a018c,2026-09-18T08:51:30.596164+05:30,BE,BE,-0.10726988889997849,0.037355533333333746,2026-09-18T08:55:00+05:30,2026-09-18T08:55:00+05:30
CRYPTO,30m,AVAXUSD,aa4f8dd1f48e4975,2026-09-18T19:21:36.404465+05:30,BE,BE,-0.040224356159989844,0.014007680000006587,2026-09-18T20:20:00+05:30,2026-09-18T20:20:00+05:30
CRYPTO,30m,DOGEUSD,c0a467b611fc5c1a,2026-09-18T19:31:45.835554+05:30,BE,BE,-0.037043549999998884,0.012900000000002868,2026-09-18T19:45:00+05:30,2026-09-18T19:45:00+05:30
CRYPTO,30m,ETHUSD,c4b0db3dd91d144d,2026-09-18T21:52:10.572240+05:30,BE,BE,-0.04768181531889355,0.016604656346747793,2026-09-18T21:55:00+05:30,2026-09-18T21:55:00+05:30
CRYPTO,30m,LINKUSD,eb476aeca83d9ea1,2026-09-19T16:01:45.814998+05:30,BE,BE,-0.08881984902855306,0.03093051428572738,2026-09-19T16:05:00+05:30,2026-09-19T16:05:00+05:30
CRYPTO,30m,XRPUSD,853d8715069fa455,2026-09-19T18:51:36.442730+05:30,BE,BE,-0.03704354999999453,0.012900000000000897,2026-09-19T19:45:00+05:30,2026-09-19T19:45:00+05:30
CRYPTO,30m,AAVEUSD,9b07b4b4e9fcefb3,2026-09-20T19:01:41.557011+05:30,BE,BE,-0.05860227867059767,0.02034557647057647,2026-09-20T19:05:00+05:30,2026-09-20T19:05:00+05:30
CRYPTO,30m,BTCUSD,5cfff53367e75ba5,2026-09-21T11:01:33.166632+05:30,BE,BE,-0.046145679428574754,0.016069714285721556,2026-09-21T11:05:00+05:30,2026-09-21T11:05:00+05:30
CRYPTO,30m,VELVETUSD,b3abe6658f9cd56c,2026-09-21T16:14:13.893851+05:30,BE,BE,-0.09246070079999608,0.03219840000000332,2026-09-21T16:15:00+05:30,2026-09-21T16:15:00+05:30
CRYPTO,30m,TRUMP/USDT,2cfa8d4a67c22051,2026-09-21T16:35:52.018060+05:30,BE,BE,-0.03704355000000949,0.012899999999991682,2026-09-21T16:40:00+05:30,2026-09-21T16:40:00+05:30
CRYPTO,30m,RIVERUSD,e9ae8c28f7765570,2026-09-21T16:46:10.479102+05:30,BE,BE,-0.037636246799986464,0.013106400000006457,2026-09-21T16:50:00+05:30,2026-09-21T16:50:00+05:30
CRYPTO,30m,TRUMP/USDT,d42b3ceffef41280,2026-09-22T10:49:40.212003+05:30,BE,BE,-0.037453701600007605,0.013003199999993817,2026-09-22T10:50:00+05:30,2026-09-22T10:50:00+05:30
CRYPTO,30m,UNIUSD,1a5179e8b49882c1,2026-09-22T15:57:46.151572+05:30,BE,BE,-0.045552503964902,0.015814947368431323,2026-09-22T16:00:00+05:30,2026-09-22T16:00:00+05:30
CRYPTO,30m,HYPEUSD,2bbca369849bfef0,2026-09-22T17:53:01.191592+05:30,BE,BE,-0.16152166458408534,0.056248104545455535,2026-09-22T18:00:00+05:30,2026-09-22T18:00:00+05:30
CRYPTO,30m,SOLUSD,770a927b50e985ae,2026-09-23T09:11:34.005762+05:30,BE,BE,-0.06082729126393299,0.02118242061854933,2026-09-23T09:15:00+05:30,2026-09-23T09:15:00+05:30
CRYPTO,30m,BNBUSD,f8c948a0d4f7c4f5,2026-09-23T13:36:28.058566+05:30,BE,BE,-0.05612410317787926,0.019485201923074402,2026-09-23T14:20:00+05:30,2026-09-23T14:20:00+05:30
CRYPTO,30m,ETHUSD,6c50ee941f27d351,2026-09-23T14:18:40.992741+05:30,BE,BE,-0.04920324666182661,0.01708241454544729,2026-09-23T14:20:00+05:30,2026-09-23T14:20:00+05:30
CRYPTO,30m,BTCUSD,99c078439c45c14c,2026-09-23T14:21:36.246421+05:30,BE,BE,-0.09505396313430159,0.03300089552240104,2026-09-23T14:25:00+05:30,2026-09-23T14:25:00+05:30
CRYPTO,30m,XAUTUSD,c9f6447773d38e38,2026-09-23T16:52:40.062378+05:30,BE,BE,-0.1411778141502266,0.0490142035242388,2026-09-23T17:00:00+05:30,2026-09-23T17:00:00+05:30
CRYPTO,30m,XRPUSD,8ee39739c54d9bc7,2026-09-23T17:08:00.406779+05:30,BE,BE,-0.03790078733984152,0.013158419512192085,2026-09-23T17:30:00+05:30,2026-09-23T17:30:00+05:30
CRYPTO,30m,ETHUSD,bcc49ddb24d51380,2026-09-23T19:51:27.159747+05:30,BE,BE,-0.06396565604536061,0.022207637246957956,2026-09-23T19:55:00+05:30,2026-09-23T19:55:00+05:30
CRYPTO,30m,BTCUSD,03c20a85c03d9360,2026-09-24T08:01:42.046551+05:30,BE,BE,-0.050272340084586475,0.017453583081565194,2026-09-24T08:55:00+05:30,2026-09-24T08:55:00+05:30
CRYPTO,30m,VELVETUSD,eee46f0b6ff8e377,2026-09-24T12:23:07.885625+05:30,BE,BE,-0.03704355000000384,0.012899999999994749,2026-09-24T12:30:00+05:30,2026-09-24T12:30:00+05:30
CRYPTO,30m,XAUTUSD,277710405cffa2cf,2026-09-24T13:56:38.273709+05:30,BE,BE,-0.07726693966652354,0.026825585374785965,2026-09-24T15:10:00+05:30,2026-09-24T15:10:00+05:30
CRYPTO,30m,AVAXUSD,800b9c0435ba5ef2,2026-09-24T14:06:18.094007+05:30,BE,BE,-0.03771379674999986,0.01309350000000871,2026-09-24T14:10:00+05:30,2026-09-24T14:10:00+05:30
CRYPTO,30m,UNIUSD,a4315bddaa149b9f,2026-09-24T14:16:38.778361+05:30,BE,BE,-0.0404129078268677,0.014030579104479024,2026-09-24T14:20:00+05:30,2026-09-24T14:20:00+05:30
CRYPTO,30m,BCHUSD,449fe43b12da6819,2026-09-24T14:52:53.917685+05:30,BE,BE,-0.037453701600014225,0.013003199999991819,2026-09-24T14:55:00+05:30,2026-09-24T14:55:00+05:30
CRYPTO,30m,DOGEUSD,2af15a863d49bd43,2026-09-24T15:03:08.917508+05:30,BE,BE,-0.04551417415331756,0.015801640000008596,2026-09-24T15:05:00+05:30,2026-09-24T15:05:00+05:30
CRYPTO,30m,DOGEUSD,32ae97f17ec6d8d0,2026-09-25T14:36:30.999531+05:30,BE,BE,-0.04157896899129254,0.014479408695659515,2026-09-25T14:55:00+05:30,2026-09-25T14:55:00+05:30
CRYPTO,30m,TACUSD,a2f3b410a0b2b2c6,2026-09-25T19:11:41.108016+05:30,BE,BE,-0.04777136208000546,0.01663584000000176,2026-09-25T19:20:00+05:30,2026-09-25T19:20:00+05:30
CRYPTO,30m,AAVEUSD,f4917ee03a3db50b,2026-09-25T22:01:50.102132+05:30,BE,BE,-0.040431887458412974,0.014079950442480185,2026-09-25T22:05:00+05:30,2026-09-25T22:05:00+05:30
CRYPTO,30m,BCHUSD,83ce4b0162ce8ce1,2026-09-26T00:52:17.329771+05:30,BE,BE,-0.03924893344185987,0.01366800000000766,2026-09-26T00:55:00+05:30,2026-09-26T00:55:00+05:30
CRYPTO,30m,BNBUSD,df5186f7eef2caaa,2026-09-26T10:46:36.862792+05:30,BE,BE,-0.06503410288840002,0.022578581303114825,2026-09-26T11:30:00+05:30,2026-09-26T11:30:00+05:30
CRYPTO,30m,BEAT/USDT,df363525eda90a1f,2026-09-26T12:31:47.886739+05:30,BE,BE,-0.04805783220001,0.016735599999995382,2026-09-26T12:50:00+05:30,2026-09-26T12:50:00+05:30
CRYPTO,30m,TACUSD,9922c7d2c9efbe52,2026-09-26T16:42:56.176576+05:30,BE,BE,-0.06964187400002016,0.02425199999998895,2026-09-26T16:45:00+05:30,2026-09-26T16:45:00+05:30
CRYPTO,30m,RIVERUSD,dfecf1ad1609dd0a,2026-09-26T20:46:37.977624+05:30,BE,BE,-0.042377821199989896,0.014757600000004464,2026-09-26T20:50:00+05:30,2026-09-26T20:50:00+05:30
CRYPTO,30m,AAVEUSD,d2c8913a33682bf9,2026-09-26T21:48:13.273060+05:30,BE,BE,-0.04349332130943462,0.01514606037734828,2026-09-26T21:55:00+05:30,2026-09-26T21:55:00+05:30
CRYPTO,30m,HYPEUSD,aee654528b172469,2026-09-27T20:18:08.492334+05:30,BE,BE,-0.15002173292814097,0.052084640883990396,2026-09-27T20:30:00+05:30,2026-09-27T20:30:00+05:30
CRYPTO,30m,SOLUSD,b3cacd7e1c19af65,2026-09-28T08:03:20.170198+05:30,BE,BE,-0.14275315262115407,0.04956113053891903,2026-09-28T08:05:00+05:30,2026-09-28T08:05:00+05:30
CRYPTO,30m,BTCUSD,973145f69e9e7389,2026-09-28T08:18:14.453681+05:30,BE,BE,-0.06459479057595337,0.022426060574426643,2026-09-28T09:00:00+05:30,2026-09-28T09:00:00+05:30
CRYPTO,30m,TACUSD,e7afb1a784c291bd,2026-09-28T09:03:16.441622+05:30,BE,BE,-0.03745370159999244,0.013003200000002449,2026-09-28T09:05:00+05:30,2026-09-28T09:05:00+05:30
CRYPTO,30m,LINKUSD,98c82d0e8ae6c864,2026-09-28T09:33:27.204286+05:30,BE,BE,-0.042606062666672787,0.01479199999999685,2026-09-28T11:00:00+05:30,2026-09-28T11:00:00+05:30
CRYPTO,30m,ETHUSD,17a3321d18ec91fc,2026-09-28T11:03:19.330802+05:30,BE,BE,-0.07192670596331474,0.024971559633018392,2026-09-28T11:05:00+05:30,2026-09-28T11:05:00+05:30
CRYPTO,30m,BNBUSD,ee7d6a1f4c2f589f,2026-09-28T12:56:39.888469+05:30,BE,BE,-0.07653271449085566,0.026570676610170957,2026-09-28T13:20:00+05:30,2026-09-28T13:20:00+05:30
CRYPTO,30m,BLESSUSD,0ca8ff00f1ee6c79,2026-09-28T19:57:59.074816+05:30,BE,BE,-0.03745370159998983,0.013003200000006473,2026-09-28T20:00:00+05:30,2026-09-28T20:00:00+05:30
CRYPTO,30m,ZECUSD,af11930e8e4fbd67,2026-09-28T20:48:23.810173+05:30,BE,BE,-0.041813391733329736,0.014516800000005464,2026-09-28T21:10:00+05:30,2026-09-28T21:10:00+05:30
CRYPTO,30m,BTCUSD,7d78f5775e0753df,2026-09-29T08:01:56.503687+05:30,BE,BE,-0.05024278520490222,0.017443322199587052,2026-09-29T08:05:00+05:30,2026-09-29T08:05:00+05:30
CRYPTO,30m,BTCUSD,2d567fe75d75b84d,2026-09-29T11:53:19.821020+05:30,BE,BE,-0.07112361600000544,0.02476799999999016,2026-09-29T12:40:00+05:30,2026-09-29T12:40:00+05:30
CRYPTO,30m,SOLUSD,8a7543d0738e349b,2026-09-29T13:52:30.108785+05:30,BE,BE,-0.04612426459143465,0.01606225680933966,2026-09-29T15:20:00+05:30,2026-09-29T15:20:00+05:30
CRYPTO,30m,BNBUSD,1158052b45f53897,2026-09-29T20:57:00.097695+05:30,BE,BE,-0.15369536495890912,0.05336005479453626,2026-09-29T21:00:00+05:30,2026-09-29T21:00:00+05:30
CRYPTO,30m,LTCUSD,5105d47c2b346dfa,2026-09-29T21:03:25.862189+05:30,BE,BE,-0.06262719647502316,0.02174294999999249,2026-09-29T21:25:00+05:30,2026-09-29T21:25:00+05:30
CRYPTO,30m,HYPEUSD,0fda6660c0055a02,2026-09-29T21:36:45.137354+05:30,BE,BE,-0.0747300952280488,0.02594484210527756,2026-09-29T22:15:00+05:30,2026-09-29T22:15:00+05:30
CRYPTO,30m,HUSD,4d9301dd38b3385f,2026-09-30T08:03:23.623530+05:30,BE,BE,-0.043809120919131986,0.015256034042561137,2026-09-30T08:30:00+05:30,2026-09-30T08:30:00+05:30
CRYPTO,30m,BTCUSD,6403165069629d00,2026-09-30T10:46:42.902110+05:30,BE,BE,-0.05024278520490222,0.017443322199587052,2026-09-30T12:10:00+05:30,2026-09-30T12:10:00+05:30
CRYPTO,30m,BLESSUSD,9f6cb5e581715438,2026-09-30T18:01:53.485113+05:30,BE,BE,-0.037043550000008585,0.012899999999997372,2026-09-30T18:05:00+05:30,2026-09-30T18:05:00+05:30
CRYPTO,30m,ETHUSD,a2d7fa7150b2610b,2026-09-30T18:21:38.753036+05:30,BE,BE,-0.06538784051613579,0.022770580645166655,2026-09-30T18:25:00+05:30,2026-09-30T18:25:00+05:30
CRYPTO,30m,HYPEUSD,c7cfb88a72c29a11,2026-09-30T22:22:47.141485+05:30,BE,BE,-0.08062193926625622,0.02807568433734481,2026-09-30T22:25:00+05:30,2026-09-30T22:25:00+05:30
CRYPTO,30m,SOLUSD,0a39116f6c81c1dc,2026-10-01T00:48:54.327018+05:30,BE,BE,-0.0969311941839476,0.033652633795010545,2026-10-01T00:50:00+05:30,2026-10-01T00:50:00+05:30
CRYPTO,30m,HUSD,a5632130b0ee0922,2026-10-01T09:53:00.750004+05:30,BE,BE,-0.044620049956531835,0.015491217391302589,2026-10-01T10:10:00+05:30,2026-10-01T10:10:00+05:30
CRYPTO,30m,BNBUSD,6e810e82a37f8dce,2026-10-01T12:53:55.764514+05:30,BE,BE,-0.0948083978200043,0.0329156399999882,2026-10-01T12:55:00+05:30,2026-10-01T12:55:00+05:30
CRYPTO,30m,VELVETUSD,36e354ce53d88e21,2026-10-01T12:55:23.473112+05:30,BE,BE,-0.05729402400000411,0.019951999999996722,2026-10-01T13:00:00+05:30,2026-10-01T13:00:00+05:30
CRYPTO,30m,LINKUSD,fc9732c3974eec23,2026-10-01T13:37:03.937623+05:30,BE,BE,-0.038283303792726,0.013291221818179655,2026-10-01T13:40:00+05:30,2026-10-01T13:40:00+05:30
CRYPTO,30m,DOGEUSD,92a047d2f6da2ef0,2026-10-01T13:43:08.460091+05:30,BE,BE,-0.07555010936215212,0.026229535135138843,2026-10-01T13:45:00+05:30,2026-10-01T13:45:00+05:30
CRYPTO,30m,UNIUSD,d42617669e5aeb17,2026-10-01T19:51:52.164863+05:30,BE,BE,-0.03704354999999036,0.012900000000003312,2026-10-01T19:55:00+05:30,2026-10-01T19:55:00+05:30
CRYPTO,30m,ETHUSD,53873b37e6c47e57,2026-10-02T09:51:36.282644+05:30,BE,BE,-0.06538784051613579,0.022770580645166655,2026-10-02T09:55:00+05:30,2026-10-02T09:55:00+05:30
CRYPTO,30m,BCHUSD,33ee8165742fc7a4,2026-10-02T12:26:45.487830+05:30,BE,BE,-0.04217625089188583,0.014687405405408846,2026-10-02T13:45:00+05:30,2026-10-02T13:45:00+05:30
CRYPTO,30m,BEAT/USDT,b59b572e6daa4656,2026-10-02T12:36:55.979740+05:30,BE,BE,-0.06673298420000916,0.023168399999996758,2026-10-02T12:50:00+05:30,2026-10-02T12:50:00+05:30
CRYPTO,30m,ETHUSD,5b26671c37f1636b,2026-10-02T22:46:39.768827+05:30,BE,BE,-0.07955344570799999,0.027619415999986158,2026-10-02T23:10:00+05:30,2026-10-02T23:10:00+05:30
XSTOCK,30m,MUBUSD,a6fe90dbf7ec7bc3,2026-08-12T08:51:44.405664+05:30,BE,BE,-0.05617973135299578,0.019563960107860767,2026-08-12T09:35:00+05:30,2026-08-12T09:35:00+05:30
XSTOCK,30m,EWYBUSD,562037c20b794b0f,2026-08-14T06:32:27.533800+05:30,BE,BE,-0.08216933700050988,0.02852760280669997,2026-08-14T06:35:00+05:30,2026-08-14T06:35:00+05:30
XSTOCK,30m,GOOGLXUSD,b9d5054b29d5d243,2026-08-21T22:21:21.075104+05:30,BE,BE,-0.09523441977143518,0.033164316461332055,2026-08-21T22:25:00+05:30,2026-08-21T22:25:00+05:30
XSTOCK,30m,CRCLXUSD,0e0e2670a7fe2485,2026-08-22T15:41:20.919263+05:30,BE,BE,-0.05084167457389249,0.017651244992530124,2026-08-22T15:50:00+05:30,2026-08-22T15:50:00+05:30
XSTOCK,30m,COINXUSD,e83d3901f59d122e,2026-08-22T20:21:16.545013+05:30,BE,BE,-0.10706676930726239,0.03717150922827206,2026-08-22T20:25:00+05:30,2026-08-22T20:25:00+05:30
XSTOCK,30m,SOXLBUSD,536aff0630e5ec82,2026-08-22T22:21:21.118351+05:30,BE,BE,-0.056307034818998014,0.019548712246870964,2026-08-22T23:45:00+05:30,2026-08-22T23:45:00+05:30
XSTOCK,30m,CRCLXUSD,a954f7ee9ac61209,2026-08-26T00:39:15.009499+05:30,BE,BE,-0.09390449308179546,0.032701184437081976,2026-08-26T00:40:00+05:30,2026-08-26T00:40:00+05:30
XSTOCK,30m,MRVL/USDT:USDT,3f6e3a6cd400c0a7,2026-09-03T21:21:38.848310+05:30,BE,BE,-0.15627219596537584,0.054420036091407165,2026-09-03T21:25:00+05:30,2026-09-03T21:25:00+05:30
XSTOCK,30m,SNDKBUSD,2e91331ab7609797,2026-09-04T22:01:55.186989+05:30,BE,BE,-0.09233979817923643,0.032156297021018354,2026-09-04T22:05:00+05:30,2026-09-04T22:05:00+05:30
XSTOCK,30m,SOXLBUSD,cc54843fcdc25a45,2026-09-09T15:51:54.476157+05:30,BE,BE,-0.037453701599992034,0.01300320000000424,2026-09-09T16:10:00+05:30,2026-09-09T16:10:00+05:30
XSTOCK,30m,SOXLBUSD,44130bbe049e2b1c,2026-09-11T08:01:56.523100+05:30,BE,BE,-0.11315377573332738,0.039284800000009834,2026-09-11T08:10:00+05:30,2026-09-11T08:10:00+05:30
XSTOCK,30m,TSLAXUSD,5da82e1eb0adf116,2026-09-11T19:32:04.917262+05:30,BE,BE,-0.06231783497140736,0.021701485714295976,2026-09-11T19:35:00+05:30,2026-09-11T19:35:00+05:30
XSTOCK,30m,METAXUSD,a951e1ed199442e3,2026-09-16T11:41:37.676229+05:30,BE,BE,-0.037703344550944026,0.013129766037740603,2026-09-16T12:30:00+05:30,2026-09-16T12:30:00+05:30
XSTOCK,30m,SNDKBUSD,350ec5ab3487b154,2026-09-17T00:41:44.197826+05:30,BE,BE,-0.04230425655498339,0.01468721876171851,2026-09-17T00:50:00+05:30,2026-09-17T00:50:00+05:30
XSTOCK,30m,TSLAXUSD,05c768b7080a93b5,2026-09-21T13:41:42.334485+05:30,BE,BE,-0.09981552927271006,0.0347596363636376,2026-09-21T14:35:00+05:30,2026-09-21T14:35:00+05:30
XSTOCK,30m,SNDKBUSD,4f74934e6ca710dc,2026-09-30T19:02:00.730798+05:30,BE,BE,-0.0370435500000061,0.012899999999997275,2026-09-30T19:50:00+05:30,2026-09-30T19:50:00+05:30
XSTOCK,30m,NVDAXUSD,fec75df5af52d5a4,2026-10-02T18:01:59.844255+05:30,BE,BE,-0.03704355000000281,0.012899999999998177,2026-10-02T18:05:00+05:30,2026-10-02T18:05:00+05:30
XSTOCK,30m,SNDKBUSD,c5f450bea055e9f1,2026-10-02T20:48:22.081933+05:30,BE,BE,-0.041459612546516186,0.014393974716366137,2026-10-02T20:50:00+05:30,2026-10-02T20:50:00+05:30
OTHER,30m,SLVONUSD,c42fdc1719d4b7ea,2026-08-13T19:53:28.024899+05:30,BE,BE,-0.062485737811529066,0.02169383829103222,2026-08-13T20:00:00+05:30,2026-08-13T20:00:00+05:30
OTHER,30m,SLVONUSD,5972e0a207198ea9,2026-08-14T06:32:26.959226+05:30,BE,BE,-0.07752912099880183,0.02691660965686224,2026-08-14T06:35:00+05:30,2026-08-14T06:35:00+05:30
OTHER,30m,SLVONUSD,e39312c69ec10b30,2026-08-18T08:01:26.721834+05:30,BE,BE,-0.0849954152319829,0.029508762448865383,2026-08-18T08:05:00+05:30,2026-08-18T08:05:00+05:30
OTHER,30m,SLVONUSD,1c955f0a774ef055,2026-08-18T16:01:32.455974+05:30,BE,BE,-0.06474819907011109,0.022479321033202687,2026-08-18T16:30:00+05:30,2026-08-18T16:30:00+05:30
OTHER,30m,SLVONUSD,47129017238d4d2a,2026-08-31T08:02:27.877117+05:30,BE,BE,-0.15740966076566038,0.05464958638073075,2026-08-31T08:05:00+05:30,2026-08-31T08:05:00+05:30
OTHER,30m,SLVONUSD,528cb0a11f0b8cfc,2026-09-08T08:51:53.348146+05:30,BE,BE,-0.08589870051428353,0.029913257142852118,2026-09-08T09:30:00+05:30,2026-09-08T09:30:00+05:30
OTHER,30m,SLVONUSD,8ff3e9499075bee1,2026-09-09T19:41:53.851163+05:30,BE,BE,-0.03704354999999786,0.012900000000000661,2026-09-09T19:45:00+05:30,2026-09-09T19:45:00+05:30
OTHER,30m,SLVONUSD,bbe9b33ad204bee9,2026-09-20T08:21:19.283049+05:30,BE,BE,-0.0776472875130586,0.02695763478260499,2026-09-20T08:30:00+05:30,2026-09-20T08:30:00+05:30
OTHER,30m,SLVONUSD,b8ca3d00acf079c2,2026-09-21T17:22:34.764185+05:30,BE,BE,-0.05120900352001233,0.017832959999992876,2026-09-21T17:25:00+05:30,2026-09-21T17:25:00+05:30
CRYPTO,4h,LINKUSD,5739ff82130de37d,2026-08-11T11:41:29.720714+05:30,BE,BE,-0.054603644075164284,0.019015105425078976,2026-08-11T11:50:00+05:30,2026-08-11T11:50:00+05:30
CRYPTO,4h,XLM/USDT,3e2454faa9854afc,2026-08-11T12:21:31.254122+05:30,BE,BE,-0.031130545960967718,0.010807922793918831,2026-08-11T12:25:00+05:30,2026-08-11T12:25:00+05:30
CRYPTO,4h,HOME/USDT,63c3420ec3f88b56,2026-08-11T22:01:35.611613+05:30,data_missing,alert_before_data,,,,
CRYPTO,4h,NEARUSD,cdeb46d2320cbfd7,2026-08-12T12:02:00.144043+05:30,BE,BE,-0.03912634836300173,0.013625311123880393,2026-08-12T12:05:00+05:30,2026-08-12T12:05:00+05:30
CRYPTO,4h,BTCUSD,227ba1bef81dda1c,2026-08-13T13:41:23.251529+05:30,BE,BE,-0.0654249356282994,0.02271427086293426,2026-08-13T16:50:00+05:30,2026-08-13T16:50:00+05:30
CRYPTO,4h,XRPUSD,6013f7b42963eca9,2026-08-13T17:01:40.227285+05:30,BE,BE,-0.02706240276760201,0.009395542246421251,2026-08-13T17:05:00+05:30,2026-08-13T17:05:00+05:30
CRYPTO,4h,US/USDT,096da645790d9eea,2026-08-14T20:41:25.293215+05:30,data_missing,alert_before_data,,,,
CRYPTO,4h,GWEI/USDT,a20826faa972c306,2026-08-15T22:41:27.301107+05:30,data_missing,alert_before_data,,,,
CRYPTO,4h,TAIKO/USDT,673676600a3f8b86,2026-08-16T00:01:32.886494+05:30,data_missing,alert_before_data,,,,
CRYPTO,4h,ZECUSD,1b8a456065c25e94,2026-08-16T10:21:22.113870+05:30,BE,BE,-0.03412147896176575,0.011846316820007127,2026-08-16T11:45:00+05:30,2026-08-16T11:45:00+05:30
CRYPTO,4h,DEXE/USDT,1227dffd7b6f24d5,2026-08-16T13:41:22.821691+05:30,data_missing,alert_before_data,,,,
CRYPTO,4h,ALGO/USDT,bc86983f18275157,2026-08-16T19:01:33.551852+05:30,data_missing,alert_before_data,,,,
CRYPTO,4h,ERA/USDT,c1f9ad5eb203163f,2026-08-16T20:21:21.079051+05:30,data_missing,alert_before_data,,,,
CRYPTO,4h,ERA/USDT,24a5f4d488eb2b26,2026-08-18T00:51:13.230904+05:30,data_missing,alert_before_data,,,,
CRYPTO,4h,TAIKO/USDT,9faaefedb432b3b8,2026-08-18T08:31:16.038414+05:30,data_missing,alert_before_data,,,,
CRYPTO,4h,HYPEUSD,611ecf3978d8810e,2026-08-18T12:11:13.552652+05:30,BE,BE,-0.03577310333934708,0.012457581227440909,2026-08-18T12:15:00+05:30,2026-08-18T12:15:00+05:30
CRYPTO,4h,BCHUSD,fdb7f71cef0d6755,2026-08-18T17:51:11.234389+05:30,BE,BE,-0.03604122089304976,0.012512814047644538,2026-08-18T17:55:00+05:30,2026-08-18T17:55:00+05:30
CRYPTO,4h,LA/USDT,2498bf89b2fcb913,2026-08-18T20:11:11.103492+05:30,data_missing,alert_before_data,,,,
CRYPTO,4h,EUL/USDT,302ab17487629e02,2026-08-18T20:51:16.049902+05:30,data_missing,alert_before_data,,,,
CRYPTO,4h,EUL/USDT,9bcbe3908f0e2aeb,2026-08-19T13:11:14.366341+05:30,data_missing,alert_before_data,,,,
CRYPTO,4h,ATOM/USDT,117cc96bd19b8c15,2026-08-19T13:31:18.335445+05:30,data_missing,alert_before_data,,,,
CRYPTO,4h,KGEN/USDT,1bc8aa1479a3dba8,2026-08-19T15:11:14.944183+05:30,data_missing,alert_before_data,,,,
CRYPTO,4h,ALGO/USDT,54db41cc38da2dcb,2026-08-19T17:31:25.420758+05:30,data_missing,alert_before_data,,,,
CRYPTO,4h,FARTCOIN/USDT,1991e4facc7c13f9,2026-08-19T18:11:12.051124+05:30,BE,BE,-0.05229902496342685,0.018212547718239297,2026-08-19T18:15:00+05:30,2026-08-19T18:15:00+05:30
CRYPTO,4h,TAIKO/USDT,1f0ee16e3b95cc25,2026-08-19T18:51:20.584905+05:30,data_missing,alert_before_data,,,,
CRYPTO,4h,AERO/USDT,460f89c4051557dc,2026-08-19T20:31:21.332457+05:30,data_missing,alert_before_data,,,,
CRYPTO,4h,LINKUSD,f9fdf511900914eb,2026-08-19T21:11:15.961676+05:30,BE,BE,-0.0804641537862564,0.028020737317088623,2026-08-19T21:15:00+05:30,2026-08-19T21:15:00+05:30
CRYPTO,4h,MNT/USDT,56f0c47dff327542,2026-08-19T21:11:16.959125+05:30,data_missing,alert_before_data,,,,
CRYPTO,4h,DOGEUSD,c837ba209a78cd1c,2026-08-19T21:31:21.052907+05:30,BE,BE,-0.10700942501961422,0.03726482971399153,2026-08-19T21:50:00+05:30,2026-08-19T21:50:00+05:30
CRYPTO,4h,ONDOUSD,bdf73e6424567ce9,2026-08-19T21:31:21.390487+05:30,BE,BE,-0.0818733743371153,0.02851148253742891,2026-08-19T21:35:00+05:30,2026-08-19T21:35:00+05:30
CRYPTO,4h,TRUMP/USDT,7b79427ad9d3eec9,2026-08-19T21:31:21.840442+05:30,BE,BE,-0.0686552765254974,0.02390842851667843,2026-08-19T21:35:00+05:30,2026-08-19T21:35:00+05:30
CRYPTO,4h,CRV/USDT,f5daf3965942d0a2,2026-08-19T21:31:22.349509+05:30,data_missing,alert_before_data,,,,
CRYPTO,4h,NEARUSD,9727c7a5ffde7709,2026-08-19T21:51:07.909411+05:30,BE,BE,-0.06700533387909807,0.023333854531778053,2026-08-19T22:00:00+05:30,2026-08-19T22:00:00+05:30
CRYPTO,4h,RE/USDT,f02c8680ae486549,2026-08-20T00:51:14.947607+05:30,data_missing,alert_before_data,,,,
CRYPTO,4h,XRPUSD,c7c7a3527a244e6f,2026-08-20T08:11:13.434182+05:30,BE,BE,-0.10069429261929777,0.03506565582369864,2026-08-20T13:15:00+05:30,2026-08-20T13:15:00+05:30
CRYPTO,4h,AVAXUSD,7f0a595301f003a3,2026-08-20T08:11:14.419910+05:30,BE,BE,-0.07854600237974405,0.02735276264555475,2026-08-20T13:15:00+05:30,2026-08-20T13:15:00+05:30
CRYPTO,4h,WIF/USDT,c5c65ffa2ff40d15,2026-08-20T08:11:14.729267+05:30,BE,BE,-0.07062163475940533,0.024593190674108034,2026-08-20T10:35:00+05:30,2026-08-20T10:35:00+05:30
CRYPTO,4h,DOGEUSD,1282bef6f308cf62,2026-08-20T08:31:20.264428+05:30,BE,BE,-0.07357776826773504,0.025622630947981145,2026-08-20T12:15:00+05:30,2026-08-20T12:15:00+05:30
CRYPTO,4h,SUIUSD,4e4bb4ffc3e6e737,2026-08-20T08:31:21.005430+05:30,BE,BE,-0.10008576113672299,0.03485374157344795,2026-08-20T12:40:00+05:30,2026-08-20T12:40:00+05:30
CRYPTO,4h,ZIL/USDT,7186ef3e5a048049,2026-08-20T08:51:14.979492+05:30,data_missing,alert_before_data,,,,
CRYPTO,4h,BNBUSD,d7ac5fc682b1990f,2026-08-20T09:31:08.570076+05:30,BE,BE,-0.08774114952918627,0.030554869307229532,2026-08-20T12:35:00+05:30,2026-08-20T12:35:00+05:30
CRYPTO,4h,BOME/USDT,4d05d39ca8b0d46f,2026-08-20T09:31:09.492700+05:30,data_missing,alert_before_data,,,,
CRYPTO,4h,INJUSD,feb19d4703d19ef7,2026-08-20T10:11:15.414666+05:30,BE,BE,-0.07985503947190331,0.027808620102204945,2026-08-20T10:20:00+05:30,2026-08-20T10:20:00+05:30
CRYPTO,4h,AERO/USDT,c2e12eaffbe656cb,2026-08-20T10:11:15.645909+05:30,data_missing,alert_before_data,,,,
CRYPTO,4h,XMRUSD,a93a1a744a5c88e3,2026-08-20T10:31:09.738081+05:30,BE,BE,-0.08048261619995731,0.027942006003803144,2026-08-20T10:55:00+05:30,2026-08-20T10:55:00+05:30
CRYPTO,4h,NEARUSD,ba082bc26c01290f,2026-08-20T13:51:13.614892+05:30,BE,BE,-0.06630990930474474,0.023091680738782844,2026-08-20T14:05:00+05:30,2026-08-20T14:05:00+05:30
CRYPTO,4h,TIAUSD,705367e162ffb335,2026-08-20T13:51:14.639694+05:30,BE,BE,-0.10332159142786942,0.03598058310880786,2026-08-20T14:15:00+05:30,2026-08-20T14:15:00+05:30
CRYPTO,4h,SUIUSD,57db49deef01fab4,2026-08-20T14:11:12.845374+05:30,BE,BE,-0.08864014178094023,0.030867933256237684,2026-08-20T14:15:00+05:30,2026-08-20T14:15:00+05:30
CRYPTO,4h,BCHUSD,cc94221b0b64c430,2026-08-20T14:11:13.047204+05:30,BE,BE,-0.0854762650254485,0.02976614873112235,2026-08-20T19:20:00+05:30,2026-08-20T19:20:00+05:30
CRYPTO,4h,LTCUSD,f631b4209e774727,2026-08-20T14:31:20.025694+05:30,BE,BE,-0.08194540495331779,0.028536566390031853,2026-08-20T20:30:00+05:30,2026-08-20T20:30:00+05:30
CRYPTO,4h,OPUSD,ed1ff359581e5601,2026-08-21T11:31:17.152582+05:30,BE,BE,-0.04565552646395733,0.015899024024027195,2026-08-21T11:35:00+05:30,2026-08-21T11:35:00+05:30
CRYPTO,4h,ATOM/USDT,a82f1f09a2c26e14,2026-08-21T13:31:21.028210+05:30,data_missing,alert_before_data,,,,
CRYPTO,4h,HYPEUSD,057e26bfa4d32408,2026-08-21T14:31:20.452942+05:30,BE,BE,-0.016558512083436287,0.005766315752035338,2026-08-21T15:40:00+05:30,2026-08-21T15:40:00+05:30
CRYPTO,4h,O/USDT,9c73f07efbf09a8b,2026-08-21T18:11:08.716769+05:30,data_missing,alert_before_data,,,,
CRYPTO,4h,JTO/USDT,8a4cb40dd1403ebe,2026-08-21T21:11:15.361358+05:30,BE,BE,-0.01849704473722512,0.006441387963897045,2026-08-21T21:30:00+05:30,2026-08-21T21:30:00+05:30
CRYPTO,4h,UNIUSD,ffdefdf46d9f6720,2026-08-22T09:11:19.314881+05:30,BE,BE,-0.011881928701317348,0.004137748143660976,2026-08-22T09:30:00+05:30,2026-08-22T09:30:00+05:30
CRYPTO,4h,ALLO/USDT,9646db77b03a1975,2026-08-22T21:11:13.147690+05:30,BE,BE,-0.030817210287401885,0.01069913871502201,2026-08-22T21:40:00+05:30,2026-08-22T21:40:00+05:30
CRYPTO,4h,UB/USDT,da3e67d903e8ebfe,2026-08-22T22:11:12.805799+05:30,data_missing,alert_before_data,,,,
CRYPTO,4h,MNT/USDT,8b151307bf32defa,2026-08-24T18:52:05.962227+05:30,data_missing,alert_before_data,,,,
CRYPTO,4h,CL/USDT,e58576b399a894dd,2026-08-25T14:12:05.704296+05:30,data_missing,alert_before_data,,,,
CRYPTO,4h,CL/USDT,d9935d0d9506f6c1,2026-08-26T13:32:15.760067+05:30,data_missing,alert_before_data,,,,
CRYPTO,4h,ACE/USDT,8c5e0dfbaaa95ca0,2026-08-30T14:40:52.095640+05:30,data_missing,alert_before_data,,,,
CRYPTO,4h,0G/USDT,69e3ea5501874b18,2026-08-31T11:32:15.844448+05:30,data_missing,alert_before_data,,,,
CRYPTO,4h,CRV/USDT,10324c460e6ab92b,2026-09-01T08:52:10.242064+05:30,data_missing,alert_before_data,,,,
CRYPTO,4h,CL/USDT,7a3b078e2c611dcd,2026-09-01T14:12:10.541349+05:30,data_missing,alert_before_data,,,,
CRYPTO,4h,BLESSUSD,33ec2646cace7204,2026-09-01T23:11:33.259774+05:30,BE,BE,-0.021237512200219216,0.007373253025593239,2026-09-01T23:15:00+05:30,2026-09-01T23:15:00+05:30
CRYPTO,4h,ZAMA/USDT,cd89cf8d0dea1f53,2026-09-03T17:11:43.506202+05:30,data_missing,alert_before_data,,,,
CRYPTO,4h,MNT/USDT,f44289c29229d35a,2026-09-04T17:11:41.586879+05:30,data_missing,alert_before_data,,,,
CRYPTO,4h,ICP/USDT,23b40cbd9a866118,2026-09-05T12:31:49.731642+05:30,data_missing,alert_before_data,,,,
CRYPTO,4h,CRV/USDT,81cce574487bd9b3,2026-09-06T09:31:57.930537+05:30,data_missing,alert_before_data,,,,
CRYPTO,4h,SOLUSD,e3b66f3eae52caf4,2026-09-06T17:31:49.815239+05:30,BE,BE,-0.026014981031400652,0.009059424793392001,2026-09-06T17:35:00+05:30,2026-09-06T17:35:00+05:30
CRYPTO,4h,ZIL/USDT,be3bafde71d7de4f,2026-09-06T17:31:50.405346+05:30,data_missing,alert_before_data,,,,
CRYPTO,4h,ZIL/USDT,21f67703d727e5b1,2026-09-06T22:23:27.426432+05:30,data_missing,alert_before_data,,,,
CRYPTO,4h,HOME/USDT,c9820727359eb290,2026-09-07T15:11:42.595064+05:30,data_missing,alert_before_data,,,,
CRYPTO,4h,ATOM/USDT,2a7e1a91c1a7694b,2026-09-07T21:11:43.074511+05:30,data_missing,alert_before_data,,,,
CRYPTO,4h,HOME/USDT,8a0ac3e835773601,2026-09-07T21:11:43.311699+05:30,data_missing,alert_before_data,,,,
CRYPTO,4h,US/USDT,4f636ec381ff74ab,2026-09-07T21:32:00.087757+05:30,data_missing,alert_before_data,,,,
CRYPTO,4h,ATOM/USDT,ca0a97011a6a91ba,2026-09-08T10:11:47.098208+05:30,data_missing,alert_before_data,,,,
CRYPTO,4h,ZIL/USDT,3906ececd8994f64,2026-09-08T21:32:03.585039+05:30,data_missing,alert_before_data,,,,
CRYPTO,4h,ALGO/USDT,425daaaff2480a29,2026-09-11T08:11:49.396623+05:30,data_missing,alert_before_data,,,,
CRYPTO,4h,HOME/USDT,2b0ea94307d14ed4,2026-09-15T11:11:51.830186+05:30,data_missing,alert_before_data,,,,
CRYPTO,4h,ZORAUSD,e5df989f18265838,2026-09-15T15:32:08.934726+05:30,BE,BE,-0.07639366119998803,0.026522400000007107,2026-09-15T15:35:00+05:30,2026-09-15T15:35:00+05:30
CRYPTO,4h,AAVEUSD,cc2978f8370f3b61,2026-09-16T09:31:34.589843+05:30,BE,BE,-0.03993079826666643,0.013863200000001963,2026-09-16T10:30:00+05:30,2026-09-16T10:30:00+05:30
CRYPTO,4h,HUSD,6838a61b18d72d2d,2026-09-16T12:51:48.938401+05:30,BE,BE,-0.037043549999994194,0.01290000000000456,2026-09-16T12:55:00+05:30,2026-09-16T12:55:00+05:30
CRYPTO,4h,LTCUSD,a56daab9fa5b29a7,2026-09-18T08:51:31.352884+05:30,BE,BE,-0.04067381789999314,0.01416420000000318,2026-09-18T09:15:00+05:30,2026-09-18T09:15:00+05:30
CRYPTO,4h,DOGEUSD,95e72daf4534be47,2026-09-18T19:31:55.849092+05:30,BE,BE,-0.03704355000000345,0.012899999999993736,2026-09-18T19:50:00+05:30,2026-09-18T19:50:00+05:30
CRYPTO,4h,XRPUSD,b2879b3672be51db,2026-09-21T15:11:29.921588+05:30,BE,BE,-0.038834753161069505,0.013523766371675752,2026-09-21T15:15:00+05:30,2026-09-21T15:15:00+05:30
CRYPTO,4h,BCHUSD,181047ab4b07e44b,2026-09-22T16:03:25.155868+05:30,BE,BE,-0.0451029020178708,0.01570657877095971,2026-09-22T16:05:00+05:30,2026-09-22T16:05:00+05:30
CRYPTO,4h,BNBUSD,0a4c71fa69b58faf,2026-09-28T11:59:06.094888+05:30,BE,BE,-0.052356190379624315,0.018177055555551047,2026-09-28T12:50:00+05:30,2026-09-28T12:50:00+05:30
CRYPTO,4h,BTCUSD,8a1f00807c437cdc,2026-10-02T10:00:46.750633+05:30,BE,BE,-0.05043176380842104,0.01756229500488854,2026-10-02T18:00:00+05:30,2026-10-02T18:00:00+05:30
XSTOCK,4h,METAXUSD,5cfdafb1e76165a9,2026-08-17T19:11:12.948789+05:30,BE,BE,-0.10626986451348269,0.0368948393138927,2026-08-17T19:30:00+05:30,2026-08-17T19:30:00+05:30
XSTOCK,4h,GOOGLXUSD,40fba81514df92d1,2026-08-19T13:11:16.013974+05:30,BE,BE,-0.1120135713631524,0.038888943119840536,2026-08-19T13:35:00+05:30,2026-08-19T13:35:00+05:30
XSTOCK,4h,TSLAXUSD,ecc75418f954c530,2026-08-19T20:31:21.677508+05:30,BE,BE,-0.11545707504785852,0.040206628903495634,2026-08-20T01:25:00+05:30,2026-08-20T01:25:00+05:30
XSTOCK,4h,SOXLBUSD,c9d989065c60652a,2026-08-19T21:31:22.859857+05:30,BE,BE,-0.023288446727404974,0.008085297782309875,2026-08-19T21:45:00+05:30,2026-08-19T21:45:00+05:30
XSTOCK,4h,AAPLXUSD,586ceb31b96c411e,2026-08-19T22:11:09.909726+05:30,BE,BE,-0.0892665657227723,0.031086078354369745,2026-08-19T23:05:00+05:30,2026-08-19T23:05:00+05:30
XSTOCK,4h,MRVL/USDT:USDT,8b5607f7e6abff03,2026-08-19T22:11:10.445013+05:30,BE,BE,-0.06953133508700611,0.024213506065759477,2026-08-20T02:20:00+05:30,2026-08-20T02:20:00+05:30
XSTOCK,4h,AMZNXUSD,f18faf4ae575810b,2026-08-20T20:51:12.815663+05:30,BE,BE,-0.032781778217218664,0.011381198661392977,2026-08-20T20:55:00+05:30,2026-08-20T20:55:00+05:30
XSTOCK,4h,GOOGLXUSD,fa6260287b08c164,2026-08-21T20:31:20.224787+05:30,BE,BE,-0.06412239617754292,0.022329903875028173,2026-08-21T21:15:00+05:30,2026-08-21T21:15:00+05:30
XSTOCK,4h,GOOGLXUSD,2d258fae7e582a2a,2026-08-24T20:12:03.679832+05:30,BE,BE,-0.1370796088797504,0.04773643332101418,2026-08-24T20:15:00+05:30,2026-08-24T20:15:00+05:30
XSTOCK,4h,INTCBUSD,19b87a5955440873,2026-08-26T18:12:03.777330+05:30,BE,BE,-0.04395337272191603,0.01525975996394821,2026-08-26T18:15:00+05:30,2026-08-26T18:15:00+05:30
XSTOCK,4h,NVDAXUSD,408ad380d2ae8220,2026-09-04T10:51:28.800296+05:30,BE,BE,-0.07774543053205607,0.027073972496248794,2026-09-04T13:40:00+05:30,2026-09-04T13:40:00+05:30
XSTOCK,4h,MRVL/USDT:USDT,4acba8020ffb05e6,2026-09-21T23:43:42.483620+05:30,BE,BE,-0.03704354999998903,0.012900000000010431,2026-09-21T23:45:00+05:30,2026-09-21T23:45:00+05:30
XSTOCK,4h,TSLAXUSD,b3a255da5ff76c26,2026-09-29T19:05:10.764549+05:30,BE,BE,-0.04203137624001205,0.01459247999999104,2026-09-29T19:10:00+05:30,2026-09-29T19:10:00+05:30
XSTOCK,4h,NVDAXUSD,2e2be6f88bfedf00,2026-10-02T18:00:43.619208+05:30,BE,BE,-0.03704355000000281,0.012899999999998177,2026-10-02T18:05:00+05:30,2026-10-02T18:05:00+05:30
OTHER,4h,PAXGUSD,6881dc50b949ba4d,2026-08-14T00:21:26.027602+05:30,BE,BE,-0.08623867541592456,0.029940398312132604,2026-08-14T07:00:00+05:30,2026-08-14T07:00:00+05:30
OTHER,4h,SLVONUSD,2defc17fac4faf48,2026-08-18T17:31:21.384653+05:30,BE,BE,-0.0757829895891074,0.026310386640802652,2026-08-18T18:55:00+05:30,2026-08-18T18:55:00+05:30
NSE,30m,HDFCLIFE.NS,5bc21d0c75b04992,2026-08-11T11:52:02.959985+05:30,BE,BE,-0.1086972631578588,0.04095578947368983,2026-08-11T12:15:00+05:30,2026-08-11T12:15:00+05:30
NSE,30m,POLYCAB.NS,5c680bcaa59b1c25,2026-08-11T11:52:03.748631+05:30,BE,BE,-0.09944408217680736,0.037469304890628385,2026-08-11T11:55:00+05:30,2026-08-11T11:55:00+05:30
NSE,30m,GPIL.NS,46bef5547780a1d0,2026-08-11T12:12:26.422597+05:30,BE,BE,-0.0569264671479337,0.02144919141714005,2026-08-11T12:15:00+05:30,2026-08-11T12:15:00+05:30
NSE,30m,PERSISTENT.NS,54deb3206c20f46b,2026-08-11T12:12:27.091903+05:30,BE,BE,-0.09297613145799866,0.03514826161632212,2026-08-11T12:35:00+05:30,2026-08-11T12:35:00+05:30
NSE,30m,GROWW.NS,3f9f2b7062f059cb,2026-08-11T12:52:04.398292+05:30,BE,BE,-0.10736190360944156,0.04058659159627148,2026-08-11T13:35:00+05:30,2026-08-11T13:35:00+05:30
NSE,30m,EMMVEE.NS,c8d14e93939cb722,2026-08-11T14:12:14.173629+05:30,BE,BE,-0.0511210766083232,0.019261791791349153,2026-08-11T14:15:00+05:30,2026-08-11T14:15:00+05:30
NSE,30m,EICHERMOT.NS,425b4b9924f03f73,2026-08-12T09:12:02.186769+05:30,BE,BE,-0.09671956717763527,0.036442741208295215,2026-08-12T09:55:00+05:30,2026-08-12T09:55:00+05:30
NSE,30m,ICICIGI.NS,abcc591adce95d9a,2026-08-12T09:12:03.280791+05:30,BE,BE,-0.13118809413584576,0.049593733158400044,2026-08-12T10:20:00+05:30,2026-08-12T10:20:00+05:30
NSE,30m,COLPAL.NS,5c57e2f4ca870b40,2026-08-12T09:32:27.526828+05:30,BE,BE,-0.05594793780980324,0.021080493619200086,2026-08-12T09:35:00+05:30,2026-08-12T09:35:00+05:30
NSE,30m,ABB.NS,860a6d33ec1ddb68,2026-08-12T09:52:15.717253+05:30,BE,BE,-0.07293793608644122,0.02757311601501941,2026-08-12T10:40:00+05:30,2026-08-12T10:40:00+05:30
NSE,30m,BANKBARODA.NS,1638396ca6c7c077,2026-08-12T09:52:16.567952+05:30,BE,BE,-0.0562029735838378,0.021246709108677264,2026-08-12T09:55:00+05:30,2026-08-12T09:55:00+05:30
NSE,30m,CLEAN.NS,26ee3dc16db91937,2026-08-12T09:52:17.081812+05:30,BE,BE,-0.07569196973382725,0.028519801577387288,2026-08-12T09:55:00+05:30,2026-08-12T09:55:00+05:30
NSE,30m,RAILTEL.NS,ec264061f7536fee,2026-08-12T10:11:57.235994+05:30,BE,BE,-0.11077247462162768,0.04173770358408724,2026-08-12T11:20:00+05:30,2026-08-12T11:20:00+05:30
NSE,30m,HDFCLIFE.NS,1b2b24b2327db73b,2026-08-12T10:52:05.831692+05:30,BE,BE,-0.1086972631578588,0.04095578947368983,2026-08-12T11:30:00+05:30,2026-08-12T11:30:00+05:30
NSE,30m,HAL.NS,4e447e96be35022f,2026-08-12T10:52:06.019946+05:30,BE,BE,-0.07339852990059853,0.027655661706225798,2026-08-12T10:55:00+05:30,2026-08-12T10:55:00+05:30
NSE,30m,ABCAPITAL.NS,9a8f19a81b4fc6c3,2026-08-12T11:12:04.291645+05:30,BE,BE,-0.12734356208655948,0.047981485164627746,2026-08-12T11:25:00+05:30,2026-08-12T11:25:00+05:30
NSE,30m,COCHINSHIP.NS,bed65e809301128f,2026-08-12T11:32:15.406252+05:30,BE,BE,-0.08914897602064498,0.03359023573935349,2026-08-12T11:40:00+05:30,2026-08-12T11:40:00+05:30
NSE,30m,ICICIPRULI.NS,b29b504abf9408a7,2026-08-12T13:32:44.926291+05:30,BE,BE,-0.10990063619027046,0.041546322180124995,2026-08-12T13:55:00+05:30,2026-08-12T13:55:00+05:30
NSE,30m,BHEL.NS,f004b1303a229704,2026-08-12T13:52:03.796023+05:30,BE,BE,-0.05655243516825545,0.021378817930589405,2026-08-12T13:55:00+05:30,2026-08-12T13:55:00+05:30
NSE,30m,JINDALSTEL.NS,535c38a925f4ab2b,2026-08-13T09:32:13.903571+05:30,BE,BE,-0.12874635226694298,0.048510039220532486,2026-08-13T11:00:00+05:30,2026-08-13T11:00:00+05:30
NSE,30m,POWERGRID.NS,bf2fd69aa4cb5966,2026-08-13T09:32:15.479038+05:30,BE,BE,-0.14553290284500037,0.05483500464731761,2026-08-13T09:55:00+05:30,2026-08-13T09:55:00+05:30
NSE,30m,SBFC.NS,8c26f8c43987f224,2026-08-13T09:32:16.206191+05:30,BE,BE,-0.038082764531020025,0.014349116448709787,2026-08-13T09:35:00+05:30,2026-08-13T09:35:00+05:30
NSE,30m,ADANIENSOL.NS,f24a75f4f8476cce,2026-08-13T10:12:03.214858+05:30,BE,BE,-0.05818350265609175,0.02192282690837677,2026-08-13T10:15:00+05:30,2026-08-13T10:15:00+05:30
NSE,30m,NUVAMA.NS,d9d62dbfa818f524,2026-08-13T10:12:06.366842+05:30,BE,BE,-0.09509894365325491,0.03595075960399147,2026-08-13T10:50:00+05:30,2026-08-13T10:50:00+05:30
NSE,30m,GRANULES.NS,6475baf16da5b399,2026-08-13T10:32:32.835916+05:30,BE,BE,-0.08892438931027252,0.033505614234067393,2026-08-13T11:30:00+05:30,2026-08-13T11:30:00+05:30
NSE,30m,CUMMINSIND.NS,aba83529775916fc,2026-08-13T10:52:05.186651+05:30,BE,BE,-0.1059925588500003,0.03993669021574725,2026-08-13T11:00:00+05:30,2026-08-13T11:00:00+05:30
NSE,30m,NHPC.NS,4d389ae310e675ea,2026-08-13T11:52:07.927493+05:30,BE,BE,-0.057745443671964505,0.021829817282173425,2026-08-13T11:55:00+05:30,2026-08-13T11:55:00+05:30
NSE,30m,ADANIPORTS.NS,9e2524cb8045fd80,2026-08-13T12:12:12.879546+05:30,BE,BE,-0.11633219877466877,0.043832539142260984,2026-08-13T12:45:00+05:30,2026-08-13T12:45:00+05:30
NSE,30m,SBFC.NS,9ece549184aa6938,2026-08-13T12:12:14.761123+05:30,BE,BE,-0.059424373033159464,0.022464511880635724,2026-08-13T12:15:00+05:30,2026-08-13T12:15:00+05:30
NSE,30m,ABB.NS,e5cdc7693878f70d,2026-08-14T09:32:18.253679+05:30,BE,BE,-0.1030179671457945,0.03894443018480204,2026-08-14T09:45:00+05:30,2026-08-14T09:45:00+05:30
NSE,30m,BPCL.NS,7fdea091374e84ca,2026-08-14T09:32:19.812830+05:30,BE,BE,-0.07100711161106735,0.026843196166426192,2026-08-14T09:35:00+05:30,2026-08-14T09:35:00+05:30
NSE,30m,HINDPETRO.NS,87be22eed14b31a4,2026-08-14T09:32:21.372481+05:30,BE,BE,-0.11094943901925297,0.04180438158865368,2026-08-14T10:30:00+05:30,2026-08-14T10:30:00+05:30
NSE,30m,KOTAKBANK.NS,c64ddfeafca9267f,2026-08-14T09:32:23.200189+05:30,BE,BE,-0.06792851205475,0.02567937679775953,2026-08-14T09:35:00+05:30,2026-08-14T09:35:00+05:30
NSE,30m,PIRAMALFIN.NS,2a5661d734fcd97c,2026-08-14T09:32:24.534703+05:30,BE,BE,-0.0729601852582353,0.027490498845956723,2026-08-14T09:35:00+05:30,2026-08-14T09:35:00+05:30
NSE,30m,GAIL.NS,7446fff02cb9eb44,2026-08-14T09:51:59.516608+05:30,BE,BE,-0.11211834974655405,0.04224481274827363,2026-08-14T09:55:00+05:30,2026-08-14T09:55:00+05:30
NSE,30m,ATUL.NS,eb3bfd05f36516a9,2026-08-14T10:12:14.494575+05:30,BE,BE,-0.06249346018468262,0.023546765801146063,2026-08-14T10:15:00+05:30,2026-08-14T10:15:00+05:30
NSE,30m,FACT.NS,dab762db21ff8035,2026-08-14T10:12:15.535951+05:30,BE,BE,-0.04174461050476186,0.015780937194139213,2026-08-14T10:15:00+05:30,2026-08-14T10:15:00+05:30
NSE,30m,JSWENERGY.NS,c7724636a0ea239c,2026-08-14T10:12:15.966187+05:30,BE,BE,-0.05384640424164534,0.020355842663094703,2026-08-14T10:15:00+05:30,2026-08-14T10:15:00+05:30
NSE,30m,IEX.NS,ae65812cee4b9955,2026-08-14T10:32:09.232283+05:30,BE,BE,-0.09148616592349745,0.034470860097684575,2026-08-14T10:35:00+05:30,2026-08-14T10:35:00+05:30
NSE,30m,HYUNDAI.NS,9921ec8f8b99e073,2026-08-14T10:52:16.763358+05:30,BE,BE,-0.1048175906736099,0.03949397668392879,2026-08-14T11:30:00+05:30,2026-08-14T11:30:00+05:30
NSE,30m,MFSL.NS,2014ace787f8f580,2026-08-14T10:52:17.333915+05:30,BE,BE,-0.07613411227465633,0.028781383503402452,2026-08-14T11:20:00+05:30,2026-08-14T11:20:00+05:30
NSE,30m,ENGINERSIN.NS,acd7e3116f5988de,2026-08-17T09:32:12.702898+05:30,BE,BE,-0.13244993008679984,0.04990550171037661,2026-08-17T10:40:00+05:30,2026-08-17T10:40:00+05:30
NSE,30m,OLECTRA.NS,fe4b088d1850ffcf,2026-08-17T09:32:14.989074+05:30,BE,BE,-0.08363394702161109,0.0315122407644815,2026-08-17T09:35:00+05:30,2026-08-17T09:35:00+05:30
NSE,30m,BHARATFORG.NS,5ebee86a36816e3d,2026-08-17T09:52:14.654346+05:30,BE,BE,-0.06652944790578241,0.025150481134332048,2026-08-17T09:55:00+05:30,2026-08-17T09:55:00+05:30
NSE,30m,CESC.NS,76293771ce32d4a3,2026-08-17T09:52:14.951384+05:30,BE,BE,-0.05071719729171234,0.019172891912159318,2026-08-17T09:55:00+05:30,2026-08-17T09:55:00+05:30
NSE,30m,GLENMARK.NS,0b4ff688bc6b4bcb,2026-08-17T09:52:15.607442+05:30,BE,BE,-0.06578084406945359,0.02486748244345638,2026-08-17T09:55:00+05:30,2026-08-17T09:55:00+05:30
NSE,30m,KEI.NS,e35fc0472a0d6226,2026-08-17T09:52:16.248485+05:30,BE,BE,-0.10125577866655774,0.03827826069901574,2026-08-17T10:00:00+05:30,2026-08-17T10:00:00+05:30
NSE,30m,ALKEM.NS,2c86174adff584b3,2026-08-17T10:11:45.158750+05:30,BE,BE,-0.0774334642576642,0.02927258444620079,2026-08-17T10:35:00+05:30,2026-08-17T10:35:00+05:30
NSE,30m,KOTAKBANK.NS,ccd378d12a6dd337,2026-08-17T10:52:13.135248+05:30,BE,BE,-0.0817621710801626,0.030806978652300115,2026-08-17T11:15:00+05:30,2026-08-17T11:15:00+05:30
NSE,30m,CANFINHOME.NS,51486e49640d5961,2026-08-17T11:12:07.050150+05:30,BE,BE,-0.06134379030580088,0.023113584356151323,2026-08-17T11:15:00+05:30,2026-08-17T11:15:00+05:30
NSE,30m,LODHA.NS,20952ec77d5e3d1e,2026-08-17T12:32:07.280555+05:30,BE,BE,-0.06069046410683934,0.022943139024950376,2026-08-17T12:35:00+05:30,2026-08-17T12:35:00+05:30
NSE,30m,AXISBANK.NS,22133cc957df409f,2026-08-17T13:12:09.492319+05:30,BE,BE,-0.1006472949151895,0.038048232349285116,2026-08-17T13:40:00+05:30,2026-08-17T13:40:00+05:30
NSE,30m,AMBER.NS,68756bc81cf51eab,2026-08-18T09:32:30.454121+05:30,BE,BE,-0.050330097748201616,0.019026554612310342,2026-08-18T09:35:00+05:30,2026-08-18T09:35:00+05:30
NSE,30m,COALINDIA.NS,8ab54f8a71476eac,2026-08-18T09:32:31.701041+05:30,BE,BE,-0.0987728426765909,0.037339623197299776,2026-08-18T09:35:00+05:30,2026-08-18T09:35:00+05:30
NSE,30m,DATAPATTNS.NS,91ea7ec0db4f1db9,2026-08-18T09:32:32.710351+05:30,BE,BE,-0.06554823382776401,0.024779547556297493,2026-08-18T09:50:00+05:30,2026-08-18T09:50:00+05:30
NSE,30m,ERIS.NS,dee7f3867aeb398e,2026-08-18T09:32:33.268481+05:30,BE,BE,-0.048084981724838105,0.018117828647709278,2026-08-18T09:35:00+05:30,2026-08-18T09:35:00+05:30
NSE,30m,IRB.NS,428cc8d9dc31561d,2026-08-18T09:32:35.730493+05:30,BE,BE,-0.10053882775889417,0.037881791537295983,2026-08-18T09:35:00+05:30,2026-08-18T09:35:00+05:30
NSE,30m,JIOFIN.NS,b64197639b20b6aa,2026-08-18T09:32:37.303100+05:30,BE,BE,-0.08182821152586775,0.030831861878553996,2026-08-18T09:45:00+05:30,2026-08-18T09:45:00+05:30
NSE,30m,NSLNISP.NS,95746151992ecfce,2026-08-18T09:32:38.333340+05:30,BE,BE,-0.06730882778543801,0.025361136981857324,2026-08-18T09:35:00+05:30,2026-08-18T09:35:00+05:30
NSE,30m,PCBL.NS,260bd1b88a3c7d1f,2026-08-18T09:32:38.572729+05:30,BE,BE,-0.06976201493549541,0.02637250564613139,2026-08-18T09:35:00+05:30,2026-08-18T09:35:00+05:30
NSE,30m,POWERGRID.NS,386655e9f39ad54e,2026-08-18T09:32:39.631420+05:30,BE,BE,-0.08307290215788168,0.03130084597259378,2026-08-18T09:50:00+05:30,2026-08-18T09:50:00+05:30
NSE,30m,DIXON.NS,4f95760885a4759e,2026-08-18T09:52:10.226761+05:30,BE,BE,-0.05080076220566952,0.01920448240114228,2026-08-18T09:55:00+05:30,2026-08-18T09:55:00+05:30
NSE,30m,AEGISVOPAK.NS,0decabbfea6baaca,2026-08-18T10:32:11.199674+05:30,BE,BE,-0.05651231555064598,0.021363651298106717,2026-08-18T10:35:00+05:30,2026-08-18T10:35:00+05:30
NSE,30m,LINDEINDIA.NS,b827dc6495b7739a,2026-08-18T10:32:11.638776+05:30,BE,BE,-0.06795405081925468,0.025689031352746694,2026-08-18T10:35:00+05:30,2026-08-18T10:35:00+05:30
NSE,30m,PATANJALI.NS,78c7da83a9657047,2026-08-18T11:12:20.459271+05:30,BE,BE,-0.11031739178429459,0.04156623397810533,2026-08-18T11:25:00+05:30,2026-08-18T11:25:00+05:30
NSE,30m,FIRSTCRY.NS,11b5512cfea2b0a6,2026-08-18T11:32:29.040416+05:30,BE,BE,-0.06159770823192584,0.02320925750212799,2026-08-18T11:55:00+05:30,2026-08-18T11:55:00+05:30
NSE,30m,DOMS.NS,c4b108d5590c585c,2026-08-18T12:52:23.407749+05:30,BE,BE,-0.14835974880301317,0.05608522512693381,2026-08-18T13:35:00+05:30,2026-08-18T13:35:00+05:30
NSE,30m,LTF.NS,fa0ac7a5f617ef03,2026-08-18T13:51:53.629029+05:30,BE,BE,-0.05395753396686545,0.02039785362432958,2026-08-18T13:55:00+05:30,2026-08-18T13:55:00+05:30
NSE,30m,ATGL.NS,2ae285ee88e2a609,2026-08-19T09:32:17.604123+05:30,BE,BE,-0.028695820474934006,0.010848033678431748,2026-08-19T09:35:00+05:30,2026-08-19T09:35:00+05:30
NSE,30m,BAJFINANCE.NS,492cb1a16875ba5b,2026-08-19T09:32:18.002035+05:30,BE,BE,-0.07188773436199786,0.027086412562122963,2026-08-19T09:35:00+05:30,2026-08-19T09:35:00+05:30
NSE,30m,BRITANNIA.NS,826cbee8914e7be9,2026-08-19T09:32:20.101097+05:30,BE,BE,-0.06675012224938304,0.025233903830485405,2026-08-19T09:40:00+05:30,2026-08-19T09:40:00+05:30
NSE,30m,CESC.NS,eb1a0e770d7139fc,2026-08-19T09:32:20.275882+05:30,BE,BE,-0.0974037066305043,0.03670051652466666,2026-08-19T09:35:00+05:30,2026-08-19T09:35:00+05:30
NSE,30m,NAUKRI.NS,864e261c1e68aa8a,2026-08-19T09:32:22.399159+05:30,BE,BE,-0.056436013515429415,0.02133480643382485,2026-08-19T09:40:00+05:30,2026-08-19T09:40:00+05:30
NSE,30m,KOTAKBANK.NS,ba30ab560146499a,2026-08-19T09:32:23.483972+05:30,BE,BE,-0.07896411142770907,0.029752704250808698,2026-08-19T09:35:00+05:30,2026-08-19T09:35:00+05:30
NSE,30m,SBICARD.NS,3215bf6ba80081f9,2026-08-19T09:32:24.776913+05:30,BE,BE,-0.09437645734070979,0.03555988629173479,2026-08-19T10:50:00+05:30,2026-08-19T10:50:00+05:30
NSE,30m,BANKBARODA.NS,37ffca9f1f33beb0,2026-08-19T09:52:09.369965+05:30,BE,BE,-0.13772557853243028,0.051893301042211015,2026-08-19T10:35:00+05:30,2026-08-19T10:35:00+05:30
NSE,30m,POLYCAB.NS,522ca108e20324e9,2026-08-19T09:52:11.380286+05:30,BE,BE,-0.09944408217680736,0.037469304890628385,2026-08-19T09:55:00+05:30,2026-08-19T09:55:00+05:30
NSE,30m,DCMSHRIRAM.NS,16981ed76d226452,2026-08-19T10:12:15.856273+05:30,BE,BE,-0.045164964369195565,0.017073951762074935,2026-08-19T10:15:00+05:30,2026-08-19T10:15:00+05:30
NSE,30m,LTFOODS.NS,c7334c851038f9a3,2026-08-19T10:12:16.785281+05:30,BE,BE,-0.05697763241206774,0.021539557506766893,2026-08-19T10:15:00+05:30,2026-08-19T10:15:00+05:30
NSE,30m,ADANIPORTS.NS,59cf7d342bd347dc,2026-08-19T10:52:06.260214+05:30,BE,BE,-0.14567559395246038,0.05488876889850264,2026-08-19T11:25:00+05:30,2026-08-19T11:25:00+05:30
NSE,30m,ICICIBANK.NS,f66e2e251b12057c,2026-08-19T11:12:02.678268+05:30,BE,BE,-0.14515987831195687,0.05469445359938713,2026-08-19T12:10:00+05:30,2026-08-19T12:10:00+05:30
NSE,30m,HINDCOPPER.NS,d171474c52797452,2026-08-19T11:32:24.483952+05:30,BE,BE,-0.07103189195732426,0.02676394168906357,2026-08-19T12:15:00+05:30,2026-08-19T12:15:00+05:30
NSE,30m,AUROPHARMA.NS,46a95ca1065c4a09,2026-08-19T11:52:05.250316+05:30,BE,BE,-0.1333883221987976,0.05025907629600179,2026-08-19T12:10:00+05:30,2026-08-19T12:10:00+05:30
NSE,30m,ITI.NS,2a853265774715f5,2026-08-19T12:12:01.767909+05:30,BE,BE,-0.049388529286107194,0.018670608477366152,2026-08-19T12:15:00+05:30,2026-08-19T12:15:00+05:30
NSE,30m,NAM-INDIA.NS,6a9985d68dd83560,2026-08-19T12:12:02.390942+05:30,BE,BE,-0.08351289640594958,0.03157082452429402,2026-08-19T12:15:00+05:30,2026-08-19T12:15:00+05:30
NSE,30m,ALKEM.NS,341bd6076e91c5a1,2026-08-19T13:12:10.644390+05:30,BE,BE,-0.13885854248178786,0.05232018789876747,2026-08-19T13:35:00+05:30,2026-08-19T13:35:00+05:30
NSE,30m,BELRISE.NS,14dd46837d10d511,2026-08-19T13:12:13.322118+05:30,BE,BE,-0.09813532819739887,0.036976182516610945,2026-08-19T14:40:00+05:30,2026-08-19T14:40:00+05:30
NSE,30m,BDL.NS,ca2671dd30199438,2026-08-19T13:12:13.592020+05:30,BE,BE,-0.11513728840703724,0.04338231163850709,2026-08-19T13:45:00+05:30,2026-08-19T13:45:00+05:30
NSE,30m,GLAND.NS,775e7cf83b800e71,2026-08-19T13:12:18.101935+05:30,BE,BE,-0.10626234067482154,0.040038340683275775,2026-08-19T13:15:00+05:30,2026-08-19T13:15:00+05:30
NSE,30m,GODIGIT.NS,8b7cd3a5318561fe,2026-08-19T13:12:18.404824+05:30,BE,BE,-0.11242537576755784,0.042360496370081824,2026-08-19T13:20:00+05:30,2026-08-19T13:20:00+05:30
NSE,30m,GRAPHITE.NS,accfab50e8c23907,2026-08-19T13:12:19.683520+05:30,BE,BE,-0.12251286662534033,0.04616133863500205,2026-08-19T13:15:00+05:30,2026-08-19T13:15:00+05:30
NSE,30m,FLUOROCHEM.NS,d5333b794e21a102,2026-08-19T13:12:19.902999+05:30,BE,BE,-0.09523022588606586,0.0358815757601586,2026-08-19T13:35:00+05:30,2026-08-19T13:35:00+05:30
NSE,30m,PNBHOUSING.NS,1e1417e3c3d042c2,2026-08-19T13:32:26.501757+05:30,BE,BE,-0.1192959323902579,0.04509807598640958,2026-08-19T14:00:00+05:30,2026-08-19T14:00:00+05:30
NSE,30m,INDIACEM.NS,3141c754d4debb20,2026-08-19T14:32:32.745183+05:30,BE,BE,-0.14609732755371307,0.05504767292313051,2026-08-19T14:45:00+05:30,2026-08-19T14:45:00+05:30
NSE,30m,REDINGTON.NS,38ab656bb9e91d15,2026-08-19T14:32:58.612772+05:30,BE,BE,-0.11698774817628699,0.04422550082823912,2026-08-19T14:35:00+05:30,2026-08-19T14:35:00+05:30
NSE,30m,BALKRISIND.NS,5a008b96d6f55c40,2026-08-20T09:32:21.494137+05:30,BE,BE,-0.1264399871616799,0.04764102926610081,2026-08-20T09:35:00+05:30,2026-08-20T09:35:00+05:30
NSE,30m,CUMMINSIND.NS,4457eec486d16cf6,2026-08-20T09:32:26.100017+05:30,BE,BE,-0.12221594262540986,0.046049461330278596,2026-08-20T09:50:00+05:30,2026-08-20T09:50:00+05:30
NSE,30m,JSWDULUX.NS,9010283d63e9d4e1,2026-08-20T09:32:38.685912+05:30,BE,BE,-0.12482310790142956,0.047031809082737575,2026-08-20T09:35:00+05:30,2026-08-20T09:35:00+05:30
NSE,30m,EMMVEE.NS,43adf3596928d407,2026-08-20T09:52:06.980544+05:30,BE,BE,-0.12009193581461064,0.0453989933957441,2026-08-20T09:55:00+05:30,2026-08-20T09:55:00+05:30
NSE,30m,ACMESOLAR.NS,3b69d737a592e110,2026-08-20T10:12:23.606981+05:30,BE,BE,-0.0997615930800167,0.037713405772534736,2026-08-20T10:15:00+05:30,2026-08-20T10:15:00+05:30
NSE,30m,HFCL.NS,c3db3fd613cef6a6,2026-08-20T11:52:10.990940+05:30,BE,BE,-0.10802048340609582,0.040700787201968236,2026-08-20T11:55:00+05:30,2026-08-20T11:55:00+05:30
NSE,30m,GRAVITA.NS,8558b4bdb405d26e,2026-08-20T13:12:11.539750+05:30,BE,BE,-0.12689779659269843,0.04781352621892321,2026-08-20T14:40:00+05:30,2026-08-20T14:40:00+05:30
NSE,30m,3MINDIA.NS,e3f67c5ecdea8754,2026-08-21T09:32:05.977365+05:30,BE,BE,-0.0664417005262965,0.025034414114685877,2026-08-21T09:35:00+05:30,2026-08-21T09:35:00+05:30
NSE,30m,BLUEJET.NS,a027663388b13aa3,2026-08-21T09:32:06.380915+05:30,BE,BE,-0.10817431030292843,0.0407587472813844,2026-08-21T09:35:00+05:30,2026-08-21T09:35:00+05:30
NSE,30m,ICICIGI.NS,cabe2c5fac74e1db,2026-08-21T09:32:07.359429+05:30,BE,BE,-0.058822630443483834,0.022163642383827453,2026-08-21T09:35:00+05:30,2026-08-21T09:35:00+05:30
NSE,30m,KPITTECH.NS,682563953788d350,2026-08-21T09:32:08.060525+05:30,BE,BE,-0.09562370214961421,0.036029832768127434,2026-08-21T09:35:00+05:30,2026-08-21T09:35:00+05:30
NSE,30m,M&M.NS,a004d688dea2584c,2026-08-21T09:32:08.284218+05:30,BE,BE,-0.05162161830766039,0.01945038973639024,2026-08-21T10:35:00+05:30,2026-08-21T10:35:00+05:30
NSE,30m,PIDILITIND.NS,44f5aa3a861a0a61,2026-08-21T09:32:09.561508+05:30,BE,BE,-0.08397228637413673,0.03163972286374339,2026-08-21T09:45:00+05:30,2026-08-21T09:45:00+05:30
NSE,30m,RAILTEL.NS,7c31ae8c7eb16374,2026-08-21T09:32:09.944961+05:30,BE,BE,-0.022493359289069537,0.008503284278703713,2026-08-21T09:35:00+05:30,2026-08-21T09:35:00+05:30
NSE,30m,SJVN.NS,2cbbc67106eff66c,2026-08-21T09:52:04.499102+05:30,BE,BE,-0.07599355893581278,0.02872824937693258,2026-08-21T09:55:00+05:30,2026-08-21T09:55:00+05:30
NSE,30m,GODIGIT.NS,a58f5c5fb8148615,2026-08-21T10:32:31.233568+05:30,BE,BE,-0.055046682654365936,0.02080959029703422,2026-08-21T10:35:00+05:30,2026-08-21T10:35:00+05:30
NSE,30m,DABUR.NS,61b6019fd81a555b,2026-08-21T10:51:52.156865+05:30,BE,BE,-0.13202706081971388,0.049746169780772787,2026-08-21T11:40:00+05:30,2026-08-21T11:40:00+05:30
NSE,30m,NAM-INDIA.NS,5e5e43b7b614f351,2026-08-21T11:12:00.319073+05:30,BE,BE,-0.05519738688602489,0.020866561819504054,2026-08-21T11:15:00+05:30,2026-08-21T11:15:00+05:30
NSE,30m,EMCURE.NS,2bc946bb21e009c9,2026-08-21T11:32:13.245812+05:30,BE,BE,-0.10015499433920436,0.03773716783405218,2026-08-21T11:50:00+05:30,2026-08-21T11:50:00+05:30
NSE,30m,LICI.NS,5c3aa0a9e6cf47c7,2026-08-21T11:52:08.634819+05:30,BE,BE,-0.073855115323288,0.027919842161391317,2026-08-21T12:00:00+05:30,2026-08-21T12:00:00+05:30
NSE,30m,CEMPRO.NS,5969b907c839f151,2026-08-21T13:11:54.955226+05:30,BE,BE,-0.06644898394672469,0.025120062915822472,2026-08-21T13:15:00+05:30,2026-08-21T13:15:00+05:30
NSE,30m,PRESTIGE.NS,e5e58e6a7a13e95c,2026-08-21T13:11:55.568218+05:30,BE,BE,-0.034551302090071234,0.01306161254507908,2026-08-21T13:25:00+05:30,2026-08-21T13:25:00+05:30
NSE,30m,ELECON.NS,52331a7cd6325292,2026-08-21T14:12:02.217195+05:30,BE,BE,-0.04488352507701776,0.016967557769184488,2026-08-21T14:15:00+05:30,2026-08-21T14:15:00+05:30
NSE,30m,GALLANTT.NS,1aef1aa550fa7c0b,2026-08-21T14:12:02.453337+05:30,BE,BE,-0.07108457794266518,0.026783793119194488,2026-08-21T14:40:00+05:30,2026-08-21T14:40:00+05:30
NSE,30m,CHOICEIN.NS,15183ccb15c8eac9,2026-08-21T14:32:27.021904+05:30,BE,BE,-0.11738655960807215,0.04422980931326803,2026-08-21T14:35:00+05:30,2026-08-21T14:35:00+05:30
NSE,30m,APLAPOLLO.NS,36dfc9d78d9dbece,2026-08-21T14:52:18.499901+05:30,BE,BE,-0.056224698046563645,0.021184773466383783,2026-08-21T14:55:00+05:30,2026-08-21T14:55:00+05:30
NSE,30m,HAL.NS,49f292f0bbff35bd,2026-08-24T09:32:30.148559+05:30,BE,BE,-0.14396201309362167,0.054243112744271516,2026-08-24T09:35:00+05:30,2026-08-24T09:35:00+05:30
NSE,30m,PRESTIGE.NS,61a1f6a5fad294e8,2026-08-24T09:32:31.822822+05:30,BE,BE,-0.11951328325764599,0.04518024229107087,2026-08-24T09:35:00+05:30,2026-08-24T09:35:00+05:30
NSE,30m,DELHIVERY.NS,68ee6d00f76fe316,2026-08-24T10:52:08.268144+05:30,BE,BE,-0.14661085832162013,0.05524116498919618,2026-08-24T11:05:00+05:30,2026-08-24T11:05:00+05:30
NSE,30m,ATGL.NS,9866824fe531166e,2026-08-24T11:32:17.989383+05:30,BE,BE,-0.1399168600637627,0.05271894892391721,2026-08-24T11:35:00+05:30,2026-08-24T11:35:00+05:30
NSE,30m,GODREJCP.NS,f9eb47da5faba8fd,2026-08-24T12:12:13.625025+05:30,BE,BE,-0.13826665264683563,0.052097171101825046,2026-08-24T12:15:00+05:30,2026-08-24T12:15:00+05:30
NSE,30m,MINDACORP.NS,875a7cce37ffd8fa,2026-08-24T12:52:23.704202+05:30,BE,BE,-0.09816649315353201,0.03698792508809662,2026-08-24T14:10:00+05:30,2026-08-24T14:10:00+05:30
NSE,30m,BERGEPAINT.NS,fde6f199fa00709f,2026-08-24T13:52:21.605224+05:30,BE,BE,-0.14253354123576084,0.0537048821488445,2026-08-24T13:55:00+05:30,2026-08-24T13:55:00+05:30
NSE,30m,RKFORGE.NS,aebf511d4555c8df,2026-08-24T14:12:11.617160+05:30,BE,BE,-0.12318497984033985,0.046414582613140576,2026-08-24T14:20:00+05:30,2026-08-24T14:20:00+05:30
NSE,30m,BAJFINANCE.NS,a7e3c2e39cb33f4c,2026-08-25T09:52:25.544323+05:30,BE,BE,-0.13511289655647057,0.05090887466509003,2026-08-25T10:25:00+05:30,2026-08-25T10:25:00+05:30
NSE,30m,NAUKRI.NS,8214b0c757f035e6,2026-08-25T10:12:08.741052+05:30,BE,BE,-0.11986610089164323,0.04516406991793215,2026-08-25T10:20:00+05:30,2026-08-25T10:20:00+05:30
NSE,30m,JSWENERGY.NS,628eaf740934750b,2026-08-25T10:52:00.350767+05:30,BE,BE,-0.14259418223868198,0.05372773093147848,2026-08-25T11:40:00+05:30,2026-08-25T11:40:00+05:30
NSE,30m,ICICIGI.NS,b4477bd9d33e7393,2026-08-25T11:51:58.363887+05:30,BE,BE,-0.13567097814757018,0.05111915293239061,2026-08-25T12:00:00+05:30,2026-08-25T12:00:00+05:30
NSE,30m,GRASIM.NS,dd450f16c7707be3,2026-08-25T12:12:33.319436+05:30,BE,BE,-0.15069554466452562,0.056780224474830554,2026-08-25T12:15:00+05:30,2026-08-25T12:15:00+05:30
NSE,30m,MINDACORP.NS,a317b8c9ad90ba4d,2026-08-25T12:12:34.708375+05:30,BE,BE,-0.13412043159276366,0.0505349260951905,2026-08-25T12:15:00+05:30,2026-08-25T12:15:00+05:30
NSE,30m,OLECTRA.NS,fdd9bfbd9dafb947,2026-08-25T12:12:34.979845+05:30,BE,BE,-0.14922027195922138,0.056224359896598686,2026-08-25T12:15:00+05:30,2026-08-25T12:15:00+05:30
NSE,30m,JAINREC.NS,5a7860688c8250a9,2026-08-25T13:52:17.805750+05:30,BE,BE,-0.13829614510037752,0.052108283494960994,2026-08-25T13:55:00+05:30,2026-08-25T13:55:00+05:30
NSE,30m,FORTIS.NS,b0b3799f3645e176,2026-08-26T10:32:38.062067+05:30,BE,BE,-0.1354604667077231,0.05120884089114297,2026-08-26T10:35:00+05:30,2026-08-26T10:35:00+05:30
NSE,30m,3MINDIA.NS,0cb21bcdf273c106,2026-08-26T11:32:43.731360+05:30,BE,BE,-0.13418540765532905,0.050559408274955975,2026-08-26T13:10:00+05:30,2026-08-26T13:10:00+05:30
NSE,30m,NSLNISP.NS,5efeb797fc275453,2026-08-26T13:01:07.618583+05:30,BE,BE,-0.12114354468370056,0.04579653869110928,2026-08-26T13:15:00+05:30,2026-08-26T13:15:00+05:30
NSE,30m,ASHOKLEY.NS,11a52912ddbf34c4,2026-08-26T13:32:01.598788+05:30,BE,BE,-0.14017434195780465,0.052990852230226426,2026-08-26T13:35:00+05:30,2026-08-26T13:35:00+05:30
NSE,30m,EXIDEIND.NS,ebd28d7436e5b21c,2026-08-27T10:32:22.968854+05:30,BE,BE,-0.10458979081721323,0.03940814450482977,2026-08-27T10:35:00+05:30,2026-08-27T10:35:00+05:30
NSE,30m,ABSLAMC.NS,fcb1bac7fe640372,2026-08-27T12:32:25.326844+05:30,BE,BE,-0.14097993402561354,0.05329539448539533,2026-08-27T12:40:00+05:30,2026-08-27T12:40:00+05:30
NSE,30m,CRAFTSMAN.NS,292aa892187bfd24,2026-08-27T13:12:25.345453+05:30,BE,BE,-0.1373114834635713,0.05190859060293601,2026-08-27T13:15:00+05:30,2026-08-27T13:15:00+05:30
NSE,30m,PFIZER.NS,cd3fcefb5f399fd4,2026-08-27T13:52:14.273080+05:30,BE,BE,-0.1459998243541808,0.055010934918883814,2026-08-27T14:30:00+05:30,2026-08-27T14:30:00+05:30
NSE,30m,IIFL.NS,0636cc54d9c2538e,2026-08-27T14:12:16.803556+05:30,BE,BE,-0.14113141734376927,0.05317657914220192,2026-08-27T14:25:00+05:30,2026-08-27T14:25:00+05:30
NSE,30m,INTELLECT.NS,926f2f69c4b9ae32,2026-08-28T10:12:15.282992+05:30,BE,BE,-0.14270133977607385,0.05376810657130732,2026-08-28T10:15:00+05:30,2026-08-28T10:15:00+05:30
NSE,30m,ASTERDM.NS,25a0c4d686a3223c,2026-08-28T11:32:18.464466+05:30,BE,BE,-0.11045900406009149,0.041619591738798534,2026-08-28T11:35:00+05:30,2026-08-28T11:35:00+05:30
NSE,30m,IEX.NS,a75a20e11061ebdd,2026-08-28T11:32:19.790817+05:30,BE,BE,-0.13728370880925578,0.05172680997486517,2026-08-28T11:55:00+05:30,2026-08-28T11:55:00+05:30
NSE,30m,BLUESTARCO.NS,22059a619222bfe5,2026-08-28T11:52:07.557026+05:30,BE,BE,-0.11082341685224903,0.04175689798891086,2026-08-28T11:55:00+05:30,2026-08-28T11:55:00+05:30
NSE,30m,ENGINERSIN.NS,af7adde5f4f1177b,2026-08-28T11:52:07.752598+05:30,BE,BE,-0.13041174136505151,0.04930024439023045,2026-08-28T11:55:00+05:30,2026-08-28T11:55:00+05:30
NSE,30m,FIVESTAR.NS,45fc6f7910c6858a,2026-08-28T11:52:07.913002+05:30,BE,BE,-0.1422591261066014,0.05377897427318623,2026-08-28T13:10:00+05:30,2026-08-28T13:10:00+05:30
NSE,30m,GODREJIND.NS,871050e1ca2ce83d,2026-08-28T12:52:06.766814+05:30,BE,BE,-0.11054253573538234,0.041788982880133496,2026-08-28T13:00:00+05:30,2026-08-28T13:00:00+05:30
NSE,30m,LENSKART.NS,ce96412b19435cba,2026-08-28T12:52:06.957199+05:30,BE,BE,-0.12882117580349137,0.04853823180712519,2026-08-28T13:50:00+05:30,2026-08-28T13:50:00+05:30
NSE,30m,BSE.NS,f85e43dc58c78739,2026-08-28T14:12:20.869459+05:30,BE,BE,-0.13813901587952826,0.05222142708467803,2026-08-28T14:15:00+05:30,2026-08-28T14:15:00+05:30
NSE,30m,NEWGEN.NS,349e93f328266732,2026-08-28T14:12:22.722314+05:30,BE,BE,-0.08897460343467012,0.03363554268914515,2026-08-28T14:15:00+05:30,2026-08-28T14:15:00+05:30
NSE,30m,BALKRISIND.NS,1dd29cccea51361e,2026-08-31T09:32:25.926061+05:30,BE,BE,-0.14041523297184738,0.05290672969513038,2026-08-31T09:35:00+05:30,2026-08-31T09:35:00+05:30
NSE,30m,PRESTIGE.NS,e9e6e7f0cd494a84,2026-08-31T10:12:15.514188+05:30,BE,BE,-0.12459863668970522,0.046947231095952,2026-08-31T10:20:00+05:30,2026-08-31T10:20:00+05:30
NSE,30m,CUB.NS,d2b95029fd4929ce,2026-08-31T10:32:28.544346+05:30,BE,BE,-0.10686726439182512,0.04039960050134411,2026-08-31T10:35:00+05:30,2026-08-31T10:35:00+05:30
NSE,30m,CARBORUNIV.NS,21cc2f038d9542b6,2026-08-31T11:32:20.853664+05:30,BE,BE,-0.11446229789302137,0.04327079142205292,2026-08-31T11:35:00+05:30,2026-08-31T11:35:00+05:30
NSE,30m,DOMS.NS,d7fad6773b71e62a,2026-08-31T12:32:35.527194+05:30,BE,BE,-0.12917367267784802,0.04883221069777599,2026-08-31T13:05:00+05:30,2026-08-31T13:05:00+05:30
NSE,30m,GPIL.NS,3e49697c88d3a672,2026-08-31T13:12:04.186185+05:30,BE,BE,-0.13501243026832782,0.05103946729240888,2026-08-31T13:15:00+05:30,2026-08-31T13:15:00+05:30
NSE,30m,RADICO.NS,9cf40918a909dec1,2026-09-01T09:32:49.019302+05:30,BE,BE,-0.13367884182621154,0.05036854051203604,2026-09-01T09:35:00+05:30,2026-09-01T09:35:00+05:30
NSE,30m,GLAND.NS,5fc6e2bf0e876c7d,2026-09-01T11:32:24.253262+05:30,BE,BE,-0.13522090119072877,0.051118276664266105,2026-09-01T11:35:00+05:30,2026-09-01T11:35:00+05:30
NSE,30m,SBICARD.NS,1f38ad5906829079,2026-09-01T11:52:15.097606+05:30,BE,BE,-0.14018225538329027,0.05281894661031378,2026-09-01T11:55:00+05:30,2026-09-01T11:55:00+05:30
NSE,30m,ANGELONE.NS,649adf4580014311,2026-09-01T12:12:09.344768+05:30,BE,BE,-0.14714076024624473,0.05544082550531032,2026-09-01T12:15:00+05:30,2026-09-01T12:15:00+05:30
NSE,30m,ENDURANCE.NS,3769e319f1695de7,2026-09-01T12:12:10.228151+05:30,BE,BE,-0.1316322440578993,0.049597407689576656,2026-09-01T12:15:00+05:30,2026-09-01T12:15:00+05:30
NSE,30m,MPHASIS.NS,dff1581ed9bcc116,2026-09-01T12:32:18.040040+05:30,BE,BE,-0.14615894378875666,0.055253243098944804,2026-09-01T12:35:00+05:30,2026-09-01T12:35:00+05:30
NSE,30m,ABCAPITAL.NS,6dd86ffc5c4960fb,2026-09-01T13:52:27.582509+05:30,BE,BE,-0.14577392684673612,0.05492581952146508,2026-09-01T13:55:00+05:30,2026-09-01T13:55:00+05:30
NSE,30m,EMCURE.NS,6b359cf8b31730b8,2026-09-01T13:52:28.590141+05:30,BE,BE,-0.12985609952219831,0.04892817831284324,2026-09-01T14:10:00+05:30,2026-09-01T14:10:00+05:30
NSE,30m,JYOTICNC.NS,a9dc612e829b942c,2026-09-01T14:12:05.357551+05:30,BE,BE,-0.11431332629239516,0.04307185286597387,2026-09-01T14:20:00+05:30,2026-09-01T14:20:00+05:30
NSE,30m,BAJFINANCE.NS,424e2e07bd736454,2026-09-02T09:32:15.943147+05:30,BE,BE,-0.14879474467554926,0.05606402645922215,2026-09-02T09:40:00+05:30,2026-09-02T09:40:00+05:30
NSE,30m,CHOLAHLDNG.NS,a38bb3492daef3ee,2026-09-02T09:32:16.333858+05:30,BE,BE,-0.11438291370312473,0.043098072544926036,2026-09-02T09:35:00+05:30,2026-09-02T09:35:00+05:30
NSE,30m,DIXON.NS,93700376a2c55478,2026-09-02T09:52:21.543036+05:30,BE,BE,-0.14690129573376998,0.05535059822753685,2026-09-02T09:55:00+05:30,2026-09-02T09:55:00+05:30
NSE,30m,HINDZINC.NS,d6eae5c20e1ff062,2026-09-02T09:52:22.104035+05:30,BE,BE,-0.13339939487397678,0.05026324834358964,2026-09-02T11:00:00+05:30,2026-09-02T11:00:00+05:30
NSE,30m,POLYCAB.NS,d9b7abee63efdb46,2026-09-02T10:32:33.309448+05:30,BE,BE,-0.13589769425586967,0.05120457676862622,2026-09-02T10:35:00+05:30,2026-09-02T10:35:00+05:30
NSE,30m,GRANULES.NS,49a01ce9c59cf742,2026-09-02T11:12:10.636377+05:30,BE,BE,-0.12721873883706092,0.04793445330219437,2026-09-02T11:15:00+05:30,2026-09-02T11:15:00+05:30
NSE,30m,APARINDS.NS,587464262e0a36b9,2026-09-02T11:51:46.885654+05:30,BE,BE,-0.13005574871876197,0.049003403670132506,2026-09-02T11:55:00+05:30,2026-09-02T11:55:00+05:30
NSE,30m,POONAWALLA.NS,e229346933e86c8f,2026-09-02T11:51:48.577555+05:30,BE,BE,-0.12608192417525532,0.047506115544608596,2026-09-02T12:00:00+05:30,2026-09-02T12:00:00+05:30
NSE,30m,GPIL.NS,d02b6c4fe4b1f133,2026-09-02T12:12:16.086982+05:30,BE,BE,-0.12792620839991392,0.04820101911656155,2026-09-02T12:20:00+05:30,2026-09-02T12:20:00+05:30
NSE,30m,NLCINDIA.NS,eb2443efdad2cf9e,2026-09-02T12:52:13.301614+05:30,BE,BE,-0.13793545795799705,0.05214447500066932,2026-09-02T12:55:00+05:30,2026-09-02T12:55:00+05:30
NSE,30m,CEMPRO.NS,aac0aee9610d6333,2026-09-03T10:32:25.101633+05:30,BE,BE,-0.11141853635861584,0.04212014205611997,2026-09-03T10:35:00+05:30,2026-09-03T10:35:00+05:30
NSE,30m,IPCALAB.NS,65cfb133ed0eb82e,2026-09-03T10:32:25.741796+05:30,BE,BE,-0.1302046185820141,0.049059496000363634,2026-09-03T10:40:00+05:30,2026-09-03T10:40:00+05:30
NSE,30m,CIPLA.NS,61942e1fd2381def,2026-09-03T11:12:20.106877+05:30,BE,BE,-0.13475174156047776,0.050772795912522484,2026-09-03T12:25:00+05:30,2026-09-03T12:25:00+05:30
NSE,30m,CONCOR.NS,fdfb41ac7e62abcf,2026-09-03T12:32:12.470103+05:30,BE,BE,-0.13756346960155197,0.051832220394406325,2026-09-03T12:35:00+05:30,2026-09-03T12:35:00+05:30
NSE,30m,NUVOCO.NS,74f28ca973cf8bef,2026-09-03T14:12:02.978734+05:30,BE,BE,-0.13944858447773573,0.052716490268878036,2026-09-03T14:15:00+05:30,2026-09-03T14:15:00+05:30
NSE,30m,RRKABEL.NS,6d321ba894441c15,2026-09-03T14:12:03.138803+05:30,BE,BE,-0.10411095594673647,0.039227725425511784,2026-09-03T14:15:00+05:30,2026-09-03T14:15:00+05:30
NSE,30m,POLYMED.NS,960b566f9e446fee,2026-09-04T11:32:19.131749+05:30,BE,BE,-0.11578350689280922,0.04362579880177647,2026-09-04T12:25:00+05:30,2026-09-04T12:25:00+05:30
NSE,30m,LTTS.NS,67bf40698f6d19be,2026-09-04T11:52:17.527299+05:30,BE,BE,-0.12699347937756625,0.04784957831336234,2026-09-04T12:00:00+05:30,2026-09-04T12:00:00+05:30
NSE,30m,PPLPHARMA.NS,f59ea6f9cf8320d8,2026-09-04T12:12:13.689747+05:30,BE,BE,-0.1331436754260667,0.050166896406429795,2026-09-04T12:15:00+05:30,2026-09-04T12:15:00+05:30
NSE,30m,MPHASIS.NS,062817d095e6343c,2026-09-04T14:11:59.878180+05:30,BE,BE,-0.1362972762184696,0.05135513432878075,2026-09-04T14:15:00+05:30,2026-09-04T14:15:00+05:30
NSE,30m,INOXWIND.NS,7d2a6bdf755f7e31,2026-09-07T09:52:13.510360+05:30,BE,BE,-0.12564414785527508,0.04749792565166461,2026-09-07T09:55:00+05:30,2026-09-07T09:55:00+05:30
NSE,30m,KEI.NS,95c078bd52dc68e9,2026-09-07T10:12:13.493461+05:30,BE,BE,-0.13834109414669865,0.05212521974177675,2026-09-07T10:15:00+05:30,2026-09-07T10:15:00+05:30
NSE,30m,MOTILALOFS.NS,7911131e6abcd045,2026-09-07T10:32:05.224078+05:30,BE,BE,-0.1362950388975297,0.05152433865609418,2026-09-07T10:35:00+05:30,2026-09-07T10:35:00+05:30
NSE,30m,MINDACORP.NS,16df0c51aa8b5199,2026-09-07T10:52:03.809445+05:30,BE,BE,-0.12282698663010949,0.04627969518239872,2026-09-07T10:55:00+05:30,2026-09-07T10:55:00+05:30
NSE,30m,FORTIS.NS,46aef4570843e6fa,2026-09-07T11:12:03.147633+05:30,BE,BE,-0.14252417493153652,0.05370135304075163,2026-09-07T11:15:00+05:30,2026-09-07T11:15:00+05:30
NSE,30m,NAVA.NS,85bae96ec76034ff,2026-09-07T11:12:03.998345+05:30,BE,BE,-0.14427586470052145,0.054361368162733126,2026-09-07T12:20:00+05:30,2026-09-07T12:20:00+05:30
NSE,30m,OFSS.NS,053f5f895e587fa3,2026-09-07T11:12:04.488570+05:30,BE,BE,-0.14248655930661241,0.05368717993672478,2026-09-07T11:20:00+05:30,2026-09-07T11:20:00+05:30
NSE,30m,NATIONALUM.NS,7d13b413d79cbda1,2026-09-07T12:51:54.880615+05:30,BE,BE,-0.14231180179588143,0.053621333459951626,2026-09-07T12:55:00+05:30,2026-09-07T12:55:00+05:30
NSE,30m,COFORGE.NS,a79ecd65c53398c4,2026-09-07T13:12:12.844078+05:30,BE,BE,-0.14214147263819427,0.05355715553198698,2026-09-07T13:15:00+05:30,2026-09-07T13:15:00+05:30
NSE,30m,PWL.NS,e4b1bd646f8663a8,2026-09-07T13:32:43.048255+05:30,BE,BE,-0.11015639153641635,0.041643006734267685,2026-09-07T13:35:00+05:30,2026-09-07T13:35:00+05:30
NSE,30m,CONCORDBIO.NS,a1c60fdf48d8d61e,2026-09-08T09:51:59.881214+05:30,BE,BE,-0.11758720022050087,0.044452114873658244,2026-09-08T09:55:00+05:30,2026-09-08T09:55:00+05:30
NSE,30m,IRB.NS,ca2e25953b183049,2026-09-08T09:52:00.385311+05:30,BE,BE,-0.13880935773336112,0.05230165569159584,2026-09-08T09:55:00+05:30,2026-09-08T09:55:00+05:30
NSE,30m,INDUSTOWER.NS,58bb28d8643af9cf,2026-09-08T09:52:01.071455+05:30,BE,BE,-0.14887736282604636,0.05609515596033188,2026-09-08T10:35:00+05:30,2026-09-08T10:35:00+05:30
NSE,30m,AUROPHARMA.NS,daebca6dd98046e0,2026-09-08T11:52:19.021688+05:30,BE,BE,-0.1506995071625402,0.05696973642734188,2026-09-08T11:55:00+05:30,2026-09-08T11:55:00+05:30
NSE,30m,IRCON.NS,ffbd6c88299c8a05,2026-09-08T12:12:24.538668+05:30,BE,BE,-0.14779765905332187,0.05568833688202085,2026-09-08T13:40:00+05:30,2026-09-08T13:40:00+05:30
NSE,30m,JYOTICNC.NS,822278afb6b7ea6b,2026-09-08T12:12:25.552902+05:30,BE,BE,-0.12002390099481705,0.04537327383086276,2026-09-08T12:15:00+05:30,2026-09-08T12:15:00+05:30
NSE,30m,LENSKART.NS,3afd24363ee80479,2026-09-08T12:32:22.307694+05:30,BE,BE,-0.12181471863435903,0.046050266150397146,2026-09-08T12:35:00+05:30,2026-09-08T12:35:00+05:30
NSE,30m,MFSL.NS,f2088a41090bdcee,2026-09-08T12:32:22.515656+05:30,BE,BE,-0.14337067373439505,0.054020303359809896,2026-09-08T12:45:00+05:30,2026-09-08T12:45:00+05:30
NSE,30m,FORCEMOT.NS,100c724d3d23485c,2026-09-09T10:12:24.651087+05:30,BE,BE,-0.14268868120426847,0.053763336977414866,2026-09-09T10:15:00+05:30,2026-09-09T10:15:00+05:30
NSE,30m,JUBLINGREA.NS,0078ed2b92819188,2026-09-09T10:12:25.711931+05:30,BE,BE,-0.12701813265727088,0.04785886736535261,2026-09-09T10:20:00+05:30,2026-09-09T10:20:00+05:30
NSE,30m,MFSL.NS,18b10b69d427fe6e,2026-09-09T10:12:26.151713+05:30,BE,BE,-0.14073471795481718,0.05302710770027608,2026-09-09T11:35:00+05:30,2026-09-09T11:35:00+05:30
NSE,30m,ATGL.NS,f3e4fa84bc6bbc1a,2026-09-09T10:32:28.865132+05:30,BE,BE,-0.1487460591430182,0.056231264080022325,2026-09-09T10:40:00+05:30,2026-09-09T10:40:00+05:30
NSE,30m,ABSLAMC.NS,26ea0a4559680c0b,2026-09-09T14:32:34.113707+05:30,BE,BE,-0.14556787647314506,0.05502979877705544,2026-09-09T14:35:00+05:30,2026-09-09T14:35:00+05:30
NSE,30m,JUBLFOOD.NS,a7268aa3435929c6,2026-09-10T09:32:31.811077+05:30,BE,BE,-0.12610447290116178,0.04751461162665249,2026-09-10T10:25:00+05:30,2026-09-10T10:25:00+05:30
NSE,30m,ABREL.NS,8b27e6f299d60896,2026-09-10T10:12:50.489903+05:30,BE,BE,-0.1334096238535854,0.05026710249704752,2026-09-10T10:55:00+05:30,2026-09-10T10:55:00+05:30
NSE,30m,EMCURE.NS,e52cd992948c611a,2026-09-10T10:12:51.177509+05:30,BE,BE,-0.13540921649121201,0.051189466499184544,2026-09-10T10:20:00+05:30,2026-09-10T10:20:00+05:30
NSE,30m,LGEINDIA.NS,e69b2a4d63273166,2026-09-10T10:32:18.067705+05:30,BE,BE,-0.15110066876326644,0.05693287024357718,2026-09-10T11:05:00+05:30,2026-09-10T11:05:00+05:30
NSE,30m,NUVAMA.NS,e2fdd5b936a887d1,2026-09-10T11:32:45.630952+05:30,BE,BE,-0.13519165541988998,0.05093855003448394,2026-09-10T11:40:00+05:30,2026-09-10T11:40:00+05:30
NSE,30m,GALLANTT.NS,a2b07f56db155654,2026-09-10T12:12:39.356097+05:30,BE,BE,-0.1301742058899064,0.049048036872685385,2026-09-10T12:15:00+05:30,2026-09-10T12:15:00+05:30
NSE,30m,CANBK.NS,5a6b7cfa5b03b19c,2026-09-11T09:32:31.249608+05:30,BE,BE,-0.14168345285679074,0.05338457932175422,2026-09-11T09:35:00+05:30,2026-09-11T09:35:00+05:30
NSE,30m,LTF.NS,a48475cc34aa2928,2026-09-11T09:32:32.206059+05:30,BE,BE,-0.13676149462919662,0.051530046106142036,2026-09-11T09:35:00+05:30,2026-09-11T09:35:00+05:30
NSE,30m,ADANIENSOL.NS,3fa7cbf92c43ac9f,2026-09-11T09:51:54.136151+05:30,BE,BE,-0.1272981885356889,0.04796438896973254,2026-09-11T09:55:00+05:30,2026-09-11T09:55:00+05:30
NSE,30m,KPRMILL.NS,68f94d14ad08a84e,2026-09-11T09:51:56.186564+05:30,BE,BE,-0.13000938966245146,0.04898593614898206,2026-09-11T09:55:00+05:30,2026-09-11T09:55:00+05:30
NSE,30m,CHOLAHLDNG.NS,d97d5db35aeef4ef,2026-09-11T09:52:10.539916+05:30,BE,BE,-0.13299744407939507,0.05011179823669504,2026-09-11T09:55:00+05:30,2026-09-11T09:55:00+05:30
NSE,30m,ABB.NS,23cc514e31c2458d,2026-09-15T09:32:22.470002+05:30,BE,BE,-0.12874720721741198,0.048510361355309006,2026-09-15T10:30:00+05:30,2026-09-15T10:30:00+05:30
NSE,30m,IIFL.NS,55f70c5c483e4d5f,2026-09-15T09:52:04.973516+05:30,BE,BE,-0.1021056025561777,0.038472132976346496,2026-09-15T10:05:00+05:30,2026-09-15T10:05:00+05:30
NSE,30m,LTF.NS,017dfe7936f6e361,2026-09-15T10:51:53.424858+05:30,BE,BE,-0.13445376333943787,0.05066052139026239,2026-09-15T10:55:00+05:30,2026-09-15T10:55:00+05:30
NSE,30m,JSWENERGY.NS,b5fd945826c2a00a,2026-09-15T11:12:01.258596+05:30,BE,BE,-0.14804768312313737,0.05578254287087209,2026-09-15T11:20:00+05:30,2026-09-15T11:20:00+05:30
NSE,30m,BHEL.NS,da7bf7a65b405859,2026-09-16T09:52:03.236374+05:30,BE,BE,-0.1508832262573307,0.05685094058651907,2026-09-16T10:05:00+05:30,2026-09-16T10:05:00+05:30
NSE,30m,BHARTIHEXA.NS,68b6cc39862fb351,2026-09-16T09:52:05.071937+05:30,BE,BE,-0.13544083733868684,0.051032438711240025,2026-09-16T10:05:00+05:30,2026-09-16T10:05:00+05:30
NSE,30m,CGCL.NS,ea7dec75c92545bc,2026-09-16T09:52:06.348727+05:30,BE,BE,-0.10837405903564531,0.040834010142674404,2026-09-16T09:55:00+05:30,2026-09-16T09:55:00+05:30
NSE,30m,EMCURE.NS,2d111304c1c84fad,2026-09-17T10:31:55.173455+05:30,BE,BE,-0.13779272164891854,0.05191859974118118,2026-09-17T10:35:00+05:30,2026-09-17T10:35:00+05:30
NSE,30m,HYUNDAI.NS,e47f414fea447f76,2026-09-17T12:12:10.334417+05:30,BE,BE,-0.1480082191960364,0.055952334519484226,2026-09-17T12:20:00+05:30,2026-09-17T12:20:00+05:30
NSE,30m,MFSL.NS,b475439ba2ad164c,2026-09-17T12:51:59.104600+05:30,BE,BE,-0.14699204132151394,0.05556818339141789,2026-09-17T12:55:00+05:30,2026-09-17T12:55:00+05:30
NSE,30m,CEMPRO.NS,5c3896a254b86c62,2026-09-18T09:51:36.579890+05:30,BE,BE,-0.10682200590669894,0.04038249119542259,2026-09-18T09:55:00+05:30,2026-09-18T09:55:00+05:30
NSE,30m,BLUESTARCO.NS,1e297d0600495a3d,2026-09-18T11:11:51.996098+05:30,BE,BE,-0.13053887608822734,0.04934830580597088,2026-09-18T11:15:00+05:30,2026-09-18T11:15:00+05:30
NSE,30m,CARBORUNIV.NS,16f5c87f8094960d,2026-09-18T11:11:52.238540+05:30,BE,BE,-0.12130767896953293,0.04585858724836911,2026-09-18T11:15:00+05:30,2026-09-18T11:15:00+05:30
NSE,30m,MPHASIS.NS,5d0642a9f1341f29,2026-09-18T11:31:58.004734+05:30,BE,BE,-0.14185909312200123,0.05345075840953217,2026-09-18T11:35:00+05:30,2026-09-18T11:35:00+05:30
NSE,30m,ENDURANCE.NS,9c844bb64f4054a5,2026-09-18T13:32:09.021462+05:30,BE,BE,-0.13556195120768744,0.05124720561662899,2026-09-18T13:35:00+05:30,2026-09-18T13:35:00+05:30
NSE,30m,KARURVYSYA.NS,43db906d69cf0b91,2026-09-21T10:11:54.592419+05:30,BE,BE,-0.1417171452928861,0.05339727421647811,2026-09-21T10:15:00+05:30,2026-09-21T10:15:00+05:30
NSE,30m,ACUTAAS.NS,df0c8820719e4eb8,2026-09-21T10:11:54.877745+05:30,BE,BE,-0.1233148233391761,0.046617358712650325,2026-09-21T10:20:00+05:30,2026-09-21T10:20:00+05:30
NSE,30m,CHOLAHLDNG.NS,cebfe5f3660341e1,2026-09-22T09:32:08.025248+05:30,BE,BE,-0.13473024321177207,0.05076469559957253,2026-09-22T09:35:00+05:30,2026-09-22T09:35:00+05:30
NSE,30m,FINCABLES.NS,8345790b00bfdacb,2026-09-22T09:52:04.598334+05:30,BE,BE,-0.08582710174178704,0.03244567587917924,2026-09-22T09:55:00+05:30,2026-09-22T09:55:00+05:30
NSE,30m,PTCIL.NS,7bf9d2b415428f33,2026-09-22T10:51:42.777647+05:30,BE,BE,-0.11504611755848937,0.04334795958610582,2026-09-22T10:55:00+05:30,2026-09-22T10:55:00+05:30
NSE,30m,IKS.NS,342c841842015898,2026-09-22T11:51:46.284029+05:30,BE,BE,-0.12558475977333208,0.0474754748591385,2026-09-22T12:00:00+05:30,2026-09-22T12:00:00+05:30
NSE,30m,GLAXO.NS,259c52f6d8bb9288,2026-09-22T12:32:07.033899+05:30,BE,BE,-0.13088910691841693,0.049480705429960525,2026-09-22T12:35:00+05:30,2026-09-22T12:35:00+05:30
NSE,30m,ACUTAAS.NS,3b5fc9cf6f0df746,2026-09-22T12:51:52.699565+05:30,BE,BE,-0.11066342614101937,0.041696615460169006,2026-09-22T12:55:00+05:30,2026-09-22T12:55:00+05:30
NSE,30m,CREDITACC.NS,c3721e1ffa955705,2026-09-23T09:31:55.286988+05:30,BE,BE,-0.12527327858071935,0.0472014278480537,2026-09-23T09:35:00+05:30,2026-09-23T09:35:00+05:30
NSE,30m,GODREJPROP.NS,d72b0852689e6551,2026-09-23T10:51:45.607507+05:30,BE,BE,-0.12156453312172383,0.04595568719005838,2026-09-23T10:55:00+05:30,2026-09-23T10:55:00+05:30
NSE,30m,JINDALSAW.NS,83db79e9c44288bd,2026-09-23T12:11:50.129778+05:30,BE,BE,-0.10741021853744159,0.04060485634557176,2026-09-23T12:15:00+05:30,2026-09-23T12:15:00+05:30
NSE,30m,BIOCON.NS,d0ad292b7886d321,2026-09-23T13:11:53.255574+05:30,BE,BE,-0.14696310973705579,0.055557246230645174,2026-09-23T13:45:00+05:30,2026-09-23T13:45:00+05:30
NSE,30m,NATIONALUM.NS,4886fd6700f6e742,2026-09-23T14:32:12.581666+05:30,BE,BE,-0.14130563869474927,0.053418522354283515,2026-09-23T14:35:00+05:30,2026-09-23T14:35:00+05:30
NSE,30m,AEGISLOG.NS,608c69ae64d84ddf,2026-09-24T09:32:10.328987+05:30,BE,BE,-0.0985794536151326,0.03714352350182204,2026-09-24T10:00:00+05:30,2026-09-24T10:00:00+05:30
NSE,30m,ITI.NS,0041c7ec36ea6c9f,2026-09-24T10:11:30.912304+05:30,BE,BE,-0.1504009845037319,0.056669237835553,2026-09-24T10:15:00+05:30,2026-09-24T10:15:00+05:30
NSE,30m,DELHIVERY.NS,47524f1b5f858318,2026-09-24T10:32:06.641286+05:30,BE,BE,-0.14528899777538717,0.054743104222333916,2026-09-24T10:35:00+05:30,2026-09-24T10:35:00+05:30
NSE,30m,CRISIL.NS,be288a40d169dcbb,2026-09-24T13:52:01.035036+05:30,BE,BE,-0.1383210176199095,0.0521176551538195,2026-09-24T13:55:00+05:30,2026-09-24T13:55:00+05:30
NSE,30m,ELGIEQUIP.NS,511b0a983ec3f62d,2026-09-25T09:52:03.451036+05:30,BE,BE,-0.12328451410839336,0.046452085898911866,2026-09-25T09:55:00+05:30,2026-09-25T09:55:00+05:30
NSE,30m,GMDCLTD.NS,eded2879e3798f24,2026-09-25T10:51:40.234468+05:30,BE,BE,-0.13022204924422287,0.0490660636590704,2026-09-25T10:55:00+05:30,2026-09-25T10:55:00+05:30
NSE,30m,COLPAL.NS,df472d05d3337853,2026-09-25T11:52:03.459286+05:30,BE,BE,-0.146930874177576,0.05536174302071889,2026-09-25T11:55:00+05:30,2026-09-25T11:55:00+05:30
NSE,30m,KPRMILL.NS,5ea1e1e2f38c3a13,2026-09-25T12:11:52.738797+05:30,BE,BE,-0.12593121974103397,0.04744933197063267,2026-09-25T12:15:00+05:30,2026-09-25T12:15:00+05:30
NSE,30m,NH.NS,e3212fc4fdd528cb,2026-09-25T13:11:58.962069+05:30,BE,BE,-0.05344375630329955,0.020136948882156697,2026-09-25T13:15:00+05:30,2026-09-25T13:15:00+05:30
NSE,30m,ATUL.NS,377805b39764c9ff,2026-09-25T13:11:59.987669+05:30,BE,BE,-0.0801151423852767,0.030186398533482928,2026-09-25T13:15:00+05:30,2026-09-25T13:15:00+05:30
NSE,30m,JKCEMENT.NS,f8a09cb14bcc7658,2026-09-25T13:52:08.325616+05:30,BE,BE,-0.049958745648407674,0.018823839807031922,2026-09-25T13:55:00+05:30,2026-09-25T13:55:00+05:30
NSE,30m,ABSLAMC.NS,1c4b10f0491c802c,2026-09-28T09:51:52.093348+05:30,BE,BE,-0.09055151636628725,0.03411869566056358,2026-09-28T10:25:00+05:30,2026-09-28T10:25:00+05:30
NSE,30m,CRAFTSMAN.NS,2db0170d5e45d0ec,2026-09-28T09:51:52.875663+05:30,BE,BE,-0.04719586794096284,0.017782821528909837,2026-09-28T09:55:00+05:30,2026-09-28T09:55:00+05:30
NSE,30m,NAM-INDIA.NS,15b49f98a7da6899,2026-09-28T10:51:34.928487+05:30,BE,BE,-0.052501133555731855,0.01978178024513222,2026-09-28T11:20:00+05:30,2026-09-28T11:20:00+05:30
NSE,30m,ITCHOTELS.NS,6950a82d6498f466,2026-09-28T10:51:35.161259+05:30,BE,BE,-0.12915238685428868,0.04866302805014705,2026-09-28T11:15:00+05:30,2026-09-28T11:15:00+05:30
NSE,30m,PWL.NS,42ac51f8179ab2be,2026-09-28T13:12:09.736167+05:30,BE,BE,-0.11664226456240273,0.043949368110677345,2026-09-28T13:15:00+05:30,2026-09-28T13:15:00+05:30
NSE,30m,NH.NS,1d10336e44e81724,2026-09-28T13:32:21.140003+05:30,BE,BE,-0.09422967816664979,0.035504581707466065,2026-09-28T14:20:00+05:30,2026-09-28T14:20:00+05:30
NSE,30m,GODIGIT.NS,af2d1493659029bc,2026-09-28T13:32:21.534626+05:30,BE,BE,-0.10522062060023887,0.03977711098847864,2026-09-28T13:35:00+05:30,2026-09-28T13:35:00+05:30
NSE,30m,NLCINDIA.NS,c0cd3e1e81a49abd,2026-09-28T14:32:24.040603+05:30,BE,BE,-0.11531767560133158,0.043450279310733864,2026-09-28T14:35:00+05:30,2026-09-28T14:35:00+05:30
NSE,30m,OIL.NS,964a47680c9d3aa8,2026-09-29T09:31:56.190020+05:30,BE,BE,-0.04719190466458252,0.01778132821520384,2026-09-29T09:35:00+05:30,2026-09-29T09:35:00+05:30
NSE,30m,CENTRALBK.NS,7aab0b250232821f,2026-09-29T09:31:56.815546+05:30,BE,BE,-0.05472548957624156,0.02061989018686805,2026-09-29T09:35:00+05:30,2026-09-29T09:35:00+05:30
NSE,30m,GLENMARK.NS,9f19495b265dfcb1,2026-09-29T09:52:12.815883+05:30,BE,BE,-0.07552984947161503,0.028458716660108158,2026-09-29T09:55:00+05:30,2026-09-29T09:55:00+05:30
NSE,30m,RBLBANK.NS,5fdcf490399d8554,2026-09-29T09:52:13.477109+05:30,BE,BE,-0.10434912681628633,0.039317465274590735,2026-09-29T10:05:00+05:30,2026-09-29T10:05:00+05:30
NSE,30m,PETRONET.NS,5b90c1ce741a55c3,2026-09-29T09:52:13.981706+05:30,BE,BE,-0.14072285965335707,0.05302263963838044,2026-09-29T09:55:00+05:30,2026-09-29T09:55:00+05:30
NSE,30m,RVNL.NS,9c0a64779a64751c,2026-09-29T10:12:07.703222+05:30,BE,BE,-0.08427063250856248,0.03175213601122595,2026-09-29T10:15:00+05:30,2026-09-29T10:15:00+05:30
NSE,30m,AMBER.NS,b7f06cd002666b40,2026-09-29T10:32:22.120374+05:30,BE,BE,-0.058972260807937577,0.02222002126150907,2026-09-29T10:35:00+05:30,2026-09-29T10:35:00+05:30
NSE,30m,COCHINSHIP.NS,4bd71dda3c6b545f,2026-09-29T12:32:17.525728+05:30,BE,BE,-0.1071536617641771,0.04037417948757216,2026-09-29T12:35:00+05:30,2026-09-29T12:35:00+05:30
NSE,30m,GLAND.NS,70b470d174e2fef3,2026-09-29T13:31:51.082740+05:30,BE,BE,-0.041689473870688235,0.015760093599004155,2026-09-29T14:15:00+05:30,2026-09-29T14:15:00+05:30
NSE,30m,AJANTPHARM.NS,094551801901a2e7,2026-09-29T13:31:51.894695+05:30,BE,BE,-0.05734042065376381,0.0216767042758354,2026-09-29T13:35:00+05:30,2026-09-29T13:35:00+05:30
NSE,30m,BLUESTARCO.NS,241a8bb53dd4f0d5,2026-09-30T10:52:10.215471+05:30,BE,BE,-0.06858474251197383,0.02584188592997186,2026-09-30T10:55:00+05:30,2026-09-30T10:55:00+05:30
NSE,30m,BANDHANBNK.NS,1738c93b5942cc68,2026-09-30T13:52:11.803984+05:30,BE,BE,-0.08689191179965555,0.03273980175071001,2026-09-30T13:55:00+05:30,2026-09-30T13:55:00+05:30
NSE,30m,NMDC.NS,cdb8c9cefc505b89,2026-10-01T09:32:19.234361+05:30,BE,BE,-0.1126246211422735,0.042435569572288834,2026-10-01T09:35:00+05:30,2026-10-01T09:35:00+05:30
NSE,30m,APLAPOLLO.NS,c07806238a195f2e,2026-10-01T09:32:19.468499+05:30,BE,BE,-0.05693224135647823,0.02145136706777881,2026-10-01T09:55:00+05:30,2026-10-01T09:55:00+05:30
NSE,30m,BLUESTARCO.NS,9496b51c30c8ae4d,2026-10-01T12:12:25.103267+05:30,BE,BE,-0.045777204723047096,0.01724828670807596,2026-10-01T12:50:00+05:30,2026-10-01T12:50:00+05:30
NSE,30m,EXIDEIND.NS,48ff26aa5cf12a97,2026-10-01T12:52:02.570920+05:30,BE,BE,-0.05558111891760141,0.02094228078027799,2026-10-01T12:55:00+05:30,2026-10-01T12:55:00+05:30
NSE,30m,POLYMED.NS,f4e14b5f2dad368e,2026-10-01T12:52:03.804909+05:30,BE,BE,-0.04072320000000114,0.015344000000005478,2026-10-01T12:55:00+05:30,2026-10-01T12:55:00+05:30
NSE,30m,NLCINDIA.NS,9ba5df82e8bf30ea,2026-10-01T13:52:19.882626+05:30,BE,BE,-0.05735832139379436,0.02161190877599664,2026-10-01T13:55:00+05:30,2026-10-01T13:55:00+05:30
NSE,30m,ACMESOLAR.NS,57d4c56f08060b86,2026-10-01T13:52:20.332082+05:30,BE,BE,-0.05845619947446963,0.022025575709585216,2026-10-01T13:55:00+05:30,2026-10-01T13:55:00+05:30
NSE,4h,COALINDIA.NS,e49906762e5427a5,2026-08-11T11:42:52.315870+05:30,BE,BE,-0.03140646915364988,0.011833570610700894,2026-08-11T12:05:00+05:30,2026-08-11T12:05:00+05:30
NSE,4h,DCMSHRIRAM.NS,db699643f01aa467,2026-08-11T12:22:26.699231+05:30,BE,BE,-0.05378081353906178,0.020263947895627188,2026-08-11T12:25:00+05:30,2026-08-11T12:25:00+05:30
NSE,4h,GESHIP.NS,3e6d2e642324de2d,2026-08-12T09:02:34.090104+05:30,BE,BE,-0.0355154445389369,0.01338178190824535,2026-08-12T09:15:00+05:30,2026-08-12T09:15:00+05:30
NSE,4h,JSWINFRA.NS,6e266c4915aa0529,2026-08-12T12:22:42.992350+05:30,BE,BE,-0.03644442632705708,0.013777280371993272,2026-08-12T12:30:00+05:30,2026-08-12T12:30:00+05:30
NSE,4h,PIIND.NS,545281a3923d3ff8,2026-08-12T12:42:29.485868+05:30,BE,BE,-0.07248600939749134,0.027311835224037934,2026-08-12T12:50:00+05:30,2026-08-12T12:50:00+05:30
NSE,4h,HUDCO.NS,627be1c3a8ffbecf,2026-08-13T09:22:31.662840+05:30,BE,BE,-0.038600173529225235,0.014544069784113253,2026-08-13T09:25:00+05:30,2026-08-13T09:25:00+05:30
NSE,4h,MCX.NS,c3a11b15506a8436,2026-08-13T09:22:32.363307+05:30,BE,BE,-0.019656458963471866,0.007430835756062702,2026-08-13T09:25:00+05:30,2026-08-13T09:25:00+05:30
NSE,4h,OLECTRA.NS,066bd089983533f7,2026-08-13T13:42:41.219415+05:30,BE,BE,-0.04470014781021839,0.016898234685442076,2026-08-13T14:45:00+05:30,2026-08-13T14:45:00+05:30
NSE,4h,DLF.NS,ebd8a4b31c90664c,2026-08-14T09:22:18.069054+05:30,BE,BE,-0.08306072431422834,0.03139988750287917,2026-08-14T14:10:00+05:30,2026-08-14T14:10:00+05:30
NSE,4h,LUPIN.NS,24ae67c3136e98af,2026-08-14T09:42:23.209463+05:30,BE,BE,-0.0439013299141722,0.016541480193189323,2026-08-14T09:45:00+05:30,2026-08-14T09:45:00+05:30
NSE,4h,DELHIVERY.NS,621734e20f1f29db,2026-08-14T12:42:27.491780+05:30,BE,BE,-0.050692235191800564,0.01910020962946926,2026-08-14T13:35:00+05:30,2026-08-14T13:35:00+05:30
NSE,4h,IGL.NS,9643c1bb5e3cd0ee,2026-08-17T09:22:28.512130+05:30,BE,BE,-0.029327391008827502,0.011050199582528994,2026-08-17T09:25:00+05:30,2026-08-17T09:25:00+05:30
NSE,4h,AEGISVOPAK.NS,baa7891a2b80c894,2026-08-17T09:42:27.209841+05:30,BE,BE,-0.020862217551310236,0.00786062652510515,2026-08-17T09:45:00+05:30,2026-08-17T09:45:00+05:30
NSE,4h,NSLNISP.NS,00e57c31ac236903,2026-08-17T10:02:49.755045+05:30,BE,BE,-0.029822872719258292,0.011236890986078607,2026-08-17T10:05:00+05:30,2026-08-17T10:05:00+05:30
NSE,4h,AMBUJACEM.NS,57b08857e4d40ae3,2026-08-19T09:42:14.575431+05:30,BE,BE,-0.07758708661418448,0.029233858267713242,2026-08-19T10:35:00+05:30,2026-08-19T10:35:00+05:30
NSE,4h,BAJAJFINSV.NS,aa5e59f27520be21,2026-08-19T13:02:54.277768+05:30,BE,BE,-0.07824808204651862,0.02948291320233476,2026-08-19T13:05:00+05:30,2026-08-19T13:05:00+05:30
NSE,4h,NTPC.NS,2f52e1ad48d56580,2026-08-19T13:03:03.643278+05:30,BE,BE,-0.09983968594210016,0.03761836351504916,2026-08-19T13:35:00+05:30,2026-08-19T13:35:00+05:30
NSE,4h,PNBHOUSING.NS,71eda1f53840d4c3,2026-08-19T13:03:04.012927+05:30,BE,BE,-0.06344786613988414,0.02398553438510942,2026-08-19T13:25:00+05:30,2026-08-19T13:25:00+05:30
NSE,4h,JKCEMENT.NS,167ca78f25e6cd48,2026-08-19T13:22:37.042402+05:30,BE,BE,-0.05593019571072058,0.021073808614891748,2026-08-19T13:25:00+05:30,2026-08-19T13:25:00+05:30
NSE,4h,AAVAS.NS,e4bec3382afe85f6,2026-08-20T09:22:22.950596+05:30,BE,BE,-0.05801950978643536,0.021861036415675855,2026-08-20T11:15:00+05:30,2026-08-20T11:15:00+05:30
NSE,4h,BBTC.NS,c129294ba850a583,2026-08-20T09:22:24.062718+05:30,BE,BE,-0.07546119555902961,0.028432848711755,2026-08-20T10:00:00+05:30,2026-08-20T10:00:00+05:30
NSE,4h,CUMMINSIND.NS,e508c02be7899005,2026-08-20T09:22:24.649066+05:30,BE,BE,-0.06592461290297369,0.024839581869394806,2026-08-20T09:25:00+05:30,2026-08-20T09:25:00+05:30
NSE,4h,JINDALSTEL.NS,bf91de2f72ef92f9,2026-08-20T09:22:26.869673+05:30,BE,BE,-0.07446962937470564,0.028152150177550433,2026-08-20T09:30:00+05:30,2026-08-20T09:30:00+05:30
NSE,4h,LEMONTREE.NS,fd8b031a8b5b3274,2026-08-20T09:22:27.420022+05:30,BE,BE,-0.06386077805315403,0.02406195432695915,2026-08-20T10:50:00+05:30,2026-08-20T10:50:00+05:30
NSE,4h,AFFLE.NS,8e57fcd804d19527,2026-08-20T09:42:38.252751+05:30,BE,BE,-0.060769625117365736,0.02297306468289395,2026-08-20T10:05:00+05:30,2026-08-20T10:05:00+05:30
NSE,4h,CDSL.NS,803127c778a2a312,2026-08-20T10:02:46.686106+05:30,BE,BE,-0.07218609142323898,0.0272888921770999,2026-08-20T11:10:00+05:30,2026-08-20T11:10:00+05:30
NSE,4h,MMTC.NS,90eefd3737643383,2026-08-20T10:02:47.781259+05:30,BE,BE,-0.060991486241274914,0.023056936023885977,2026-08-20T10:05:00+05:30,2026-08-20T10:05:00+05:30
NSE,4h,OFSS.NS,57d58e627c12dfe0,2026-08-20T10:22:26.854549+05:30,BE,BE,-0.0646295638603095,0.02443225786111569,2026-08-20T10:30:00+05:30,2026-08-20T10:30:00+05:30
NSE,4h,JBMA.NS,52f2f912c6f34c57,2026-08-21T09:22:30.196147+05:30,BE,BE,-0.029787067525728718,0.011260563606573293,2026-08-21T09:25:00+05:30,2026-08-21T09:25:00+05:30
NSE,4h,HAVELLS.NS,6a469010ef43a7ea,2026-08-21T09:42:27.029692+05:30,BE,BE,-0.038476186547204846,0.014497353016965933,2026-08-21T09:45:00+05:30,2026-08-21T09:45:00+05:30
NSE,4h,COROMANDEL.NS,edf320010ac7cc01,2026-08-25T09:22:48.557457+05:30,BE,BE,-0.05555645685437599,0.020932988418731396,2026-08-25T09:35:00+05:30,2026-08-25T09:35:00+05:30
NSE,4h,HDFCAMC.NS,08f781b399b47c8a,2026-08-25T09:22:48.758194+05:30,BE,BE,-0.06669144542110866,0.025211721916946622,2026-08-25T09:30:00+05:30,2026-08-25T09:30:00+05:30
NSE,4h,CHOICEIN.NS,d74b918f0585e8fa,2026-08-25T10:15:08.636045+05:30,BE,BE,-0.07271339159365114,0.0273975100338959,2026-08-25T10:25:00+05:30,2026-08-25T10:25:00+05:30
NSE,4h,CYIENT.NS,4f332b710b98de64,2026-08-25T12:03:00.207937+05:30,BE,BE,-0.058742028803704355,0.02220656166143048,2026-08-25T12:05:00+05:30,2026-08-25T12:05:00+05:30
NSE,4h,IDBI.NS,91b301a31ec181e5,2026-08-26T11:02:32.906092+05:30,BE,BE,-0.05657216864362233,0.021386277881300098,2026-08-26T11:05:00+05:30,2026-08-26T11:05:00+05:30
NSE,4h,OFSS.NS,e00f99ec03acf33f,2026-08-26T11:02:33.109590+05:30,BE,BE,-0.0641320054749995,0.024244163217650133,2026-08-26T11:05:00+05:30,2026-08-26T11:05:00+05:30
NSE,4h,COCHINSHIP.NS,772421cf147e0550,2026-08-26T12:02:43.141636+05:30,BE,BE,-0.0506563644410066,0.01914989494598046,2026-08-26T12:05:00+05:30,2026-08-26T12:05:00+05:30
NSE,4h,MARICO.NS,2b89246734bf230e,2026-08-26T12:02:43.313090+05:30,BE,BE,-0.08779620381823378,0.03308052784132576,2026-08-26T12:05:00+05:30,2026-08-26T12:05:00+05:30
NSE,4h,RECLTD.NS,bc8293f856561551,2026-08-26T13:22:37.132848+05:30,BE,BE,-0.0639955564389895,0.024112737162124614,2026-08-26T13:40:00+05:30,2026-08-26T13:40:00+05:30
NSE,4h,AEGISVOPAK.NS,a41709e9f5dd4b99,2026-08-27T09:42:37.361976+05:30,BE,BE,-0.03979292060133552,0.014993482184777376,2026-08-27T09:45:00+05:30,2026-08-27T09:45:00+05:30
NSE,4h,GLENMARK.NS,16b2e0ee68aa53ab,2026-08-27T10:03:02.652032+05:30,BE,BE,-0.06526816665372792,0.02467367227253439,2026-08-27T10:05:00+05:30,2026-08-27T10:05:00+05:30
NSE,4h,CHOLAHLDNG.NS,90ba50cd03d68a20,2026-08-28T09:22:31.940859+05:30,BE,BE,-0.05830360011401771,0.0219680781507626,2026-08-28T10:00:00+05:30,2026-08-28T10:00:00+05:30
NSE,4h,IEX.NS,3cc2e0c8e0c40ccc,2026-08-28T09:22:32.329410+05:30,BE,BE,-0.06971879665487676,0.02626918355809474,2026-08-28T09:25:00+05:30,2026-08-28T09:25:00+05:30
NSE,4h,INDHOTEL.NS,3007bf550ce4bcd6,2026-08-28T10:42:41.905009+05:30,BE,BE,-0.07498250831194744,0.028252485255067877,2026-08-28T10:45:00+05:30,2026-08-28T10:45:00+05:30
NSE,4h,INDUSINDBK.NS,5f25ec9ae73bfc1b,2026-08-28T12:22:26.042790+05:30,BE,BE,-0.06890525493024047,0.025962651060073477,2026-08-28T12:35:00+05:30,2026-08-28T12:35:00+05:30
NSE,4h,INDGN.NS,02875848b351ac0c,2026-08-28T14:03:02.708742+05:30,BE,BE,-0.07367306940118643,0.027851022372986922,2026-08-28T14:05:00+05:30,2026-08-28T14:05:00+05:30
NSE,4h,GILLETTE.NS,ed6b84a073215171,2026-08-31T09:22:42.691869+05:30,BE,BE,-0.06112667906984001,0.023031779517527162,2026-08-31T10:45:00+05:30,2026-08-31T10:45:00+05:30
NSE,4h,NIVABUPA.NS,9c17d128560c6a61,2026-08-31T09:22:43.178970+05:30,BE,BE,-0.06129754963700727,0.02309616144190116,2026-08-31T09:30:00+05:30,2026-08-31T09:30:00+05:30
NSE,4h,BLUESTARCO.NS,43cb397a46de51e7,2026-08-31T10:03:06.137728+05:30,BE,BE,-0.04180391928111951,0.015751201709321774,2026-08-31T10:05:00+05:30,2026-08-31T10:05:00+05:30
NSE,4h,CREDITACC.NS,7555bbe2c10ac463,2026-08-31T10:22:38.481961+05:30,BE,BE,-0.05705399717038395,0.021497243158249024,2026-08-31T10:25:00+05:30,2026-08-31T10:25:00+05:30
NSE,4h,KPRMILL.NS,240b3697dcc44d91,2026-08-31T11:42:47.420928+05:30,BE,BE,-0.04877381189997709,0.01843822359353736,2026-08-31T11:45:00+05:30,2026-08-31T11:45:00+05:30
NSE,4h,AXISBANK.NS,5d1dd980bfd028d1,2026-08-31T12:02:59.316340+05:30,BE,BE,-0.08133208715607823,0.03074640160150846,2026-08-31T14:45:00+05:30,2026-08-31T14:45:00+05:30
NSE,4h,ABREL.NS,07eae41cc3b538f6,2026-09-01T09:22:17.181747+05:30,BE,BE,-0.04825239344396133,0.01818090732074701,2026-09-01T09:25:00+05:30,2026-09-01T09:25:00+05:30
NSE,4h,BIKAJI.NS,abb8f53b364b3f7d,2026-09-01T13:02:47.445580+05:30,BE,BE,-0.06547076746861788,0.024668578501653077,2026-09-01T13:55:00+05:30,2026-09-01T13:55:00+05:30
NSE,4h,POONAWALLA.NS,7b24a93917d34817,2026-09-02T09:22:41.832325+05:30,BE,BE,-0.05702608439403374,0.02148672596805165,2026-09-02T09:25:00+05:30,2026-09-02T09:25:00+05:30
NSE,4h,JWL.NS,5d48f1ff29cc8e01,2026-09-02T10:03:17.052830+05:30,BE,BE,-0.03638029972835537,0.013707648687528912,2026-09-02T10:05:00+05:30,2026-09-02T10:05:00+05:30
NSE,4h,GRANULES.NS,d7b3351bb4ce948f,2026-09-02T10:42:15.326818+05:30,BE,BE,-0.05873827565151318,0.02213185853755742,2026-09-02T10:50:00+05:30,2026-09-02T10:50:00+05:30
NSE,4h,IFCI.NS,3ab313bf3dd1169f,2026-09-02T11:02:41.653649+05:30,BE,BE,-0.048449315519910774,0.01831555250062783,2026-09-02T11:05:00+05:30,2026-09-02T11:05:00+05:30
NSE,4h,JSWDULUX.NS,62b76d18eb79eaa5,2026-09-03T09:42:39.408951+05:30,BE,BE,-0.06153882429820666,0.023263849141417048,2026-09-03T10:10:00+05:30,2026-09-03T10:10:00+05:30
NSE,4h,KAYNES.NS,2baad01e5a6e6e50,2026-09-03T09:42:39.716545+05:30,BE,BE,-0.051974144598911476,0.019583217299377037,2026-09-03T09:45:00+05:30,2026-09-03T09:45:00+05:30
NSE,4h,EXIDEIND.NS,2f168c994578fe49,2026-09-03T10:42:37.133870+05:30,BE,BE,-0.06174209591686136,0.02326366100277652,2026-09-03T13:25:00+05:30,2026-09-03T13:25:00+05:30
NSE,4h,360ONE.NS,49cefbdd393a9f23,2026-09-04T09:42:25.327516+05:30,BE,BE,-0.06496926682336888,0.024479619237644967,2026-09-04T09:45:00+05:30,2026-09-04T09:45:00+05:30
NSE,4h,HAVELLS.NS,acb15d67e698a8d5,2026-09-04T10:02:35.699589+05:30,BE,BE,-0.07316267794712492,0.027566795596143723,2026-09-04T10:05:00+05:30,2026-09-04T10:05:00+05:30
NSE,4h,ACC.NS,9d5855a60ad9a693,2026-09-08T09:22:30.566592+05:30,BE,BE,-0.06311827889711996,0.02378218979346347,2026-09-08T10:00:00+05:30,2026-09-08T10:00:00+05:30
NSE,4h,AMBUJACEM.NS,bb98e6b462672b62,2026-09-08T09:22:30.812240+05:30,BE,BE,-0.05506515211850754,0.02074787084773716,2026-09-08T10:00:00+05:30,2026-09-08T10:00:00+05:30
NSE,4h,GICRE.NS,e8522080b55bbd20,2026-09-08T10:02:49.996822+05:30,BE,BE,-0.0882848162182081,0.03326463097332505,2026-09-08T10:05:00+05:30,2026-09-08T10:05:00+05:30
NSE,4h,NEULANDLAB.NS,d0ea96d9172ce31e,2026-09-08T13:22:45.219566+05:30,BE,BE,-0.062128655916069114,0.023486826325897686,2026-09-08T13:25:00+05:30,2026-09-08T13:25:00+05:30
NSE,4h,NAVINFLUOR.NS,6abe0002381aa723,2026-09-08T13:42:35.452638+05:30,BE,BE,-0.0665313680213441,0.025151207005858822,2026-09-08T13:45:00+05:30,2026-09-08T13:45:00+05:30
NSE,4h,DALBHARAT.NS,79c35d5184d3500c,2026-09-08T14:02:34.680457+05:30,BE,BE,-0.06335658190231791,0.023871979429643586,2026-09-08T14:05:00+05:30,2026-09-08T14:05:00+05:30
NSE,4h,KFINTECH.NS,994977f57e9e8e1a,2026-09-09T09:22:32.200250+05:30,BE,BE,-0.06489183437592516,0.024450443645490733,2026-09-09T09:25:00+05:30,2026-09-09T09:25:00+05:30
NSE,4h,CAMS.NS,1287d2e7ba4fd759,2026-09-09T11:42:28.148589+05:30,BE,BE,-0.05913095615440299,0.02227981571275825,2026-09-09T11:50:00+05:30,2026-09-09T11:50:00+05:30
NSE,4h,COHANCE.NS,8ea2a4eb0765dbc5,2026-09-09T13:03:29.130806+05:30,BE,BE,-0.04947875814167903,0.018642986428517277,2026-09-09T13:10:00+05:30,2026-09-09T13:10:00+05:30
NSE,4h,JSL.NS,9d47c86f11413796,2026-09-09T14:03:16.683506+05:30,BE,BE,-0.05831466421287834,0.022045002751566456,2026-09-09T14:05:00+05:30,2026-09-09T14:05:00+05:30
NSE,4h,ARE&M.NS,a00facf7ffacac4f,2026-09-10T09:22:34.903113+05:30,BE,BE,-0.06410071523917793,0.024152359702345805,2026-09-10T09:25:00+05:30,2026-09-10T09:25:00+05:30
NSE,4h,ICICIBANK.NS,59e4cb0090bd4449,2026-09-10T13:02:52.263115+05:30,BE,BE,-0.09109815613615266,0.03432466279055846,2026-09-10T13:15:00+05:30,2026-09-10T13:15:00+05:30
NSE,4h,COLPAL.NS,c4c6d24213d2638c,2026-09-11T09:22:28.293036+05:30,BE,BE,-0.06562808473263268,0.02472785370839667,2026-09-11T09:25:00+05:30,2026-09-11T09:25:00+05:30
NSE,4h,HDFCAMC.NS,91b51078e270cd20,2026-09-11T09:42:32.167832+05:30,BE,BE,-0.057516795810346424,0.02167161998356079,2026-09-11T09:45:00+05:30,2026-09-11T09:45:00+05:30
NSE,4h,PIDILITIND.NS,7ebb063ab26338f9,2026-09-11T10:22:25.560580+05:30,BE,BE,-0.08130586886663,0.030635049600436004,2026-09-11T10:25:00+05:30,2026-09-11T10:25:00+05:30
NSE,4h,ATGL.NS,7695d21ecc092f06,2026-09-11T11:02:49.035943+05:30,BE,BE,-0.045538394031241436,0.01715830578183755,2026-09-11T12:10:00+05:30,2026-09-11T12:10:00+05:30
NSE,4h,DLF.NS,9d7b5812fa0872d2,2026-09-11T12:02:49.700495+05:30,BE,BE,-0.06544621738871123,0.024659328334029923,2026-09-11T12:15:00+05:30,2026-09-11T12:15:00+05:30
NSE,4h,INDIGO.NS,4a88c53ca0f20e8e,2026-09-11T12:42:17.823621+05:30,BE,BE,-0.06840963760599672,0.02577590855893086,2026-09-11T12:45:00+05:30,2026-09-11T12:45:00+05:30
NSE,4h,BAJAJ-AUTO.NS,c7fb6dcb3c0266c2,2026-09-15T10:02:32.530959+05:30,BE,BE,-0.08877198633671346,0.03344819067140886,2026-09-15T10:10:00+05:30,2026-09-15T10:10:00+05:30
NSE,4h,GILLETTE.NS,9ee118de9cac325c,2026-09-15T10:02:35.511414+05:30,BE,BE,-0.061158042258368,0.02304359678051668,2026-09-15T10:05:00+05:30,2026-09-15T10:05:00+05:30
NSE,4h,LTF.NS,445334f0e5836cf6,2026-09-15T13:02:40.332253+05:30,BE,BE,-0.05977052245373335,0.02252079641408483,2026-09-15T13:20:00+05:30,2026-09-15T13:20:00+05:30
NSE,4h,FORTIS.NS,c70e929dbb0bbc79,2026-09-15T13:42:15.559464+05:30,BE,BE,-0.0659550168371236,0.02485103769716418,2026-09-15T14:10:00+05:30,2026-09-15T14:10:00+05:30
NSE,4h,PHOENIXLTD.NS,a6a19f668c4c74d3,2026-09-15T14:22:28.169538+05:30,BE,BE,-0.060799303405324176,0.02290842840080573,2026-09-15T14:25:00+05:30,2026-09-15T14:25:00+05:30
NSE,4h,MFSL.NS,8a94824671d434d3,2026-09-15T14:22:28.457044+05:30,BE,BE,-0.05583992790506445,0.021039796817911877,2026-09-15T14:25:00+05:30,2026-09-15T14:25:00+05:30
NSE,4h,JINDALSTEL.NS,ee48bd87a5913f1a,2026-09-16T09:22:12.217507+05:30,BE,BE,-0.07685446708858665,0.028957816257257157,2026-09-16T09:35:00+05:30,2026-09-16T09:35:00+05:30
NSE,4h,MARUTI.NS,8dd38420ef63c8e0,2026-09-16T09:42:41.436448+05:30,BE,BE,-0.06284180005425982,0.023678015972052935,2026-09-16T09:45:00+05:30,2026-09-16T09:45:00+05:30
NSE,4h,SBICARD.NS,21fd6b0314438ee8,2026-09-16T09:42:42.574233+05:30,BE,BE,-0.0668478588414192,0.025187449563450676,2026-09-16T09:45:00+05:30,2026-09-16T09:45:00+05:30
NSE,4h,GMRAIRPORT.NS,850d6fd3287e9a15,2026-09-16T10:02:35.892942+05:30,BE,BE,-0.05679310928277011,0.021398943816672178,2026-09-16T10:05:00+05:30,2026-09-16T10:05:00+05:30
NSE,4h,APARINDS.NS,3a4b0a18ce4d04c4,2026-09-16T10:02:36.147455+05:30,BE,BE,-0.04610607700088652,0.017372201730252973,2026-09-16T10:05:00+05:30,2026-09-16T10:05:00+05:30
NSE,4h,APARINDS.NS,50a3216287a7dd71,2026-09-18T09:42:13.073192+05:30,BE,BE,-0.05216377464530966,0.019719749245058538,2026-09-18T09:45:00+05:30,2026-09-18T09:45:00+05:30
NSE,4h,CASTROLIND.NS,51d4a7fef79cafae,2026-09-18T10:22:05.027686+05:30,BE,BE,-0.08320624489961326,0.03145489942398122,2026-09-18T11:25:00+05:30,2026-09-18T11:25:00+05:30
NSE,4h,EIHOTEL.NS,b2f9a99d455e0be9,2026-09-18T11:22:02.622662+05:30,BE,BE,-0.0697370957986794,0.026363085332276603,2026-09-18T11:25:00+05:30,2026-09-18T11:25:00+05:30
NSE,4h,JYOTICNC.NS,a10c83745c538480,2026-09-18T14:02:33.868958+05:30,BE,BE,-0.056364080241666295,0.021307613115648605,2026-09-18T14:40:00+05:30,2026-09-18T14:40:00+05:30
NSE,4h,CARBORUNIV.NS,aececebf33b07376,2026-09-22T09:42:24.005689+05:30,BE,BE,-0.05197813584666425,0.019649571222374596,2026-09-22T09:45:00+05:30,2026-09-22T09:45:00+05:30
NSE,4h,NTPCGREEN.NS,2c7689d142a6d4c2,2026-09-22T10:02:37.231672+05:30,BE,BE,-0.07775282783707393,0.029393315159172595,2026-09-22T11:05:00+05:30,2026-09-22T11:05:00+05:30
NSE,4h,MCX.NS,d51db3508e7bb0fb,2026-09-24T12:42:51.068234+05:30,BE,BE,-0.06375919574074268,0.02410322797041864,2026-09-24T12:45:00+05:30,2026-09-24T12:45:00+05:30
NSE,4h,HDBFS.NS,25d36af5f7f479dc,2026-09-24T14:22:15.558800+05:30,BE,BE,-0.06958956285776569,0.02622048985564837,2026-09-24T14:25:00+05:30,2026-09-24T14:25:00+05:30
NSE,4h,SBICARD.NS,892924f0f6382250,2026-09-25T09:42:14.738091+05:30,BE,BE,-0.06684858547320674,0.02518772334935704,2026-09-25T09:45:00+05:30,2026-09-25T09:45:00+05:30
NSE,4h,CESC.NS,417aeedca38fdf78,2026-09-25T10:02:54.475144+05:30,BE,BE,-0.06300246740481072,0.023738553450090155,2026-09-25T10:05:00+05:30,2026-09-25T10:05:00+05:30
NSE,4h,GODREJCP.NS,f6849db13a47a683,2026-09-28T09:42:29.255116+05:30,BE,BE,-0.05125756886270173,0.01931322039105532,2026-09-28T10:05:00+05:30,2026-09-28T10:05:00+05:30
NSE,4h,KALYANKJIL.NS,ccb7222188c1ab49,2026-09-28T09:42:29.658096+05:30,BE,BE,-0.0407231999999982,0.015343999999998081,2026-09-28T14:35:00+05:30,2026-09-28T14:35:00+05:30
NSE,4h,ACC.NS,fd6adffeb0728538,2026-09-28T09:42:29.851964+05:30,BE,BE,-0.08522060306799967,0.03211007321317447,2026-09-28T09:45:00+05:30,2026-09-28T09:45:00+05:30
NSE,4h,GODREJIND.NS,b04740d2c3a033cf,2026-09-28T10:22:01.708901+05:30,BE,BE,-0.04072320000000147,0.015343999999994182,2026-09-28T10:25:00+05:30,2026-09-28T10:25:00+05:30
NSE,4h,ASTRAL.NS,3e919c7a003df023,2026-09-28T10:42:29.356947+05:30,BE,BE,-0.04072319999999119,0.015344000000005797,2026-09-28T10:45:00+05:30,2026-09-28T10:45:00+05:30
NSE,4h,CONCOR.NS,5fae13cef938d298,2026-09-28T11:02:24.858476+05:30,BE,BE,-0.05212627166925504,0.019640536905079387,2026-09-28T11:05:00+05:30,2026-09-28T11:05:00+05:30
NSE,4h,AWL.NS,c479b1a33e9b212b,2026-09-28T11:22:40.659872+05:30,BE,BE,-0.09015499282140038,0.033969290474499814,2026-09-28T13:15:00+05:30,2026-09-28T13:15:00+05:30
NSE,4h,AADHARHFC.NS,38d85357bc4a0bd2,2026-09-28T11:22:40.908071+05:30,BE,BE,-0.04693509897968014,0.01768456699729265,2026-09-28T11:25:00+05:30,2026-09-28T11:25:00+05:30
NSE,4h,MRF.NS,7c64961834bb1a11,2026-09-29T09:22:19.086655+05:30,BE,BE,-0.04072319999999714,0.015344000000005256,2026-09-29T09:25:00+05:30,2026-09-29T09:25:00+05:30
NSE,4h,IRCTC.NS,bd7bca0374a60f4b,2026-09-29T09:22:19.560763+05:30,BE,BE,-0.040723199999999155,0.015344000000004007,2026-09-29T09:25:00+05:30,2026-09-29T09:25:00+05:30
NSE,4h,CENTRALBK.NS,1d66807079c737e2,2026-09-29T09:22:19.859936+05:30,BE,BE,-0.04072320000000389,0.015344000000001162,2026-09-29T09:25:00+05:30,2026-09-29T09:25:00+05:30
NSE,4h,AFFLE.NS,7cea9741d6823c17,2026-09-29T10:03:30.726918+05:30,BE,BE,-0.04072319999999785,0.015344000000006658,2026-09-29T10:05:00+05:30,2026-09-29T10:05:00+05:30
NSE,4h,OIL.NS,642fb82ae2d8efe2,2026-09-29T10:22:25.701660+05:30,BE,BE,-0.04719190466458252,0.01778132821520384,2026-09-29T10:25:00+05:30,2026-09-29T10:25:00+05:30
NSE,4h,COCHINSHIP.NS,532a096f7ad091b2,2026-09-29T10:42:43.887041+05:30,BE,BE,-0.04072320000001088,0.015343999999996777,2026-09-29T10:45:00+05:30,2026-09-29T10:45:00+05:30
NSE,4h,GODFRYPHLP.NS,a1466861e0684cfb,2026-09-29T10:42:44.138678+05:30,BE,BE,-0.09220285552626334,0.03474089990950685,2026-09-29T10:45:00+05:30,2026-09-29T10:45:00+05:30
NSE,4h,GLAND.NS,31defdaaf2d46795,2026-09-29T13:22:36.101546+05:30,BE,BE,-0.040230905861457736,0.015208703374780086,2026-09-29T14:10:00+05:30,2026-09-29T14:10:00+05:30
NSE,4h,BDL.NS,46091f0f46872289,2026-09-29T13:22:36.275570+05:30,BE,BE,-0.05184980715050924,0.019536368480807004,2026-09-29T13:35:00+05:30,2026-09-29T13:35:00+05:30
NSE,4h,ESCORTS.NS,12f15c28d79b91ef,2026-09-30T09:22:36.135390+05:30,BE,BE,-0.04072320000000586,0.015344000000000704,2026-09-30T09:25:00+05:30,2026-09-30T09:25:00+05:30
NSE,4h,SBICARD.NS,5d670a8ac4b561da,2026-09-30T10:42:35.752026+05:30,BE,BE,-0.05921195530725923,0.022310335195539488,2026-09-30T10:45:00+05:30,2026-09-30T10:45:00+05:30
NSE,4h,KEI.NS,0b9ae43f3c5be975,2026-09-30T10:42:36.062168+05:30,BE,BE,-0.04072319999999978,0.01534400000000008,2026-09-30T11:00:00+05:30,2026-09-30T11:00:00+05:30
NSE,4h,FEDERALBNK.NS,455c560a319bd832,2026-09-30T11:02:45.137502+05:30,BE,BE,-0.07651272274306295,0.028829051198566297,2026-09-30T11:05:00+05:30,2026-09-30T11:05:00+05:30
NSE,4h,CRISIL.NS,61fe87e24d4697e8,2026-09-30T11:42:35.511343+05:30,BE,BE,-0.04093789993756501,0.015424896291108492,2026-09-30T12:50:00+05:30,2026-09-30T12:50:00+05:30
NSE,4h,KEI.NS,14449dd967862972,2026-10-01T09:22:47.822459+05:30,BE,BE,-0.04072319999999978,0.01534400000000008,2026-10-01T09:25:00+05:30,2026-10-01T09:25:00+05:30
NSE,4h,LALPATHLAB.NS,37d04390f22e63ea,2026-10-01T10:02:57.633523+05:30,BE,BE,-0.04023090586146291,0.015208703374777435,2026-10-01T11:40:00+05:30,2026-10-01T11:40:00+05:30
NSE,4h,M&MFIN.NS,cdf603dbf84aeb09,2026-10-01T12:22:48.695802+05:30,BE,BE,-0.04281434392724423,0.01613191726632393,2026-10-01T12:25:00+05:30,2026-10-01T12:25:00+05:30
NSE,4h,CHENNPETRO.NS,42066005a1add936,2026-10-01T14:02:51.798811+05:30,BE,BE,-0.05144535643872404,0.019383976435934647,2026-10-01T14:05:00+05:30,2026-10-01T14:05:00+05:30
