market,timeframe,gate,symbol,side,event_time_ist,zone_bottom,zone_top,planned_entry,stop_price,rebuilt,filled,final_result,realized_r,net_realized_r
crypto,30m,False,BCHUSD,short,2026-08-07 12:35:00+05:30,215.62,215.72,215.62,,False,False,,,
crypto,30m,False,HYPEUSD,short,2026-08-07 14:10:00+05:30,56.45,56.64,56.45,56.6875,False,True,SL,-1.1193421052631496,-1.3570263157894682
crypto,30m,False,LTCUSD,short,2026-08-07 14:10:00+05:30,45.92824948538893,45.93,45.92824948538893,,False,False,,,
crypto,30m,False,SOLUSD,short,2026-08-07 14:40:00+05:30,73.527,73.63,73.527,,False,False,,,
crypto,30m,False,BTCUSD,short,2026-08-07 14:55:00+05:30,64964.0,65020.5,64964.0,,True,False,,,
crypto,30m,False,ETHUSD,short,2026-08-07 15:00:00+05:30,1919.35,1927.25,1919.35,,True,False,,,
crypto,30m,False,ZECUSD,short,2026-08-07 15:25:00+05:30,512.42,515.15,512.42,515.8325,False,True,BE,0.169530309157506,0.01937060219780004
crypto,30m,False,BCHUSD,short,2026-08-07 16:35:00+05:30,216.71,217.44,216.71,217.6225,True,True,SL,-1.1192452054794553,-1.3567356164383608
crypto,30m,False,BTCUSD,short,2026-08-07 16:50:00+05:30,65322.0,65697.0,65322.0,65790.75,False,True,BE,0.15733021439999964,0.017976614399999646
crypto,30m,False,HUSD,short,2026-08-07 17:20:00+05:30,0.08274,0.08296,0.08274,0.083015,True,True,SL,-1.1509363636363426,-1.4518090909090575
crypto,30m,False,DOGEUSD,short,2026-08-07 17:35:00+05:30,0.07008,0.07022,0.07008,0.07025500000000001,False,True,BE,0.4521161142856963,0.05165897142857284
crypto,30m,False,ETHUSD,short,2026-08-07 17:35:00+05:30,1928.8,1936.3,1928.8,1938.175,True,True,data_quality_ambiguous,,
crypto,30m,False,SOLUSD,short,2026-08-07 17:40:00+05:30,74.227,74.368,74.227,74.40324999999999,False,True,+2R,2.0,1.5788539007091764
crypto,30m,False,HUSD,short,2026-08-07 18:10:00+05:30,0.08516865079365078,0.08585,0.08516865079365078,0.0860203373015873,True,True,SL,-1.0505000000000042,-1.1505000000000032
crypto,30m,False,BNBUSD,short,2026-08-07 19:10:00+05:30,594.05,594.34,594.05,,True,False,,,
crypto,30m,False,VELVETUSD,short,2026-08-07 19:55:00+05:30,0.4844,0.4846,0.4844,,False,False,,,
crypto,30m,False,TACUSD,long,2026-08-07 20:05:00+05:30,0.00318,0.003193,0.003193,0.00317675,False,True,SL,-1.097746153846158,-1.2942384615384632
crypto,30m,False,HUSD,short,2026-08-07 20:45:00+05:30,0.09293650793650794,0.09368,0.09293650793650794,0.09386587301587301,True,True,data_quality_ambiguous,,
crypto,30m,False,TACUSD,long,2026-08-07 21:50:00+05:30,0.003128,0.0031283800511388857,0.0031283800511388857,,False,False,,,
crypto,30m,False,HYPEUSD,long,2026-08-07 22:10:00+05:30,54.71,54.81,54.81,54.685,True,True,SL,-1.2187400000000252,-1.6572200000000252
crypto,30m,False,XRPUSD,long,2026-08-07 22:25:00+05:30,1.0153,1.0174,1.0174,1.0147750000000002,True,True,SL,-1.1932904761904473,-1.5808714285714178
crypto,30m,False,AVAXUSD,long,2026-08-07 22:30:00+05:30,6.353,6.384,6.384,6.34525,True,True,BE,0.18600092903225993,0.021252541935486924
crypto,30m,False,HYPEUSD,long,2026-08-07 23:05:00+05:30,53.61,53.61304153768305,53.61304153768305,,False,False,,,
crypto,30m,False,LTCUSD,long,2026-08-07 23:15:00+05:30,45.37,45.41,45.41,,True,False,,,
crypto,30m,False,TRUMP/USDT,short,2026-08-07 23:55:00+05:30,1.506,1.509,1.506,,True,False,,,
crypto,30m,False,AAVEUSD,long,2026-08-08 08:15:00+05:30,89.03,89.189,89.189,,True,False,,,
crypto,30m,False,AKE/USDT,long,2026-08-08 08:30:00+05:30,0.0039175,0.0039469,0.0039469,,True,False,,,
crypto,30m,False,DOGEUSD,short,2026-08-08 08:35:00+05:30,0.07019,0.0704,0.07019,0.0704525,True,True,SL,-1.134195238095262,-1.4015857142857393
crypto,30m,False,SOLUSD,short,2026-08-08 08:40:00+05:30,74.1311,74.369,74.1311,74.42847499999999,True,True,SL,-1.1251424548129358,-1.374427364438839
crypto,30m,False,BNBUSD,short,2026-08-08 09:00:00+05:30,593.16,594.35,593.16,594.6475,True,True,SL,-1.1998815126050546,-1.5986445378151204
crypto,30m,False,SOLUSD,short,2026-08-08 09:00:00+05:30,74.558,74.8152,74.558,74.87950000000001,True,True,BE,0.2618226500777757,0.029915962674976537
crypto,30m,False,XRPUSD,short,2026-08-08 09:00:00+05:30,1.0401,1.0437,1.0401,,True,False,,,
crypto,30m,False,BCHUSD,short,2026-08-08 09:20:00+05:30,217.1,218.14,217.1,,True,False,,,
crypto,30m,False,SOLUSD,short,2026-08-08 09:25:00+05:30,75.138,75.318,75.138,75.363,True,True,+2R,2.0,1.6660533333333247
crypto,30m,False,HUSD,long,2026-08-08 10:15:00+05:30,0.07678,0.0773,0.0773,0.07665,True,True,SL,-1.0589615384615474,-1.1778846153846247
crypto,30m,False,HUSD,long,2026-08-08 10:30:00+05:30,0.07298,0.07356384,0.07356384,0.07283404,True,True,SL,-1.0498999999999978,-1.1506999999999974
crypto,30m,False,HUSD,long,2026-08-08 10:35:00+05:30,0.07211,0.07222,0.07222,,False,False,,,
crypto,30m,False,RIVERUSD,long,2026-08-08 12:15:00+05:30,2.9,2.9232,2.9232,2.8941999999999997,False,True,SL,-1.0499000000000005,-1.1506999999999992
crypto,30m,False,BCHUSD,short,2026-08-08 13:20:00+05:30,217.1,218.14,217.1,218.39999999999998,True,True,BE,0.18854300000000143,0.02154299999999923
crypto,30m,False,BEAT/USDT,short,2026-08-08 14:15:00+05:30,2.2685515873015873,2.2867,2.2685515873015873,2.2912371031746033,False,True,SL,-1.0505000000000067,-1.1505000000000065
crypto,30m,False,DOGEUSD,short,2026-08-08 14:30:00+05:30,0.07067,0.07078,0.07067,,True,False,,,
crypto,30m,False,BNBUSD,short,2026-08-08 15:00:00+05:30,596.49,598.21,596.49,,False,False,,,
crypto,30m,False,SOLUSD,short,2026-08-08 15:00:00+05:30,75.138,75.318,75.138,,True,False,,,
crypto,30m,False,XRPUSD,short,2026-08-08 15:00:00+05:30,1.0401,1.0437,1.0401,1.0446,True,True,BE,0.26094953333332294,0.02981619999998697
crypto,30m,False,ZORAUSD,short,2026-08-08 15:00:00+05:30,0.005319717255094349,0.00532,0.005319717255094349,,False,False,,,
crypto,30m,False,BEAT/USDT,short,2026-08-08 15:05:00+05:30,2.4618,2.4765,2.4618,2.480175,False,True,data_quality_ambiguous,,
crypto,30m,False,LINKUSD,short,2026-08-08 15:35:00+05:30,8.333,8.34,8.333,,True,False,,,
crypto,30m,False,BEAT/USDT,short,2026-08-08 16:45:00+05:30,2.6527777777777777,2.674,2.6527777777777777,,True,False,,,
crypto,30m,False,ZECUSD,long,2026-08-08 16:45:00+05:30,498.81,499.11,499.11,,False,False,,,
crypto,30m,False,BCHUSD,short,2026-08-08 17:25:00+05:30,217.1,218.14,217.1,,True,False,,,
crypto,30m,False,UNIUSD,long,2026-08-08 18:15:00+05:30,3.937,3.964,3.964,3.93025,True,True,+1R,1.0,0.882548148148148
crypto,30m,False,DOGEUSD,short,2026-08-08 18:30:00+05:30,0.07067,0.07078,0.07067,,True,False,,,
crypto,30m,False,AAVEUSD,short,2026-08-08 19:00:00+05:30,91.19,91.31,91.19,,True,False,,,
crypto,30m,False,BNBUSD,short,2026-08-08 19:00:00+05:30,596.49,598.21,596.49,598.6400000000001,False,True,SL,-1.1392186046511412,-1.416655813953455
crypto,30m,False,BNBUSD,short,2026-08-08 19:50:00+05:30,603.59,605.34,603.59,605.7775,True,True,SL,-1.1384634285714128,-1.41439028571427
crypto,30m,False,DOGEUSD,short,2026-08-08 19:55:00+05:30,0.07109,0.07154,0.07109,0.07165250000000001,True,True,Neither,-0.14222222222221453,-0.2686044444444351
crypto,30m,False,BTCUSD,short,2026-08-08 20:00:00+05:30,65266.0,65365.0,65266.0,,True,False,,,
crypto,30m,False,LINKUSD,short,2026-08-08 20:40:00+05:30,8.399,8.451,8.399,,True,False,,,
crypto,30m,False,SOLUSD,short,2026-08-08 20:45:00+05:30,76.919,77.52,76.919,,True,False,,,
crypto,30m,False,XRPUSD,short,2026-08-08 21:40:00+05:30,1.051,1.0548,1.051,,False,False,,,
crypto,30m,False,TRUMP/USDT,short,2026-08-08 23:00:00+05:30,1.506,1.509,1.506,1.50975,True,True,+2R,2.0,1.5983999999999914
crypto,30m,False,BEAT/USDT,short,2026-08-09 08:00:00+05:30,3.1488,3.1698,3.1488,3.1750499999999997,False,True,SL,-1.0604771428571491,-1.1804314285714363
crypto,30m,False,ZECUSD,short,2026-08-09 08:05:00+05:30,514.68,517.52,514.68,,True,False,,,
crypto,30m,False,BLESSUSD,long,2026-08-09 08:15:00+05:30,0.012015,0.01211112,0.01211112,0.01199097,True,True,+2R,2.0,1.8991999999999996
crypto,30m,False,UNIUSD,long,2026-08-09 08:20:00+05:30,3.937,3.964,3.964,3.93025,True,True,BE,0.1326031407407389,0.015151288888886838
crypto,30m,False,AVAXUSD,long,2026-08-09 08:40:00+05:30,6.418,6.424,6.424,,False,False,,,
crypto,30m,False,BCHUSD,long,2026-08-09 08:40:00+05:30,214.39,214.39750814624523,214.39750814624523,,False,False,,,
crypto,30m,False,BTCUSD,long,2026-08-09 08:45:00+05:30,64495.5,64577.0,64577.0,,False,False,,,
crypto,30m,False,SOLUSD,short,2026-08-09 12:00:00+05:30,76.529,76.8301,76.529,76.905375,True,True,+1R,1.0,0.7966682165393612
crypto,30m,False,LINKUSD,short,2026-08-09 12:30:00+05:30,8.363,8.394,8.363,,True,False,,,
crypto,30m,False,TACUSD,long,2026-08-09 12:40:00+05:30,0.003066,0.003068,0.003068,,False,False,,,
crypto,30m,False,TACUSD,long,2026-08-09 12:40:00+05:30,0.003109,0.0031092065646880166,0.0031092065646880166,,False,False,,,
crypto,30m,False,ZECUSD,short,2026-08-09 12:45:00+05:30,514.68,517.52,514.68,,True,False,,,
crypto,30m,False,AKE/USDT,short,2026-08-09 13:15:00+05:30,0.0041393,0.0041709,0.0041393,,True,False,,,
crypto,30m,False,TACUSD,long,2026-08-09 13:20:00+05:30,0.003008,0.003015,0.003015,,False,False,,,
crypto,30m,False,ETHUSD,short,2026-08-09 13:30:00+05:30,1923.1,1925.9,1923.1,,True,False,,,
crypto,30m,False,RIVERUSD,long,2026-08-09 13:45:00+05:30,2.761,2.766,2.766,2.7597500000000004,True,True,SL,-1.2207800000000175,-1.6633400000000427
crypto,30m,False,BLESSUSD,short,2026-08-09 14:00:00+05:30,0.01483,0.014915,0.01483,,False,False,,,
crypto,30m,False,HYPEUSD,long,2026-08-09 14:05:00+05:30,54.33,54.35,54.35,,False,False,,,
crypto,30m,False,ZECUSD,short,2026-08-09 15:30:00+05:30,524.34,526.01,524.34,526.4275,True,True,SL,-1.126090419161667,-1.377271257485023
crypto,30m,False,TRUMP/USDT,long,2026-08-09 16:40:00+05:30,1.468,1.473,1.473,,False,False,,,
crypto,30m,False,BTCUSD,short,2026-08-09 17:05:00+05:30,65109.5,65169.5,65109.5,,True,False,,,
crypto,30m,False,AKE/USDT,short,2026-08-09 17:50:00+05:30,0.0041393,0.0041709,0.0041393,,True,False,,,
crypto,30m,False,ETHUSD,short,2026-08-09 18:40:00+05:30,1923.1,1925.9,1923.1,,True,False,,,
crypto,30m,False,BNBUSD,short,2026-08-09 18:45:00+05:30,607.89,611.74,607.89,612.7025,True,True,Neither,0.08519480519479858,-0.041120000000006623
crypto,30m,False,SOLUSD,short,2026-08-09 18:45:00+05:30,76.919,77.52,76.919,77.67025,True,True,Neither,-0.41131447587354136,-0.5137024958402636
crypto,30m,False,UNIUSD,short,2026-08-09 18:50:00+05:30,4.032,4.039,4.032,4.040749999999999,True,True,SL,-1.2309000000000057,-1.6917000000000506
crypto,30m,False,BTCUSD,short,2026-08-09 19:00:00+05:30,65266.0,65365.0,65266.0,,True,False,,,
crypto,30m,False,BTCUSD,short,2026-08-09 19:10:00+05:30,65322.0,65697.0,65322.0,,False,False,,,
crypto,30m,False,BCHUSD,short,2026-08-09 20:30:00+05:30,218.3,218.87,218.3,219.0125,True,True,+2R,2.0,1.6936140350877094
crypto,30m,False,TRUMP/USDT,short,2026-08-09 20:45:00+05:30,1.505,1.509,1.505,1.5099999999999998,True,True,BE,0.3398289999999876,0.038828999999981184
crypto,30m,False,UNIUSD,short,2026-08-09 20:45:00+05:30,4.088,4.097,4.088,4.0992500000000005,False,True,+2R,2.0,1.636622222222236
crypto,30m,False,LINKUSD,short,2026-08-09 21:10:00+05:30,8.363,8.394,8.363,,True,False,,,
crypto,30m,False,VELVETUSD,long,2026-08-09 21:10:00+05:30,0.45,0.4536,0.4536,0.4491,True,True,SL,-1.0498999999999978,-1.1506999999999978
crypto,30m,False,AVAXUSD,short,2026-08-09 21:25:00+05:30,6.558,6.588,6.558,6.5955,True,True,BE,0.19743951999998618,0.022559519999988648
crypto,30m,False,AAVEUSD,short,2026-08-09 21:35:00+05:30,92.19,92.32,92.19,,True,False,,,
crypto,30m,False,AKE/USDT,short,2026-08-09 21:50:00+05:30,0.0042286,0.0042502,0.0042286,0.0042556,False,True,SL,-1.0788074074073926,-1.2354222222222067
crypto,30m,False,AKE/USDT,short,2026-08-09 21:50:00+05:30,0.0041393,0.0041709,0.0041393,0.0041788,True,True,SL,-1.0528962025316562,-1.1576886075949484
crypto,30m,False,AKE/USDT,short,2026-08-09 21:55:00+05:30,0.0043195,0.0043509,0.0043195,,True,False,,,
crypto,30m,False,XRPUSD,short,2026-08-09 22:15:00+05:30,1.0481,1.0494,1.0481,,True,False,,,
crypto,30m,False,BTCUSD,short,2026-08-09 23:00:00+05:30,65266.0,65365.0,65266.0,,True,False,,,
crypto,30m,False,BTCUSD,short,2026-08-09 23:10:00+05:30,65322.0,65697.0,65322.0,,False,False,,,
crypto,30m,False,AKE/USDT,short,2026-08-10 08:00:00+05:30,0.0043177579365079365,0.0043523,0.0043177579365079365,0.004360935515873016,True,True,+1R,1.0,0.9000000000000004
crypto,30m,False,LTCUSD,long,2026-08-10 08:00:00+05:30,45.3,45.36,45.36,,True,False,,,
crypto,30m,False,ZECUSD,long,2026-08-10 08:00:00+05:30,505.61,507.53,507.53,,False,False,,,
crypto,30m,False,HUSD,short,2026-08-10 08:10:00+05:30,0.08008,0.08036,0.08008,0.08043,False,True,SL,-1.1148999999999882,-1.3436999999999861
crypto,30m,False,VELVETUSD,long,2026-08-10 08:10:00+05:30,0.44,0.44352,0.44352,,True,False,,,
crypto,30m,False,BNBUSD,long,2026-08-10 08:40:00+05:30,599.23,600.28,600.28,,False,False,,,
crypto,30m,False,LINKUSD,long,2026-08-10 08:40:00+05:30,8.157,8.161,8.161,,False,False,,,
crypto,30m,False,BTCUSD,long,2026-08-10 08:45:00+05:30,64706.0,64759.0,64759.0,,True,False,,,
crypto,30m,False,BEAT/USDT,long,2026-08-10 08:50:00+05:30,2.7158,2.729,2.729,2.7125000000000004,False,True,SL,-1.0821969696969813,-1.2475909090909234
crypto,30m,False,ZORAUSD,long,2026-08-10 10:00:00+05:30,0.00523,0.005230221892767043,0.005230221892767043,,False,False,,,
crypto,30m,False,HYPEUSD,long,2026-08-10 10:25:00+05:30,53.41,53.83728,53.83728,,True,False,,,
crypto,30m,False,RIVERUSD,short,2026-08-10 10:45:00+05:30,2.71,2.727,2.71,2.7312499999999997,False,True,BE,0.14398070588234932,0.01645129411764204
crypto,30m,False,AVAXUSD,short,2026-08-10 11:15:00+05:30,6.56,6.592,6.56,6.6,True,True,+1R,1.0,0.8360000000000002
crypto,30m,False,ETHUSD,short,2026-08-10 11:45:00+05:30,1932.0,1940.6,1932.0,,True,False,,,
crypto,30m,False,AAVEUSD,short,2026-08-10 12:30:00+05:30,93.0,93.27,93.0,,False,False,,,
crypto,30m,False,HYPEUSD,short,2026-08-10 13:30:00+05:30,54.97,55.08,54.97,,False,False,,,
crypto,30m,False,VELVETUSD,long,2026-08-10 15:20:00+05:30,0.44,0.44352,0.44352,0.43912,True,True,SL,-1.0499000000000016,-1.1507000000000014
crypto,30m,False,VELVETUSD,long,2026-08-10 15:30:00+05:30,0.4314,0.433,0.433,0.431,False,True,SL,-1.1077499999999898,-1.3242499999999897
crypto,30m,False,AVAXUSD,short,2026-08-10 17:30:00+05:30,6.56,6.592,6.56,,True,False,,,
crypto,30m,False,HYPEUSD,short,2026-08-10 17:30:00+05:30,54.97,55.08,54.97,55.1075,False,True,SL,-1.2003909090909246,-1.6001727272727346
crypto,30m,False,HYPEUSD,short,2026-08-10 17:35:00+05:30,55.25,55.38,55.25,55.4125,True,True,+1R,1.0,0.660000000000003
crypto,30m,False,LINKUSD,short,2026-08-10 17:40:00+05:30,8.363,8.394,8.363,,True,False,,,
crypto,30m,False,XRPUSD,long,2026-08-10 18:05:00+05:30,1.0282,1.0296,1.0296,,True,False,,,
crypto,30m,False,BTCUSD,long,2026-08-10 18:10:00+05:30,64706.0,64759.0,64759.0,,True,False,,,
crypto,30m,False,ETHUSD,long,2026-08-10 18:10:00+05:30,1904.15,1907.2,1907.2,,False,False,,,
crypto,30m,False,BNBUSD,long,2026-08-10 19:00:00+05:30,599.23,600.28,600.28,598.9675,False,True,+1R,1.0,0.5426438095238095
crypto,30m,False,BTCUSD,long,2026-08-10 19:00:00+05:30,64495.5,64577.0,64577.0,,False,False,,,
crypto,30m,False,ETHUSD,long,2026-08-10 19:00:00+05:30,1891.7,1896.75,1896.75,1890.4375,True,True,BE,0.33923655445543394,0.038761306930681416
crypto,30m,False,UNIUSD,long,2026-08-10 19:00:00+05:30,3.9861,3.9863369899249723,3.9863369899249723,,False,False,,,
crypto,30m,False,BCHUSD,long,2026-08-10 19:20:00+05:30,213.79,213.89,213.89,,True,False,,,
crypto,30m,False,AAVEUSD,long,2026-08-10 20:25:00+05:30,90.28,90.57,90.57,90.20750000000001,True,True,SL,-1.124424137931028,-1.3742724137931088
crypto,30m,False,BEAT/USDT,long,2026-08-10 20:25:00+05:30,2.0845,2.098,2.098,2.0811249999999997,False,True,SL,-1.0616629629629661,-1.1859888888888905
crypto,30m,False,TACUSD,long,2026-08-10 20:35:00+05:30,0.003029,0.0030291945764641943,0.0030291945764641943,,False,False,,,
crypto,30m,False,UNIUSD,long,2026-08-10 20:40:00+05:30,3.937,3.964,3.964,3.93025,True,True,SL,-1.058225925925923,-1.1756777777777752
crypto,30m,False,SOLUSD,long,2026-08-10 20:50:00+05:30,75.756,75.777,75.777,,False,False,,,
crypto,30m,False,ZORAUSD,long,2026-08-10 20:50:00+05:30,0.00523,0.005230221892767043,0.005230221892767043,,False,False,,,
crypto,30m,False,BTCUSD,long,2026-08-10 20:55:00+05:30,64134.0,64160.0,64160.0,,True,False,,,
crypto,30m,False,ETHUSD,long,2026-08-10 20:55:00+05:30,1854.6,1867.35,1867.35,,True,False,,,
crypto,30m,False,TACUSD,long,2026-08-10 20:55:00+05:30,0.003008,0.003015,0.003015,0.00300625,False,True,SL,-1.1717857142856962,-1.5163571428571219
crypto,30m,False,TRUMP/USDT,long,2026-08-10 20:55:00+05:30,1.482,1.4820616733414353,1.4820616733414353,,False,False,,,
crypto,30m,False,ZECUSD,long,2026-08-10 20:55:00+05:30,497.93,498.17,498.17,,True,False,,,
crypto,30m,False,TACUSD,long,2026-08-10 21:10:00+05:30,0.002941,0.002955,0.002955,,True,False,,,
crypto,30m,False,BTCUSD,long,2026-08-10 21:30:00+05:30,63852.5,64038.5,64038.5,63806.0,True,True,BE,0.3109654473118304,0.035531038709679885
crypto,30m,False,BEAT/USDT,long,2026-08-10 21:40:00+05:30,1.9539,1.965,1.965,1.951125,False,True,SL,-1.0703108108108164,-1.2119324324324372
crypto,30m,False,HYPEUSD,long,2026-08-10 22:20:00+05:30,53.41,53.83728,53.83728,,True,False,,,
crypto,30m,False,XRPUSD,long,2026-08-10 22:20:00+05:30,1.0132,1.0162,1.0162,,True,False,,,
crypto,30m,False,AAVEUSD,long,2026-08-10 22:25:00+05:30,89.03,89.189,89.189,88.99025,True,True,+2R,2.0,1.5512503144653857
crypto,30m,False,AKE/USDT,long,2026-08-10 22:50:00+05:30,0.0038276,0.0038581,0.0038581,0.0038199749999999998,True,True,BE,0.11425035803278955,0.013054292459020095
crypto,30m,False,BEAT/USDT,long,2026-08-10 23:00:00+05:30,1.8247,1.8392976,1.8392976,1.8210506,False,True,SL,-1.0498999999999947,-1.150699999999994
crypto,30m,False,AVAXUSD,short,2026-08-11 08:15:00+05:30,6.56,6.592,6.56,,True,False,,,
crypto,30m,False,BLESSUSD,short,2026-08-11 08:30:00+05:30,0.01483,0.014915,0.01483,0.01493625,False,True,data_quality_ambiguous,,
crypto,30m,False,TACUSD,long,2026-08-11 10:50:00+05:30,0.002941,0.002955,0.002955,0.0029375,True,True,SL,-1.0839285714285802,-1.2527857142857215
crypto,30m,False,ZECUSD,long,2026-08-11 10:50:00+05:30,488.93,490.75,490.75,488.475,True,True,SL,-1.1073571428571427,-1.3230714285714307
crypto,30m,False,LINKUSD,short,2026-08-11 11:50:00+05:30,8.519,8.529,8.519,,True,False,,,
crypto,30m,False,ETHUSD,long,2026-08-11 12:00:00+05:30,1854.6,1867.35,1867.35,,True,False,,,
crypto,30m,False,BNBUSD,long,2026-08-11 12:30:00+05:30,597.3,598.42,598.42,,True,False,,,
crypto,30m,False,ZECUSD,long,2026-08-11 12:45:00+05:30,484.8,486.05,486.05,484.4875,False,True,BE,0.351200288,0.04012828800000001
crypto,30m,False,BNBUSD,short,2026-08-11 14:05:00+05:30,606.4,606.46,606.4,,False,False,,,
crypto,30m,False,TACUSD,long,2026-08-11 14:30:00+05:30,0.002846,0.002868768,0.002868768,,True,False,,,
crypto,30m,False,BNBUSD,short,2026-08-11 14:45:00+05:30,607.89,611.74,607.89,612.7025,True,True,SL,-1.0636574025974097,-1.189972207792215
crypto,30m,False,VELVETUSD,short,2026-08-11 14:45:00+05:30,0.501872085660415,0.502,0.501872085660415,,False,False,,,
crypto,30m,False,VELVETUSD,short,2026-08-11 14:45:00+05:30,0.4875127018524115,0.4876,0.4875127018524115,,False,False,,,
crypto,30m,False,VELVETUSD,short,2026-08-11 14:45:00+05:30,0.46130952380952384,0.465,0.46130952380952384,0.46592261904761906,True,True,SL,-1.050500000000004,-1.1505000000000043
crypto,30m,False,LINKUSD,short,2026-08-11 14:50:00+05:30,8.65162479170557,8.652,8.65162479170557,,False,False,,,
crypto,30m,False,DOGEUSD,short,2026-08-11 14:55:00+05:30,0.07075,0.07105,0.07075,0.07112500000000001,False,True,BE,0.21300466666665638,0.024337999999996862
crypto,30m,False,LTCUSD,short,2026-08-11 14:55:00+05:30,45.56,45.58,45.56,,False,False,,,
crypto,30m,False,VELVETUSD,short,2026-08-11 14:55:00+05:30,0.5575396825396826,0.562,0.5575396825396826,0.5631150793650794,True,True,+2R,2.0,1.9000000000000008
crypto,30m,False,VELVETUSD,short,2026-08-11 15:35:00+05:30,0.621031746031746,0.626,0.621031746031746,0.6272420634920635,True,True,SL,-1.050500000000001,-1.1505000000000019
crypto,30m,False,AKE/USDT,short,2026-08-11 15:40:00+05:30,0.0040478,0.004075,0.0040478,,False,False,,,
crypto,30m,False,VELVETUSD,short,2026-08-11 15:50:00+05:30,0.6688492063492064,0.6742,0.6688492063492064,0.6755376984126984,True,True,data_quality_ambiguous,,
crypto,30m,False,VELVETUSD,short,2026-08-11 16:15:00+05:30,0.7351190476190476,0.741,0.7351190476190476,0.7424702380952382,True,True,SL,-1.050499999999993,-1.1504999999999914
crypto,30m,False,UNIUSD,long,2026-08-11 16:20:00+05:30,3.91,3.919,3.919,3.90775,True,True,SL,-1.1736777777777676,-1.5220333333333238
crypto,30m,False,UNIUSD,long,2026-08-11 18:25:00+05:30,3.828,3.837,3.837,3.8257499999999998,False,True,+1R,1.0,0.6589333333333462
crypto,30m,False,AVAXUSD,long,2026-08-11 19:20:00+05:30,6.416,6.428,6.428,6.413,True,True,SL,-1.2137666666666787,-1.6423000000000212
crypto,30m,False,DOGEUSD,short,2026-08-11 19:35:00+05:30,0.07142,0.07161,0.07142,0.07165749999999999,True,True,+2R,2.0,1.6992842105263002
crypto,30m,False,AVAXUSD,long,2026-08-11 19:50:00+05:30,6.353,6.384,6.384,6.34525,True,True,SL,-1.0818741935483962,-1.2466225806451692
crypto,30m,False,BTCUSD,long,2026-08-11 19:50:00+05:30,63792.0,63870.5,63870.5,,True,False,,,
crypto,30m,False,ZECUSD,long,2026-08-11 20:00:00+05:30,478.76,479.03,479.03,,False,False,,,
crypto,30m,False,AAVEUSD,long,2026-08-11 20:20:00+05:30,87.6,87.69,87.69,,True,False,,,
crypto,30m,False,BCHUSD,long,2026-08-11 20:20:00+05:30,212.34,212.34801546984724,212.34801546984724,,False,False,,,
crypto,30m,False,ETHUSD,long,2026-08-11 20:20:00+05:30,1854.6,1867.35,1867.35,1851.4125,True,True,+1R,1.0,0.8828329411764706
crypto,30m,False,UNIUSD,long,2026-08-11 20:20:00+05:30,3.748,3.775,3.775,3.7412500000000004,False,True,SL,-1.055425925925927,-1.1672777777777805
crypto,30m,False,AKE/USDT,short,2026-08-11 20:35:00+05:30,0.0040478,0.004075,0.0040478,0.0040818,False,True,BE,0.1344107705882235,0.015357829411753551
crypto,30m,False,HYPEUSD,long,2026-08-11 21:00:00+05:30,53.93,54.1,54.1,53.8875,False,True,SL,-1.1267941176470642,-1.3813823529411835
crypto,30m,False,AAVEUSD,long,2026-08-11 21:05:00+05:30,85.97,86.65776,86.65776,85.79805999999999,True,True,+2R,2.0,1.8992000000000004
crypto,30m,False,AAVEUSD,long,2026-08-11 21:05:00+05:30,87.02,87.03,87.03,,False,False,,,
crypto,30m,False,ZECUSD,long,2026-08-11 21:05:00+05:30,470.14,471.62,471.62,469.77,False,True,BE,0.287815664864862,0.03288593513513538
crypto,30m,False,BTCUSD,long,2026-08-11 21:10:00+05:30,63301.0,63344.5,63344.5,,False,False,,,
crypto,30m,False,ETHUSD,long,2026-08-11 21:10:00+05:30,1847.45,1850.35,1850.35,,False,False,,,
crypto,30m,False,HYPEUSD,long,2026-08-11 21:10:00+05:30,53.41,53.83728,53.83728,53.30318,True,True,BE,0.11380319999999713,0.013003199999997536
crypto,30m,False,TRUMP/USDT,long,2026-08-11 21:10:00+05:30,1.462,1.464,1.464,,True,False,,,
crypto,30m,False,TRUMP/USDT,long,2026-08-11 21:10:00+05:30,1.468,1.473,1.473,1.46675,False,True,+1R,1.0,0.7643200000000033
crypto,30m,False,TRUMP/USDT,long,2026-08-11 21:10:00+05:30,1.478,1.4780643659290955,1.4780643659290955,,False,False,,,
crypto,30m,False,TACUSD,long,2026-08-11 21:20:00+05:30,0.002846,0.002868768,0.002868768,0.002840308,True,True,+1R,1.0,0.8991999999999989
crypto,30m,False,UNIUSD,long,2026-08-11 21:25:00+05:30,3.691,3.694,3.694,,True,False,,,
crypto,30m,False,HUSD,short,2026-08-11 22:40:00+05:30,0.08644,0.08674,0.08644,0.086815,True,True,+1R,1.0,0.7694933333333336
crypto,30m,False,AKE/USDT,short,2026-08-11 23:40:00+05:30,0.004349,0.0043623,0.004349,0.004365625000000001,True,True,data_quality_ambiguous,,
crypto,30m,False,RIVERUSD,long,2026-08-12 09:25:00+05:30,2.626,2.647,2.647,2.62075,True,True,+1R,1.0,0.8991619047619035
crypto,30m,False,ETHUSD,short,2026-08-12 09:50:00+05:30,1892.2,1897.25,1892.2,,True,False,,,
crypto,30m,False,UNIUSD,long,2026-08-12 12:10:00+05:30,3.685,3.695,3.695,3.6825,True,True,SL,-1.1473000000000044,-1.4429000000000107
crypto,30m,False,UNIUSD,long,2026-08-12 12:20:00+05:30,3.615,3.628,3.628,3.6117500000000002,True,True,data_quality_ambiguous,,
crypto,30m,False,UNIUSD,long,2026-08-12 12:20:00+05:30,3.647,3.651,3.651,,True,False,,,
crypto,30m,False,ETHUSD,short,2026-08-12 13:50:00+05:30,1892.2,1897.25,1892.2,1898.5125,True,True,BE,0.33842278019801597,0.03866832475247134
crypto,30m,False,BLESSUSD,short,2026-08-12 14:15:00+05:30,0.013545,0.01357,0.013545,0.013576250000000002,False,True,SL,-1.2172200000000057,-1.6506599999999814
crypto,30m,False,SOLUSD,short,2026-08-12 15:00:00+05:30,77.009,77.15,77.009,,False,False,,,
crypto,30m,False,LINKUSD,short,2026-08-12 16:05:00+05:30,8.859,8.912,8.859,8.925250000000002,True,True,BE,0.1509707320754736,0.017249977358496316
crypto,30m,False,HYPEUSD,short,2026-08-12 16:10:00+05:30,55.63,55.68,55.63,,False,False,,,
crypto,30m,False,LTCUSD,short,2026-08-12 17:05:00+05:30,45.57,45.65,45.57,45.67,True,True,SL,-1.2283500000000027,-1.6840499999999963
crypto,30m,False,AVAXUSD,short,2026-08-12 17:30:00+05:30,6.326,6.332,6.326,,False,False,,,
crypto,30m,False,BCHUSD,short,2026-08-12 17:30:00+05:30,215.92,216.13,215.92,,False,False,,,
crypto,30m,False,BTCUSD,short,2026-08-12 17:30:00+05:30,64365.0,64475.5,64365.0,64503.125,True,True,+2R,2.0,1.5340090497737557
crypto,30m,False,HYPEUSD,short,2026-08-12 17:30:00+05:30,55.976,56.14,55.976,56.181,True,True,data_quality_ambiguous,,
crypto,30m,False,BLESSUSD,short,2026-08-12 17:40:00+05:30,0.01505456349206349,0.015175,0.01505456349206349,0.015205109126984126,True,True,+1R,1.0,0.9000000000000002
crypto,30m,False,RIVERUSD,long,2026-08-12 18:00:00+05:30,2.575,2.585,2.585,2.5725000000000002,True,True,+2R,2.0,1.7931999999999957
crypto,30m,False,SOLUSD,short,2026-08-12 18:00:00+05:30,77.478,77.88,77.478,,True,False,,,
crypto,30m,False,BCHUSD,short,2026-08-12 18:05:00+05:30,216.8,217.64,216.8,,True,False,,,
crypto,30m,False,VELVETUSD,short,2026-08-12 19:00:00+05:30,0.6567460317460317,0.662,0.6567460317460317,0.6633134920634921,False,True,data_quality_ambiguous,,
crypto,30m,False,TRUMP/USDT,long,2026-08-12 19:40:00+05:30,1.462,1.464,1.464,,True,False,,,
crypto,30m,False,BLESSUSD,long,2026-08-12 19:45:00+05:30,0.011935,0.01203048,0.01203048,0.011911129999999999,True,True,+2R,2.0,1.8992000000000007
crypto,30m,False,LTCUSD,long,2026-08-12 19:50:00+05:30,44.94,45.03,45.03,44.9175,True,True,+1R,1.0,0.5997333333333486
crypto,30m,False,BLESSUSD,long,2026-08-12 20:10:00+05:30,0.01108,0.011165,0.011165,0.01105875,True,True,SL,-1.0520411764705921,-1.157123529411768
crypto,30m,False,BTCUSD,long,2026-08-12 20:25:00+05:30,63217.5,63341.5,63341.5,63186.5,True,True,+1R,1.0,0.5913451612903226
crypto,30m,False,BNBUSD,long,2026-08-12 20:30:00+05:30,605.35,607.3,607.3,,False,False,,,
crypto,30m,False,TACUSD,long,2026-08-12 20:45:00+05:30,0.002822,0.0028222238951286687,0.0028222238951286687,,False,False,,,
crypto,30m,False,TRUMP/USDT,long,2026-08-12 21:35:00+05:30,1.436,1.443,1.443,1.43425,True,True,+1R,1.0,0.835085714285715
crypto,30m,False,LTCUSD,long,2026-08-12 23:50:00+05:30,44.94,45.03,45.03,,True,False,,,
crypto,30m,False,BTCUSD,long,2026-08-13 00:25:00+05:30,63217.5,63341.5,63341.5,,True,False,,,
crypto,30m,False,LTCUSD,long,2026-08-13 00:50:00+05:30,44.75,44.8,44.8,,False,False,,,
crypto,30m,False,TRUMP/USDT,long,2026-08-13 00:50:00+05:30,1.428,1.431,1.431,,False,False,,,
crypto,30m,False,BCHUSD,short,2026-08-13 08:35:00+05:30,216.0,216.51,216.0,216.6375,True,True,BE,0.38253176470589245,0.043708235294121656
crypto,30m,False,AVAXUSD,short,2026-08-13 09:00:00+05:30,6.486111111111112,6.538,6.486111111111112,6.550972222222223,True,True,SL,-1.0504999999999958,-1.1504999999999959
crypto,30m,False,AVAXUSD,short,2026-08-13 09:30:00+05:30,6.56,6.592,6.56,,True,False,,,
crypto,30m,False,LINKUSD,short,2026-08-13 10:10:00+05:30,8.782,8.788,8.782,,True,False,,,
crypto,30m,False,BNBUSD,short,2026-08-13 10:35:00+05:30,615.0,615.051,615.0,,False,False,,,
crypto,30m,False,BCHUSD,short,2026-08-13 13:10:00+05:30,216.0,216.51,216.0,,True,False,,,
crypto,30m,False,AKE/USDT,short,2026-08-13 15:20:00+05:30,0.004326587301587302,0.0043612,0.004326587301587302,0.004369853174603175,False,True,SL,-1.050499999999995,-1.1504999999999952
crypto,30m,False,HYPEUSD,short,2026-08-13 15:20:00+05:30,57.82,58.02,57.82,58.07000000000001,True,True,+2R,2.0,1.7687200000000065
crypto,30m,False,BLESSUSD,long,2026-08-13 15:25:00+05:30,0.009896,0.009975168,0.009975168,0.009876208000000001,True,True,SL,-1.0499000000000087,-1.15070000000001
crypto,30m,False,AKE/USDT,short,2026-08-13 15:30:00+05:30,0.0045201,0.0045535,0.0045201,0.00456185,False,True,SL,-1.0546329341317286,-1.1628988023952014
crypto,30m,False,AKE/USDT,short,2026-08-13 15:30:00+05:30,0.0044444444444444444,0.00448,0.0044444444444444444,0.004488888888888889,True,True,SL,-1.050499999999993,-1.1504999999999936
crypto,30m,False,AKE/USDT,short,2026-08-13 15:45:00+05:30,0.0048298,0.0048651,0.0048298,0.0048739249999999994,False,True,SL,-1.0552286118980092,-1.1646858356940457
crypto,30m,False,AKE/USDT,short,2026-08-13 16:00:00+05:30,0.0051297,0.0051536,0.0051297,0.0051595750000000004,False,True,data_quality_ambiguous,,
crypto,30m,False,ETHUSD,long,2026-08-13 16:40:00+05:30,1872.15,1876.25,1876.25,1871.125,False,True,BE,0.4133241463414601,0.04722658536585034
crypto,30m,False,LTCUSD,long,2026-08-13 16:45:00+05:30,44.68,44.75,44.75,,True,False,,,
crypto,30m,False,SOLUSD,long,2026-08-13 16:45:00+05:30,75.32,75.457,75.457,,True,False,,,
crypto,30m,False,BTCUSD,long,2026-08-13 16:50:00+05:30,63217.5,63341.5,63341.5,63186.5,True,True,+2R,2.0,1.5913451612903224
crypto,30m,False,BNBUSD,long,2026-08-13 17:00:00+05:30,605.35,607.3,607.3,,False,False,,,
crypto,30m,False,BNBUSD,long,2026-08-13 17:00:00+05:30,608.47,608.647,608.647,,True,False,,,
crypto,30m,False,XRPUSD,long,2026-08-13 17:00:00+05:30,1.0012,1.0033,1.0033,,False,False,,,
crypto,30m,False,UNIUSD,long,2026-08-13 18:05:00+05:30,3.4601,3.487,3.487,3.4533750000000003,True,True,BE,0.11708023791821899,0.013377635687735076
crypto,30m,False,AVAXUSD,short,2026-08-13 18:25:00+05:30,6.56,6.592,6.56,,True,False,,,
crypto,30m,False,HYPEUSD,short,2026-08-13 19:20:00+05:30,57.82,58.02,57.82,,True,False,,,
crypto,30m,False,AAVEUSD,long,2026-08-13 19:25:00+05:30,87.73,87.7339332623338,87.7339332623338,,False,False,,,
crypto,30m,False,HUSD,short,2026-08-13 19:55:00+05:30,0.09693452380952382,0.09771,0.09693452380952382,0.09790386904761905,True,True,+2R,2.0,1.8999999999999997
crypto,30m,False,TACUSD,long,2026-08-13 19:55:00+05:30,0.002815,0.0028151856806591536,0.0028151856806591536,,False,False,,,
crypto,30m,False,LINKUSD,short,2026-08-13 20:05:00+05:30,8.859,8.912,8.859,8.925250000000002,True,True,+2R,2.0,1.8662792452830228
crypto,30m,False,BEAT/USDT,long,2026-08-13 20:50:00+05:30,0.8574,0.8639,0.8639,,True,False,,,
crypto,30m,False,BCHUSD,long,2026-08-13 21:00:00+05:30,208.59,208.8,208.8,,False,False,,,
crypto,30m,False,BCHUSD,long,2026-08-13 21:00:00+05:30,210.02,210.43,210.43,209.91750000000002,True,True,SL,-1.2047975609756312,-1.61539268292686
crypto,30m,False,BCHUSD,long,2026-08-13 21:00:00+05:30,211.0,211.32,211.32,,True,False,,,
crypto,30m,False,BNBUSD,long,2026-08-13 21:00:00+05:30,605.35,607.3,607.3,604.8625000000001,False,True,BE,0.2812889025641236,0.03214018461539403
crypto,30m,False,AKE/USDT,short,2026-08-13 21:15:00+05:30,0.0064639880952380956,0.0065157,0.0064639880952380956,0.006528627976190476,True,True,SL,-1.050500000000001,-1.1505000000000019
crypto,30m,False,BTCUSD,long,2026-08-13 21:25:00+05:30,63217.5,63341.5,63341.5,,True,False,,,
crypto,30m,False,ETHUSD,long,2026-08-13 21:25:00+05:30,1872.15,1876.25,1876.25,,False,False,,,
crypto,30m,False,TRUMP/USDT,long,2026-08-13 21:25:00+05:30,1.378,1.3890239999999998,1.3890239999999998,1.375244,True,True,SL,-1.0499000000000043,-1.150700000000005
crypto,30m,False,XRPUSD,long,2026-08-13 21:25:00+05:30,1.0012,1.0033,1.0033,1.0006750000000002,False,True,data_quality_ambiguous,,
crypto,30m,False,BCHUSD,long,2026-08-13 21:30:00+05:30,204.59,205.23,205.23,,True,False,,,
crypto,30m,False,BCHUSD,long,2026-08-13 21:30:00+05:30,205.79,206.49,206.49,205.61499999999998,False,True,+1R,1.0,0.7640114285714362
crypto,30m,False,SOLUSD,long,2026-08-13 21:30:00+05:30,75.32,75.457,75.457,75.28575,True,True,SL,-1.2198124087591413,-1.6604372262773879
crypto,30m,False,ZECUSD,long,2026-08-13 22:05:00+05:30,483.73,485.5,485.5,483.2875,False,True,BE,0.2477421468926651,0.028307118644075258
crypto,30m,False,ETHUSD,long,2026-08-13 22:10:00+05:30,1852.4,1861.3,1861.3,,True,False,,,
crypto,30m,False,UNIUSD,long,2026-08-13 22:40:00+05:30,3.4601,3.487,3.487,,True,False,,,
crypto,30m,False,TACUSD,long,2026-08-14 08:00:00+05:30,0.002698,0.002708,0.002708,0.0026955,False,True,SL,-1.1078200000000091,-1.3244600000000104
crypto,30m,False,XRPUSD,short,2026-08-14 08:00:00+05:30,1.015963337620763,1.016,1.015963337620763,,False,False,,,
crypto,30m,False,BCHUSD,long,2026-08-14 09:05:00+05:30,204.59,205.23,205.23,,True,False,,,
crypto,30m,False,AAVEUSD,long,2026-08-14 09:30:00+05:30,86.97,87.24,87.24,,True,False,,,
crypto,30m,False,VELVETUSD,short,2026-08-14 10:00:00+05:30,0.7464285714285713,0.7524,0.7464285714285713,0.7538928571428571,True,True,SL,-1.0505000000000015,-1.1505000000000003
crypto,30m,False,LTCUSD,long,2026-08-14 10:25:00+05:30,44.66,44.7,44.7,,True,False,,,
crypto,30m,False,VELVETUSD,long,2026-08-14 10:45:00+05:30,0.533,0.5372640000000001,0.5372640000000001,0.531934,False,True,data_quality_ambiguous,,
crypto,30m,False,VELVETUSD,long,2026-08-14 10:45:00+05:30,0.636,0.641088,0.641088,0.634728,False,True,data_quality_ambiguous,,
crypto,30m,False,VELVETUSD,short,2026-08-14 10:55:00+05:30,0.8829365079365079,0.89,0.8829365079365079,0.8917658730158731,True,True,SL,-1.0504999999999993,-1.1504999999999985
crypto,30m,False,BEAT/USDT,long,2026-08-14 11:15:00+05:30,0.8252,0.8318016,0.8318016,0.8235496,True,True,SL,-1.049899999999998,-1.1506999999999976
crypto,30m,False,BTCUSD,long,2026-08-14 11:45:00+05:30,62807.0,63104.0,63104.0,62732.75,True,True,SL,-1.0844885521885463,-1.2544656565656507
crypto,30m,False,DOGEUSD,long,2026-08-14 11:45:00+05:30,0.0696,0.06975,0.06975,0.0695625,False,True,BE,0.41998799999996633,0.047987999999980324
crypto,30m,False,SOLUSD,long,2026-08-14 11:45:00+05:30,75.087,75.577,75.577,74.9645,True,True,Neither,-0.19591836734694712,-0.319309387755111
crypto,30m,False,AVAXUSD,long,2026-08-14 11:55:00+05:30,6.3653,6.386,6.386,6.360125,False,True,+1R,1.0,0.7531980676328511
crypto,30m,False,BNBUSD,long,2026-08-14 11:55:00+05:30,605.0,606.87,606.87,,True,False,,,
crypto,30m,False,ETHUSD,long,2026-08-14 11:55:00+05:30,1862.5,1873.8,1873.8,1859.675,True,True,Neither,0.12389380530973451,-0.008764601769911506
crypto,30m,False,XRPUSD,long,2026-08-14 12:30:00+05:30,0.9985,1.0028,1.0028,,True,False,,,
crypto,30m,False,BCHUSD,long,2026-08-14 13:15:00+05:30,204.59,205.23,205.23,,True,False,,,
crypto,30m,False,TACUSD,long,2026-08-14 13:40:00+05:30,0.002609,0.00262,0.00262,,True,False,,,
crypto,30m,False,BEAT/USDT,long,2026-08-14 13:45:00+05:30,0.7246,0.7248,0.7248,,True,False,,,
crypto,30m,False,AAVEUSD,long,2026-08-14 13:50:00+05:30,86.97,87.24,87.24,86.9025,True,True,SL,-1.1287444444444594,-1.3872333333333549
crypto,30m,False,AAVEUSD,long,2026-08-14 15:10:00+05:30,85.97,86.65776,86.65776,85.79805999999999,True,True,BE,0.11380319999999328,0.01300319999999372
crypto,30m,False,LINKUSD,short,2026-08-14 15:30:00+05:30,8.859,8.912,8.859,8.925250000000002,True,True,+1R,1.0,0.8662792452830227
crypto,30m,False,AKE/USDT,short,2026-08-14 15:40:00+05:30,0.009058035714285715,0.0091305,0.009058035714285715,0.009148616071428571,True,True,SL,-1.0504999999999916,-1.1504999999999919
crypto,30m,False,UNIUSD,long,2026-08-14 15:40:00+05:30,3.415,3.418,3.418,,True,False,,,
crypto,30m,False,ZORAUSD,long,2026-08-14 16:15:00+05:30,0.00472,0.004720168419406104,0.004720168419406104,,False,False,,,
crypto,30m,False,XRPUSD,long,2026-08-14 16:30:00+05:30,0.9985,1.0028,1.0028,0.9974250000000001,True,True,BE,0.2106346418604593,0.02406719999998716
crypto,30m,False,UNIUSD,long,2026-08-14 16:50:00+05:30,3.294,3.298,3.298,,False,False,,,
crypto,30m,False,UNIUSD,long,2026-08-14 17:10:00+05:30,3.224,3.228,3.228,,False,False,,,
crypto,30m,False,BCHUSD,long,2026-08-14 17:15:00+05:30,204.59,205.23,205.23,204.43,True,True,SL,-1.127768750000004,-1.3843062500000094
crypto,30m,False,RIVERUSD,long,2026-08-14 17:15:00+05:30,2.507,2.527056,2.527056,2.501986,True,True,+2R,2.0,1.8991999999999998
crypto,30m,False,AAVEUSD,long,2026-08-14 17:35:00+05:30,85.19,85.87,85.87,85.02,True,True,+1R,1.0,0.8989764705882363
crypto,30m,False,HYPEUSD,long,2026-08-14 17:35:00+05:30,55.93,56.0,56.0,,False,False,,,
crypto,30m,False,TRUMP/USDT,long,2026-08-14 17:45:00+05:30,1.364,1.3749120000000001,1.3749120000000001,1.361272,True,True,+2R,2.0,1.8992000000000007
crypto,30m,False,ZECUSD,long,2026-08-14 18:10:00+05:30,483.35,483.45,483.45,,True,False,,,
crypto,30m,False,BTCUSD,long,2026-08-14 18:30:00+05:30,62245.0,62508.0,62508.0,,True,False,,,
crypto,30m,False,ETHUSD,long,2026-08-14 19:45:00+05:30,1852.4,1861.3,1861.3,,True,False,,,
crypto,30m,False,SOLUSD,long,2026-08-14 19:50:00+05:30,74.62,74.917,74.917,,True,False,,,
crypto,30m,False,LTCUSD,long,2026-08-14 19:55:00+05:30,44.04,44.08,44.08,,True,False,,,
crypto,30m,False,LTCUSD,long,2026-08-14 20:30:00+05:30,43.62,43.86,43.86,43.559999999999995,True,True,BE,0.16505980000000167,0.01885980000000373
crypto,30m,False,XRPUSD,long,2026-08-14 20:35:00+05:30,0.9985,1.0028,1.0028,,True,False,,,
crypto,30m,False,TRUMP/USDT,short,2026-08-14 21:30:00+05:30,1.4109146839251003,1.411,1.4109146839251003,,False,False,,,
crypto,30m,False,RIVERUSD,short,2026-08-14 21:40:00+05:30,2.659742080763133,2.66,2.659742080763133,,False,False,,,
crypto,30m,False,ETHUSD,short,2026-08-14 22:05:00+05:30,1890.15,1892.3,1890.15,,False,False,,,
crypto,30m,False,AVAXUSD,short,2026-08-14 22:45:00+05:30,6.488,6.492,6.488,,False,False,,,
crypto,30m,False,DOGEUSD,short,2026-08-14 22:55:00+05:30,0.07033,0.07043,0.07033,,True,False,,,
crypto,30m,False,SOLUSD,long,2026-08-15 00:00:00+05:30,74.62,74.917,74.917,74.54575,True,True,BE,0.22782839865319493,0.02603176565656376
crypto,30m,False,DOGEUSD,short,2026-08-15 08:05:00+05:30,0.07033,0.07043,0.07033,,True,False,,,
crypto,30m,False,AVAXUSD,short,2026-08-15 08:20:00+05:30,6.706,6.728,6.706,6.733499999999999,False,True,SL,-1.1224272727272642,-1.3662818181818188
crypto,30m,False,BNBUSD,short,2026-08-15 09:30:00+05:30,612.11,612.6,612.11,,False,False,,,
crypto,30m,False,BLESSUSD,long,2026-08-15 09:40:00+05:30,0.009755,0.00983304,0.00983304,,False,False,,,
crypto,30m,False,VELVETUSD,short,2026-08-15 11:15:00+05:30,1.1170634920634919,1.126,1.1170634920634919,1.128234126984127,True,True,SL,-1.0504999999999953,-1.1504999999999939
crypto,30m,False,BNBUSD,short,2026-08-15 13:30:00+05:30,612.11,612.6,612.11,,False,False,,,
crypto,30m,False,ETHUSD,long,2026-08-15 14:10:00+05:30,1862.5,1873.8,1873.8,,True,False,,,
crypto,30m,False,SOLUSD,long,2026-08-15 14:30:00+05:30,74.62,74.917,74.917,,True,False,,,
crypto,30m,False,RIVERUSD,short,2026-08-15 17:20:00+05:30,2.718,2.739,2.718,2.74425,False,True,+1R,1.0,0.8964571428571433
crypto,30m,False,BNBUSD,short,2026-08-15 17:30:00+05:30,612.11,612.6,612.11,,False,False,,,
crypto,30m,False,ETHUSD,long,2026-08-15 18:10:00+05:30,1862.5,1873.8,1873.8,,True,False,,,
crypto,30m,False,TACUSD,short,2026-08-15 18:25:00+05:30,0.0029348112324791326,0.002935,0.0029348112324791326,,False,False,,,
crypto,30m,False,BTCUSD,short,2026-08-15 18:30:00+05:30,63174.0,63224.0,63174.0,,False,False,,,
crypto,30m,False,SOLUSD,short,2026-08-15 19:00:00+05:30,75.646,75.758,75.646,,False,False,,,
crypto,30m,False,BCHUSD,short,2026-08-15 20:45:00+05:30,207.13,207.14,207.13,,False,False,,,
crypto,30m,False,LINKUSD,short,2026-08-15 21:10:00+05:30,9.725,9.739,9.725,,True,False,,,
crypto,30m,False,RIVERUSD,short,2026-08-15 21:30:00+05:30,2.718,2.739,2.718,,False,False,,,
crypto,30m,False,VELVETUSD,long,2026-08-15 21:35:00+05:30,0.864,0.870912,0.870912,0.8622719999999999,False,True,SL,-1.0498999999999994,-1.1506999999999983
crypto,30m,False,BTCUSD,short,2026-08-15 22:30:00+05:30,63174.0,63224.0,63174.0,,False,False,,,
crypto,30m,False,SOLUSD,short,2026-08-15 23:00:00+05:30,75.646,75.758,75.646,,False,False,,,
crypto,30m,False,BLESSUSD,long,2026-08-16 00:30:00+05:30,0.008947,0.009018576,0.009018576,0.008929106,True,True,+1R,1.0,0.8992000000000013
crypto,30m,False,BTCUSD,short,2026-08-16 08:00:00+05:30,63174.0,63224.0,63174.0,,False,False,,,
crypto,30m,False,RIVERUSD,long,2026-08-16 08:00:00+05:30,2.606,2.612,2.612,2.6045,False,True,BE,0.39319306666662307,0.0449263999999695
crypto,30m,False,XRPUSD,long,2026-08-16 08:00:00+05:30,1.0001,1.001,1.001,,True,False,,,
crypto,30m,False,ETHUSD,short,2026-08-16 08:30:00+05:30,1884.95,1886.05,1884.95,,True,False,,,
crypto,30m,False,ETHUSD,long,2026-08-16 10:25:00+05:30,1874.9,1876.25,1876.25,,False,False,,,
crypto,30m,False,BTCUSD,long,2026-08-16 11:00:00+05:30,62896.0,62914.5,62914.5,,False,False,,,
crypto,30m,False,BNBUSD,long,2026-08-16 11:45:00+05:30,602.61,603.54,603.54,,True,False,,,
crypto,30m,False,BTCUSD,short,2026-08-16 12:15:00+05:30,63174.0,63224.0,63174.0,,False,False,,,
crypto,30m,False,HYPEUSD,short,2026-08-16 12:55:00+05:30,57.31,57.35,57.31,,True,False,,,
crypto,30m,False,AKE/USDT,long,2026-08-16 14:00:00+05:30,0.0090261,0.0090983088,0.0090983088,,False,False,,,
crypto,30m,False,ETHUSD,long,2026-08-16 14:25:00+05:30,1874.9,1876.25,1876.25,,False,False,,,
crypto,30m,False,ETHUSD,short,2026-08-16 14:45:00+05:30,1884.95,1886.05,1884.95,,True,False,,,
crypto,30m,False,BTCUSD,long,2026-08-16 15:00:00+05:30,62896.0,62914.5,62914.5,,False,False,,,
crypto,30m,False,SOLUSD,long,2026-08-16 15:40:00+05:30,75.037,75.087,75.087,,False,False,,,
crypto,30m,False,ETHUSD,long,2026-08-16 18:25:00+05:30,1874.9,1876.25,1876.25,,False,False,,,
crypto,30m,False,DOGEUSD,short,2026-08-16 18:30:00+05:30,0.070159,0.0702,0.070159,,False,False,,,
crypto,30m,False,BTCUSD,short,2026-08-16 18:45:00+05:30,63174.0,63224.0,63174.0,,False,False,,,
crypto,30m,False,ETHUSD,short,2026-08-16 19:00:00+05:30,1884.95,1886.05,1884.95,,True,False,,,
crypto,30m,False,BTCUSD,long,2026-08-16 19:30:00+05:30,62896.0,62914.5,62914.5,,False,False,,,
crypto,30m,False,HUSD,long,2026-08-16 19:30:00+05:30,0.10957,0.11044656,0.11044656,0.10935086,False,True,SL,-1.0498999999999978,-1.1506999999999974
crypto,30m,False,TRUMP/USDT,short,2026-08-16 19:30:00+05:30,1.4259347576843844,1.426,1.4259347576843844,,False,False,,,
crypto,30m,False,ZECUSD,short,2026-08-16 19:30:00+05:30,492.1,492.86,492.1,,False,False,,,
crypto,30m,False,UNIUSD,short,2026-08-16 20:25:00+05:30,3.313,3.314,3.313,,False,False,,,
crypto,30m,False,SOLUSD,short,2026-08-16 20:45:00+05:30,75.646,75.758,75.646,,False,False,,,
crypto,30m,False,RIVERUSD,short,2026-08-16 21:35:00+05:30,2.718,2.739,2.718,2.74425,False,True,SL,-1.0522714285714305,-1.1558142857142872
crypto,30m,False,AAVEUSD,short,2026-08-16 21:40:00+05:30,87.29,87.39,87.29,,True,False,,,
crypto,30m,False,ETHUSD,short,2026-08-16 21:45:00+05:30,1890.15,1892.3,1890.15,,False,False,,,
crypto,30m,False,XRPUSD,short,2026-08-16 21:45:00+05:30,1.006,1.0069,1.006,,False,False,,,
crypto,30m,False,TACUSD,short,2026-08-16 21:55:00+05:30,0.0029738005322555217,0.002974,0.0029738005322555217,,False,False,,,
crypto,30m,False,SOLUSD,long,2026-08-16 23:35:00+05:30,75.037,75.087,75.087,,False,False,,,
crypto,30m,False,SOLUSD,long,2026-08-16 23:40:00+05:30,74.62,74.917,74.917,,True,False,,,
crypto,30m,False,BNBUSD,long,2026-08-16 23:45:00+05:30,603.99,604.37,604.37,,True,False,,,
crypto,30m,False,BTCUSD,short,2026-08-17 08:00:00+05:30,63301.0,63376.5,63301.0,,True,False,,,
crypto,30m,False,ETHUSD,short,2026-08-17 08:00:00+05:30,1898.5,1899.85,1898.5,,False,False,,,
crypto,30m,False,XRPUSD,short,2026-08-17 08:00:00+05:30,1.0036,1.0044,1.0036,,True,False,,,
crypto,30m,False,ZECUSD,short,2026-08-17 08:00:00+05:30,494.4,496.03,494.4,496.4375,True,True,+1R,1.0,0.7573496932515364
crypto,30m,False,AAVEUSD,short,2026-08-17 08:20:00+05:30,87.24,87.41,87.24,,True,False,,,
crypto,30m,False,BTCUSD,short,2026-08-17 08:20:00+05:30,63604.0,63620.0,63604.0,,False,False,,,
crypto,30m,False,DOGEUSD,short,2026-08-17 08:20:00+05:30,0.07048,0.0706,0.07048,,True,False,,,
crypto,30m,False,SOLUSD,short,2026-08-17 08:20:00+05:30,75.646,75.758,75.646,,False,False,,,
crypto,30m,False,XRPUSD,short,2026-08-17 08:20:00+05:30,1.0075,1.0101,1.0075,,False,False,,,
crypto,30m,False,XRPUSD,short,2026-08-17 08:20:00+05:30,1.006,1.0069,1.006,,False,False,,,
crypto,30m,False,VELVETUSD,long,2026-08-17 10:30:00+05:30,0.967,0.9747359999999999,0.9747359999999999,0.965066,False,True,data_quality_ambiguous,,
crypto,30m,False,ZECUSD,short,2026-08-17 10:55:00+05:30,497.44,499.44,497.44,499.94,False,True,SL,-1.0999880000000075,-1.2989640000000076
crypto,30m,False,BEAT/USDT,long,2026-08-17 11:55:00+05:30,0.33,0.33264,0.33264,0.32934,True,True,BE,0.11380319999999895,0.013003199999998008
crypto,30m,False,ZECUSD,short,2026-08-17 12:05:00+05:30,512.13,513.63,512.13,514.005,False,True,SL,-1.1370679999999993,-1.4102039999999993
crypto,30m,False,ZECUSD,short,2026-08-17 12:10:00+05:30,519.56,520.81,519.56,521.1225,False,True,+2R,2.0,1.6674816000000001
crypto,30m,False,BNBUSD,short,2026-08-17 12:15:00+05:30,608.05,608.34,608.05,,False,False,,,
crypto,30m,False,BLESSUSD,long,2026-08-17 12:20:00+05:30,0.00832,0.00838656,0.00838656,0.00830336,True,True,BE,0.1138032000000022,0.013003200000002532
crypto,30m,False,BTCUSD,short,2026-08-17 12:20:00+05:30,63604.0,63620.0,63604.0,,False,False,,,
crypto,30m,False,DOGEUSD,short,2026-08-17 12:20:00+05:30,0.07048,0.0706,0.07048,0.07063,True,True,+2R,2.0,1.5301333333333251
crypto,30m,False,XRPUSD,short,2026-08-17 12:20:00+05:30,1.0075,1.0101,1.0075,,False,False,,,
crypto,30m,False,XRPUSD,short,2026-08-17 12:20:00+05:30,1.006,1.0069,1.006,,False,False,,,
crypto,30m,False,AKE/USDT,short,2026-08-17 13:40:00+05:30,0.010714285714285714,0.0108,0.010714285714285714,,False,False,,,
crypto,30m,False,LTCUSD,long,2026-08-17 13:45:00+05:30,43.99,44.0,44.0,,False,False,,,
crypto,30m,False,VELVETUSD,long,2026-08-17 16:15:00+05:30,0.788,0.794304,0.794304,0.786424,True,True,data_quality_ambiguous,,
crypto,30m,False,DOGEUSD,short,2026-08-17 16:20:00+05:30,0.07048,0.0706,0.07048,,True,False,,,
crypto,30m,False,AVAXUSD,long,2026-08-17 18:20:00+05:30,6.238,6.287904,6.287904,,True,False,,,
crypto,30m,False,AAVEUSD,short,2026-08-17 19:05:00+05:30,87.24,87.41,87.24,87.4525,True,True,+2R,2.0,1.5894588235294227
crypto,30m,False,RIVERUSD,long,2026-08-17 19:40:00+05:30,2.683,2.692,2.692,2.6807499999999997,False,True,SL,-1.1191444444444256,-1.3584333333333054
crypto,30m,False,BNBUSD,short,2026-08-17 20:20:00+05:30,608.05,608.34,608.05,,False,False,,,
crypto,30m,False,BTCUSD,short,2026-08-17 20:20:00+05:30,63924.0,63998.0,63924.0,,False,False,,,
crypto,30m,False,XRPUSD,short,2026-08-17 20:20:00+05:30,1.0075,1.0101,1.0075,1.01075,False,True,+2R,2.0,1.6899999999999975
crypto,30m,False,AAVEUSD,short,2026-08-17 21:35:00+05:30,88.73405501681434,88.738,88.73405501681434,,False,False,,,
crypto,30m,False,BCHUSD,short,2026-08-17 22:00:00+05:30,205.74,205.84,205.74,,True,False,,,
crypto,30m,False,TACUSD,long,2026-08-17 22:00:00+05:30,0.002727,0.002738,0.002738,0.0027242499999999997,False,True,SL,-1.0990636363636277,-1.2981909090908959
crypto,30m,False,AVAXUSD,long,2026-08-17 22:25:00+05:30,6.238,6.287904,6.287904,,True,False,,,
crypto,30m,False,BTCUSD,short,2026-08-17 22:45:00+05:30,64365.0,64475.5,64365.0,64503.125,True,True,+2R,2.0,1.5340090497737557
crypto,30m,False,AKE/USDT,long,2026-08-17 22:50:00+05:30,0.00959,0.009624,0.009624,,False,False,,,
crypto,30m,False,BLESSUSD,long,2026-08-17 23:45:00+05:30,0.0079,0.0079632,0.0079632,0.007884200000000001,False,True,+2R,2.0,1.899199999999999
crypto,30m,False,ZECUSD,short,2026-08-18 00:10:00+05:30,519.56,520.81,519.56,,False,False,,,
crypto,30m,False,BCHUSD,long,2026-08-18 08:00:00+05:30,201.99,202.59,202.59,,True,False,,,
crypto,30m,False,BNBUSD,long,2026-08-18 08:00:00+05:30,600.75,601.62,601.62,,True,False,,,
crypto,30m,False,ETHUSD,long,2026-08-18 08:00:00+05:30,1890.55,1893.1,1893.1,,False,False,,,
crypto,30m,False,HUSD,short,2026-08-18 08:00:00+05:30,0.12500992063492064,0.12601,0.12500992063492064,0.12626001984126986,False,True,SL,-1.0505000000000053,-1.1505000000000043
crypto,30m,False,LINKUSD,long,2026-08-18 08:00:00+05:30,9.366,9.387,9.387,9.36075,False,True,SL,-1.1782999999999748,-1.5358999999999612
crypto,30m,False,SOLUSD,long,2026-08-18 08:00:00+05:30,75.176,75.237,75.237,,False,False,,,
crypto,30m,False,AVAXUSD,long,2026-08-18 08:05:00+05:30,6.238,6.287904,6.287904,6.225524,True,True,+1R,1.0,0.8992000000000001
crypto,30m,False,ZORAUSD,long,2026-08-18 08:10:00+05:30,0.00474,0.004740178002573577,0.004740178002573577,,False,False,,,
crypto,30m,False,RIVERUSD,long,2026-08-18 08:15:00+05:30,2.587,2.594,2.594,2.5852500000000003,True,True,SL,-1.1477285714285836,-1.4441857142857404
crypto,30m,False,XRPUSD,long,2026-08-18 08:15:00+05:30,0.9872,0.9897,0.9897,0.986575,True,True,BE,0.35755881599999584,0.04085481600000035
crypto,30m,False,DOGEUSD,long,2026-08-18 08:25:00+05:30,0.06912,0.06951,0.06951,,True,False,,,
crypto,30m,False,LINKUSD,long,2026-08-18 08:25:00+05:30,9.291,9.315,9.315,,True,False,,,
crypto,30m,False,VELVETUSD,long,2026-08-18 11:25:00+05:30,0.483,0.48686399999999996,0.48686399999999996,0.48203399999999996,True,True,+2R,2.0,1.8992
crypto,30m,False,HYPEUSD,short,2026-08-18 12:00:00+05:30,59.85,59.91,59.85,,True,False,,,
crypto,30m,False,HYPEUSD,short,2026-08-18 12:10:00+05:30,60.41,60.48,60.41,,True,False,,,
crypto,30m,False,SOLUSD,short,2026-08-18 12:30:00+05:30,76.1,76.22,76.1,,True,False,,,
crypto,30m,False,BNBUSD,long,2026-08-18 13:30:00+05:30,600.75,601.62,601.62,,True,False,,,
crypto,30m,False,LTCUSD,short,2026-08-18 15:00:00+05:30,44.82909063220868,44.83,44.82909063220868,,False,False,,,
crypto,30m,False,BEAT/USDT,long,2026-08-18 16:30:00+05:30,0.2431,0.2450448,0.2450448,0.24261380000000002,True,True,SL,-1.049900000000003,-1.1507000000000034
crypto,30m,False,TRUMP/USDT,short,2026-08-18 16:35:00+05:30,1.4129456471797002,1.413,1.4129456471797002,,False,False,,,
crypto,30m,False,AAVEUSD,short,2026-08-18 16:40:00+05:30,89.63619577258126,89.64,89.63619577258126,,False,False,,,
crypto,30m,False,BTCUSD,short,2026-08-18 16:45:00+05:30,64466.0,64602.0,64466.0,,True,False,,,
crypto,30m,False,HUSD,long,2026-08-18 16:45:00+05:30,0.11291,0.1136,0.1136,0.11273749999999999,False,True,SL,-1.0653550724637597,-1.1970652173912935
crypto,30m,False,SOLUSD,short,2026-08-18 16:45:00+05:30,76.531,76.6353,76.531,,False,False,,,
crypto,30m,False,BNBUSD,long,2026-08-18 17:30:00+05:30,600.75,601.62,601.62,,True,False,,,
crypto,30m,False,ETHUSD,long,2026-08-18 19:00:00+05:30,1884.6,1890.15,1890.15,,True,False,,,
crypto,30m,False,BCHUSD,long,2026-08-18 19:45:00+05:30,201.99,202.59,202.59,,True,False,,,
crypto,30m,False,AAVEUSD,short,2026-08-18 19:55:00+05:30,90.3,90.47,90.3,,True,False,,,
crypto,30m,False,AVAXUSD,short,2026-08-18 19:55:00+05:30,6.398809523809524,6.45,6.398809523809524,,True,False,,,
crypto,30m,False,DOGEUSD,short,2026-08-18 19:55:00+05:30,0.07055,0.07067,0.07055,,True,False,,,
crypto,30m,False,ETHUSD,short,2026-08-18 19:55:00+05:30,1914.85,1918.25,1914.85,1919.1,True,True,SL,-1.2257764705882437,-1.6763294117647143
crypto,30m,False,LTCUSD,short,2026-08-18 19:55:00+05:30,44.82909063220868,44.83,44.82909063220868,,False,False,,,
crypto,30m,False,SOLUSD,short,2026-08-18 19:55:00+05:30,77.19,77.33,77.19,77.365,True,True,+2R,2.0,1.5589142857142786
crypto,30m,False,UNIUSD,short,2026-08-18 19:55:00+05:30,3.309,3.32,3.309,,False,False,,,
crypto,30m,False,XRPUSD,short,2026-08-18 19:55:00+05:30,1.0075,1.0101,1.0075,1.01075,False,True,+2R,2.0,1.6899999999999975
crypto,30m,False,SOLUSD,short,2026-08-18 20:00:00+05:30,77.478,77.88,77.478,,True,False,,,
crypto,30m,False,LINKUSD,short,2026-08-18 20:45:00+05:30,9.549,9.57,9.549,9.57525,True,True,+2R,2.0,1.6362285714285851
crypto,30m,False,LTCUSD,long,2026-08-18 21:20:00+05:30,44.18,44.21,44.21,,False,False,,,
crypto,30m,False,HYPEUSD,long,2026-08-18 21:50:00+05:30,58.42,58.62,58.62,58.370000000000005,False,True,SL,-1.1167399999999963,-1.351220000000003
crypto,30m,False,DOGEUSD,short,2026-08-18 23:55:00+05:30,0.07055,0.07067,0.07055,0.0707,True,True,+2R,2.0,1.5296666666666583
crypto,30m,False,UNIUSD,short,2026-08-19 00:05:00+05:30,3.309,3.32,3.309,,False,False,,,
crypto,30m,False,BNBUSD,short,2026-08-19 00:55:00+05:30,604.61,605.06,604.61,,False,False,,,
crypto,30m,False,SOLUSD,short,2026-08-19 00:55:00+05:30,77.478,77.88,77.478,,True,False,,,
crypto,30m,False,BLESSUSD,long,2026-08-19 08:05:00+05:30,0.00746,0.00751968,0.00751968,0.00744508,True,True,SL,-1.0498999999999978,-1.1506999999999976
crypto,30m,False,TRUMP/USDT,short,2026-08-19 08:45:00+05:30,1.4129491404528305,1.413,1.4129491404528305,,False,False,,,
crypto,30m,False,BCHUSD,long,2026-08-19 09:55:00+05:30,201.99,202.59,202.59,,True,False,,,
crypto,30m,False,TACUSD,long,2026-08-19 10:20:00+05:30,0.002606,0.002619,0.002619,0.00260275,True,True,BE,0.1819600615384769,0.020790830769243873
crypto,30m,False,UNIUSD,short,2026-08-19 10:30:00+05:30,3.3291,3.342,3.3291,3.345225,True,True,BE,0.233088613953487,0.02663280000000076
crypto,30m,False,BNBUSD,long,2026-08-19 10:50:00+05:30,599.76,600.25,600.25,,True,False,,,
crypto,30m,False,RIVERUSD,long,2026-08-19 10:50:00+05:30,2.507,2.527056,2.527056,2.501986,True,True,+1R,1.0,0.8991999999999997
crypto,30m,False,ZECUSD,long,2026-08-19 10:50:00+05:30,501.0,501.39,501.39,,True,False,,,
crypto,30m,False,BTCUSD,long,2026-08-19 11:30:00+05:30,64008.0,64050.0,64050.0,,False,False,,,
crypto,30m,False,TACUSD,long,2026-08-19 12:10:00+05:30,0.002551,0.002571408,0.002571408,0.002545898,True,True,SL,-1.0499000000000078,-1.1507000000000085
crypto,30m,False,XRPUSD,short,2026-08-19 12:15:00+05:30,1.0075,1.0101,1.0075,,False,False,,,
crypto,30m,False,HUSD,long,2026-08-19 12:25:00+05:30,0.10084,0.10164672,0.10164672,0.10063832,True,True,SL,-1.0499000000000067,-1.1507000000000074
crypto,30m,False,SOLUSD,short,2026-08-19 13:55:00+05:30,77.3623,77.42,77.3623,,True,False,,,
crypto,30m,False,AVAXUSD,short,2026-08-19 14:05:00+05:30,6.398809523809524,6.45,6.398809523809524,,True,False,,,
crypto,30m,False,AVAXUSD,short,2026-08-19 14:05:00+05:30,6.391731913319867,6.392,6.391731913319867,,False,False,,,
crypto,30m,False,ETHUSD,short,2026-08-19 14:05:00+05:30,1932.0,1940.6,1932.0,,True,False,,,
crypto,30m,False,ETHUSD,short,2026-08-19 14:05:00+05:30,1928.9,1930.25,1928.9,,False,False,,,
crypto,30m,False,LTCUSD,short,2026-08-19 14:05:00+05:30,44.82909063220868,44.83,44.82909063220868,,False,False,,,
crypto,30m,False,SOLUSD,short,2026-08-19 14:05:00+05:30,77.478,77.88,77.478,77.98049999999999,True,True,BE,0.17407494925372446,0.019889874626858123
crypto,30m,False,BCHUSD,short,2026-08-19 14:15:00+05:30,205.0044917897791,205.01,205.0044917897791,,False,False,,,
crypto,30m,False,LTCUSD,short,2026-08-19 14:15:00+05:30,44.96,44.98,44.96,,False,False,,,
crypto,30m,False,LTCUSD,short,2026-08-19 14:20:00+05:30,45.08,45.09,45.08,,True,False,,,
crypto,30m,False,RIVERUSD,long,2026-08-19 15:10:00+05:30,2.507,2.527056,2.527056,,True,False,,,
crypto,30m,False,TACUSD,long,2026-08-19 15:15:00+05:30,0.002373,0.002391984,0.002391984,0.002368254,True,True,SL,-1.0498999999999965,-1.1506999999999965
crypto,30m,False,AVAXUSD,long,2026-08-19 17:10:00+05:30,6.302,6.308,6.308,,False,False,,,
crypto,30m,False,BNBUSD,short,2026-08-19 18:00:00+05:30,604.61,605.06,604.61,,False,False,,,
crypto,30m,False,DOGEUSD,short,2026-08-19 18:00:00+05:30,0.07055,0.07067,0.07055,0.0707,True,True,SL,-1.2356666666666938,-1.7060000000000355
crypto,30m,False,BLESSUSD,long,2026-08-19 18:05:00+05:30,0.00715,0.0072072,0.0072072,0.0071357,True,True,SL,-1.0499000000000054,-1.150700000000005
crypto,30m,False,ETHUSD,short,2026-08-19 18:05:00+05:30,1932.0,1940.6,1932.0,1942.75,True,True,SL,-1.0903604651162866,-1.2700813953488448
crypto,30m,False,ETHUSD,short,2026-08-19 18:05:00+05:30,1928.9,1930.25,1928.9,,False,False,,,
crypto,30m,False,BTCUSD,short,2026-08-19 18:10:00+05:30,64969.0,65035.5,64969.0,,True,False,,,
crypto,30m,False,ZECUSD,short,2026-08-19 18:10:00+05:30,513.33,514.51,513.33,514.805,False,True,+2R,2.0,1.6519796610169277
crypto,30m,False,BCHUSD,short,2026-08-19 18:15:00+05:30,205.0044917897791,205.01,205.0044917897791,,False,False,,,
crypto,30m,False,DOGEUSD,short,2026-08-19 18:15:00+05:30,0.07084,0.07088,0.07084,,False,False,,,
crypto,30m,False,SOLUSD,short,2026-08-19 18:15:00+05:30,78.67,79.04,78.67,79.13250000000001,True,True,+1R,1.0,0.8299027027027048
crypto,30m,False,XRPUSD,short,2026-08-19 18:40:00+05:30,1.015963337620763,1.016,1.015963337620763,,False,False,,,
crypto,30m,False,XRPUSD,short,2026-08-19 18:55:00+05:30,1.0255,1.027,1.0255,,False,False,,,
crypto,30m,False,BTCUSD,short,2026-08-19 19:00:00+05:30,65322.0,65697.0,65322.0,65790.75,False,True,SL,-1.0701767999999845,-1.2095303999999845
crypto,30m,False,BTCUSD,short,2026-08-19 19:00:00+05:30,65227.0,65457.0,65227.0,,True,False,,,
crypto,30m,False,ZECUSD,short,2026-08-19 19:50:00+05:30,518.58,522.0,518.58,522.855,True,True,SL,-1.0611526315789401,-1.1824578947368356
crypto,30m,False,BTCUSD,short,2026-08-19 20:05:00+05:30,65621.0,65786.0,65621.0,,False,False,,,
crypto,30m,False,AAVEUSD,short,2026-08-19 20:10:00+05:30,90.3,90.47,90.3,90.5125,True,True,SL,-1.2129705882352613,-1.637911764705838
crypto,30m,False,BCHUSD,short,2026-08-19 20:10:00+05:30,205.74,205.84,205.74,,True,False,,,
crypto,30m,False,BNBUSD,short,2026-08-19 20:10:00+05:30,608.05,608.34,608.05,,False,False,,,
crypto,30m,False,ZECUSD,short,2026-08-19 20:10:00+05:30,525.59,529.0,525.59,529.8525,True,True,SL,-1.0621527859237618,-1.1854583577712712
crypto,30m,False,ETHUSD,short,2026-08-19 20:20:00+05:30,1949.95,1954.6,1949.95,1955.7624999999998,False,True,SL,-1.1682376344086276,-1.503712903225845
crypto,30m,False,SOLUSD,short,2026-08-19 20:20:00+05:30,79.63,79.66,79.63,,True,False,,,
crypto,30m,False,ZECUSD,short,2026-08-19 20:20:00+05:30,536.68,538.08,536.68,538.4300000000001,False,True,SL,-1.1538371428571506,-1.4605114285714165
crypto,30m,False,AVAXUSD,short,2026-08-19 20:25:00+05:30,6.398809523809524,6.45,6.398809523809524,6.4627976190476195,True,True,SL,-1.0504999999999964,-1.1504999999999956
crypto,30m,False,BCHUSD,short,2026-08-19 20:25:00+05:30,207.13,207.14,207.13,,False,False,,,
crypto,30m,False,ETHUSD,short,2026-08-19 20:25:00+05:30,1968.6,1981.0,1968.6,1984.1,True,True,SL,-1.0640032258064556,-1.1910096774193588
crypto,30m,False,VELVETUSD,short,2026-08-19 20:25:00+05:30,0.6946,0.6955,0.6946,,False,False,,,
crypto,30m,False,AAVEUSD,short,2026-08-19 20:35:00+05:30,93.0,93.27,93.0,93.33749999999999,False,True,+1R,1.0,0.7244444444444375
crypto,30m,False,BNBUSD,short,2026-08-19 20:35:00+05:30,611.79,612.67,611.79,,True,False,,,
crypto,30m,False,BTCUSD,short,2026-08-19 20:35:00+05:30,66207.0,66371.0,66207.0,66412.0,False,True,SL,-1.1619804878049054,-1.4849414634146614
crypto,30m,False,DOGEUSD,short,2026-08-19 20:35:00+05:30,0.07214,0.07225,0.07214,,False,False,,,
crypto,30m,False,HYPEUSD,short,2026-08-19 20:35:00+05:30,60.41,60.48,60.41,,True,False,,,
crypto,30m,False,TRUMP/USDT,short,2026-08-19 20:35:00+05:30,1.439,1.444,1.439,1.44525,True,True,BE,0.2599409600000213,0.029700960000016402
crypto,30m,False,XRPUSD,short,2026-08-19 20:35:00+05:30,1.0393,1.041,1.0393,1.0414249999999998,False,True,SL,-1.2450411764705793,-1.7341235294117712
crypto,30m,False,ZECUSD,short,2026-08-19 20:35:00+05:30,549.64,550.71,549.64,550.9775000000001,False,True,SL,-1.2059728971962642,-1.6169186915887597
crypto,30m,False,BTCUSD,short,2026-08-19 20:40:00+05:30,66811.5,66932.0,66811.5,66962.125,True,True,data_quality_ambiguous,,
crypto,30m,False,BNBUSD,short,2026-08-19 20:50:00+05:30,615.0,615.051,615.0,,False,False,,,
crypto,30m,False,LINKUSD,short,2026-08-19 20:50:00+05:30,9.873015873015873,9.952,9.873015873015873,9.971746031746031,True,True,SL,-1.0504999999999953,-1.1504999999999965
crypto,30m,False,RIVERUSD,short,2026-08-19 20:50:00+05:30,2.6178086102614744,2.618,2.6178086102614744,,False,False,,,
crypto,30m,False,XRPUSD,short,2026-08-19 20:50:00+05:30,1.0481,1.0494,1.0481,,True,False,,,
crypto,30m,False,AAVEUSD,short,2026-08-19 20:55:00+05:30,93.85,94.11,93.85,94.175,True,True,+2R,2.0,1.7112307692307718
crypto,30m,False,BNBUSD,short,2026-08-19 20:55:00+05:30,619.0,620.29,619.0,620.6125,True,True,+2R,2.0,1.616124031007741
crypto,30m,False,DOGEUSD,short,2026-08-19 20:55:00+05:30,0.07368,0.07409,0.07368,0.07419250000000001,True,True,+2R,2.0,1.856234146341467
crypto,30m,False,DOGEUSD,short,2026-08-19 20:55:00+05:30,0.07314,0.07362,0.07314,0.07374,True,True,SL,-1.0614499999999902,-1.1833499999999897
crypto,30m,False,DOGEUSD,short,2026-08-19 20:55:00+05:30,0.07286,0.07321,0.07286,,True,False,,,
crypto,30m,False,RIVERUSD,short,2026-08-19 20:55:00+05:30,2.639,2.647,2.639,2.649,False,True,SL,-1.132449999999992,-1.3963499999999858
crypto,30m,False,SOLUSD,short,2026-08-19 20:55:00+05:30,82.71,82.792,82.71,,False,False,,,
crypto,30m,False,TRUMP/USDT,short,2026-08-19 20:55:00+05:30,1.447,1.451,1.447,1.452,True,True,SL,-1.145200000000004,-1.4346000000000103
crypto,30m,False,UNIUSD,short,2026-08-19 20:55:00+05:30,3.52,3.525,3.52,,False,False,,,
crypto,30m,False,XRPUSD,short,2026-08-19 20:55:00+05:30,1.0564,1.0584,1.0564,1.0589,False,True,SL,-1.211779999999977,-1.6343399999999861
crypto,30m,False,XRPUSD,short,2026-08-19 20:55:00+05:30,1.051,1.0548,1.051,1.05575,False,True,SL,-1.1111315789473584,-1.3323947368420936
crypto,30m,False,XRPUSD,short,2026-08-19 21:05:00+05:30,1.0718,1.0738,1.0718,1.0743,False,True,SL,-1.2148599999999992,-1.6435800000000085
crypto,30m,False,HYPEUSD,short,2026-08-19 21:10:00+05:30,61.16,61.19,61.16,,False,False,,,
crypto,30m,False,HUSD,long,2026-08-19 21:25:00+05:30,0.09256,0.09330048,0.09330048,0.09237488,False,True,SL,-1.0498999999999978,-1.150699999999998
crypto,30m,False,ZECUSD,short,2026-08-19 21:35:00+05:30,556.57,557.25,556.57,,True,False,,,
crypto,30m,False,VELVETUSD,long,2026-08-19 21:40:00+05:30,0.6131,0.6175,0.6175,,False,False,,,
crypto,30m,False,HUSD,long,2026-08-19 21:55:00+05:30,0.08959,0.09001,0.09001,0.08948500000000001,False,True,+2R,2.0,1.8285523809523803
crypto,30m,False,UNIUSD,short,2026-08-19 22:10:00+05:30,3.615,3.623,3.615,,True,False,,,
crypto,30m,False,ZORAUSD,short,2026-08-19 23:10:00+05:30,0.005039821375909726,0.00504,0.005039821375909726,,False,False,,,
crypto,30m,False,HUSD,long,2026-08-19 23:45:00+05:30,0.08645,0.08698,0.08698,0.08631749999999999,True,True,data_quality_ambiguous,,
crypto,30m,False,HYPEUSD,short,2026-08-20 00:40:00+05:30,66.87,66.97,66.87,,False,False,,,
crypto,30m,False,HYPEUSD,short,2026-08-20 00:40:00+05:30,66.1,66.117,66.1,,False,False,,,
crypto,30m,False,HYPEUSD,short,2026-08-20 00:40:00+05:30,63.22,63.4,63.22,63.445,True,True,SL,-1.1409888888888915,-1.4219666666666675
crypto,30m,False,HYPEUSD,short,2026-08-20 00:45:00+05:30,69.3,69.41,69.3,,True,False,,,
crypto,30m,False,BLESSUSD,long,2026-08-20 11:35:00+05:30,0.007085,0.00714168,0.00714168,0.00707083,True,True,SL,-1.0499000000000047,-1.150700000000005
crypto,30m,False,AKE/USDT,long,2026-08-20 11:40:00+05:30,0.0081299,0.008194939200000001,0.008194939200000001,0.008113640200000001,True,True,+2R,2.0,1.8992
crypto,30m,False,ZORAUSD,short,2026-08-20 12:20:00+05:30,0.00509,0.0051,0.00509,0.0051025,False,True,SL,-1.204099999999979,-1.6112999999999675
crypto,30m,False,BLESSUSD,long,2026-08-20 12:45:00+05:30,0.006665,0.006695,0.006695,,False,False,,,
crypto,30m,False,BLESSUSD,long,2026-08-20 12:45:00+05:30,0.00687,0.006895,0.006895,0.00686375,True,True,SL,-1.1098200000000105,-1.3304600000000102
crypto,30m,False,AVAXUSD,short,2026-08-20 13:35:00+05:30,6.856,6.872,6.856,6.8759999999999994,True,True,SL,-1.1719000000000064,-1.5147000000000137
crypto,30m,False,BCHUSD,short,2026-08-20 13:35:00+05:30,216.0,216.51,216.0,216.6375,True,True,SL,-1.1699117647058777,-1.5087352941176484
crypto,30m,False,BNBUSD,short,2026-08-20 13:35:00+05:30,633.58,636.44,633.58,637.1550000000001,True,True,SL,-1.0891125874125713,-1.2663377622377439
crypto,30m,False,LTCUSD,short,2026-08-20 13:35:00+05:30,47.21,47.38,47.21,47.4225,False,True,SL,-1.1115823529411681,-1.3337470588235225
crypto,30m,False,SOLUSD,short,2026-08-20 13:35:00+05:30,87.033,87.344,87.033,87.42174999999999,True,True,SL,-1.1124395498392374,-1.3363186495177013
crypto,30m,False,BCHUSD,short,2026-08-20 13:40:00+05:30,216.8,217.64,216.8,217.84999999999997,True,True,+1R,1.0,0.7935238095238005
crypto,30m,False,DOGEUSD,short,2026-08-20 13:40:00+05:30,0.07635,0.07644,0.07635,,True,False,,,
crypto,30m,False,HYPEUSD,short,2026-08-20 13:40:00+05:30,72.87471986374611,72.88,72.87471986374611,,False,False,,,
crypto,30m,False,RIVERUSD,short,2026-08-20 13:45:00+05:30,2.72,2.738,2.72,,False,False,,,
crypto,30m,False,XRPUSD,short,2026-08-20 13:45:00+05:30,1.1331,1.1365,1.1331,1.13735,True,True,SL,-1.1338058823529429,-1.4004176470588199
crypto,30m,False,XRPUSD,short,2026-08-20 13:55:00+05:30,1.1437,1.1453,1.1437,,False,False,,,
crypto,30m,False,HUSD,long,2026-08-20 14:00:00+05:30,0.08031,0.08074,0.08074,0.08020250000000001,False,True,BE,0.16959155348838414,0.019377600000010986
crypto,30m,False,XRPUSD,short,2026-08-20 14:05:00+05:30,1.1549,1.1576,1.1549,1.158275,False,True,BE,0.38633543703704387,0.044142844444441665
crypto,30m,False,BCHUSD,short,2026-08-20 14:10:00+05:30,218.3,218.87,218.3,,True,False,,,
crypto,30m,False,AVAXUSD,short,2026-08-20 14:15:00+05:30,6.94,6.994,6.94,7.007499999999999,True,True,+1R,1.0,0.8971851851851836
crypto,30m,False,LTCUSD,short,2026-08-20 14:25:00+05:30,47.72822373163299,47.73,47.72822373163299,,False,False,,,
crypto,30m,False,XRPUSD,short,2026-08-20 14:30:00+05:30,1.1614,1.1697,1.1614,1.171775,True,True,+1R,1.0,0.8880578313253015
crypto,30m,False,DOGEUSD,short,2026-08-20 15:45:00+05:30,0.07776785714285714,0.07839,0.07776785714285714,0.07854553571428571,True,True,+1R,1.0,0.9000000000000005
crypto,30m,False,TACUSD,short,2026-08-20 16:15:00+05:30,0.002499,0.002512,0.002499,0.00251525,True,True,+1R,1.0,0.8462153846153866
crypto,30m,False,ETHUSD,short,2026-08-20 17:00:00+05:30,2317.857142857143,2336.4,2317.857142857143,2341.035714285714,True,True,+2R,2.0,1.8999999999999986
crypto,30m,False,XRPUSD,short,2026-08-20 17:00:00+05:30,1.1816,1.1843,1.1816,1.184975,True,True,SL,-1.175551851851878,-1.5256555555555915
crypto,30m,False,BCHUSD,short,2026-08-20 18:55:00+05:30,218.3,218.87,218.3,219.0125,True,True,SL,-1.1536929824561588,-1.4600789473684492
crypto,30m,False,RIVERUSD,short,2026-08-20 19:50:00+05:30,2.72,2.738,2.72,2.7424999999999997,False,True,SL,-1.0609444444444478,-1.1818333333333393
crypto,30m,False,HUSD,long,2026-08-20 20:10:00+05:30,0.07888,0.07951104,0.07951104,0.07872224,False,True,BE,0.11380320000000713,0.013003200000007903
crypto,30m,False,DOGEUSD,short,2026-08-20 20:20:00+05:30,0.07866,0.07887,0.07866,0.07892249999999999,False,True,SL,-1.1503285714285625,-1.4499857142857067
crypto,30m,False,LTCUSD,short,2026-08-20 20:25:00+05:30,47.72822373163299,47.73,47.72822373163299,,False,False,,,
crypto,30m,False,AVAXUSD,short,2026-08-20 20:30:00+05:30,7.026984126984127,7.0832,7.026984126984127,7.097253968253968,True,True,SL,-1.0505000000000029,-1.1505000000000032
crypto,30m,False,BCHUSD,short,2026-08-20 20:30:00+05:30,220.84,222.03,220.84,222.3275,True,True,SL,-1.074731932773112,-1.2231957983193322
crypto,30m,False,DOGEUSD,short,2026-08-20 20:35:00+05:30,0.07928,0.07947,0.07928,0.07951749999999999,True,True,SL,-1.1674052631578762,-1.501215789473683
crypto,30m,False,AVAXUSD,short,2026-08-20 20:40:00+05:30,7.09,7.112,7.09,7.1175,True,True,data_quality_ambiguous,,
crypto,30m,False,ETHUSD,short,2026-08-20 21:00:00+05:30,2317.857142857143,2336.4,2317.857142857143,,True,False,,,
crypto,30m,False,LTCUSD,short,2026-08-20 21:20:00+05:30,48.15,48.26,48.15,48.287499999999994,True,True,+2R,2.0,1.649818181818171
crypto,30m,False,ZECUSD,short,2026-08-20 22:00:00+05:30,586.0,589.16,586.0,589.9499999999999,True,True,SL,-1.0746772151898802,-1.2230316455696295
crypto,30m,False,ZECUSD,short,2026-08-20 22:00:00+05:30,580.75,581.8,580.75,582.0625,False,True,SL,-1.2217380952380543,-1.6642142857142448
crypto,30m,False,BCHUSD,short,2026-08-20 22:10:00+05:30,224.9404761904762,226.74,224.9404761904762,227.18988095238097,False,True,+2R,2.0,1.9000000000000004
crypto,30m,False,AKE/USDT,long,2026-08-20 22:15:00+05:30,0.0081299,0.008194939200000001,0.008194939200000001,,True,False,,,
crypto,30m,False,LINKUSD,short,2026-08-20 23:15:00+05:30,10.855,10.889,10.855,10.897499999999999,True,True,+2R,2.0,1.7445882352941096
crypto,30m,False,VELVETUSD,short,2026-08-20 23:35:00+05:30,0.72,0.7207,0.72,,True,False,,,
crypto,30m,False,BEAT/USDT,long,2026-08-21 08:05:00+05:30,0.1195,0.1201,0.1201,0.11935,True,True,SL,-1.0795666666666601,-1.2396999999999934
crypto,30m,False,AAVEUSD,short,2026-08-21 08:10:00+05:30,101.17,101.6,101.17,101.7075,True,True,+1R,1.0,0.8117767441860445
crypto,30m,False,LTCUSD,short,2026-08-21 09:30:00+05:30,48.57,48.6,48.57,,True,False,,,
crypto,30m,False,RIVERUSD,short,2026-08-21 09:30:00+05:30,2.799,2.809,2.799,2.8115,False,True,+1R,1.0,0.7760800000000032
crypto,30m,False,HUSD,long,2026-08-21 09:55:00+05:30,0.07558,0.07618464,0.07618464,0.07542884,False,True,SL,-1.0499000000000016,-1.1507000000000014
crypto,30m,False,ZECUSD,short,2026-08-21 10:15:00+05:30,591.7559523809524,596.49,591.7559523809524,597.6735119047619,True,True,BE,0.11290000000000068,0.012899999999999828
crypto,30m,False,HUSD,long,2026-08-21 10:40:00+05:30,0.074,0.07459199999999999,0.07459199999999999,,False,False,,,
crypto,30m,False,TRUMP/USDT,short,2026-08-21 10:45:00+05:30,1.7043650793650793,1.718,1.7043650793650793,1.7214087301587302,True,True,BE,0.1129000000000037,0.012900000000004255
crypto,30m,False,BCHUSD,short,2026-08-21 11:20:00+05:30,238.05,238.15,238.05,,False,False,,,
crypto,30m,False,BCHUSD,short,2026-08-21 11:35:00+05:30,241.94,242.31,241.94,,True,False,,,
crypto,30m,False,DOGEUSD,short,2026-08-21 11:35:00+05:30,0.08328,0.08372,0.08328,0.08383,True,True,BE,0.1709511272727192,0.01953294545453596
crypto,30m,False,BCHUSD,short,2026-08-21 11:45:00+05:30,250.11,250.23,250.11,,False,False,,,
crypto,30m,False,BCHUSD,short,2026-08-21 11:45:00+05:30,247.49,247.62,247.49,,False,False,,,
crypto,30m,False,BCHUSD,short,2026-08-21 12:30:00+05:30,252.97619047619048,255.0,252.97619047619048,255.50595238095238,True,True,SL,-1.0504999999999955,-1.1504999999999959
crypto,30m,False,RIVERUSD,short,2026-08-21 12:50:00+05:30,2.837,2.857,2.837,2.862,True,True,SL,-1.0572400000000075,-1.170720000000008
crypto,30m,False,AAVEUSD,short,2026-08-21 13:00:00+05:30,102.06,102.58,102.06,102.71,True,True,SL,-1.0790076923076948,-1.2360230769230816
crypto,30m,False,XRPUSD,short,2026-08-21 13:30:00+05:30,1.334126984126984,1.3448,1.334126984126984,1.347468253968254,True,True,SL,-1.0505000000000075,-1.150500000000006
crypto,30m,False,TACUSD,short,2026-08-21 14:05:00+05:30,0.002693,0.002696,0.002693,,False,False,,,
crypto,30m,False,RIVERUSD,short,2026-08-21 14:10:00+05:30,2.933,2.948,2.933,2.95175,True,True,SL,-1.078713333333339,-1.2351400000000035
crypto,30m,False,TACUSD,short,2026-08-21 14:15:00+05:30,0.002716,0.002717,0.002716,,False,False,,,
crypto,30m,False,UNIUSD,short,2026-08-21 14:20:00+05:30,4.021,4.0305,4.021,4.032875,False,True,SL,-1.1698052631578988,-1.5084157894736923
crypto,30m,False,RIVERUSD,short,2026-08-21 14:40:00+05:30,3.011,3.033,3.011,3.0385,False,True,SL,-1.0552454545454497,-1.1647363636363595
crypto,30m,False,TACUSD,short,2026-08-21 14:50:00+05:30,0.002761765559453694,0.002762,0.002761765559453694,,False,False,,,
crypto,30m,False,VELVETUSD,short,2026-08-21 15:50:00+05:30,0.7509920634920635,0.757,0.7509920634920635,0.7585019841269841,True,True,SL,-1.050499999999999,-1.1504999999999994
crypto,30m,False,AKE/USDT,long,2026-08-21 16:00:00+05:30,0.0080613,0.008125790400000001,0.008125790400000001,0.0080451774,True,True,+2R,2.0,1.8992000000000002
crypto,30m,False,TACUSD,short,2026-08-21 16:00:00+05:30,0.002838,0.00285,0.002838,,False,False,,,
crypto,30m,False,RIVERUSD,short,2026-08-21 16:30:00+05:30,3.143,3.157,3.143,3.1605,False,True,BE,0.20276839999999977,0.023168400000000478
crypto,30m,False,ZORAUSD,short,2026-08-21 18:00:00+05:30,0.00674,0.00676,0.00674,0.006765,True,True,SL,-1.1353000000000126,-1.4049000000000142
crypto,30m,False,ZORAUSD,short,2026-08-21 18:00:00+05:30,0.00655,0.00658,0.00655,0.0065875,True,True,SL,-1.0878333333333394,-1.2625000000000093
crypto,30m,False,TRUMP/USDT,short,2026-08-21 18:05:00+05:30,1.8670634920634919,1.882,1.8670634920634919,1.885734126984127,True,True,SL,-1.0505000000000022,-1.150500000000001
crypto,30m,False,ZORAUSD,short,2026-08-21 18:05:00+05:30,0.00721,0.00725,0.00721,0.007260000000000001,True,True,+2R,2.0,1.8558000000000017
crypto,30m,False,ZORAUSD,short,2026-08-21 18:05:00+05:30,0.00718,0.00719,0.00718,,True,False,,,
crypto,30m,False,BLESSUSD,short,2026-08-21 18:20:00+05:30,0.007901785714285714,0.007965,0.007901785714285714,0.007980803571428571,False,True,BE,0.1129000000000024,0.012900000000002673
crypto,30m,False,BLESSUSD,short,2026-08-21 18:35:00+05:30,0.008125,0.00816,0.008125,0.00816875,False,True,SL,-1.0933571428571303,-1.2790714285714144
crypto,30m,False,ZORAUSD,short,2026-08-21 18:55:00+05:30,0.007409571202375978,0.00741,0.007409571202375978,,False,False,,,
crypto,30m,False,BEAT/USDT,short,2026-08-21 21:10:00+05:30,0.1570436507936508,0.1583,0.1570436507936508,0.1586140873015873,False,True,SL,-1.0505000000000078,-1.1505000000000078
crypto,30m,False,BEAT/USDT,short,2026-08-21 21:25:00+05:30,0.17291666666666666,0.1743,0.17291666666666666,0.17464583333333333,False,True,SL,-1.050499999999996,-1.1504999999999959
crypto,30m,False,BLESSUSD,short,2026-08-21 22:05:00+05:30,0.009225,0.00929,0.009225,0.009306249999999999,True,True,+1R,1.0,0.8864615384615356
crypto,30m,False,UNIUSD,short,2026-08-22 08:25:00+05:30,4.368,4.38,4.368,4.383,False,True,SL,-1.146100000000026,-1.4373000000000324
crypto,30m,False,HUSD,short,2026-08-22 08:35:00+05:30,0.08799,0.08842,0.08799,,False,False,,,
crypto,30m,False,AKE/USDT,short,2026-08-22 09:15:00+05:30,0.0084757,0.008541,0.0084757,0.008557325000000001,False,True,BE,0.11723204042879638,0.013394980704449569
crypto,30m,False,BEAT/USDT,short,2026-08-22 10:30:00+05:30,0.20694444444444446,0.2086,0.20694444444444446,,False,False,,,
crypto,30m,False,RIVERUSD,long,2026-08-22 10:35:00+05:30,2.735,2.742,2.742,2.73325,False,True,data_quality_ambiguous,,
crypto,30m,False,AKE/USDT,long,2026-08-22 10:40:00+05:30,0.0080613,0.008125790400000001,0.008125790400000001,,True,False,,,
crypto,30m,False,BTCUSD,long,2026-08-22 10:40:00+05:30,76245.0,76705.0,76705.0,,False,False,,,
crypto,30m,False,HUSD,long,2026-08-22 10:40:00+05:30,0.0539,0.0543312,0.0543312,,True,False,,,
crypto,30m,False,HUSD,long,2026-08-22 10:40:00+05:30,0.05927,0.05936,0.05936,,True,False,,,
crypto,30m,False,HUSD,long,2026-08-22 10:40:00+05:30,0.06177,0.06199,0.06199,,True,False,,,
crypto,30m,False,HUSD,long,2026-08-22 10:40:00+05:30,0.06542,0.06552,0.06552,,False,False,,,
crypto,30m,False,HUSD,long,2026-08-22 10:40:00+05:30,0.07046,0.07093,0.07093,,True,False,,,
crypto,30m,False,HUSD,long,2026-08-22 10:40:00+05:30,0.074,0.07459199999999999,0.07459199999999999,0.073852,False,True,SL,-1.0499000000000096,-1.150700000000011
crypto,30m,False,RIVERUSD,long,2026-08-22 10:40:00+05:30,2.374,2.392992,2.392992,,True,False,,,
crypto,30m,False,RIVERUSD,long,2026-08-22 10:40:00+05:30,2.469,2.476,2.476,,True,False,,,
crypto,30m,False,RIVERUSD,long,2026-08-22 10:40:00+05:30,2.507,2.527056,2.527056,2.501986,True,True,+2R,2.0,1.8991999999999998
crypto,30m,False,RIVERUSD,long,2026-08-22 10:40:00+05:30,2.644,2.65,2.65,2.6425,False,True,SL,-1.1761666666666921,-1.529500000000033
crypto,30m,False,SOLUSD,long,2026-08-22 10:40:00+05:30,89.81,90.345,90.345,,False,False,,,
crypto,30m,False,TACUSD,long,2026-08-22 10:40:00+05:30,0.002408,0.002409,0.002409,,False,False,,,
crypto,30m,False,TACUSD,long,2026-08-22 10:40:00+05:30,0.002499,0.00251,0.00251,,False,False,,,
crypto,30m,False,UNIUSD,long,2026-08-22 10:40:00+05:30,3.84,3.866,3.866,,False,False,,,
crypto,30m,False,VELVETUSD,long,2026-08-22 10:40:00+05:30,0.6585,0.6594,0.6594,,False,False,,,
crypto,30m,False,AKE/USDT,short,2026-08-22 10:55:00+05:30,0.0093319,0.0094,0.0093319,,False,False,,,
crypto,30m,False,AKE/USDT,short,2026-08-22 10:55:00+05:30,0.009048412698412698,0.0091208,0.009048412698412698,0.009138896825396826,True,True,SL,-1.0505000000000029,-1.1505000000000016
crypto,30m,False,AKE/USDT,short,2026-08-22 10:55:00+05:30,0.008762301587301588,0.0088324,0.008762301587301588,0.008849924603174604,False,True,SL,-1.0504999999999936,-1.1504999999999928
crypto,30m,False,BTCUSD,long,2026-08-22 15:15:00+05:30,76245.0,76705.0,76705.0,76130.0,False,True,+1R,1.0,0.8666
crypto,30m,False,ETHUSD,long,2026-08-23 09:00:00+05:30,2384.4,2403.4752000000003,2403.4752000000003,2379.6312,False,True,BE,0.11380319999999614,0.013003199999998258
crypto,30m,False,BTCUSD,long,2026-08-23 09:10:00+05:30,76245.0,76705.0,76705.0,76130.0,False,True,BE,0.1506085999999904,0.017208599999990415
crypto,30m,False,ETHUSD,long,2026-08-23 10:15:00+05:30,2356.25,2370.35,2370.35,2352.725,False,True,BE,0.15183688794327313,0.01734894468086176
crypto,30m,False,BCHUSD,long,2026-08-23 10:45:00+05:30,262.73,264.83184,264.83184,262.20454,False,True,+2R,2.0,1.8991999999999996
crypto,30m,False,XRPUSD,long,2026-08-23 10:45:00+05:30,1.4307,1.4405,1.4405,1.4282500000000002,False,True,+1R,1.0,0.8824081632653028
crypto,30m,False,HUSD,long,2026-08-23 16:20:00+05:30,0.06978,0.07025,0.07025,0.06966249999999999,False,True,data_quality_ambiguous,,
crypto,30m,False,AAVEUSD,short,2026-08-23 16:50:00+05:30,128.73,129.09,128.73,129.18,True,True,+2R,2.0,1.7139333333333442
crypto,30m,False,BTCUSD,short,2026-08-23 16:50:00+05:30,77317.0,77580.0,77317.0,77645.75,False,True,BE,0.2655236288973311,0.030338838022806375
crypto,30m,False,TRUMP/USDT,short,2026-08-23 16:55:00+05:30,2.62,2.635,2.62,2.63875,False,True,SL,-1.070366666666668,-1.2101000000000026
crypto,30m,False,ETHUSD,short,2026-08-23 17:05:00+05:30,2438.4,2443.6,2438.4,2444.8999999999996,False,True,+2R,2.0,1.6248615384615122
crypto,30m,False,ZORAUSD,short,2026-08-23 17:15:00+05:30,0.007142857142857143,0.0072,0.007142857142857143,0.007214285714285714,False,True,SL,-1.0505000000000004,-1.1505000000000007
crypto,30m,False,UNIUSD,short,2026-08-23 18:10:00+05:30,4.38,4.39,4.38,4.3925,True,True,SL,-1.1756999999999895,-1.5260999999999845
crypto,30m,False,AVAXUSD,short,2026-08-23 18:45:00+05:30,7.598,7.64,7.598,7.650499999999999,False,True,BE,0.16339318095238642,0.018669371428575027
crypto,30m,False,BNBUSD,short,2026-08-23 18:45:00+05:30,700.5,701.77,700.5,,False,False,,,
crypto,30m,False,UNIUSD,short,2026-08-23 18:45:00+05:30,4.45,4.453,4.45,,True,False,,,
crypto,30m,False,XRPUSD,short,2026-08-23 18:45:00+05:30,1.514,1.52,1.514,1.5215,False,True,data_quality_ambiguous,,
crypto,30m,False,UNIUSD,short,2026-08-23 18:50:00+05:30,4.556,4.579,4.556,4.58475,True,True,SL,-1.0797347826086856,-1.2382043478260791
crypto,30m,False,ZECUSD,short,2026-08-23 19:05:00+05:30,853.4325396825396,860.26,853.4325396825396,861.9668650793651,True,True,data_quality_ambiguous,,
crypto,30m,False,LTCUSD,short,2026-08-23 19:40:00+05:30,53.37,53.76,53.37,,False,False,,,
crypto,30m,False,ZORAUSD,short,2026-08-23 21:45:00+05:30,0.007549689865916994,0.00755,0.007549689865916994,,False,False,,,
crypto,30m,False,ZORAUSD,short,2026-08-23 21:45:00+05:30,0.00737,0.00741,0.00737,0.0074199999999999995,True,True,data_quality_ambiguous,,
crypto,30m,False,BNBUSD,short,2026-08-23 22:45:00+05:30,700.5,701.77,700.5,,False,False,,,
crypto,30m,False,RIVERUSD,long,2026-08-24 08:40:00+05:30,2.246,2.263968,2.263968,2.241508,True,True,+2R,2.0,1.8992000000000007
crypto,30m,False,HYPEUSD,long,2026-08-24 11:35:00+05:30,78.33,78.95664,78.95664,,False,False,,,
crypto,30m,False,ETHUSD,short,2026-08-24 12:40:00+05:30,2468.3,2485.6,2468.3,2489.9249999999997,True,True,+1R,1.0,0.8858589595375699
crypto,30m,False,RIVERUSD,long,2026-08-24 12:45:00+05:30,2.246,2.263968,2.263968,,True,False,,,
crypto,30m,False,BLESSUSD,short,2026-08-24 13:35:00+05:30,0.00941,0.009485,0.00941,0.00950375,False,True,BE,0.1133214933333366,0.012948160000003359
crypto,30m,False,BCHUSD,long,2026-08-24 13:45:00+05:30,262.73,264.83184,264.83184,,False,False,,,
crypto,30m,False,HYPEUSD,long,2026-08-24 13:50:00+05:30,76.98,77.44,77.44,76.86500000000001,False,True,+2R,2.0,1.8653217391304322
crypto,30m,False,LTCUSD,short,2026-08-24 14:55:00+05:30,53.37,53.76,53.37,53.8575,False,True,BE,0.12359944615383876,0.014122523076916638
crypto,30m,False,VELVETUSD,long,2026-08-24 15:00:00+05:30,0.64,0.64512,0.64512,0.63872,True,True,SL,-1.049899999999998,-1.150699999999997
crypto,30m,False,VELVETUSD,long,2026-08-24 15:00:00+05:30,0.6567,0.66,0.66,0.655875,False,True,SL,-1.0795000000000092,-1.2395000000000076
crypto,30m,False,VELVETUSD,long,2026-08-24 15:05:00+05:30,0.6113,0.6161903999999999,0.6161903999999999,0.6100774,True,True,data_quality_ambiguous,,
crypto,30m,False,VELVETUSD,short,2026-08-24 15:10:00+05:30,0.825,0.8316,0.825,0.83325,True,True,SL,-1.050499999999993,-1.150499999999992
crypto,30m,False,VELVETUSD,short,2026-08-24 15:10:00+05:30,0.7926587301587302,0.799,0.7926587301587302,0.8005853174603175,False,True,SL,-1.0505000000000064,-1.1505000000000072
crypto,30m,False,VELVETUSD,short,2026-08-24 15:10:00+05:30,0.6995,0.705,0.6995,0.706375,False,True,SL,-1.0513727272727302,-1.1531181818181853
crypto,30m,False,BTCUSD,short,2026-08-24 15:40:00+05:30,78010.0,78030.0,78010.0,,True,False,,,
crypto,30m,False,LINKUSD,short,2026-08-24 17:00:00+05:30,11.707,11.729,11.707,11.734499999999999,True,True,BE,0.4806255636363955,0.0549164727272749
crypto,30m,False,SOLUSD,short,2026-08-24 17:05:00+05:30,96.178,96.319,96.178,,True,False,,,
crypto,30m,False,BNBUSD,short,2026-08-24 17:10:00+05:30,706.75,707.0,706.75,,True,False,,,
crypto,30m,False,BTCUSD,short,2026-08-24 17:15:00+05:30,78755.5,78840.0,78755.5,,False,False,,,
crypto,30m,False,VELVETUSD,long,2026-08-24 17:20:00+05:30,0.389,0.3911,0.3911,0.388475,True,True,SL,-1.0739952380952489,-1.2229857142857257
crypto,30m,False,VELVETUSD,long,2026-08-24 17:20:00+05:30,0.412,0.415296,0.415296,0.411176,False,True,SL,-1.0498999999999947,-1.1506999999999945
crypto,30m,False,VELVETUSD,long,2026-08-24 17:20:00+05:30,0.428,0.429,0.429,0.42774999999999996,True,True,SL,-1.1710999999999756,-1.5142999999999676
crypto,30m,False,VELVETUSD,long,2026-08-24 17:20:00+05:30,0.4717,0.4754736,0.4754736,0.4707566,True,True,SL,-1.0498999999999956,-1.1506999999999963
crypto,30m,False,VELVETUSD,long,2026-08-24 17:25:00+05:30,0.255,0.25704,0.25704,0.25449,True,True,SL,-1.0498999999999994,-1.1506999999999996
crypto,30m,False,BCHUSD,short,2026-08-24 18:10:00+05:30,278.1,278.53,278.1,,True,False,,,
crypto,30m,False,BCHUSD,short,2026-08-24 18:15:00+05:30,281.22,282.99,281.22,283.4325,False,True,SL,-1.0640525423728828,-1.1911576271186468
crypto,30m,False,BTCUSD,short,2026-08-24 18:20:00+05:30,79287.0,79546.5,79287.0,79611.375,True,True,+1R,1.0,0.7555699421965318
crypto,30m,False,ETHUSD,short,2026-08-24 20:05:00+05:30,2534.8,2549.0,2534.8,,True,False,,,
crypto,30m,False,SOLUSD,short,2026-08-24 20:50:00+05:30,97.37132936507936,98.1503,97.37132936507936,98.34504265873016,False,True,+1R,1.0,0.900000000000001
crypto,30m,False,BEAT/USDT,long,2026-08-24 21:15:00+05:30,0.1259,0.12690720000000003,0.12690720000000003,0.12564820000000002,True,True,+1R,1.0,0.8992000000000008
crypto,30m,False,ZECUSD,long,2026-08-24 22:25:00+05:30,822.0,827.36,827.36,820.66,False,True,SL,-1.0612432835820957,-1.184729850746274
crypto,30m,False,BLESSUSD,long,2026-08-24 22:30:00+05:30,0.008655,0.00869,0.00869,0.00864625,False,True,SL,-1.0988142857142953,-1.297442857142865
crypto,30m,False,DOGEUSD,long,2026-08-24 22:50:00+05:30,0.088888,0.08959,0.08959,0.0887125,False,True,SL,-1.0505484330484354,-1.1526452991453011
crypto,30m,False,HYPEUSD,long,2026-08-24 22:50:00+05:30,76.98,77.44,77.44,,False,False,,,
crypto,30m,False,BCHUSD,long,2026-08-24 23:00:00+05:30,262.73,264.83184,264.83184,262.20454,False,True,+2R,2.0,1.8991999999999996
crypto,30m,False,TACUSD,short,2026-08-25 00:00:00+05:30,0.0019206349206349206,0.001936,0.0019206349206349206,0.0019398412698412699,False,True,+2R,2.0,1.9000000000000004
crypto,30m,False,ETHUSD,short,2026-08-25 08:00:00+05:30,2534.8,2549.0,2534.8,,True,False,,,
crypto,30m,False,HUSD,short,2026-08-25 08:00:00+05:30,0.07054,0.07105,0.07054,0.0711775,True,True,+1R,1.0,0.889349019607843
crypto,30m,False,SOLUSD,short,2026-08-25 08:00:00+05:30,102.06349206349206,102.88,102.06349206349206,103.08412698412698,True,True,+1R,1.0,0.8999999999999998
crypto,30m,False,XRPUSD,short,2026-08-25 08:00:00+05:30,1.5437,1.5515,1.5437,1.5534500000000002,True,True,+2R,2.0,1.8416717948717973
crypto,30m,False,HYPEUSD,short,2026-08-25 08:10:00+05:30,80.58,80.97,80.58,81.0675,False,True,SL,-1.083146153846143,-1.2484384615384518
crypto,30m,False,AKE/USDT,long,2026-08-25 08:15:00+05:30,0.0083299,0.008385,0.008385,0.008316124999999999,True,True,SL,-1.0603711433756882,-1.182113430127047
crypto,30m,False,TACUSD,short,2026-08-25 08:15:00+05:30,0.002539,0.002547,0.002539,0.0025489999999999996,False,True,SL,-1.1274500000000116,-1.381350000000022
crypto,30m,False,DOGEUSD,short,2026-08-25 10:55:00+05:30,0.09334,0.09347,0.09334,,False,False,,,
crypto,30m,False,HUSD,short,2026-08-25 11:30:00+05:30,0.07579,0.07632,0.07579,0.0764525,False,True,SL,-1.0576999999999919,-1.1720999999999901
crypto,30m,False,BLESSUSD,long,2026-08-25 13:15:00+05:30,0.008645,0.008695,0.008695,0.0086325,True,True,SL,-1.0690600000000097,-1.2081800000000096
crypto,30m,False,ZORAUSD,long,2026-08-25 13:25:00+05:30,0.00658,0.0066326399999999995,0.0066326399999999995,,True,False,,,
crypto,30m,False,AKE/USDT,short,2026-08-25 14:25:00+05:30,0.0089397,0.0089491,0.0089397,,False,False,,,
crypto,30m,False,ETHUSD,long,2026-08-25 15:20:00+05:30,2453.8,2457.45,2457.45,,False,False,,,
crypto,30m,False,BNBUSD,long,2026-08-25 17:35:00+05:30,692.68,693.29,693.29,,True,False,,,
crypto,30m,False,TRUMP/USDT,long,2026-08-25 17:35:00+05:30,2.339,2.357712,2.357712,2.3343220000000002,True,True,SL,-1.049900000000007,-1.1507000000000087
crypto,30m,False,XRPUSD,long,2026-08-25 17:55:00+05:30,1.4633,1.4655,1.4655,,False,False,,,
crypto,30m,False,UNIUSD,short,2026-08-25 19:05:00+05:30,4.439,4.467,4.439,4.473999999999999,True,True,+2R,2.0,1.8731714285714258
crypto,30m,False,AVAXUSD,long,2026-08-25 19:15:00+05:30,7.4,7.4226,7.4226,7.39435,False,True,SL,-1.1308734513274379,-1.3936203539823062
crypto,30m,False,DOGEUSD,long,2026-08-25 19:15:00+05:30,0.088078,0.08845,0.08845,0.08798500000000001,True,True,SL,-1.0946075268817355,-1.2848225806451792
crypto,30m,False,AVAXUSD,long,2026-08-25 19:20:00+05:30,7.282,7.32,7.32,,True,False,,,
crypto,30m,False,LINKUSD,long,2026-08-25 19:20:00+05:30,11.263,11.351,11.351,,False,False,,,
crypto,30m,False,LINKUSD,long,2026-08-25 19:20:00+05:30,11.421,11.42219364229534,11.42219364229534,,False,False,,,
crypto,30m,False,LTCUSD,long,2026-08-25 19:20:00+05:30,50.2,50.601600000000005,50.601600000000005,,False,False,,,
crypto,30m,False,VELVETUSD,long,2026-08-25 19:30:00+05:30,0.136,0.13708800000000002,0.13708800000000002,0.13572800000000002,True,True,+2R,2.0,1.8992
crypto,30m,False,BEAT/USDT,long,2026-08-25 20:10:00+05:30,0.1241,0.1248,0.1248,0.12392500000000001,False,True,SL,-1.070814285714285,-1.2134428571428586
crypto,30m,False,AKE/USDT,short,2026-08-25 20:25:00+05:30,0.009228670634920635,0.0093025,0.009228670634920635,0.009320957341269842,False,True,data_quality_ambiguous,,
crypto,30m,False,AKE/USDT,short,2026-08-25 20:30:00+05:30,0.009621130952380952,0.0096981,0.009621130952380952,,True,False,,,
crypto,30m,False,ZECUSD,long,2026-08-25 20:55:00+05:30,798.28,804.58,804.58,796.7049999999999,True,True,SL,-1.050584444444442,-1.1527533333333295
crypto,30m,False,AAVEUSD,long,2026-08-25 22:30:00+05:30,126.418,127.429344,127.429344,126.165164,True,True,+1R,1.0,0.8991999999999997
crypto,30m,False,HYPEUSD,short,2026-08-26 00:45:00+05:30,83.08,83.23,83.08,83.26750000000001,True,True,data_quality_ambiguous,,
crypto,30m,False,TACUSD,short,2026-08-26 10:10:00+05:30,0.002957,0.002978,0.002957,0.0029832500000000002,True,True,data_quality_ambiguous,,
crypto,30m,False,TACUSD,short,2026-08-26 10:10:00+05:30,0.002838,0.00285,0.002838,0.002853,False,True,SL,-1.0950999999999886,-1.2842999999999853
crypto,30m,False,BEAT/USDT,short,2026-08-26 10:25:00+05:30,0.13184523809523807,0.1329,0.13184523809523807,0.13316369047619048,False,True,data_quality_ambiguous,,
crypto,30m,False,TACUSD,short,2026-08-26 10:25:00+05:30,0.003345665179860817,0.003346,0.003345665179860817,,False,False,,,
crypto,30m,False,TACUSD,short,2026-08-26 10:25:00+05:30,0.003263,0.003271,0.003263,0.003273,True,True,SL,-1.1636499999999905,-1.4899499999999897
crypto,30m,False,TACUSD,short,2026-08-26 10:25:00+05:30,0.003247814030559723,0.003248,0.003247814030559723,,False,False,,,
crypto,30m,False,TACUSD,short,2026-08-26 10:25:00+05:30,0.003133,0.003145,0.003133,0.0031479999999999998,False,True,SL,-1.1049333333333244,-1.3137999999999936
crypto,30m,False,HYPEUSD,short,2026-08-26 11:05:00+05:30,82.91,83.38,82.91,,True,False,,,
crypto,30m,False,BNBUSD,short,2026-08-26 12:35:00+05:30,700.55,701.31,700.55,,False,False,,,
crypto,30m,False,BLESSUSD,short,2026-08-26 13:55:00+05:30,0.009288,0.00931,0.009288,0.0093155,True,True,+1R,1.0,0.6622545454545636
crypto,30m,False,TACUSD,short,2026-08-26 14:00:00+05:30,0.003529761904761905,0.003558,0.003529761904761905,0.0035650595238095237,True,True,SL,-1.0504999999999949,-1.1504999999999954
crypto,30m,False,RIVERUSD,long,2026-08-26 14:20:00+05:30,2.01,2.02608,2.02608,2.0059799999999997,True,True,SL,-1.0498999999999958,-1.1506999999999947
crypto,30m,False,TACUSD,short,2026-08-26 14:30:00+05:30,0.0035865553022313315,0.003587,0.0035865553022313315,,False,False,,,
crypto,30m,False,TACUSD,short,2026-08-26 14:40:00+05:30,0.00391,0.003932,0.00391,0.0039375,False,True,SL,-1.0715909090909184,-1.2137727272727379
crypto,30m,False,TACUSD,short,2026-08-26 14:40:00+05:30,0.003767857142857143,0.003798,0.003767857142857143,0.0038055357142857144,True,True,SL,-1.0504999999999958,-1.150499999999996
crypto,30m,False,BLESSUSD,short,2026-08-26 14:45:00+05:30,0.009595,0.009665,0.009595,0.0096825,True,True,SL,-1.055328571428572,-1.1649857142857138
crypto,30m,False,SOLUSD,long,2026-08-26 14:50:00+05:30,95.348,96.110784,96.110784,95.157304,True,True,+1R,1.0,0.8991999999999999
crypto,30m,False,XRPUSD,long,2026-08-26 14:50:00+05:30,1.405,1.41624,1.41624,1.40219,True,True,+1R,1.0,0.8991999999999992
crypto,30m,False,AVAXUSD,long,2026-08-26 14:55:00+05:30,7.25,7.308,7.308,7.2355,True,True,+1R,1.0,0.8991999999999997
crypto,30m,False,LINKUSD,long,2026-08-26 15:00:00+05:30,11.15,11.2392,11.2392,11.1277,True,True,+2R,2.0,1.8991999999999996
crypto,30m,False,BTCUSD,long,2026-08-26 15:10:00+05:30,77815.5,78171.0,78171.0,,True,False,,,
crypto,30m,False,DOGEUSD,long,2026-08-26 15:10:00+05:30,0.08494,0.08561952,0.08561952,0.08477012,True,True,+1R,1.0,0.8992
crypto,30m,False,HUSD,long,2026-08-26 15:10:00+05:30,0.07534,0.07594272,0.07594272,0.07518932,False,True,BE,0.11380320000000684,0.013003200000007
crypto,30m,False,AAVEUSD,long,2026-08-26 15:15:00+05:30,124.5,125.48,125.48,124.255,True,True,+1R,1.0,0.8975673469387762
crypto,30m,False,LTCUSD,long,2026-08-26 15:15:00+05:30,49.5,49.896,49.896,,True,False,,,
crypto,30m,False,HYPEUSD,short,2026-08-26 15:50:00+05:30,82.91,83.38,82.91,83.4975,True,True,SL,-1.071061702127653,-1.2121851063829707
crypto,30m,False,RIVERUSD,long,2026-08-26 17:05:00+05:30,1.95,1.9656,1.9656,,True,False,,,
crypto,30m,False,AKE/USDT,long,2026-08-26 17:10:00+05:30,0.0076983,0.0077598864,0.0077598864,,False,False,,,
crypto,30m,False,AKE/USDT,long,2026-08-26 17:10:00+05:30,0.0080613,0.008125790400000001,0.008125790400000001,0.0080451774,True,True,+2R,2.0,1.8992000000000002
crypto,30m,False,BCHUSD,long,2026-08-26 18:55:00+05:30,260.77,262.85616,262.85616,260.24845999999997,True,True,SL,-1.0498999999999914,-1.1506999999999905
crypto,30m,False,ETHUSD,long,2026-08-26 18:55:00+05:30,2412.7,2431.25,2431.25,,True,False,,,
crypto,30m,False,BTCUSD,long,2026-08-26 19:10:00+05:30,77815.5,78171.0,78171.0,77726.625,True,True,BE,0.1986049147679388,0.02269267848101894
crypto,30m,False,TACUSD,short,2026-08-26 19:10:00+05:30,0.004425595238095238,0.004461,0.004425595238095238,0.00446985119047619,False,True,SL,-1.0504999999999955,-1.1504999999999967
crypto,30m,False,LINKUSD,long,2026-08-26 20:10:00+05:30,11.15,11.2392,11.2392,,True,False,,,
crypto,30m,False,LTCUSD,long,2026-08-26 20:10:00+05:30,49.5,49.896,49.896,49.400999999999996,True,True,SL,-1.0499000000000027,-1.1507000000000018
crypto,30m,False,TRUMP/USDT,long,2026-08-26 20:15:00+05:30,2.152,2.164,2.164,2.149,True,True,SL,-1.0716333333333388,-1.2159000000000042
crypto,30m,False,UNIUSD,long,2026-08-26 20:15:00+05:30,4.173,4.206384,4.206384,4.1646540000000005,True,True,BE,0.1138031999999949,0.013003199999993387
crypto,30m,False,XRPUSD,long,2026-08-26 20:15:00+05:30,1.3623,1.3719,1.3719,1.3599,False,True,SL,-1.056662500000009,-1.170987500000011
crypto,30m,False,BNBUSD,long,2026-08-26 20:30:00+05:30,687.96,690.86,690.86,,True,False,,,
crypto,30m,False,LINKUSD,long,2026-08-26 20:30:00+05:30,11.05,11.134,11.134,11.029,True,True,+1R,1.0,0.8939619047619052
crypto,30m,False,BEAT/USDT,long,2026-08-26 21:50:00+05:30,0.1175,0.11843999999999999,0.11843999999999999,,True,False,,,
crypto,30m,False,ZECUSD,long,2026-08-26 22:10:00+05:30,752.25,758.268,758.268,,True,False,,,
crypto,30m,False,BLESSUSD,short,2026-08-27 08:15:00+05:30,0.010262896825396826,0.010345,0.010262896825396826,0.010365525793650793,True,True,SL,-1.0504999999999967,-1.1504999999999979
crypto,30m,False,TACUSD,short,2026-08-27 09:35:00+05:30,0.00525,0.005292,0.00525,0.0053025,True,True,SL,-1.050500000000002,-1.1505000000000027
crypto,30m,False,LTCUSD,long,2026-08-27 11:00:00+05:30,49.25,49.53,49.53,,True,False,,,
crypto,30m,False,BLESSUSD,short,2026-08-27 12:35:00+05:30,0.011046626984126985,0.011135,0.011046626984126985,0.011157093253968254,False,True,BE,0.1129000000000082,0.012900000000007586
crypto,30m,False,BTCUSD,short,2026-08-27 13:30:00+05:30,79471.5,79548.0,79471.5,,False,False,,,
crypto,30m,False,ETHUSD,short,2026-08-27 13:30:00+05:30,2506.1,2514.6,2506.1,2516.725,True,True,SL,-1.118434117647078,-1.3543023529411957
crypto,30m,False,SOLUSD,short,2026-08-27 13:30:00+05:30,102.732,103.172,102.732,103.282,True,True,SL,-1.0938927272727343,-1.2806781818181898
crypto,30m,False,AAVEUSD,short,2026-08-27 13:35:00+05:30,128.6,129.23,128.6,129.3875,False,True,SL,-1.0821507936507988,-1.2454523809523872
crypto,30m,False,ETHUSD,short,2026-08-27 13:55:00+05:30,2534.8,2549.0,2534.8,2552.55,True,True,BE,0.16122756056339171,0.018421926760574803
crypto,30m,False,LINKUSD,short,2026-08-27 15:00:00+05:30,11.935,11.943,11.935,,True,False,,,
crypto,30m,False,HYPEUSD,short,2026-08-27 15:10:00+05:30,83.31,83.81,83.31,83.935,True,True,data_quality_ambiguous,,
crypto,30m,False,VELVETUSD,long,2026-08-27 15:25:00+05:30,0.1078,0.1086624,0.1086624,0.10758440000000001,True,True,+1R,1.0,0.8991999999999996
crypto,30m,False,HYPEUSD,short,2026-08-27 19:50:00+05:30,83.31,83.81,83.31,,True,False,,,
crypto,30m,False,TRUMP/USDT,short,2026-08-27 20:05:00+05:30,2.558,2.572,2.558,2.5755,False,True,SL,-1.0735857142857095,-1.2197571428571374
crypto,30m,False,BEAT/USDT,long,2026-08-27 20:30:00+05:30,0.1174,0.1183392,0.1183392,0.1171652,True,True,+1R,1.0,0.8992000000000007
crypto,30m,False,ZECUSD,short,2026-08-27 22:10:00+05:30,817.51,818.46,817.51,,True,False,,,
crypto,30m,False,AKE/USDT,short,2026-08-27 22:35:00+05:30,0.008646329365079364,0.0087155,0.008646329365079364,0.008732792658730159,False,True,data_quality_ambiguous,,
crypto,30m,False,VELVETUSD,short,2026-08-27 22:35:00+05:30,0.1154,0.1163,0.1154,0.116525,False,True,+2R,2.0,1.8974222222222223
crypto,30m,False,BTCUSD,short,2026-08-27 22:45:00+05:30,80989.5,81268.0,80989.5,,True,False,,,
crypto,30m,False,BEAT/USDT,long,2026-08-28 08:00:00+05:30,0.1169,0.1178352,0.1178352,,True,False,,,
crypto,30m,False,DOGEUSD,long,2026-08-28 08:00:00+05:30,0.08727,0.0877,0.0877,0.0871625,False,True,BE,0.18421079069768678,0.021048000000011224
crypto,30m,False,ETHUSD,long,2026-08-28 08:00:00+05:30,2480.55,2484.0,2484.0,,False,False,,,
crypto,30m,False,RIVERUSD,long,2026-08-28 08:00:00+05:30,1.724,1.737792,1.737792,1.720552,True,True,SL,-1.049900000000003,-1.1507000000000034
crypto,30m,False,HUSD,short,2026-08-28 08:10:00+05:30,0.07409,0.07442,0.07409,,True,False,,,
crypto,30m,False,VELVETUSD,long,2026-08-28 08:15:00+05:30,0.1054,0.1057,0.1057,0.10532499999999999,True,True,SL,-1.1404333333333139,-1.42229999999997
crypto,30m,False,BTCUSD,long,2026-08-28 14:30:00+05:30,78887.0,79255.0,79255.0,78795.0,False,True,+1R,1.0,0.8277065217391304
crypto,30m,False,HUSD,long,2026-08-28 14:50:00+05:30,0.07065,0.07119,0.07119,,True,False,,,
crypto,30m,False,DOGEUSD,long,2026-08-28 15:05:00+05:30,0.0863,0.08657,0.08657,0.0862325,False,True,SL,-1.1277518518518632,-1.384255555555574
crypto,30m,False,AAVEUSD,long,2026-08-28 15:30:00+05:30,123.91,124.25,124.25,123.82499999999999,False,True,+1R,1.0,0.7076470588235372
crypto,30m,False,ZORAUSD,short,2026-08-28 15:30:00+05:30,0.006458998073200781,0.00646,0.006458998073200781,,False,False,,,
crypto,30m,False,AVAXUSD,long,2026-08-28 15:35:00+05:30,7.2958,7.314,7.314,,False,False,,,
crypto,30m,False,XRPUSD,long,2026-08-28 15:35:00+05:30,1.3939,1.4014,1.4014,,False,False,,,
crypto,30m,False,BTCUSD,long,2026-08-28 18:30:00+05:30,78887.0,79255.0,79255.0,,False,False,,,
crypto,30m,False,BCHUSD,long,2026-08-28 18:55:00+05:30,258.11,259.38,259.38,257.7925,True,True,SL,-1.0811944881889934,-1.2445834645669485
crypto,30m,False,BNBUSD,long,2026-08-28 19:30:00+05:30,700.81,701.17,701.17,,False,False,,,
crypto,30m,False,ETHUSD,short,2026-08-28 19:30:00+05:30,2527.85,2534.25,2527.85,,True,False,,,
crypto,30m,False,ZECUSD,long,2026-08-28 19:30:00+05:30,773.73,777.45,777.45,772.8,False,True,+2R,2.0,1.8328064516129066
crypto,30m,False,AVAXUSD,long,2026-08-28 19:35:00+05:30,7.2958,7.314,7.314,7.29125,False,True,+2R,2.0,1.6785054945054982
crypto,30m,False,XRPUSD,long,2026-08-28 19:35:00+05:30,1.3939,1.4014,1.4014,1.3920249999999998,False,True,SL,-1.0742413333333274,-1.2237239999999918
crypto,30m,False,TACUSD,long,2026-08-28 20:20:00+05:30,0.002419,0.002438352,0.002438352,0.002414162,True,True,+2R,2.0,1.8991999999999996
crypto,30m,False,VELVETUSD,long,2026-08-28 21:05:00+05:30,0.1033,0.10412640000000001,0.10412640000000001,0.1030934,True,True,BE,0.11380319999999818,0.013003199999998757
crypto,30m,False,BEAT/USDT,short,2026-08-28 21:10:00+05:30,0.1276,0.1286,0.1276,,True,False,,,
crypto,30m,False,BTCUSD,long,2026-08-28 21:30:00+05:30,77609.0,77770.0,77770.0,77568.75,True,True,SL,-1.1927173913043623,-1.5791521739130578
crypto,30m,False,AAVEUSD,long,2026-08-28 21:45:00+05:30,121.15,121.31,121.31,,False,False,,,
crypto,30m,False,BNBUSD,long,2026-08-28 21:45:00+05:30,687.96,690.86,690.86,687.235,True,True,SL,-1.0947910344827725,-1.2853731034482898
crypto,30m,False,HYPEUSD,long,2026-08-28 21:45:00+05:30,80.49,80.52,80.52,,False,False,,,
crypto,30m,False,BTCUSD,long,2026-08-28 21:50:00+05:30,76658.5,76898.0,76898.0,76598.625,False,True,+2R,2.0,1.7431382045929018
crypto,30m,False,ETHUSD,long,2026-08-28 21:50:00+05:30,2412.7,2431.25,2431.25,2408.0625,True,True,SL,-1.051925876010775,-1.1567776280323383
crypto,30m,False,AVAXUSD,long,2026-08-28 21:55:00+05:30,7.164,7.196,7.196,,True,False,,,
crypto,30m,False,ETHUSD,long,2026-08-28 21:55:00+05:30,2388.15,2407.2552,2407.2552,,False,False,,,
crypto,30m,False,HYPEUSD,long,2026-08-28 23:50:00+05:30,79.5,79.67,79.67,79.4575,False,True,SL,-1.1869588235293822,-1.5618764705881958
crypto,30m,False,XRPUSD,long,2026-08-29 00:05:00+05:30,1.3581,1.368,1.368,1.355625,True,True,+1R,1.0,0.8894545454545457
crypto,30m,False,HYPEUSD,long,2026-08-29 00:20:00+05:30,78.42,78.42908445531775,78.42908445531775,,False,False,,,
crypto,30m,False,AKE/USDT,short,2026-08-29 00:55:00+05:30,0.009281,0.0093318,0.009281,0.009344499999999999,False,True,+2R,2.0,1.8538425196850379
crypto,30m,False,AKE/USDT,short,2026-08-29 09:25:00+05:30,0.011622420634920635,0.0117154,0.011622420634920635,0.011738644841269841,True,True,data_quality_ambiguous,,
crypto,30m,False,TRUMP/USDT,short,2026-08-29 09:40:00+05:30,2.9166666666666665,2.94,2.9166666666666665,2.9458333333333333,True,True,BE,0.1128999999999988,0.012899999999999204
crypto,30m,False,RIVERUSD,long,2026-08-29 10:00:00+05:30,1.51,1.52208,1.52208,,True,False,,,
crypto,30m,False,BEAT/USDT,short,2026-08-29 11:10:00+05:30,0.1479,0.1485,0.1479,0.14865,False,True,SL,-1.0990999999999815,-1.2962999999999814
crypto,30m,False,TACUSD,long,2026-08-29 11:20:00+05:30,0.002232,0.002244,0.002244,0.002229,False,True,+2R,2.0,1.8503999999999983
crypto,30m,False,BNBUSD,long,2026-08-29 11:30:00+05:30,685.23,687.85,687.85,684.575,True,True,BE,0.23712447328245143,0.027093938931304906
crypto,30m,False,DOGEUSD,long,2026-08-29 11:45:00+05:30,0.08387,0.08442,0.08442,0.0837325,True,True,BE,0.13863298909091362,0.015840261818185222
crypto,30m,False,SOLUSD,long,2026-08-29 11:50:00+05:30,102.308,103.111,103.111,,True,False,,,
crypto,30m,False,BLESSUSD,short,2026-08-29 11:55:00+05:30,0.012678571428571428,0.01278,0.012678571428571428,0.012805357142857143,True,True,+1R,1.0,0.9000000000000004
crypto,30m,False,UNIUSD,long,2026-08-29 13:30:00+05:30,4.351,4.371,4.371,4.346,True,True,BE,0.19739435999997998,0.022554359999982426
crypto,30m,False,BNBUSD,long,2026-08-29 15:30:00+05:30,685.23,687.85,687.85,,True,False,,,
crypto,30m,False,BTCUSD,long,2026-08-29 15:35:00+05:30,77218.5,77348.0,77348.0,,False,False,,,
crypto,30m,False,DOGEUSD,long,2026-08-29 15:45:00+05:30,0.08387,0.08442,0.08442,,True,False,,,
crypto,30m,False,SOLUSD,long,2026-08-29 16:10:00+05:30,102.308,103.111,103.111,,True,False,,,
crypto,30m,False,VELVETUSD,short,2026-08-29 19:05:00+05:30,0.1154,0.1163,0.1154,0.116525,False,True,SL,-1.0517888888888915,-1.1543666666666692
crypto,30m,False,AVAXUSD,short,2026-08-29 19:45:00+05:30,7.333568228011525,7.334,7.333568228011525,,False,False,,,
crypto,30m,False,DOGEUSD,short,2026-08-29 19:50:00+05:30,0.08539,0.08549,0.08539,,False,False,,,
crypto,30m,False,SOLUSD,short,2026-08-29 19:50:00+05:30,104.413,104.5647,104.413,,False,False,,,
crypto,30m,False,BTCUSD,short,2026-08-29 19:55:00+05:30,77880.5,77926.5,77880.5,,False,False,,,
crypto,30m,False,ZECUSD,short,2026-08-29 20:05:00+05:30,821.81,824.3,821.81,824.9224999999999,False,True,SL,-1.132517670682726,-1.3965530120481917
crypto,30m,False,ETHUSD,short,2026-08-29 20:10:00+05:30,2444.55,2447.05,2444.55,,False,False,,,
crypto,30m,False,LINKUSD,short,2026-08-29 20:10:00+05:30,11.470142156296413,11.471,11.470142156296413,,False,False,,,
crypto,30m,False,BNBUSD,short,2026-08-29 20:15:00+05:30,692.1730624621258,692.2,692.1730624621258,,False,False,,,
crypto,30m,False,ZECUSD,short,2026-08-29 20:15:00+05:30,830.19,835.17,830.19,836.415,True,True,SL,-1.0671819277108434,-1.2005457831325321
crypto,30m,False,UNIUSD,short,2026-08-30 08:15:00+05:30,4.841,4.844,4.841,,True,False,,,
crypto,30m,False,HUSD,long,2026-08-30 08:45:00+05:30,0.07588,0.07631,0.07631,0.0757725,False,True,SL,-1.0704860465116168,-1.2124581395348737
crypto,30m,False,LINKUSD,long,2026-08-30 10:15:00+05:30,11.263,11.32,11.32,,False,False,,,
crypto,30m,False,LTCUSD,long,2026-08-30 10:15:00+05:30,48.64,48.71,48.71,,True,False,,,
crypto,30m,False,AKE/USDT,long,2026-08-30 10:40:00+05:30,0.00785,0.0078959,0.0078959,0.007838524999999999,False,True,+2R,2.0,1.8623808278867147
crypto,30m,False,XRPUSD,short,2026-08-30 11:50:00+05:30,1.4013,1.4035,1.4013,,True,False,,,
crypto,30m,False,AVAXUSD,short,2026-08-30 12:10:00+05:30,7.36,7.372,7.36,,True,False,,,
crypto,30m,False,LINKUSD,short,2026-08-30 12:10:00+05:30,11.465,11.479,11.465,,True,False,,,
crypto,30m,False,LTCUSD,short,2026-08-30 12:25:00+05:30,49.17,49.33,49.17,,False,False,,,
crypto,30m,False,TACUSD,long,2026-08-30 13:30:00+05:30,0.002225,0.0022428,0.0022428,,True,False,,,
crypto,30m,False,BLESSUSD,long,2026-08-30 13:35:00+05:30,0.01082,0.01090656,0.01090656,,False,False,,,
crypto,30m,False,DOGEUSD,long,2026-08-30 14:10:00+05:30,0.08387,0.08442,0.08442,,True,False,,,
crypto,30m,False,ZORAUSD,short,2026-08-30 14:50:00+05:30,0.00667,0.00672,0.00667,0.006732500000000001,True,True,SL,-1.053860000000002,-1.1605800000000004
crypto,30m,False,LINKUSD,long,2026-08-30 14:55:00+05:30,11.263,11.32,11.32,,False,False,,,
crypto,30m,False,ZORAUSD,short,2026-08-30 15:30:00+05:30,0.007018648708710357,0.00702,0.007018648708710357,,False,False,,,
crypto,30m,False,TRUMP/USDT,long,2026-08-30 15:40:00+05:30,2.521,2.529,2.529,2.519,True,True,SL,-1.1259500000000218,-1.3788500000000272
crypto,30m,False,ETHUSD,short,2026-08-30 15:55:00+05:30,2461.75,2467.0,2461.75,,True,False,,,
crypto,30m,False,ZORAUSD,short,2026-08-30 15:55:00+05:30,0.00714841178553921,0.00715,0.00714841178553921,,False,False,,,
crypto,30m,False,ZECUSD,short,2026-08-30 16:25:00+05:30,843.76,850.0,843.76,851.56,True,True,SL,-1.054587179487184,-1.1627615384615435
crypto,30m,False,LTCUSD,short,2026-08-30 17:25:00+05:30,49.48,49.49,49.48,,True,False,,,
crypto,30m,False,AAVEUSD,short,2026-08-30 17:30:00+05:30,127.05,127.18,127.05,,True,False,,,
crypto,30m,False,LINKUSD,short,2026-08-30 17:35:00+05:30,11.465,11.479,11.465,,True,False,,,
crypto,30m,False,SOLUSD,short,2026-08-30 17:35:00+05:30,105.763,105.863,105.763,,True,False,,,
crypto,30m,False,BCHUSD,short,2026-08-30 17:40:00+05:30,248.91,249.01,248.91,,False,False,,,
crypto,30m,False,DOGEUSD,short,2026-08-30 17:40:00+05:30,0.08565,0.08577,0.08565,,True,False,,,
crypto,30m,False,AKE/USDT,short,2026-08-30 17:45:00+05:30,0.0083184,0.0083674,0.0083184,0.00837965,False,True,data_quality_ambiguous,,
crypto,30m,False,BLESSUSD,long,2026-08-30 17:55:00+05:30,0.01082,0.01090656,0.01090656,0.01079836,False,True,BE,0.11380319999999597,0.013003199999995302
crypto,30m,False,SOLUSD,short,2026-08-30 19:00:00+05:30,107.0873015873016,107.944,107.0873015873016,108.1581746031746,False,True,+1R,1.0,0.8999999999999989
crypto,30m,False,AVAXUSD,short,2026-08-30 19:10:00+05:30,7.436,7.466,7.436,7.4735000000000005,False,True,BE,0.22387317333332782,0.025579839999997273
crypto,30m,False,ZECUSD,short,2026-08-30 20:35:00+05:30,864.8809523809523,871.8,864.8809523809523,873.5297619047619,False,True,SL,-1.0505000000000027,-1.1505000000000014
crypto,30m,False,ETHUSD,short,2026-08-30 22:05:00+05:30,2527.85,2534.25,2527.85,2535.85,True,True,BE,0.35674283125001693,0.04076158125001694
crypto,30m,False,ZECUSD,short,2026-08-30 22:15:00+05:30,881.4484126984127,888.5,881.4484126984127,890.2628968253969,True,True,+2R,2.0,1.900000000000001
crypto,30m,False,BTCUSD,short,2026-08-30 22:25:00+05:30,79526.5,79816.0,79526.5,,False,False,,,
crypto,30m,False,HYPEUSD,long,2026-08-30 22:50:00+05:30,82.44,82.79,82.79,82.35249999999999,False,True,+1R,1.0,0.8107657142857204
crypto,30m,False,XRPUSD,short,2026-08-30 23:55:00+05:30,1.4317,1.441,1.4317,1.4433250000000002,False,True,+2R,2.0,1.8768430107526906
crypto,30m,False,AAVEUSD,long,2026-08-31 08:20:00+05:30,120.0,120.96000000000001,120.96000000000001,,True,False,,,
crypto,30m,False,AKE/USDT,long,2026-08-31 12:50:00+05:30,0.0077387,0.0078006096,0.0078006096,0.0077232226,True,True,BE,0.11380319999999479,0.013003199999994705
crypto,30m,False,RIVERUSD,long,2026-08-31 15:30:00+05:30,1.433,1.441,1.441,1.431,True,True,SL,-1.071550000000009,-1.215650000000009
crypto,30m,False,BLESSUSD,short,2026-08-31 16:10:00+05:30,0.012678571428571428,0.01278,0.012678571428571428,0.012805357142857143,True,True,SL,-1.0505000000000035,-1.1505000000000032
crypto,30m,False,BEAT/USDT,long,2026-08-31 16:35:00+05:30,0.1213,0.1219,0.1219,0.12115000000000001,True,True,SL,-1.080766666666659,-1.2432999999999952
crypto,30m,False,BTCUSD,long,2026-08-31 18:10:00+05:30,76966.5,77532.0,77532.0,,True,False,,,
crypto,30m,False,BLESSUSD,long,2026-08-31 18:30:00+05:30,0.010815,0.0109,0.0109,0.01079375,True,True,SL,-1.050794117647066,-1.1533823529411833
crypto,30m,False,HUSD,long,2026-08-31 20:35:00+05:30,0.0723,0.07278,0.07278,,True,False,,,
crypto,30m,False,HYPEUSD,short,2026-08-31 22:10:00+05:30,83.95,84.07,83.95,,True,False,,,
crypto,30m,False,HYPEUSD,short,2026-08-31 22:15:00+05:30,84.83,85.13,84.83,,True,False,,,
crypto,30m,False,BTCUSD,short,2026-09-01 00:10:00+05:30,79313.0,79386.5,79313.0,,True,False,,,
crypto,30m,False,AKE/USDT,short,2026-09-01 08:30:00+05:30,0.008736805555555557,0.0088067,0.008736805555555557,0.00882417361111111,True,True,data_quality_ambiguous,,
crypto,30m,False,BLESSUSD,long,2026-09-01 09:50:00+05:30,0.009335,0.00936,0.00936,0.00932875,False,True,+2R,2.0,1.7004800000000002
crypto,30m,False,ZECUSD,short,2026-09-01 10:55:00+05:30,865.77,871.08,865.77,872.4075,True,True,BE,0.14726242259886912,0.016826264406779645
crypto,30m,False,UNIUSD,short,2026-09-01 11:05:00+05:30,5.473,5.493,5.473,5.498,True,True,SL,-1.1099599999999852,-1.328879999999982
crypto,30m,False,BTCUSD,short,2026-09-01 11:10:00+05:30,79313.0,79386.5,79313.0,,True,False,,,
crypto,30m,False,SOLUSD,short,2026-09-01 11:10:00+05:30,104.473,105.025,104.473,,True,False,,,
crypto,30m,False,RIVERUSD,long,2026-09-01 11:35:00+05:30,1.364,1.3749120000000001,1.3749120000000001,1.361272,True,True,SL,-1.0499000000000005,-1.1506999999999998
crypto,30m,False,TRUMP/USDT,long,2026-09-01 12:25:00+05:30,2.348,2.356,2.356,2.346,False,True,BE,0.26599240000000923,0.030392400000004205
crypto,30m,False,SOLUSD,long,2026-09-01 13:40:00+05:30,102.161,102.372,102.372,102.10825,False,True,SL,-1.1935701421800677,-1.5817104265402548
crypto,30m,False,HUSD,short,2026-09-01 13:50:00+05:30,0.0737,0.07412,0.0737,0.07422500000000001,False,True,BE,0.1584900952380896,0.018109142857140298
crypto,30m,False,BNBUSD,long,2026-09-01 13:55:00+05:30,684.22,685.19,685.19,,False,False,,,
crypto,30m,False,BTCUSD,long,2026-09-01 13:55:00+05:30,77673.5,77842.0,77842.0,77631.375,False,True,BE,0.41725159881309015,0.047675337685493646
crypto,30m,False,VELVETUSD,long,2026-09-01 13:55:00+05:30,0.091,0.0914,0.0914,0.0909,True,True,BE,0.20638119999999407,0.02358119999999425
crypto,30m,False,XRPUSD,long,2026-09-01 13:55:00+05:30,1.3581,1.3625,1.3625,1.3570000000000002,False,True,+1R,1.0,0.75227272727272
crypto,30m,False,DOGEUSD,long,2026-09-01 14:25:00+05:30,0.08213,0.08225,0.08225,,False,False,,,
crypto,30m,False,LTCUSD,long,2026-09-01 14:30:00+05:30,48.15,48.25,48.25,,False,False,,,
crypto,30m,False,AAVEUSD,short,2026-09-01 17:20:00+05:30,129.13,130.1,129.13,,True,False,,,
crypto,30m,False,ZECUSD,short,2026-09-01 17:20:00+05:30,865.77,871.08,865.77,,True,False,,,
crypto,30m,False,BNBUSD,long,2026-09-01 17:55:00+05:30,684.22,685.19,685.19,,False,False,,,
crypto,30m,False,BTCUSD,long,2026-09-01 17:55:00+05:30,77673.5,77842.0,77842.0,,False,False,,,
crypto,30m,False,BEAT/USDT,short,2026-09-01 18:20:00+05:30,0.1272,0.1282,0.1272,0.12845,False,True,+2R,2.0,1.8982400000000001
crypto,30m,False,DOGEUSD,long,2026-09-01 18:30:00+05:30,0.08213,0.08225,0.08225,,False,False,,,
crypto,30m,False,XRPUSD,long,2026-09-01 18:30:00+05:30,1.3581,1.3625,1.3625,,False,False,,,
crypto,30m,False,BNBUSD,long,2026-09-01 18:35:00+05:30,676.74,682.13,682.13,,True,False,,,
crypto,30m,False,BTCUSD,long,2026-09-01 18:35:00+05:30,76966.5,77532.0,77532.0,76825.125,True,True,+1R,1.0,0.8903172413793103
crypto,30m,False,SOLUSD,long,2026-09-01 20:35:00+05:30,100.343,101.108,101.108,100.15175,True,True,SL,-1.05236692810458,-1.1581007843137305
crypto,30m,False,LTCUSD,short,2026-09-01 21:20:00+05:30,50.09,50.16,50.09,,True,False,,,
crypto,30m,False,HUSD,long,2026-09-01 22:20:00+05:30,0.07065,0.07119,0.07119,0.07051500000000001,True,True,BE,0.11907186666666052,0.013605199999993073
crypto,30m,False,TRUMP/USDT,long,2026-09-01 23:15:00+05:30,2.279,2.2972319999999997,2.2972319999999997,2.274442,True,True,SL,-1.0499000000000018,-1.1507000000000034
crypto,30m,False,BNBUSD,long,2026-09-01 23:25:00+05:30,676.74,682.13,682.13,675.3925,True,True,SL,-1.0501218923933244,-1.151365677179967
crypto,30m,False,LINKUSD,long,2026-09-01 23:30:00+05:30,11.27,11.292,11.292,11.2645,True,True,SL,-1.20480909090908,-1.615427272727264
crypto,30m,False,ETHUSD,long,2026-09-01 23:35:00+05:30,2385.0,2404.08,2404.08,2380.23,True,True,BE,0.11380319999999636,0.013003199999995968
crypto,30m,False,VELVETUSD,short,2026-09-01 23:40:00+05:30,0.0958,0.0965,0.0958,0.09667500000000001,True,True,+1R,1.0,0.8905142857142876
crypto,30m,False,DOGEUSD,long,2026-09-01 23:45:00+05:30,0.08089,0.0815,0.0815,0.0807375,True,True,BE,0.12067344262295308,0.013788196721313623
crypto,30m,False,BTCUSD,long,2026-09-01 23:50:00+05:30,76658.5,76898.0,76898.0,76598.625,False,True,BE,0.2899969670146272,0.0331351716075291
crypto,30m,False,LINKUSD,long,2026-09-01 23:55:00+05:30,11.169,11.19,11.19,11.16375,False,True,SL,-1.2126428571428916,-1.6389285714286186
crypto,30m,False,XRPUSD,long,2026-09-01 23:55:00+05:30,1.3356,1.3434,1.3434,1.33365,True,True,+2R,2.0,1.8622153846153835
crypto,30m,False,ZECUSD,long,2026-09-01 23:55:00+05:30,817.51,818.99,818.99,,False,False,,,
crypto,30m,False,AVAXUSD,long,2026-09-02 00:05:00+05:30,7.134,7.148,7.148,7.1305000000000005,False,True,+2R,2.0,1.591542857142838
crypto,30m,False,BCHUSD,long,2026-09-02 00:05:00+05:30,244.19,244.20453445606574,244.20453445606574,,False,False,,,
crypto,30m,False,LINKUSD,long,2026-09-02 00:10:00+05:30,11.0,11.078,11.078,10.9805,True,True,+1R,1.0,0.8863794871794873
crypto,30m,False,HYPEUSD,long,2026-09-02 00:15:00+05:30,80.53,80.6,80.6,,False,False,,,
crypto,30m,False,AAVEUSD,short,2026-09-02 08:35:00+05:30,129.13,130.1,129.13,130.3425,True,True,SL,-1.0537494845360753,-1.1602484536082398
crypto,30m,False,BNBUSD,short,2026-09-02 08:35:00+05:30,687.93,688.55,687.93,,False,False,,,
crypto,30m,False,AAVEUSD,short,2026-09-02 09:30:00+05:30,131.32,131.62,131.32,131.695,True,True,data_quality_ambiguous,,
crypto,30m,False,AKE/USDT,long,2026-09-02 14:15:00+05:30,0.00829,0.0083074,0.0083074,0.00828565,False,True,data_quality_ambiguous,,
crypto,30m,False,ZECUSD,long,2026-09-02 14:25:00+05:30,817.51,818.99,818.99,817.14,False,True,SL,-1.2208486486486754,-1.6635459459459672
crypto,30m,False,HUSD,short,2026-09-02 14:40:00+05:30,0.0737,0.07412,0.0737,0.07422500000000001,False,True,+1R,1.0,0.8596190476190507
crypto,30m,False,ETHUSD,long,2026-09-02 14:50:00+05:30,2355.65,2372.55,2372.55,2351.425,True,True,+2R,2.0,1.8876899408284022
crypto,30m,False,ZECUSD,long,2026-09-02 15:05:00+05:30,806.75,809.92,809.92,805.9575,True,True,SL,-1.101698107255518,-1.3060943217665604
crypto,30m,False,AVAXUSD,long,2026-09-02 15:15:00+05:30,7.01,7.0660799999999995,7.0660799999999995,6.995979999999999,False,True,+1R,1.0,0.8992000000000001
crypto,30m,False,AAVEUSD,long,2026-09-02 15:35:00+05:30,124.73,125.66,125.66,,False,False,,,
crypto,30m,False,ZECUSD,long,2026-09-02 16:40:00+05:30,789.87,792.46,792.46,789.2225,False,True,SL,-1.12188764478765,-1.3666629343629344
crypto,30m,False,HYPEUSD,long,2026-09-02 16:50:00+05:30,80.53,80.6,80.6,,False,False,,,
crypto,30m,False,TACUSD,short,2026-09-02 18:05:00+05:30,0.0023581349206349207,0.002377,0.0023581349206349207,0.00238171626984127,False,True,SL,-1.0505000000000002,-1.1505000000000005
crypto,30m,False,HUSD,short,2026-09-02 18:45:00+05:30,0.07639,0.07645,0.07639,,True,False,,,
crypto,30m,False,AKE/USDT,short,2026-09-02 19:00:00+05:30,0.0090179,0.0090358,0.0090179,0.009040275,True,True,SL,-1.2020173184357623,-1.6050519553072737
crypto,30m,False,HUSD,short,2026-09-02 19:55:00+05:30,0.07768,0.07823,0.07768,0.07836749999999999,False,True,+1R,1.0,0.8870109090909081
crypto,30m,False,AKE/USDT,long,2026-09-02 20:00:00+05:30,0.0075393,0.0075996143999999995,0.0075996143999999995,,True,False,,,
crypto,30m,False,BCHUSD,long,2026-09-02 20:30:00+05:30,239.8,241.7184,241.7184,,True,False,,,
crypto,30m,False,HUSD,short,2026-09-02 21:10:00+05:30,0.07977,0.08028,0.07977,,False,False,,,
crypto,30m,False,VELVETUSD,short,2026-09-02 21:30:00+05:30,0.0958,0.0965,0.0958,0.09667500000000001,True,True,+1R,1.0,0.8905142857142876
crypto,30m,False,AKE/USDT,short,2026-09-02 22:00:00+05:30,0.012103174603174604,0.0122,0.012103174603174604,0.01222420634920635,True,True,data_quality_ambiguous,,
crypto,30m,False,AKE/USDT,short,2026-09-02 23:50:00+05:30,0.01604126984126984,0.0161696,0.01604126984126984,0.01620168253968254,True,True,data_quality_ambiguous,,
crypto,30m,False,AVAXUSD,short,2026-09-03 08:00:00+05:30,7.263610339235566,7.264,7.263610339235566,,False,False,,,
crypto,30m,False,BNBUSD,short,2026-09-03 08:00:00+05:30,694.19,694.61,694.19,,True,False,,,
crypto,30m,False,BTCUSD,short,2026-09-03 08:00:00+05:30,77715.0,77773.0,77715.0,,False,False,,,
crypto,30m,False,ETHUSD,short,2026-09-03 08:00:00+05:30,2403.3,2419.25,2403.3,2423.2375,False,True,+1R,1.0,0.8794583072100314
crypto,30m,False,HUSD,short,2026-09-03 08:00:00+05:30,0.07977,0.08028,0.07977,0.0804075,False,True,BE,0.14127110588235392,0.016141694117650596
crypto,30m,False,SOLUSD,short,2026-09-03 08:00:00+05:30,100.591,100.722,100.591,,False,False,,,
crypto,30m,False,HUSD,short,2026-09-03 09:35:00+05:30,0.08102,0.08117,0.08102,0.08120750000000002,True,True,SL,-1.216553333333345,-1.6486599999999632
crypto,30m,False,LTCUSD,short,2026-09-03 10:20:00+05:30,50.44,50.57,50.44,50.6025,True,True,+2R,2.0,1.6896000000000027
crypto,30m,False,BCHUSD,short,2026-09-03 10:25:00+05:30,249.61,250.31,249.61,250.485,False,True,+1R,1.0,0.7147314285714286
crypto,30m,False,AVAXUSD,short,2026-09-03 12:30:00+05:30,7.334,7.364,7.334,7.3715,True,True,+2R,2.0,1.8044266666666695
crypto,30m,False,BTCUSD,short,2026-09-03 12:30:00+05:30,78221.5,78404.0,78221.5,,False,False,,,
crypto,30m,False,DOGEUSD,short,2026-09-03 12:30:00+05:30,0.08358,0.08404,0.08358,0.08415500000000001,False,True,BE,0.16410751304347582,0.018750991304346903
crypto,30m,False,ETHUSD,short,2026-09-03 12:30:00+05:30,2421.45,2428.05,2421.45,,True,False,,,
crypto,30m,False,LINKUSD,short,2026-09-03 12:35:00+05:30,11.293,11.304,11.293,,False,False,,,
crypto,30m,False,BCHUSD,short,2026-09-03 12:50:00+05:30,251.28,252.0,251.28,252.18,True,True,SL,-1.1401000000000046,-1.419300000000003
crypto,30m,False,ETHUSD,short,2026-09-03 13:00:00+05:30,2403.3,2419.25,2403.3,,False,False,,,
crypto,30m,False,BNBUSD,short,2026-09-03 13:50:00+05:30,703.2,703.65,703.2,,True,False,,,
crypto,30m,False,LTCUSD,short,2026-09-03 13:55:00+05:30,50.88650158951395,50.89,50.88650158951395,,False,False,,,
crypto,30m,False,HUSD,short,2026-09-03 14:35:00+05:30,0.08799,0.08842,0.08799,,False,False,,,
crypto,30m,False,VELVETUSD,long,2026-09-03 14:35:00+05:30,0.0909,0.09162719999999999,0.09162719999999999,0.0907182,True,True,BE,0.11380320000000449,0.01300320000000374
crypto,30m,False,TRUMP/USDT,short,2026-09-03 16:45:00+05:30,2.303,2.317,2.303,2.3205,False,True,SL,-1.0662999999999918,-1.1978999999999913
crypto,30m,False,ZECUSD,short,2026-09-03 16:45:00+05:30,840.52,842.64,840.52,843.17,False,True,SL,-1.1590886792453032,-1.476266037735872
crypto,30m,False,LINKUSD,short,2026-09-03 16:55:00+05:30,11.293,11.304,11.293,,False,False,,,
crypto,30m,False,BTCUSD,short,2026-09-03 17:40:00+05:30,78221.5,78404.0,78221.5,78449.625,False,True,SL,-1.1719443835616623,-1.51483315068495
crypto,30m,False,AVAXUSD,short,2026-09-03 18:00:00+05:30,7.334,7.364,7.334,,True,False,,,
crypto,30m,False,ETHUSD,short,2026-09-03 18:00:00+05:30,2421.45,2428.05,2421.45,2429.7000000000003,True,True,BE,0.3313717636363694,0.03786267272729471
crypto,30m,False,XRPUSD,short,2026-09-03 18:40:00+05:30,1.3953,1.3973,1.3953,,True,False,,,
crypto,30m,False,UNIUSD,short,2026-09-03 18:45:00+05:30,6.351,6.382,6.351,,True,False,,,
crypto,30m,False,VELVETUSD,long,2026-09-03 19:00:00+05:30,0.0909,0.09162719999999999,0.09162719999999999,,True,False,,,
crypto,30m,False,BEAT/USDT,long,2026-09-03 19:30:00+05:30,0.1205,0.1209,0.1209,,True,False,,,
crypto,30m,False,ZECUSD,short,2026-09-03 19:40:00+05:30,865.77,871.08,865.77,872.4075,True,True,+1R,1.0,0.8695638418079106
crypto,30m,False,LINKUSD,short,2026-09-03 19:45:00+05:30,11.509,11.519,11.509,,True,False,,,
crypto,30m,False,BTCUSD,short,2026-09-03 19:50:00+05:30,79313.0,79386.5,79313.0,,True,False,,,
crypto,30m,False,BTCUSD,short,2026-09-03 19:55:00+05:30,79526.5,79816.0,79526.5,79888.375,False,True,SL,-1.1103811744387007,-1.3301435233160754
crypto,30m,False,BCHUSD,short,2026-09-03 20:00:00+05:30,254.9,255.42,254.9,255.54999999999998,True,True,SL,-1.1965769230769514,-1.5887307692308112
crypto,30m,False,BNBUSD,short,2026-09-03 20:00:00+05:30,718.75,718.79,718.75,,True,False,,,
crypto,30m,False,AVAXUSD,short,2026-09-03 20:15:00+05:30,7.45,7.474,7.45,7.48,True,True,SL,-1.1246666666666534,-1.3729999999999847
crypto,30m,False,DOGEUSD,short,2026-09-03 20:15:00+05:30,0.08642,0.08657,0.08642,0.08660749999999999,True,True,SL,-1.2309533333333476,-1.6918600000000308
crypto,30m,False,ETHUSD,short,2026-09-03 20:15:00+05:30,2484.3,2488.75,2484.3,2489.8625,False,True,SL,-1.223807865168505,-1.6704235955055835
crypto,30m,False,HYPEUSD,short,2026-09-03 20:15:00+05:30,83.96,84.46,83.96,84.585,False,True,BE,0.15166534400000273,0.017329344000002744
crypto,30m,False,XRPUSD,short,2026-09-03 20:15:00+05:30,1.4317,1.441,1.4317,1.4433250000000002,False,True,SL,-1.0620784946236497,-1.1852354838709591
crypto,30m,False,LINKUSD,short,2026-09-03 20:20:00+05:30,11.752,11.771,11.752,11.77575,True,True,SL,-1.2479105263158292,-1.742731578947414
crypto,30m,False,DOGEUSD,short,2026-09-03 20:25:00+05:30,0.0878,0.0881,0.0878,0.088175,False,True,SL,-1.117566666666661,-1.3516999999999941
crypto,30m,False,SOLUSD,short,2026-09-03 20:25:00+05:30,104.473,105.025,104.473,105.16300000000001,True,True,SL,-1.0762050724637702,-1.2276152173913037
crypto,30m,False,BNBUSD,short,2026-09-03 20:30:00+05:30,725.45,726.22,725.45,,True,False,,,
crypto,30m,False,LINKUSD,short,2026-09-03 20:30:00+05:30,11.879,11.881,11.879,,True,False,,,
crypto,30m,False,XRPUSD,short,2026-09-03 20:30:00+05:30,1.4701,1.4745,1.4701,,True,False,,,
crypto,30m,False,ZECUSD,short,2026-09-03 20:50:00+05:30,887.91,888.88,887.91,,True,False,,,
crypto,30m,False,BTCUSD,short,2026-09-03 21:10:00+05:30,81108.5,81442.5,81108.5,81526.0,True,True,BE,0.21933292574848712,0.025061069461061958
crypto,30m,False,RIVERUSD,short,2026-09-03 21:20:00+05:30,1.31,1.315,1.31,1.31625,False,True,SL,-1.1052999999999948,-1.3148999999999993
crypto,30m,False,DOGEUSD,short,2026-09-03 22:00:00+05:30,0.09004,0.09038,0.09004,0.090465,True,True,+2R,2.0,1.7881411764705926
crypto,30m,False,TRUMP/USDT,short,2026-09-03 22:05:00+05:30,2.455,2.473,2.455,2.4775,True,True,SL,-1.0550555555555636,-1.164166666666675
crypto,30m,False,BLESSUSD,short,2026-09-03 23:25:00+05:30,0.008765,0.008785,0.008765,0.00879,True,True,+2R,2.0,1.6493999999999858
crypto,30m,False,AVAXUSD,short,2026-09-04 00:30:00+05:30,7.578,7.598,7.578,,True,False,,,
crypto,30m,False,ETHUSD,short,2026-09-04 00:30:00+05:30,2528.35,2534.25,2528.35,2535.725,True,True,+2R,2.0,1.6571728813559323
crypto,30m,False,XRPUSD,short,2026-09-04 00:30:00+05:30,1.4701,1.4745,1.4701,1.4756,True,True,+1R,1.0,0.7327090909090939
crypto,30m,False,HYPEUSD,short,2026-09-04 00:35:00+05:30,84.9,85.31,84.9,85.4125,True,True,SL,-1.0833292682926747,-1.2489878048780443
crypto,30m,False,LINKUSD,short,2026-09-04 00:35:00+05:30,11.879,11.881,11.879,,True,False,,,
crypto,30m,False,TACUSD,short,2026-09-04 08:15:00+05:30,0.002418,0.002423,0.002418,0.0024242499999999998,True,True,+2R,2.0,1.6131199999999841
crypto,30m,False,ETHUSD,short,2026-09-04 09:55:00+05:30,2528.35,2534.25,2528.35,,True,False,,,
crypto,30m,False,VELVETUSD,long,2026-09-04 11:10:00+05:30,0.0894,0.09011519999999999,0.09011519999999999,0.0892212,True,True,+2R,2.0,1.8991999999999991
crypto,30m,False,RIVERUSD,long,2026-09-04 11:15:00+05:30,1.248,1.251,1.251,1.24725,False,True,SL,-1.1663000000000079,-1.4999000000000149
crypto,30m,False,RIVERUSD,long,2026-09-04 11:20:00+05:30,1.224,1.233792,1.233792,,True,False,,,
crypto,30m,False,VELVETUSD,long,2026-09-04 12:00:00+05:30,0.0873,0.0877,0.0877,0.0872,True,True,SL,-1.0872000000000095,-1.2626000000000093
crypto,30m,False,ZECUSD,short,2026-09-04 12:55:00+05:30,978.0,980.0,978.0,980.5,True,True,+2R,2.0,1.6088
crypto,30m,False,TACUSD,short,2026-09-04 13:30:00+05:30,0.002491,0.002509,0.002491,0.0025135,False,True,SL,-1.0558555555555498,-1.1665666666666612
crypto,30m,False,TACUSD,short,2026-09-04 13:30:00+05:30,0.002418,0.002423,0.002418,,True,False,,,
crypto,30m,False,ZORAUSD,short,2026-09-04 13:45:00+05:30,0.00772,0.00778,0.00772,0.007795,False,True,SL,-1.0519666666666647,-1.1548999999999987
crypto,30m,False,ZORAUSD,short,2026-09-04 14:05:00+05:30,0.007946428571428571,0.00801,0.007946428571428571,0.008025892857142856,True,True,SL,-1.0505000000000086,-1.1505000000000094
crypto,30m,False,ETHUSD,short,2026-09-04 14:15:00+05:30,2528.35,2534.25,2528.35,2535.725,True,True,BE,0.3870518169491241,0.04422469830505632
crypto,30m,False,AAVEUSD,short,2026-09-04 14:30:00+05:30,136.32,136.4,136.32,,False,False,,,
crypto,30m,False,BCHUSD,short,2026-09-04 14:35:00+05:30,260.62,261.31,260.62,261.4825,True,True,+2R,2.0,1.697831884057975
crypto,30m,False,BNBUSD,short,2026-09-04 17:40:00+05:30,727.3,729.52,727.3,,True,False,,,
crypto,30m,False,AAVEUSD,long,2026-09-04 18:00:00+05:30,131.84,132.5,132.5,131.675,False,True,SL,-1.079803030303015,-1.240409090909078
crypto,30m,False,AVAXUSD,long,2026-09-04 18:00:00+05:30,7.236,7.25,7.25,,False,False,,,
crypto,30m,False,BLESSUSD,long,2026-09-04 18:00:00+05:30,0.008135,0.008137305255979135,0.008137305255979135,,False,False,,,
crypto,30m,False,ETHUSD,long,2026-09-04 18:00:00+05:30,2488.55,2493.25,2493.25,2487.375,False,True,SL,-1.2116914893616768,-1.6360744680850812
crypto,30m,False,RIVERUSD,long,2026-09-04 18:00:00+05:30,1.224,1.233792,1.233792,1.221552,True,True,SL,-1.0499000000000027,-1.1507000000000025
crypto,30m,False,TRUMP/USDT,long,2026-09-04 18:00:00+05:30,2.115,2.13192,2.13192,,True,False,,,
crypto,30m,False,TRUMP/USDT,long,2026-09-04 18:00:00+05:30,2.15,2.156,2.156,,True,False,,,
crypto,30m,False,ZORAUSD,short,2026-09-04 19:15:00+05:30,0.00822,0.00828,0.00822,0.008294999999999999,False,True,SL,-1.0552999999999906,-1.1648999999999925
crypto,30m,False,BEAT/USDT,short,2026-09-04 19:35:00+05:30,0.125,0.1259,0.125,0.12612500000000001,False,True,BE,0.12544444444444797,0.014333333333338319
crypto,30m,False,ZORAUSD,short,2026-09-04 21:40:00+05:30,0.009315476190476192,0.00939,0.009315476190476192,0.009408630952380953,False,True,SL,-1.0504999999999929,-1.1504999999999936
crypto,30m,False,LTCUSD,short,2026-09-05 08:55:00+05:30,52.86,53.05,52.86,53.0975,False,True,+2R,2.0,1.7774315789473658
crypto,30m,False,BEAT/USDT,short,2026-09-05 10:05:00+05:30,0.1271,0.1275,0.1271,0.1276,True,True,+2R,2.0,1.7458000000000002
crypto,30m,False,ETHUSD,long,2026-09-05 10:35:00+05:30,2430.6,2438.9,2438.9,,True,False,,,
crypto,30m,False,HUSD,short,2026-09-05 11:40:00+05:30,0.0838,0.08386,0.0838,,True,False,,,
crypto,30m,False,LTCUSD,short,2026-09-05 11:40:00+05:30,53.75,54.13,53.75,54.225,True,True,BE,0.1277552631578998,0.014597368421058049
crypto,30m,False,BNBUSD,short,2026-09-05 12:05:00+05:30,727.3,729.52,727.3,730.075,True,True,BE,0.2958997117117196,0.033809621621638086
crypto,30m,False,BLESSUSD,short,2026-09-05 12:25:00+05:30,0.00898,0.009005,0.00898,0.009011250000000002,True,True,SL,-1.1441799999999855,-1.4315399999999694
crypto,30m,False,AVAXUSD,short,2026-09-05 13:00:00+05:30,7.528,7.54,7.528,,False,False,,,
crypto,30m,False,TRUMP/USDT,short,2026-09-05 13:05:00+05:30,2.430555555555556,2.45,2.430555555555556,2.454861111111111,False,True,SL,-1.050500000000008,-1.1505000000000087
crypto,30m,False,HUSD,long,2026-09-05 15:10:00+05:30,0.07957,0.07981,0.07981,0.07951,False,True,SL,-1.132516666666671,-1.3985499999999966
crypto,30m,False,AVAXUSD,short,2026-09-05 17:35:00+05:30,7.528,7.54,7.528,,False,False,,,
crypto,30m,False,AVAXUSD,short,2026-09-05 18:10:00+05:30,7.578,7.598,7.578,,True,False,,,
crypto,30m,False,HYPEUSD,short,2026-09-05 18:25:00+05:30,85.36,85.4,85.36,,False,False,,,
crypto,30m,False,DOGEUSD,short,2026-09-05 18:55:00+05:30,0.08804,0.08842,0.08804,0.088515,False,True,data_quality_ambiguous,,
crypto,30m,False,VELVETUSD,short,2026-09-05 21:30:00+05:30,0.09484126984126985,0.0956,0.09484126984126985,0.09578968253968254,True,True,SL,-1.0504999999999975,-1.150499999999999
crypto,30m,False,UNIUSD,short,2026-09-05 21:50:00+05:30,6.471,6.515,6.471,6.526,True,True,SL,-1.0593272727272653,-1.1769818181818115
crypto,30m,False,VELVETUSD,short,2026-09-05 22:05:00+05:30,0.0985,0.0991,0.0985,0.09924999999999999,True,True,SL,-1.0661666666666647,-1.1975000000000005
crypto,30m,False,AVAXUSD,short,2026-09-05 22:20:00+05:30,7.578,7.598,7.578,7.603,True,True,SL,-1.152059999999995,-1.4551800000000015
crypto,30m,False,BCHUSD,short,2026-09-05 22:20:00+05:30,254.18,254.2,254.18,,False,False,,,
crypto,30m,False,HUSD,long,2026-09-05 22:20:00+05:30,0.0773,0.07732,0.07732,,False,False,,,
crypto,30m,False,ZECUSD,short,2026-09-05 22:20:00+05:30,1030.52,1036.58,1030.52,1038.0949999999998,False,True,SL,-1.0685211221122053,-1.204563366336631
crypto,30m,False,LINKUSD,short,2026-09-05 22:35:00+05:30,12.075,12.162,12.075,12.183750000000002,True,True,SL,-1.0560172413793016,-1.16705172413792
crypto,30m,False,SOLUSD,short,2026-09-05 23:00:00+05:30,104.383,104.773,104.383,104.87049999999999,False,True,+2R,2.0,1.7858810256410245
crypto,30m,False,DOGEUSD,short,2026-09-05 23:20:00+05:30,0.09004,0.09038,0.09004,0.090465,True,True,SL,-1.1064294117647175,-1.318288235294125
crypto,30m,False,DOGEUSD,short,2026-09-05 23:25:00+05:30,0.0951,0.09541,0.0951,,False,False,,,
crypto,30m,False,DOGEUSD,short,2026-09-05 23:25:00+05:30,0.09334,0.09347,0.09334,,False,False,,,
crypto,30m,False,LTCUSD,short,2026-09-06 00:00:00+05:30,55.13,55.56,55.13,55.667500000000004,True,True,+2R,2.0,1.897432558139535
crypto,30m,False,BCHUSD,short,2026-09-06 08:00:00+05:30,260.41,261.41,260.41,261.66,True,True,SL,-1.1046640000000025,-1.3129920000000026
crypto,30m,False,SOLUSD,short,2026-09-06 08:00:00+05:30,104.383,104.773,104.383,,False,False,,,
crypto,30m,False,BCHUSD,short,2026-09-06 08:30:00+05:30,265.32,265.92,265.32,,False,False,,,
crypto,30m,False,BEAT/USDT,long,2026-09-06 08:35:00+05:30,0.1226,0.1231,0.1231,0.122475,True,True,BE,0.22236784000000379,0.025407840000003956
crypto,30m,False,SOLUSD,short,2026-09-06 09:00:00+05:30,105.48,105.923,105.48,106.03375,True,True,SL,-1.0957415349887096,-1.2862246049661383
crypto,30m,False,SOLUSD,short,2026-09-06 09:05:00+05:30,107.0873015873016,107.944,107.0873015873016,,False,False,,,
crypto,30m,False,RIVERUSD,long,2026-09-06 09:40:00+05:30,1.291,1.301328,1.301328,1.2884179999999998,False,True,SL,-1.049900000000004,-1.1507000000000025
crypto,30m,False,ETHUSD,short,2026-09-06 11:05:00+05:30,2526.5,2546.15,2526.5,,True,False,,,
crypto,30m,False,HUSD,long,2026-09-06 11:55:00+05:30,0.07429,0.07439,0.07439,,False,False,,,
crypto,30m,False,BTCUSD,long,2026-09-06 12:40:00+05:30,79413.0,79467.5,79467.5,,False,False,,,
crypto,30m,False,ZORAUSD,long,2026-09-06 13:50:00+05:30,0.00839,0.00845712,0.00845712,0.00837322,False,True,+2R,2.0,1.8991999999999996
crypto,30m,False,TACUSD,long,2026-09-06 14:50:00+05:30,0.0024,0.002412,0.002412,0.002397,True,True,SL,-1.0799000000000099,-1.240700000000007
crypto,30m,False,SOLUSD,short,2026-09-06 14:55:00+05:30,107.0873015873016,107.944,107.0873015873016,108.1581746031746,False,True,BE,0.11290000000000623,0.012900000000005185
crypto,30m,False,HYPEUSD,short,2026-09-06 15:00:00+05:30,87.76,88.17,87.76,88.27250000000001,True,True,SL,-1.0861195121951097,-1.2573585365853528
crypto,30m,False,BLESSUSD,short,2026-09-06 17:45:00+05:30,0.009699,0.00975,0.009699,0.00976275,True,True,+2R,2.0,1.8478588235294149
crypto,30m,False,LINKUSD,short,2026-09-06 18:20:00+05:30,12.4,12.454,12.4,,True,False,,,
crypto,30m,False,BTCUSD,short,2026-09-06 18:30:00+05:30,80046.5,80175.5,80046.5,,False,False,,,
crypto,30m,False,BTCUSD,long,2026-09-06 19:45:00+05:30,79413.0,79467.5,79467.5,,False,False,,,
crypto,30m,False,BTCUSD,short,2026-09-06 23:55:00+05:30,80046.5,80175.5,80046.5,,False,False,,,
crypto,30m,False,LINKUSD,short,2026-09-06 23:55:00+05:30,12.4,12.454,12.4,12.467500000000001,True,True,BE,0.2074014814814791,0.023697777777777512
crypto,30m,False,RIVERUSD,long,2026-09-07 08:00:00+05:30,1.245,1.25496,1.25496,1.2425100000000002,True,True,SL,-1.0498999999999996,-1.150700000000001
crypto,30m,False,XRPUSD,long,2026-09-07 08:00:00+05:30,1.3975,1.4085,1.4085,1.39475,True,True,BE,0.11565065454545542,0.013214290909092916
crypto,30m,False,ETHUSD,short,2026-09-07 08:05:00+05:30,2526.5,2546.15,2526.5,2551.0625,True,True,+2R,2.0,1.8971399491094147
crypto,30m,False,HUSD,short,2026-09-07 08:05:00+05:30,0.07526,0.07579,0.07526,0.0759225,False,True,SL,-1.057299999999993,-1.1708999999999912
crypto,30m,False,SOLUSD,short,2026-09-07 08:05:00+05:30,107.0873015873016,107.944,107.0873015873016,,False,False,,,
crypto,30m,False,AKE/USDT,long,2026-09-07 08:20:00+05:30,0.0124193,0.012518654399999999,0.012518654399999999,0.012394461399999999,True,True,+2R,2.0,1.8992
crypto,30m,False,AKE/USDT,long,2026-09-07 08:20:00+05:30,0.0134771,0.01348,0.01348,,False,False,,,
crypto,30m,False,BCHUSD,long,2026-09-07 09:00:00+05:30,253.99,255.19,255.19,253.69,True,True,+2R,2.0,1.8298733333333332
crypto,30m,False,BTCUSD,long,2026-09-07 09:00:00+05:30,79212.5,79515.0,79515.0,79136.875,True,True,+1R,1.0,0.7897123966942149
crypto,30m,False,VELVETUSD,long,2026-09-07 09:00:00+05:30,0.0774,0.0780192,0.0780192,0.0772452,False,True,BE,0.11380319999999236,0.013003199999991957
crypto,30m,False,AAVEUSD,long,2026-09-07 09:10:00+05:30,132.314,132.83,132.83,,True,False,,,
crypto,30m,False,BLESSUSD,short,2026-09-07 09:25:00+05:30,0.009955,0.009985,0.009955,,True,False,,,
crypto,30m,False,BNBUSD,long,2026-09-07 12:55:00+05:30,740.0,741.49,741.49,739.6275,False,True,BE,0.44947232751680266,0.051356891275182226
crypto,30m,False,BCHUSD,long,2026-09-07 13:00:00+05:30,253.99,255.19,255.19,,True,False,,,
crypto,30m,False,ETHUSD,long,2026-09-07 13:00:00+05:30,2462.15,2477.2,2477.2,2458.3875000000003,True,True,+1R,1.0,0.8683215946843822
crypto,30m,False,BTCUSD,long,2026-09-07 13:10:00+05:30,78625.5,78881.5,78881.5,,False,False,,,
crypto,30m,False,XRPUSD,long,2026-09-07 13:10:00+05:30,1.3842,1.3901,1.3901,,True,False,,,
crypto,30m,False,BEAT/USDT,short,2026-09-07 15:30:00+05:30,0.1256,0.1261,0.1256,0.12622499999999998,True,True,BE,0.22688384000000766,0.02592384000000339
crypto,30m,False,BEAT/USDT,short,2026-09-07 16:45:00+05:30,0.1271,0.1275,0.1271,0.1276,True,True,SL,-1.1276000000000053,-1.381800000000005
crypto,30m,False,BCHUSD,short,2026-09-07 18:20:00+05:30,261.42,261.7,261.42,,False,False,,,
crypto,30m,False,DOGEUSD,short,2026-09-07 18:20:00+05:30,0.09164,0.09211,0.09164,0.09222749999999999,False,True,BE,0.1761047829787327,0.020121804255326003
crypto,30m,False,BTCUSD,long,2026-09-07 19:50:00+05:30,78625.5,78881.5,78881.5,78561.5,False,True,BE,0.2783037921874893,0.03179910468748928
crypto,30m,False,ETHUSD,long,2026-09-07 19:50:00+05:30,2462.15,2477.2,2477.2,,True,False,,,
crypto,30m,False,BNBUSD,long,2026-09-07 20:05:00+05:30,740.0,741.49,741.49,,False,False,,,
crypto,30m,False,XRPUSD,long,2026-09-07 20:10:00+05:30,1.3842,1.3901,1.3901,1.3827250000000002,True,True,BE,0.2128031050847631,0.024314969491534777
crypto,30m,False,UNIUSD,long,2026-09-07 20:55:00+05:30,6.865,6.885,6.885,6.86,False,True,SL,-1.1371999999999958,-1.4126000000000016
crypto,30m,False,HYPEUSD,long,2026-09-07 21:00:00+05:30,84.7,85.07,85.07,84.6075,False,True,BE,0.20766276756757487,0.023727632432436363
crypto,30m,False,SOLUSD,long,2026-09-07 21:10:00+05:30,102.911,103.111,103.111,102.861,False,True,+2R,2.0,1.587556
crypto,30m,False,BCHUSD,short,2026-09-07 21:40:00+05:30,265.32,265.92,265.32,266.07000000000005,False,True,data_quality_ambiguous,,
crypto,30m,False,VELVETUSD,short,2026-09-07 22:00:00+05:30,0.0806547619047619,0.0813,0.0806547619047619,,False,False,,,
crypto,30m,False,TACUSD,long,2026-09-07 23:00:00+05:30,0.002414,0.002424,0.002424,0.0024115,False,True,SL,-1.0964599999999862,-1.2903799999999874
crypto,30m,False,TACUSD,long,2026-09-07 23:50:00+05:30,0.002362,0.002376,0.002376,0.0023585,True,True,BE,0.1532859428571472,0.017514514285719818
crypto,30m,False,SOLUSD,long,2026-09-08 08:25:00+05:30,102.911,103.111,103.111,,False,False,,,
crypto,30m,False,TACUSD,long,2026-09-08 08:35:00+05:30,0.00225,0.002268,0.002268,0.0022454999999999997,False,True,SL,-1.0499000000000054,-1.1507000000000036
crypto,30m,False,BLESSUSD,long,2026-09-08 08:45:00+05:30,0.00917,0.009195,0.009195,,True,False,,,
crypto,30m,False,BNBUSD,short,2026-09-08 10:00:00+05:30,747.22,747.68,747.22,,False,False,,,
crypto,30m,False,DOGEUSD,long,2026-09-08 10:30:00+05:30,0.08867,0.08933,0.08933,0.088505,False,True,BE,0.12224675151515482,0.01396796363636775
crypto,30m,False,BNBUSD,short,2026-09-08 10:55:00+05:30,752.48,756.34,752.48,757.3050000000001,False,True,+1R,1.0,0.8440455958549238
crypto,30m,False,TRUMP/USDT,long,2026-09-08 11:25:00+05:30,2.229,2.246,2.246,2.2247500000000002,True,True,BE,0.11932865882352342,0.013634541176463441
crypto,30m,False,XRPUSD,long,2026-09-08 11:45:00+05:30,1.3779,1.3836,1.3836,1.376475,True,True,BE,0.21923991578946395,0.025050442105254728
crypto,30m,False,TACUSD,long,2026-09-08 11:50:00+05:30,0.00218,0.002188,0.002188,0.0021780000000000002,False,True,BE,0.24702520000000375,0.028225199999994816
crypto,30m,False,AAVEUSD,long,2026-09-08 11:55:00+05:30,130.345,130.85,130.85,130.21875,True,True,BE,0.23402716831683737,0.026740039603964177
crypto,30m,False,HYPEUSD,long,2026-09-08 12:05:00+05:30,83.58,83.58573340242462,83.58573340242462,,False,False,,,
crypto,30m,False,UNIUSD,short,2026-09-08 13:05:00+05:30,7.149,7.193,7.149,,False,False,,,
crypto,30m,False,BCHUSD,long,2026-09-08 13:40:00+05:30,252.68,254.39,254.39,,True,False,,,
crypto,30m,False,DOGEUSD,long,2026-09-08 14:30:00+05:30,0.08867,0.08933,0.08933,,False,False,,,
crypto,30m,False,RIVERUSD,short,2026-09-08 15:00:00+05:30,1.268,1.275,1.268,1.2767499999999998,False,True,+1R,1.0,0.8550857142857112
crypto,30m,False,AVAXUSD,short,2026-09-08 15:30:00+05:30,8.144,8.204,8.144,8.219000000000001,True,True,+2R,2.0,1.891413333333335
crypto,30m,False,AAVEUSD,long,2026-09-08 16:15:00+05:30,130.345,130.85,130.85,,True,False,,,
crypto,30m,False,VELVETUSD,short,2026-09-08 16:20:00+05:30,0.0812,0.0817,0.0812,0.081825,True,True,SL,-1.065460000000006,-1.1953800000000059
crypto,30m,False,AAVEUSD,long,2026-09-08 16:40:00+05:30,128.56,129.34,129.34,128.365,True,True,SL,-1.0658282051281922,-1.1984846153846032
crypto,30m,False,TACUSD,long,2026-09-08 16:40:00+05:30,0.0021,0.0021168,0.0021168,0.0020958,True,True,+1R,1.0,0.8991999999999988
crypto,30m,False,BCHUSD,long,2026-09-08 17:45:00+05:30,252.68,254.39,254.39,252.2525,True,True,SL,-1.0590064327485378,-1.1780192982456144
crypto,30m,False,HUSD,short,2026-09-08 17:55:00+05:30,0.08,0.08064,0.08,0.08080000000000001,False,True,BE,0.11290000000000477,0.012900000000005893
crypto,30m,False,BLESSUSD,long,2026-09-08 19:05:00+05:30,0.00892,0.00899,0.00899,0.0089025,True,True,+2R,2.0,1.8972571428571416
crypto,30m,False,ETHUSD,long,2026-09-08 19:05:00+05:30,2443.5,2448.0,2448.0,2442.375,False,True,SL,-1.217099999999967,-1.652299999999967
crypto,30m,False,SOLUSD,long,2026-09-08 19:05:00+05:30,101.6,101.74,101.74,,False,False,,,
crypto,30m,False,DOGEUSD,long,2026-09-08 19:10:00+05:30,0.08769,0.088,0.088,,True,False,,,
crypto,30m,False,ETHUSD,long,2026-09-08 19:10:00+05:30,2430.6,2438.9,2438.9,,True,False,,,
crypto,30m,False,HYPEUSD,long,2026-09-08 19:10:00+05:30,81.216,81.43,81.43,,False,False,,,
crypto,30m,False,XRPUSD,long,2026-09-08 19:10:00+05:30,1.3779,1.3836,1.3836,,True,False,,,
crypto,30m,False,RIVERUSD,short,2026-09-08 19:30:00+05:30,1.29,1.297,1.29,1.2987499999999998,False,True,+1R,1.0,0.8525714285714254
crypto,30m,False,AKE/USDT,short,2026-09-08 19:45:00+05:30,0.01977529761904762,0.0199335,0.01977529761904762,0.019973050595238094,True,True,SL,-1.0504999999999947,-1.1504999999999954
crypto,30m,False,XRPUSD,short,2026-09-08 19:45:00+05:30,1.4126,1.4146,1.4126,,False,False,,,
crypto,30m,False,XRPUSD,short,2026-09-08 21:10:00+05:30,1.4251,1.4332,1.4251,1.435225,True,True,SL,-1.0708753086419667,-1.2116259259259181
crypto,30m,False,SOLUSD,short,2026-09-08 21:25:00+05:30,104.393,104.52,104.393,,False,False,,,
crypto,30m,False,ETHUSD,short,2026-09-08 22:10:00+05:30,2507.75,2510.85,2507.75,,False,False,,,
crypto,30m,False,TACUSD,long,2026-09-08 22:10:00+05:30,0.002012,0.002028096,0.002028096,0.002007976,False,True,BE,0.11380319999998816,0.013003199999989196
crypto,30m,False,AKE/USDT,short,2026-09-08 22:25:00+05:30,0.021444742063492065,0.0216163,0.021444742063492065,,True,False,,,
crypto,30m,False,AKE/USDT,long,2026-09-08 22:40:00+05:30,0.0152115,0.015333191999999999,0.015333191999999999,0.015181077,False,True,data_quality_ambiguous,,
crypto,30m,False,VELVETUSD,long,2026-09-08 23:40:00+05:30,0.0784,0.0789,0.0789,0.078275,True,True,SL,-1.062619999999991,-1.188859999999991
crypto,30m,False,VELVETUSD,long,2026-09-08 23:50:00+05:30,0.0744,0.0749,0.0749,,False,False,,,
crypto,30m,False,UNIUSD,long,2026-09-09 00:20:00+05:30,6.727,6.780816000000001,6.780816000000001,6.713546,True,True,SL,-1.0499000000000018,-1.150700000000001
crypto,30m,False,ZORAUSD,short,2026-09-09 00:50:00+05:30,0.00899,0.00902,0.00899,0.0090275,False,True,SL,-1.1203666666666827,-1.3601000000000092
crypto,30m,False,BTCUSD,short,2026-09-09 08:00:00+05:30,78823.0,78977.0,78823.0,79015.5,False,True,BE,0.46229177662337734,0.05282164675324741
crypto,30m,False,TRUMP/USDT,long,2026-09-09 08:30:00+05:30,2.194,2.211552,2.211552,2.189612,True,True,+2R,2.0,1.8992000000000013
crypto,30m,False,LINKUSD,long,2026-09-09 08:35:00+05:30,12.289,12.387312,12.387312,12.264422,True,True,+1R,1.0,0.8992
crypto,30m,False,BLESSUSD,long,2026-09-09 08:45:00+05:30,0.00892,0.00899,0.00899,0.0089025,True,True,SL,-1.050871428571437,-1.1536142857142953
crypto,30m,False,BNBUSD,long,2026-09-09 08:55:00+05:30,742.066,746.65,746.65,,False,False,,,
crypto,30m,False,LTCUSD,long,2026-09-09 09:20:00+05:30,53.49,53.76,53.76,53.4225,False,True,+2R,2.0,1.8407111111111105
crypto,30m,False,ZECUSD,short,2026-09-09 09:35:00+05:30,1202.3809523809523,1212.0,1202.3809523809523,1214.404761904762,True,True,SL,-1.050500000000006,-1.150500000000005
crypto,30m,False,ETHUSD,short,2026-09-09 10:10:00+05:30,2517.0,2535.75,2517.0,,True,False,,,
crypto,30m,False,ETHUSD,short,2026-09-09 10:10:00+05:30,2507.75,2510.85,2507.75,,False,False,,,
crypto,30m,False,SOLUSD,short,2026-09-09 10:10:00+05:30,104.313,104.843,104.313,104.97550000000001,True,True,BE,0.17776509735849114,0.020311512452832775
crypto,30m,False,ZECUSD,short,2026-09-09 10:15:00+05:30,1246.031746031746,1256.0,1246.031746031746,1258.4920634920636,True,True,SL,-1.0505000000000055,-1.1505000000000045
crypto,30m,False,XRPUSD,short,2026-09-09 10:20:00+05:30,1.4404,1.451,1.4404,1.45365,True,True,+1R,1.0,0.8912905660377375
crypto,30m,False,BEAT/USDT,long,2026-09-09 11:10:00+05:30,0.1245,0.1253,0.1253,,True,False,,,
crypto,30m,False,BNBUSD,short,2026-09-09 12:35:00+05:30,758.58,760.86,758.58,,True,False,,,
crypto,30m,False,BTCUSD,short,2026-09-09 13:35:00+05:30,79613.5,79622.0,79613.5,,False,False,,,
crypto,30m,False,TRUMP/USDT,short,2026-09-09 13:50:00+05:30,2.283,2.297,2.283,2.3005000000000004,False,True,+2R,2.0,1.869542857142861
crypto,30m,False,AAVEUSD,short,2026-09-09 13:55:00+05:30,131.0,131.06,131.0,,False,False,,,
crypto,30m,False,ETHUSD,short,2026-09-09 14:00:00+05:30,2526.5,2546.15,2526.5,,True,False,,,
crypto,30m,False,ETHUSD,short,2026-09-09 14:10:00+05:30,2517.0,2535.75,2517.0,2540.4375,True,True,+1R,1.0,0.892608
crypto,30m,False,DOGEUSD,short,2026-09-09 14:20:00+05:30,0.09164,0.09211,0.09164,,False,False,,,
crypto,30m,False,LINKUSD,long,2026-09-09 15:00:00+05:30,12.289,12.387312,12.387312,,True,False,,,
crypto,30m,False,UNIUSD,long,2026-09-09 15:10:00+05:30,6.683,6.705,6.705,6.6775,True,True,SL,-1.1214090909090977,-1.3652272727272807
crypto,30m,False,AVAXUSD,long,2026-09-09 15:25:00+05:30,7.83,7.89264,7.89264,,True,False,,,
crypto,30m,False,LINKUSD,long,2026-09-09 15:40:00+05:30,12.076,12.157,12.157,12.05575,False,True,SL,-1.0595345679012258,-1.1796037037036946
crypto,30m,False,LTCUSD,long,2026-09-09 16:30:00+05:30,53.49,53.76,53.76,,False,False,,,
crypto,30m,False,TRUMP/USDT,long,2026-09-09 16:30:00+05:30,2.194,2.211552,2.211552,,True,False,,,
crypto,30m,False,BNBUSD,long,2026-09-09 16:35:00+05:30,742.066,746.65,746.65,,False,False,,,
crypto,30m,False,ZORAUSD,long,2026-09-09 16:35:00+05:30,0.00829,0.0083,0.0083,,False,False,,,
crypto,30m,False,DOGEUSD,short,2026-09-09 18:20:00+05:30,0.09164,0.09211,0.09164,0.09222749999999999,False,True,+2R,2.0,1.8440170212765934
crypto,30m,False,ETHUSD,short,2026-09-09 18:30:00+05:30,2517.0,2535.75,2517.0,,True,False,,,
crypto,30m,False,BLESSUSD,long,2026-09-09 19:25:00+05:30,0.008585,0.008595,0.008595,,False,False,,,
crypto,30m,False,RIVERUSD,short,2026-09-09 19:30:00+05:30,1.261,1.267,1.261,1.2685,False,True,+2R,2.0,1.831866666666668
crypto,30m,False,SOLUSD,long,2026-09-09 20:30:00+05:30,102.808,102.971,102.971,,False,False,,,
crypto,30m,False,TRUMP/USDT,long,2026-09-09 20:30:00+05:30,2.194,2.211552,2.211552,,True,False,,,
crypto,30m,False,AVAXUSD,long,2026-09-09 20:40:00+05:30,7.83,7.89264,7.89264,7.81434,True,True,BE,0.11380319999999779,0.013003199999998397
crypto,30m,False,BCHUSD,long,2026-09-09 20:40:00+05:30,255.78,255.80024499557953,255.80024499557953,,False,False,,,
crypto,30m,False,BNBUSD,long,2026-09-09 20:40:00+05:30,736.13,737.81,737.81,735.71,False,True,SL,-1.1751690476190377,-1.5265071428571482
crypto,30m,False,LTCUSD,long,2026-09-09 20:40:00+05:30,53.49,53.76,53.76,,False,False,,,
crypto,30m,False,VELVETUSD,long,2026-09-09 20:45:00+05:30,0.0744,0.0749,0.0749,0.074275,False,True,SL,-1.05942000000001,-1.17926000000001
crypto,30m,False,AAVEUSD,long,2026-09-09 20:50:00+05:30,126.75,127.55,127.55,126.55,True,True,+2R,2.0,1.87245
crypto,30m,False,AAVEUSD,long,2026-09-09 20:50:00+05:30,128.02,128.15,128.15,,True,False,,,
crypto,30m,False,BCHUSD,long,2026-09-09 20:50:00+05:30,251.68,253.69344,253.69344,,True,False,,,
crypto,30m,False,BEAT/USDT,long,2026-09-09 20:50:00+05:30,0.1214,0.1223,0.1223,,True,False,,,
crypto,30m,False,BNBUSD,long,2026-09-09 20:50:00+05:30,733.72,734.55,734.55,,True,False,,,
crypto,30m,False,BTCUSD,long,2026-09-09 20:50:00+05:30,77608.0,77936.5,77936.5,,True,False,,,
crypto,30m,False,DOGEUSD,long,2026-09-09 20:50:00+05:30,0.08769,0.088,0.088,,True,False,,,
crypto,30m,False,HUSD,short,2026-09-09 23:45:00+05:30,0.08254,0.08278,0.08254,0.08284000000000001,True,True,+1R,1.0,0.7248666666666745
crypto,30m,False,AAVEUSD,long,2026-09-10 00:55:00+05:30,126.75,127.55,127.55,,True,False,,,
crypto,30m,False,RIVERUSD,long,2026-09-10 00:55:00+05:30,1.203,1.205,1.205,1.2025000000000001,True,True,+1R,1.0,0.5179999999999897
crypto,30m,False,HUSD,long,2026-09-10 14:20:00+05:30,0.07723,0.07784783999999999,0.07784783999999999,0.07707554,True,True,SL,-1.0499,-1.1507000000000014
crypto,30m,False,SOLUSD,long,2026-09-10 15:05:00+05:30,100.17,100.771,100.771,,True,False,,,
crypto,30m,False,AAVEUSD,long,2026-09-10 16:00:00+05:30,122.44,122.82,122.82,122.345,False,True,+1R,1.0,0.7414315789473653
crypto,30m,False,BCHUSD,long,2026-09-10 16:00:00+05:30,244.87,245.17,245.17,,True,False,,,
crypto,30m,False,ETHUSD,long,2026-09-10 16:00:00+05:30,2440.0,2458.05,2458.05,2435.4875,True,True,SL,-1.0539720221606628,-1.1629160664819924
crypto,30m,False,HUSD,short,2026-09-10 16:15:00+05:30,0.08264,0.08296,0.08264,0.08304,True,True,SL,-1.1038000000000088,-1.31040000000001
crypto,30m,False,AVAXUSD,long,2026-09-10 16:30:00+05:30,7.68,7.7,7.7,7.675,True,True,SL,-1.153500000000013,-1.4615000000000087
crypto,30m,False,HYPEUSD,long,2026-09-10 16:30:00+05:30,81.59,82.24272,82.24272,81.42682,True,True,SL,-1.049899999999994,-1.1506999999999943
crypto,30m,False,ETHUSD,long,2026-09-10 18:00:00+05:30,2430.6,2438.9,2438.9,2428.5249999999996,True,True,SL,-1.117037349397598,-1.3521120481927684
crypto,30m,False,BCHUSD,long,2026-09-10 18:05:00+05:30,239.8,241.7184,241.7184,239.3204,True,True,SL,-1.0498999999999994,-1.1506999999999996
crypto,30m,False,BCHUSD,long,2026-09-10 18:05:00+05:30,242.37,242.38310099027038,242.38310099027038,,False,False,,,
crypto,30m,False,BNBUSD,long,2026-09-10 18:05:00+05:30,708.76,711.01,711.01,708.1975,True,True,SL,-1.1259017777777949,-1.3787053333333503
crypto,30m,False,BTCUSD,long,2026-09-10 18:05:00+05:30,76934.5,76992.5,76992.5,,False,False,,,
crypto,30m,False,DOGEUSD,long,2026-09-10 18:05:00+05:30,0.08386,0.08425,0.08425,0.0837625,True,True,SL,-1.085910256410257,-1.2587307692307692
crypto,30m,False,LINKUSD,long,2026-09-10 18:05:00+05:30,11.568,11.660544,11.660544,11.544864,True,True,SL,-1.049900000000005,-1.1507000000000056
crypto,30m,False,HYPEUSD,long,2026-09-10 18:10:00+05:30,81.216,81.43,81.43,81.1625,False,True,SL,-1.1517056074766376,-1.4561168224298944
crypto,30m,False,AAVEUSD,long,2026-09-10 18:15:00+05:30,120.0,120.96000000000001,120.96000000000001,,True,False,,,
crypto,30m,False,AVAXUSD,long,2026-09-10 18:15:00+05:30,7.534,7.57,7.57,7.5249999999999995,True,True,BE,0.18992288888889153,0.021700666666672336
crypto,30m,False,HYPEUSD,long,2026-09-10 18:15:00+05:30,80.304,80.502,80.502,80.25450000000001,True,True,+2R,2.0,1.6747393939393782
crypto,30m,False,XRPUSD,long,2026-09-10 18:15:00+05:30,1.3404,1.343,1.343,,False,False,,,
crypto,30m,False,HYPEUSD,long,2026-09-10 21:45:00+05:30,79.06,79.296,79.296,79.001,True,True,BE,0.3034751999999839,0.03467519999998542
crypto,30m,False,ZECUSD,long,2026-09-10 21:45:00+05:30,1144.9,1147.74,1147.74,1144.19,False,True,SL,-1.1611535211267598,-1.484460563380285
crypto,30m,False,RIVERUSD,long,2026-09-10 22:00:00+05:30,1.029,1.037232,1.037232,,True,False,,,
crypto,30m,False,ZECUSD,long,2026-09-10 22:05:00+05:30,1106.14,1114.9891200000002,1114.9891200000002,,True,False,,,
crypto,30m,False,BEAT/USDT,long,2026-09-10 23:35:00+05:30,0.0776,0.07822080000000001,0.07822080000000001,,True,False,,,
crypto,30m,False,BLESSUSD,long,2026-09-11 08:25:00+05:30,0.007675,0.00772,0.00772,0.00766375,False,True,BE,0.15494897777778235,0.017704533333337602
crypto,30m,False,AKE/USDT,long,2026-09-11 08:50:00+05:30,0.015,0.0150389,0.0150389,0.014990274999999999,False,True,SL,-1.15414164524423,-1.4634249357326614
crypto,30m,False,AKE/USDT,long,2026-09-11 09:00:00+05:30,0.0143894,0.0145045152,0.0145045152,0.0143606212,True,True,SL,-1.049899999999997,-1.1506999999999967
crypto,30m,False,AKE/USDT,long,2026-09-11 10:25:00+05:30,0.0133,0.013406399999999999,0.013406399999999999,0.0132734,True,True,SL,-1.0498999999999985,-1.150699999999999
crypto,30m,False,AKE/USDT,long,2026-09-11 10:40:00+05:30,0.0113863,0.0114773904,0.0114773904,0.0113635274,True,True,SL,-1.0498999999999954,-1.150699999999995
crypto,30m,False,VELVETUSD,long,2026-09-11 10:40:00+05:30,0.0501,0.0505,0.0505,0.049999999999999996,True,True,+2R,2.0,1.8990000000000016
crypto,30m,False,DOGEUSD,short,2026-09-11 14:00:00+05:30,0.0844,0.08443,0.0844,,False,False,,,
crypto,30m,False,ETHUSD,short,2026-09-11 14:00:00+05:30,2481.1,2484.1,2481.1,,False,False,,,
crypto,30m,False,SOLUSD,long,2026-09-11 15:10:00+05:30,98.4,98.93,98.93,98.26750000000001,True,True,+1R,1.0,0.8506716981132063
crypto,30m,False,TRUMP/USDT,long,2026-09-11 16:00:00+05:30,1.924,1.939392,1.939392,1.9201519999999999,True,True,SL,-1.0498999999999956,-1.150699999999995
crypto,30m,False,XRPUSD,long,2026-09-11 16:10:00+05:30,1.3298,1.3345,1.3345,1.3286250000000002,True,True,SL,-1.1130744680851257,-1.3402234042553443
crypto,30m,False,DOGEUSD,long,2026-09-11 16:30:00+05:30,0.082617,0.083277936,0.083277936,0.082451766,True,True,BE,0.11380320000000774,0.013003200000007875
crypto,30m,False,BCHUSD,long,2026-09-11 16:35:00+05:30,223.0,223.57,223.57,222.85750000000002,True,True,+2R,2.0,1.6862175438596392
crypto,30m,False,ZORAUSD,long,2026-09-11 16:35:00+05:30,0.00768,0.00771,0.00771,0.0076725000000000005,True,True,+2R,2.0,1.7943999999999964
crypto,30m,False,AVAXUSD,long,2026-09-11 16:40:00+05:30,7.264,7.3,7.3,7.255000000000001,False,True,+2R,2.0,1.8377777777777744
crypto,30m,False,LTCUSD,long,2026-09-11 16:40:00+05:30,51.67,51.87,51.87,,True,False,,,
crypto,30m,False,BNBUSD,long,2026-09-11 18:00:00+05:30,702.96,705.25,705.25,,True,False,,,
crypto,30m,False,BNBUSD,long,2026-09-11 18:00:00+05:30,708.44,708.4700153711537,708.4700153711537,,False,False,,,
crypto,30m,False,BTCUSD,long,2026-09-11 18:00:00+05:30,75595.5,76028.0,76028.0,,True,False,,,
crypto,30m,False,BTCUSD,long,2026-09-11 18:00:00+05:30,76204.5,76476.0,76476.0,,True,False,,,
crypto,30m,False,DOGEUSD,short,2026-09-11 18:00:00+05:30,0.0844,0.08443,0.0844,,False,False,,,
crypto,30m,False,ETHUSD,short,2026-09-11 18:00:00+05:30,2481.1,2484.1,2481.1,,False,False,,,
crypto,30m,False,ETHUSD,long,2026-09-11 18:00:00+05:30,2433.4,2436.8,2436.8,,False,False,,,
crypto,30m,False,RIVERUSD,long,2026-09-11 18:00:00+05:30,1.029,1.037232,1.037232,,True,False,,,
crypto,30m,False,SOLUSD,long,2026-09-11 18:00:00+05:30,97.408,97.708,97.708,,True,False,,,
crypto,30m,False,XRPUSD,long,2026-09-11 18:00:00+05:30,1.3106,1.3183,1.3183,,True,False,,,
crypto,30m,False,AAVEUSD,short,2026-09-11 18:05:00+05:30,125.62,126.07,125.62,126.18249999999999,False,True,+2R,2.0,1.77667555555555
crypto,30m,False,BNBUSD,short,2026-09-11 18:10:00+05:30,724.87,726.04,724.87,726.3325,False,True,SL,-1.2483188034187727,-1.7439564102563874
crypto,30m,False,TRUMP/USDT,short,2026-09-11 18:10:00+05:30,2.0207964078136427,2.021,2.0207964078136427,,False,False,,,
crypto,30m,False,ETHUSD,short,2026-09-11 18:15:00+05:30,2517.0,2535.75,2517.0,2540.4375,True,True,SL,-1.0541959999999964,-1.1615879999999963
crypto,30m,False,BLESSUSD,short,2026-09-11 19:05:00+05:30,0.007991071428571429,0.008055,0.007991071428571429,0.008070982142857142,False,True,SL,-1.0504999999999909,-1.1504999999999925
crypto,30m,False,ETHUSD,short,2026-09-11 19:10:00+05:30,2526.5,2546.15,2526.5,,True,False,,,
crypto,30m,False,BTCUSD,short,2026-09-11 19:15:00+05:30,78508.5,78542.0,78508.5,,False,False,,,
crypto,30m,False,ETHUSD,short,2026-09-11 19:15:00+05:30,2553.65,2566.25,2553.65,2569.4,True,True,SL,-1.0815682539682638,-1.2437047619047719
crypto,30m,False,LINKUSD,short,2026-09-11 19:15:00+05:30,11.865,11.888,11.865,11.89375,False,True,SL,-1.2068478260869304,-1.6195434782608364
crypto,30m,False,HUSD,short,2026-09-11 19:25:00+05:30,0.0838,0.08386,0.0838,,True,False,,,
crypto,30m,False,SOLUSD,short,2026-09-11 19:25:00+05:30,105.013,105.1861,105.013,105.22937499999999,True,True,SL,-1.2431643558636638,-1.7284930675910224
crypto,30m,False,AAVEUSD,short,2026-09-11 19:30:00+05:30,130.35,130.73,130.35,,True,False,,,
crypto,30m,False,BTCUSD,short,2026-09-11 19:30:00+05:30,79669.0,79744.0,79669.0,,True,False,,,
crypto,30m,False,SOLUSD,short,2026-09-11 19:30:00+05:30,105.732,105.933,105.732,,False,False,,,
crypto,30m,False,VELVETUSD,short,2026-09-11 20:30:00+05:30,0.0561,0.0565,0.0561,0.056600000000000004,False,True,BE,0.12667380000000264,0.014473800000004297
crypto,30m,False,ZORAUSD,short,2026-09-11 20:45:00+05:30,0.008238855549883557,0.00824,0.008238855549883557,,False,False,,,
crypto,30m,False,RIVERUSD,short,2026-09-11 21:15:00+05:30,1.261,1.267,1.261,1.2685,False,True,data_quality_ambiguous,,
crypto,30m,False,RIVERUSD,short,2026-09-11 22:15:00+05:30,1.308,1.311,1.308,1.31175,False,True,SL,-1.174900000000026,-1.5237000000000336
crypto,30m,False,RIVERUSD,short,2026-09-12 08:15:00+05:30,1.41,1.418,1.41,1.42,True,True,+2R,2.0,1.8590000000000002
crypto,30m,False,RIVERUSD,short,2026-09-12 08:30:00+05:30,1.441,1.452,1.441,1.45475,False,True,+2R,2.0,1.8951999999999996
crypto,30m,False,BNBUSD,short,2026-09-12 08:40:00+05:30,736.45,741.21,736.45,,True,False,,,
crypto,30m,False,HYPEUSD,long,2026-09-12 08:50:00+05:30,78.25,78.53,78.53,78.18,True,True,BE,0.2533153428571455,0.0289439142857133
crypto,30m,False,BLESSUSD,short,2026-09-12 09:55:00+05:30,0.008501984126984127,0.00857,0.008501984126984127,0.008587003968253968,True,True,+2R,2.0,1.8999999999999992
crypto,30m,False,AKE/USDT,short,2026-09-12 11:35:00+05:30,0.0145891,0.0146775,0.0145891,0.0146996,False,True,data_quality_ambiguous,,
crypto,30m,False,HUSD,short,2026-09-12 13:15:00+05:30,0.08799,0.08842,0.08799,0.0885275,False,True,SL,-1.0823511627906897,-1.2460534883720862
crypto,30m,False,BLESSUSD,short,2026-09-12 14:10:00+05:30,0.008501984126984127,0.00857,0.008501984126984127,,True,False,,,
crypto,30m,False,AVAXUSD,long,2026-09-12 14:20:00+05:30,7.4,7.426,7.426,,False,False,,,
crypto,30m,False,BNBUSD,short,2026-09-12 14:30:00+05:30,736.45,741.21,736.45,742.4000000000001,True,True,Neither,0.020168067226891368,-0.10360504201680518
crypto,30m,False,UNIUSD,short,2026-09-12 17:45:00+05:30,6.489,6.538,6.489,,True,False,,,
crypto,30m,False,AKE/USDT,short,2026-09-12 18:10:00+05:30,0.0154929,0.0156,0.0154929,0.015626775,False,True,+1R,1.0,0.8842733893557411
crypto,30m,False,BLESSUSD,short,2026-09-12 18:15:00+05:30,0.008501984126984127,0.00857,0.008501984126984127,,True,False,,,
crypto,30m,False,AVAXUSD,long,2026-09-12 18:20:00+05:30,7.4,7.426,7.426,7.3935,False,True,BE,0.2579678153846216,0.029475507692312164
crypto,30m,False,BNBUSD,short,2026-09-12 18:30:00+05:30,736.45,741.21,736.45,,True,False,,,
crypto,30m,False,LINKUSD,long,2026-09-12 22:50:00+05:30,11.457,11.481,11.481,,False,False,,,
crypto,30m,False,BTCUSD,long,2026-09-12 23:10:00+05:30,76844.5,77028.0,77028.0,,False,False,,,
crypto,30m,False,RIVERUSD,short,2026-09-12 23:30:00+05:30,1.4424603174603174,1.454,1.4424603174603174,1.4568849206349206,True,True,+1R,1.0,0.8999999999999998
crypto,30m,False,SOLUSD,long,2026-09-13 00:05:00+05:30,101.419,101.44,101.44,,False,False,,,
crypto,30m,False,ZECUSD,long,2026-09-13 00:20:00+05:30,1122.47,1127.5,1127.5,1121.2125,True,True,SL,-1.0891620278330179,-1.2684860834990244
crypto,30m,False,BCHUSD,long,2026-09-13 00:55:00+05:30,225.54,226.04,226.04,225.415,False,True,SL,-1.1803319999999986,-1.5419959999999986
crypto,30m,False,AKE/USDT,short,2026-09-13 08:05:00+05:30,0.016511011904761907,0.0166431,0.016511011904761907,0.016676122023809525,True,True,+2R,2.0,1.8999999999999997
crypto,30m,False,HUSD,long,2026-09-13 08:10:00+05:30,0.07792,0.07839,0.07839,0.0778025,True,True,+2R,2.0,1.8665702127659585
crypto,30m,False,AAVEUSD,short,2026-09-13 08:20:00+05:30,127.64,128.07,127.64,128.17749999999998,False,True,BE,0.26810336744187013,0.03063360000000087
crypto,30m,False,SOLUSD,short,2026-09-13 08:20:00+05:30,102.312,102.42,102.312,,False,False,,,
crypto,30m,False,BTCUSD,short,2026-09-13 08:30:00+05:30,77440.0,77485.5,77440.0,,False,False,,,
crypto,30m,False,BEAT/USDT,long,2026-09-13 09:05:00+05:30,0.084,0.08467200000000001,0.08467200000000001,0.083832,False,True,+1R,1.0,0.8992000000000009
crypto,30m,False,BTCUSD,long,2026-09-13 09:05:00+05:30,76844.5,77028.0,77028.0,,False,False,,,
crypto,30m,False,RIVERUSD,long,2026-09-13 09:30:00+05:30,1.234,1.243872,1.243872,,False,False,,,
crypto,30m,False,LTCUSD,short,2026-09-13 10:50:00+05:30,54.24,54.27,54.24,,True,False,,,
crypto,30m,False,AKE/USDT,long,2026-09-13 11:20:00+05:30,0.0136518,0.0137459,0.0137459,0.013628275,False,True,data_quality_ambiguous,,
crypto,30m,False,SOLUSD,long,2026-09-13 11:55:00+05:30,101.228,101.28,101.28,,True,False,,,
crypto,30m,False,ETHUSD,long,2026-09-13 12:15:00+05:30,2504.95,2509.5,2509.5,2503.8125,False,True,BE,0.49814953846154303,0.05691876923077377
crypto,30m,False,SOLUSD,long,2026-09-13 12:20:00+05:30,100.37,101.08,101.08,100.19250000000001,False,True,SL,-1.0564464788732353,-1.1703394366197157
crypto,30m,False,ZORAUSD,short,2026-09-13 12:55:00+05:30,0.009,0.00903,0.009,,True,False,,,
crypto,30m,False,UNIUSD,long,2026-09-13 13:00:00+05:30,6.268,6.304,6.304,6.2589999999999995,False,True,SL,-1.0695444444444433,-1.2096333333333296
crypto,30m,False,BTCUSD,long,2026-09-13 13:05:00+05:30,76844.5,77028.0,77028.0,76798.625,False,True,SL,-1.1674084468664758,-1.503225340599446
crypto,30m,False,HYPEUSD,long,2026-09-13 13:05:00+05:30,78.25,78.53,78.53,78.18,True,True,SL,-1.1116857142857208,-1.336057142857153
crypto,30m,False,AVAXUSD,long,2026-09-13 13:30:00+05:30,7.364,7.364372214060883,7.364372214060883,,False,False,,,
crypto,30m,False,DOGEUSD,long,2026-09-13 13:45:00+05:30,0.083668,0.08389,0.08389,0.0836125,False,True,SL,-1.150653153153147,-1.4529594594594535
crypto,30m,False,XRPUSD,long,2026-09-13 13:55:00+05:30,1.3463,1.3498,1.3498,1.345425,False,True,SL,-1.1537628571428324,-1.4622885714285454
crypto,30m,False,AVAXUSD,long,2026-09-13 14:00:00+05:30,7.264,7.3,7.3,7.255000000000001,False,True,BE,0.18314888888889566,0.02092666666666998
crypto,30m,False,LINKUSD,long,2026-09-13 14:00:00+05:30,11.24,11.3,11.3,11.225,True,True,BE,0.17010266666666254,0.01943599999999801
crypto,30m,False,RIVERUSD,long,2026-09-13 14:00:00+05:30,1.234,1.243872,1.243872,1.231532,False,True,data_quality_ambiguous,,
crypto,30m,False,ZECUSD,long,2026-09-13 14:00:00+05:30,1112.37,1120.0,1120.0,1110.4624999999999,True,True,SL,-1.0582155963302646,-1.1756467889908133
crypto,30m,False,BTCUSD,long,2026-09-13 14:05:00+05:30,76039.0,76647.312,76647.312,75886.92199999999,True,True,Neither,0.4513315535448761,0.3505315535448779
crypto,30m,False,AAVEUSD,long,2026-09-13 14:10:00+05:30,123.4,123.91,123.91,123.27250000000001,False,True,+1R,1.0,0.8056313725490161
crypto,30m,False,ZECUSD,long,2026-09-13 14:50:00+05:30,1087.49,1092.18,1092.18,1086.3175,False,True,SL,-1.092649680170572,-1.278949040511725
crypto,30m,False,HYPEUSD,long,2026-09-13 15:00:00+05:30,76.8,77.24,77.24,76.69,True,True,BE,0.15855265454544906,0.018116290909084704
crypto,30m,False,DOGEUSD,long,2026-09-13 18:55:00+05:30,0.08238,0.08302,0.08302,0.08221999999999999,True,True,+2R,2.0,1.8962250000000012
crypto,30m,False,HUSD,short,2026-09-13 20:25:00+05:30,0.09015,0.09054,0.09015,0.0906375,True,True,+2R,2.0,1.8150769230769237
crypto,30m,False,BTCUSD,short,2026-09-13 22:10:00+05:30,77440.0,77485.5,77440.0,,False,False,,,
crypto,30m,False,TACUSD,short,2026-09-13 22:10:00+05:30,0.001932,0.001945,0.001932,,True,False,,,
crypto,30m,False,LTCUSD,short,2026-09-13 22:20:00+05:30,54.8,54.83,54.8,,True,False,,,
crypto,30m,False,AVAXUSD,short,2026-09-14 00:35:00+05:30,7.456,7.466,7.456,,False,False,,,
crypto,30m,False,TRUMP/USDT,short,2026-09-14 00:35:00+05:30,2.006,2.011,2.006,,False,False,,,
crypto,30m,False,XRPUSD,short,2026-09-14 08:20:00+05:30,1.3741,1.3752,1.3741,,False,False,,,
crypto,30m,False,AVAXUSD,short,2026-09-14 08:40:00+05:30,7.456,7.466,7.456,,False,False,,,
crypto,30m,False,TRUMP/USDT,short,2026-09-14 08:40:00+05:30,2.006,2.011,2.006,2.0122500000000003,False,True,data_quality_ambiguous,,
crypto,30m,False,UNIUSD,short,2026-09-14 08:55:00+05:30,6.471,6.495,6.471,,False,False,,,
crypto,30m,False,BLESSUSD,short,2026-09-14 10:05:00+05:30,0.008397817460317461,0.008465,0.008397817460317461,0.008481795634920635,True,True,SL,-1.0504999999999978,-1.1504999999999983
crypto,30m,False,DOGEUSD,short,2026-09-14 11:35:00+05:30,0.08471,0.08475,0.08471,,False,False,,,
crypto,30m,False,AKE/USDT,short,2026-09-14 14:20:00+05:30,0.0155794,0.015655,0.0155794,0.015673899999999998,False,True,data_quality_ambiguous,,
crypto,30m,False,AKE/USDT,short,2026-09-14 14:25:00+05:30,0.016511011904761907,0.0166431,0.016511011904761907,0.016676122023809525,True,True,SL,-1.0504999999999953,-1.1504999999999956
crypto,30m,False,BCHUSD,long,2026-09-14 14:45:00+05:30,219.0,220.752,220.752,218.562,True,True,+1R,1.0,0.8991999999999999
crypto,30m,False,AAVEUSD,short,2026-09-14 15:20:00+05:30,127.688,128.3,127.688,,True,False,,,
crypto,30m,False,BNBUSD,short,2026-09-14 15:20:00+05:30,729.4968374583913,729.52,729.4968374583913,,False,False,,,
crypto,30m,False,SOLUSD,short,2026-09-14 15:20:00+05:30,102.312,102.42,102.312,,False,False,,,
crypto,30m,False,HUSD,long,2026-09-14 16:50:00+05:30,0.08457,0.08487,0.08487,0.08449500000000001,True,True,SL,-1.1126599999999907,-1.3389799999999987
crypto,30m,False,HYPEUSD,short,2026-09-14 16:55:00+05:30,80.58,80.81,80.58,80.8675,False,True,BE,0.31643415652172824,0.03615589565217131
crypto,30m,False,AVAXUSD,short,2026-09-14 17:20:00+05:30,7.456,7.466,7.456,,False,False,,,
crypto,30m,False,BLESSUSD,short,2026-09-14 17:30:00+05:30,0.00863,0.008635,0.00863,,True,False,,,
crypto,30m,False,TRUMP/USDT,short,2026-09-14 17:45:00+05:30,2.028,2.031,2.028,,False,False,,,
crypto,30m,False,ZORAUSD,long,2026-09-14 18:30:00+05:30,0.00779,0.007790729562362076,0.007790729562362076,,False,False,,,
crypto,30m,False,ZECUSD,short,2026-09-14 19:45:00+05:30,1160.98,1165.45,1160.98,,False,False,,,
crypto,30m,False,SOLUSD,short,2026-09-14 21:00:00+05:30,102.312,102.42,102.312,,False,False,,,
crypto,30m,False,LINKUSD,short,2026-09-14 21:45:00+05:30,11.54,11.559,11.54,11.563749999999999,False,True,+2R,2.0,1.5141052631578888
crypto,30m,False,SOLUSD,short,2026-09-14 21:45:00+05:30,102.911,103.0421,102.911,,False,False,,,
crypto,30m,False,XRPUSD,short,2026-09-14 21:45:00+05:30,1.4217261904761904,1.4331,1.4217261904761904,1.4359434523809524,True,True,SL,-1.0505,-1.1504999999999992
crypto,30m,False,BEAT/USDT,short,2026-09-14 21:55:00+05:30,0.08422619047619048,0.0849,0.08422619047619048,0.08506845238095238,False,True,SL,-1.0505000000000047,-1.1505000000000052
crypto,30m,False,AAVEUSD,short,2026-09-14 22:20:00+05:30,127.688,128.3,127.688,128.453,True,True,BE,0.18844412026142873,0.02153170196077528
crypto,30m,False,UNIUSD,short,2026-09-14 22:55:00+05:30,6.471,6.495,6.471,6.501,False,True,+2R,2.0,1.7843000000000018
crypto,30m,False,LINKUSD,short,2026-09-14 23:10:00+05:30,11.615,11.618,11.615,,False,False,,,
crypto,30m,False,XRPUSD,short,2026-09-14 23:20:00+05:30,1.4404,1.451,1.4404,1.45365,True,True,BE,0.12273295094340139,0.01402351698113892
crypto,30m,False,BCHUSD,short,2026-09-14 23:30:00+05:30,226.95772743677827,226.97,226.95772743677827,,False,False,,,
crypto,30m,False,ZECUSD,short,2026-09-14 23:45:00+05:30,1160.98,1165.45,1160.98,1166.5675,False,True,SL,-1.1043908277404841,-1.3121724832214652
crypto,30m,False,BTCUSD,short,2026-09-14 23:50:00+05:30,79307.0,79868.5,79307.0,,True,False,,,
crypto,30m,False,DOGEUSD,short,2026-09-14 23:50:00+05:30,0.08527,0.08545,0.08527,0.085495,False,True,BE,0.42786591111108474,0.04888813333331199
crypto,30m,False,ETHUSD,short,2026-09-14 23:50:00+05:30,2543.7,2545.25,2543.7,,False,False,,,
crypto,30m,False,UNIUSD,short,2026-09-14 23:55:00+05:30,6.5314,6.572,6.5314,6.58215,True,True,SL,-1.064848768472904,-1.193546305418715
crypto,30m,False,XRPUSD,short,2026-09-15 00:00:00+05:30,1.458,1.4627,1.458,1.4638749999999998,False,True,SL,-1.1245851063829633,-1.372755319148927
crypto,30m,False,BLESSUSD,short,2026-09-15 00:10:00+05:30,0.00863,0.008635,0.00863,,True,False,,,
crypto,30m,False,BNBUSD,short,2026-09-15 00:15:00+05:30,729.4968374583913,729.52,729.4968374583913,,False,False,,,
crypto,30m,False,XRPUSD,short,2026-09-15 00:15:00+05:30,1.4819,1.484,1.4819,,True,False,,,
crypto,30m,False,AAVEUSD,short,2026-09-15 00:55:00+05:30,130.35,130.73,130.35,130.825,True,True,+1R,1.0,0.7255789473684178
crypto,30m,False,BTCUSD,long,2026-09-15 08:05:00+05:30,77449.0,77671.0,77671.0,77393.5,False,True,SL,-1.1394477477477578,-1.4193432432432533
crypto,30m,False,ETHUSD,long,2026-09-15 08:30:00+05:30,2486.2,2499.4,2499.4,2482.8999999999996,False,True,SL,-1.075239393939391,-1.2267181818181747
crypto,30m,False,HYPEUSD,long,2026-09-15 08:35:00+05:30,79.11,79.43,79.43,79.03,False,True,SL,-1.0987874999999847,-1.297362499999982
crypto,30m,False,SOLUSD,long,2026-09-15 08:40:00+05:30,100.68,101.221,101.221,100.54475000000001,False,True,BE,0.16898855304991123,0.01930870092421716
crypto,30m,False,TRUMP/USDT,long,2026-09-15 08:40:00+05:30,1.975,1.983,1.983,1.973,False,True,+1R,1.0,0.8017000000000001
crypto,30m,False,AKE/USDT,short,2026-09-15 09:15:00+05:30,0.0168858,0.017,0.0168858,0.017028550000000003,True,True,data_quality_ambiguous,,
crypto,30m,False,TACUSD,short,2026-09-15 12:35:00+05:30,0.00199,0.002,0.00199,0.0020025,False,True,+1R,1.0,0.8407999999999991
crypto,30m,False,RIVERUSD,short,2026-09-15 12:45:00+05:30,1.254,1.259,1.254,1.2602499999999999,True,True,+2R,2.0,1.7993599999999956
crypto,30m,False,VELVETUSD,short,2026-09-15 12:50:00+05:30,0.0532,0.0535,0.0532,0.053575,True,True,SL,-1.0714333333333335,-1.2133
crypto,30m,False,BCHUSD,long,2026-09-15 13:05:00+05:30,219.0,220.752,220.752,218.562,True,True,+1R,1.0,0.8991999999999999
crypto,30m,False,ETHUSD,long,2026-09-15 13:20:00+05:30,2460.7,2466.0,2466.0,2459.375,True,True,BE,0.4202436226415162,0.04801720754717659
crypto,30m,False,LINKUSD,long,2026-09-15 13:20:00+05:30,11.247,11.31,11.31,11.23125,True,True,+2R,2.0,1.8563809523809547
crypto,30m,False,BNBUSD,long,2026-09-15 13:25:00+05:30,713.22,713.37,713.37,,True,False,,,
crypto,30m,False,BTCUSD,long,2026-09-15 13:35:00+05:30,76039.0,76647.312,76647.312,,True,False,,,
crypto,30m,False,ZORAUSD,long,2026-09-15 13:45:00+05:30,0.00778,0.0078,0.0078,0.007775,True,True,SL,-1.1554999999999969,-1.4674999999999987
crypto,30m,False,AKE/USDT,short,2026-09-15 15:15:00+05:30,0.02145714285714286,0.0216288,0.02145714285714286,0.021671714285714287,True,True,SL,-1.050500000000001,-1.1505000000000012
crypto,30m,False,ZORAUSD,long,2026-09-15 15:25:00+05:30,0.00768,0.00771,0.00771,0.0076725000000000005,True,True,BE,0.2321224000000107,0.026522400000007107
crypto,30m,False,UNIUSD,short,2026-09-15 16:35:00+05:30,6.785,6.8,6.785,6.80375,True,True,SL,-1.1814333333333231,-1.5432999999999932
crypto,30m,False,LINKUSD,long,2026-09-15 17:20:00+05:30,11.247,11.31,11.31,,True,False,,,
crypto,30m,False,TACUSD,long,2026-09-15 17:30:00+05:30,0.001876,0.001877,0.001877,,True,False,,,
crypto,30m,False,TACUSD,long,2026-09-15 17:55:00+05:30,0.001843,0.001853,0.001853,0.0018405000000000001,True,True,SL,-1.0736200000000038,-1.2218600000000046
crypto,30m,False,TACUSD,long,2026-09-15 18:05:00+05:30,0.001813,0.001818,0.001818,0.00181175,False,True,data_quality_ambiguous,,
crypto,30m,False,VELVETUSD,long,2026-09-15 18:20:00+05:30,0.0501,0.0505,0.0505,0.049999999999999996,True,True,BE,0.11402899999999992,0.0130290000000014
crypto,30m,False,BTCUSD,long,2026-09-15 19:00:00+05:30,76039.0,76647.312,76647.312,75886.92199999999,True,True,SL,-1.0499000000000025,-1.1507000000000007
crypto,30m,False,ETHUSD,long,2026-09-15 19:00:00+05:30,2460.7,2466.0,2466.0,,True,False,,,
crypto,30m,False,BTCUSD,long,2026-09-15 19:05:00+05:30,75595.5,76028.0,76028.0,75487.375,True,True,+2R,2.0,1.8593701734104047
crypto,30m,False,DOGEUSD,long,2026-09-15 19:05:00+05:30,0.08203,0.08203369791369118,0.08203369791369118,,False,False,,,
crypto,30m,False,ETHUSD,long,2026-09-15 19:05:00+05:30,2433.25,2451.15,2451.15,2428.775,True,True,SL,-1.0542743016759846,-1.1638229050279398
crypto,30m,False,ZECUSD,long,2026-09-15 19:05:00+05:30,1114.66,1119.82,1119.82,1113.3700000000001,False,True,SL,-1.0863077519379893,-1.2599232558139632
crypto,30m,False,BCHUSD,long,2026-09-15 20:05:00+05:30,219.0,220.752,220.752,,True,False,,,
crypto,30m,False,ETHUSD,long,2026-09-15 20:05:00+05:30,2403.8,2413.4,2413.4,2401.4,True,True,SL,-1.1000583333333225,-1.301174999999989
crypto,30m,False,AAVEUSD,long,2026-09-15 20:10:00+05:30,124.82,125.39,125.39,124.6775,False,True,SL,-1.0874929824561326,-1.2634789473684118
crypto,30m,False,BNBUSD,long,2026-09-15 20:10:00+05:30,713.22,713.37,713.37,,True,False,,,
crypto,30m,False,LINKUSD,long,2026-09-15 20:10:00+05:30,11.123,11.153,11.153,11.115499999999999,False,True,SL,-1.148206666666647,-1.4456199999999693
crypto,30m,False,LTCUSD,long,2026-09-15 20:10:00+05:30,51.67,51.87,51.87,51.620000000000005,True,True,SL,-1.1032400000000024,-1.3107200000000083
crypto,30m,False,SOLUSD,long,2026-09-15 20:10:00+05:30,98.98,99.089,99.089,,True,False,,,
crypto,30m,False,UNIUSD,long,2026-09-15 20:10:00+05:30,6.216,6.261,6.261,6.204750000000001,False,True,SL,-1.0551533333333356,-1.1664600000000034
crypto,30m,False,ZORAUSD,long,2026-09-15 20:10:00+05:30,0.00732,0.00737856,0.00737856,0.00730536,False,True,SL,-1.049899999999996,-1.1506999999999963
crypto,30m,False,AAVEUSD,long,2026-09-15 20:15:00+05:30,123.4,123.91,123.91,123.27250000000001,False,True,SL,-1.096684313725502,-1.291052941176486
crypto,30m,False,AVAXUSD,long,2026-09-15 20:20:00+05:30,7.352,7.37,7.37,,False,False,,,
crypto,30m,False,BNBUSD,long,2026-09-15 20:20:00+05:30,706.19,711.232,711.232,,True,False,,,
crypto,30m,False,DOGEUSD,long,2026-09-15 20:20:00+05:30,0.08023,0.08084,0.08084,,True,False,,,
crypto,30m,False,HYPEUSD,long,2026-09-15 20:20:00+05:30,76.67,76.7,76.7,,True,False,,,
crypto,30m,False,TRUMP/USDT,long,2026-09-15 20:20:00+05:30,1.917,1.924,1.924,,True,False,,,
crypto,30m,False,RIVERUSD,long,2026-09-16 00:05:00+05:30,1.185,1.189,1.189,1.1840000000000002,True,True,SL,-1.1183999999999876,-1.3561999999999927
crypto,30m,False,XRPUSD,long,2026-09-16 00:10:00+05:30,1.3106,1.3183,1.3183,1.308675,True,True,SL,-1.0679831168831275,-1.2049493506493614
crypto,30m,False,XRPUSD,long,2026-09-16 00:10:00+05:30,1.3325,1.334,1.334,,True,False,,,
crypto,30m,False,AAVEUSD,long,2026-09-16 00:15:00+05:30,121.31,121.91,121.91,121.16,False,True,+2R,2.0,1.8374533333333334
crypto,30m,False,AVAXUSD,long,2026-09-16 00:15:00+05:30,7.236,7.25,7.25,7.2325,False,True,+2R,2.0,1.5857142857142874
crypto,30m,False,AVAXUSD,long,2026-09-16 00:15:00+05:30,7.264,7.3,7.3,7.255000000000001,False,True,data_quality_ambiguous,,
crypto,30m,False,BEAT/USDT,long,2026-09-16 00:15:00+05:30,0.0795,0.0798,0.0798,,True,False,,,
crypto,30m,False,DOGEUSD,long,2026-09-16 00:15:00+05:30,0.07917,0.07947,0.07947,0.079095,False,True,data_quality_ambiguous,,
crypto,30m,False,ETHUSD,long,2026-09-16 00:15:00+05:30,2355.1,2368.7,2368.7,2351.7,True,True,+2R,2.0,1.8606647058823529
crypto,30m,False,LINKUSD,long,2026-09-16 00:15:00+05:30,10.91,10.959,10.959,10.89775,True,True,data_quality_ambiguous,,
crypto,30m,False,SOLUSD,long,2026-09-16 00:15:00+05:30,97.408,97.708,97.708,97.333,True,True,data_quality_ambiguous,,
crypto,30m,False,BNBUSD,long,2026-09-16 00:20:00+05:30,706.19,711.232,711.232,,True,False,,,
crypto,30m,False,DOGEUSD,long,2026-09-16 00:25:00+05:30,0.08023,0.08084,0.08084,0.0800775,True,True,BE,0.1196962098360573,0.013676537704909675
crypto,30m,False,HUSD,short,2026-09-16 08:25:00+05:30,0.08864,0.08876,0.08864,,False,False,,,
crypto,30m,False,LINKUSD,long,2026-09-16 12:10:00+05:30,10.66,10.745280000000001,10.745280000000001,10.63868,False,True,+1R,1.0,0.8992000000000002
crypto,30m,False,AKE/USDT,short,2026-09-16 12:30:00+05:30,0.029502,0.0295578,0.029502,,True,False,,,
crypto,30m,False,HUSD,short,2026-09-16 12:45:00+05:30,0.09015,0.09054,0.09015,0.0906375,True,True,BE,0.20877815384614792,0.023855076923071677
crypto,30m,False,BNBUSD,long,2026-09-16 13:35:00+05:30,702.96,705.25,705.25,702.3875,True,True,+2R,2.0,1.7536244541484676
crypto,30m,False,DOGEUSD,long,2026-09-16 13:35:00+05:30,0.07855,0.0791784,0.0791784,,True,False,,,
crypto,30m,False,UNIUSD,long,2026-09-16 14:10:00+05:30,6.165,6.21432,6.21432,,True,False,,,
crypto,30m,False,TACUSD,long,2026-09-16 16:00:00+05:30,0.001703,0.001706,0.001706,,True,False,,,
crypto,30m,False,RIVERUSD,short,2026-09-16 16:30:00+05:30,1.22,1.221,1.22,,True,False,,,
crypto,30m,False,HYPEUSD,short,2026-09-16 17:10:00+05:30,79.762,79.764,79.762,,False,False,,,
crypto,30m,False,ZECUSD,short,2026-09-16 17:10:00+05:30,1228.93,1237.77,1228.93,1239.98,False,True,SL,-1.0561076923076849,-1.16732307692307
crypto,30m,False,TRUMP/USDT,long,2026-09-16 17:55:00+05:30,1.85,1.851,1.851,,True,False,,,
crypto,30m,False,DOGEUSD,long,2026-09-16 18:00:00+05:30,0.07855,0.0791784,0.0791784,0.07839289999999999,True,True,BE,0.11380319999999262,0.013003199999993692
crypto,30m,False,LINKUSD,long,2026-09-16 18:00:00+05:30,10.66,10.745280000000001,10.745280000000001,,False,False,,,
crypto,30m,False,UNIUSD,long,2026-09-16 18:35:00+05:30,6.165,6.21432,6.21432,6.1526700000000005,True,True,SL,-1.0499000000000047,-1.1507000000000058
crypto,30m,False,UNIUSD,long,2026-09-16 19:50:00+05:30,6.094,6.095,6.095,,True,False,,,
crypto,30m,False,XRPUSD,long,2026-09-16 20:00:00+05:30,1.2654,1.2658,1.2658,,True,False,,,
crypto,30m,False,BEAT/USDT,long,2026-09-16 20:15:00+05:30,0.0795,0.0798,0.0798,0.079425,True,True,SL,-1.1058999999999921,-1.3186999999999918
crypto,30m,False,AKE/USDT,long,2026-09-16 21:55:00+05:30,0.0254921,0.0256960368,0.0256960368,0.0254411158,False,True,SL,-1.0499000000000054,-1.150700000000006
crypto,30m,False,RIVERUSD,long,2026-09-16 21:55:00+05:30,1.165,1.173,1.173,1.163,True,True,+1R,1.0,0.8827
crypto,30m,False,DOGEUSD,long,2026-09-16 22:00:00+05:30,0.07855,0.0791784,0.0791784,,True,False,,,
crypto,30m,False,SOLUSD,long,2026-09-16 23:00:00+05:30,95.782,96.548256,96.548256,95.590436,True,True,data_quality_ambiguous,,
crypto,30m,False,BCHUSD,long,2026-09-16 23:05:00+05:30,213.0,214.704,214.704,212.574,True,True,data_quality_ambiguous,,
crypto,30m,False,ETHUSD,long,2026-09-16 23:10:00+05:30,2355.1,2368.7,2368.7,2351.7,True,True,+2R,2.0,1.8606647058823529
crypto,30m,False,HYPEUSD,short,2026-09-16 23:35:00+05:30,79.762,79.764,79.762,,False,False,,,
crypto,30m,False,UNIUSD,short,2026-09-16 23:35:00+05:30,6.443,6.473,6.443,6.4805,False,True,+2R,2.0,1.828186666666669
crypto,30m,False,ZECUSD,short,2026-09-16 23:35:00+05:30,1285.55,1295.19,1285.55,1297.6000000000001,True,True,SL,-1.0538423236514463,-1.1605269709543493
crypto,30m,False,VELVETUSD,short,2026-09-17 09:15:00+05:30,0.0533,0.0537,0.0533,,True,False,,,
crypto,30m,False,RIVERUSD,short,2026-09-17 11:45:00+05:30,1.2321428571428572,1.242,1.2321428571428572,1.2444642857142858,True,True,BE,0.11290000000000075,0.012900000000000925
crypto,30m,False,TACUSD,short,2026-09-17 12:10:00+05:30,0.0018047925539645205,0.001805,0.0018047925539645205,,False,False,,,
crypto,30m,False,LTCUSD,short,2026-09-17 12:35:00+05:30,52.7,52.87,52.7,52.912499999999994,False,True,SL,-1.1245000000000167,-1.3725000000000267
crypto,30m,False,HYPEUSD,short,2026-09-17 13:30:00+05:30,80.164,80.43,80.164,80.49650000000001,True,True,SL,-1.1210473684210631,-1.362142105263161
crypto,30m,False,UNIUSD,short,2026-09-17 13:50:00+05:30,6.925,6.968,6.925,6.97875,False,True,BE,0.14545720930231976,0.016619999999994084
crypto,30m,False,AVAXUSD,short,2026-09-17 14:05:00+05:30,7.614,7.618,7.614,,False,False,,,
crypto,30m,False,ZORAUSD,short,2026-09-17 14:25:00+05:30,0.007569444444444444,0.00763,0.007569444444444444,0.007645138888888889,False,True,SL,-1.050499999999999,-1.1504999999999983
crypto,30m,False,BCHUSD,short,2026-09-17 14:30:00+05:30,224.75,225.0,224.75,,True,False,,,
crypto,30m,False,XRPUSD,short,2026-09-17 14:30:00+05:30,1.3095,1.3186,1.3095,1.320875,True,True,+1R,1.0,0.88487912087912
crypto,30m,False,SOLUSD,short,2026-09-17 14:55:00+05:30,101.03,101.382,101.03,,False,False,,,
crypto,30m,False,VELVETUSD,short,2026-09-17 14:55:00+05:30,0.0562,0.0565,0.0562,0.056575,False,True,SL,-1.0754333333333375,-1.225300000000004
crypto,30m,False,BEAT/USDT,short,2026-09-17 15:40:00+05:30,0.0843,0.0848,0.0843,0.084925,False,True,+1R,1.0,0.8651200000000001
crypto,30m,False,BNBUSD,short,2026-09-17 17:40:00+05:30,728.61,729.03,728.61,,True,False,,,
crypto,30m,False,BTCUSD,short,2026-09-17 17:40:00+05:30,76939.0,77323.0,76939.0,77419.0,False,True,+1R,1.0,0.8397104166666667
crypto,30m,False,BNBUSD,short,2026-09-17 17:45:00+05:30,731.75,733.5,731.75,733.9375,True,True,data_quality_ambiguous,,
crypto,30m,False,HYPEUSD,short,2026-09-17 18:30:00+05:30,82.32430387987169,82.33,82.32430387987169,,False,False,,,
crypto,30m,False,UNIUSD,short,2026-09-17 19:20:00+05:30,7.146,7.202,7.146,7.216,True,True,SL,-1.0515428571428544,-1.1536285714285683
crypto,30m,False,BCHUSD,short,2026-09-17 19:40:00+05:30,232.07,232.08,232.07,,False,False,,,
crypto,30m,False,BCHUSD,short,2026-09-17 19:40:00+05:30,229.85,230.27,229.85,230.375,True,True,SL,-1.2194047619047412,-1.6572142857142602
crypto,30m,False,UNIUSD,short,2026-09-17 19:40:00+05:30,7.304,7.315,7.304,,False,False,,,
crypto,30m,False,BCHUSD,short,2026-09-17 19:50:00+05:30,236.75,238.2,236.75,238.5625,True,True,SL,-1.0658103448275864,-1.196431034482759
crypto,30m,False,BEAT/USDT,short,2026-09-17 19:55:00+05:30,0.0843,0.0848,0.0843,,False,False,,,
crypto,30m,False,UNIUSD,short,2026-09-17 22:15:00+05:30,7.44,7.488,7.44,7.5,True,True,SL,-1.0625000000000029,-1.1865000000000037
crypto,30m,False,AAVEUSD,short,2026-09-17 22:30:00+05:30,128.43,129.32,128.43,129.5425,False,True,SL,-1.0582213483146137,-1.173664044943829
crypto,30m,False,BNBUSD,short,2026-09-17 22:50:00+05:30,731.75,733.5,731.75,,True,False,,,
crypto,30m,False,BEAT/USDT,short,2026-09-17 23:55:00+05:30,0.0862,0.0864,0.0862,0.08645,True,True,data_quality_ambiguous,,
crypto,30m,False,BTCUSD,short,2026-09-18 08:00:00+05:30,76939.0,77323.0,76939.0,77419.0,False,True,SL,-1.0806447916666608,-1.2409343749999941
crypto,30m,False,DOGEUSD,short,2026-09-18 08:05:00+05:30,0.08318,0.08351,0.08318,0.0835925,False,True,SL,-1.101324242424252,-1.3029727272727387
crypto,30m,False,BCHUSD,short,2026-09-18 08:10:00+05:30,239.27,241.03,239.27,241.47,True,True,SL,-1.054879545454544,-1.1636386363636355
crypto,30m,False,AVAXUSD,short,2026-09-18 08:40:00+05:30,7.7909,7.822,7.7909,7.829775,True,True,SL,-1.100704501607709,-1.3011135048231433
crypto,30m,False,ETHUSD,short,2026-09-18 08:40:00+05:30,2476.4,2483.3,2476.4,2485.025,True,True,data_quality_ambiguous,,
crypto,30m,False,XRPUSD,short,2026-09-18 08:40:00+05:30,1.3175,1.321,1.3175,1.321875,True,True,SL,-1.1510714285714185,-1.4522142857142746
crypto,30m,False,AAVEUSD,short,2026-09-18 08:45:00+05:30,133.25,133.6,133.25,133.6875,True,True,SL,-1.1527857142857232,-1.457357142857152
crypto,30m,False,AVAXUSD,short,2026-09-18 09:00:00+05:30,7.864,7.87,7.864,,False,False,,,
crypto,30m,False,SOLUSD,short,2026-09-18 09:00:00+05:30,104.6,104.854,104.6,104.9175,True,True,SL,-1.1652244094488124,-1.4946732283464401
crypto,30m,False,HUSD,long,2026-09-18 09:10:00+05:30,0.08617,0.08685936,0.08685936,0.08599766,False,True,SL,-1.0499000000000023,-1.1507000000000032
crypto,30m,False,LTCUSD,short,2026-09-18 09:20:00+05:30,55.08,55.3,55.08,,True,False,,,
crypto,30m,False,TRUMP/USDT,short,2026-09-18 09:20:00+05:30,2.073,2.089,2.073,2.093,True,True,+2R,2.0,1.89635
crypto,30m,False,TRUMP/USDT,short,2026-09-18 09:20:00+05:30,2.062,2.064,2.062,,True,False,,,
crypto,30m,False,SOLUSD,short,2026-09-18 09:50:00+05:30,105.732,105.933,105.732,105.98325000000001,False,True,data_quality_ambiguous,,
crypto,30m,False,AKE/USDT,short,2026-09-18 11:55:00+05:30,0.02318015873015873,0.0233656,0.02318015873015873,0.023411960317460317,False,True,data_quality_ambiguous,,
crypto,30m,False,AAVEUSD,short,2026-09-18 12:30:00+05:30,135.48,135.59,135.48,,False,False,,,
crypto,30m,False,BNBUSD,short,2026-09-18 12:45:00+05:30,758.58,760.86,758.58,761.4300000000001,True,True,+2R,2.0,1.7338315789473706
crypto,30m,False,HYPEUSD,short,2026-09-18 13:10:00+05:30,88.28,88.35,88.28,,False,False,,,
crypto,30m,False,SOLUSD,short,2026-09-18 13:50:00+05:30,106.554,107.084,106.554,107.2165,False,True,+1R,1.0,0.8391637735849042
crypto,30m,False,LTCUSD,short,2026-09-18 14:20:00+05:30,55.95,56.22,55.95,56.287499999999994,False,True,+2R,2.0,1.834222222222218
crypto,30m,False,BLESSUSD,long,2026-09-18 14:40:00+05:30,0.008465,0.008465967360808017,0.008465967360808017,,False,False,,,
crypto,30m,False,DOGEUSD,short,2026-09-18 15:10:00+05:30,0.08599,0.08624,0.08599,0.0863025,True,True,BE,0.31066467199999787,0.03549667200000417
crypto,30m,False,HUSD,long,2026-09-18 15:10:00+05:30,0.08248,0.08279,0.08279,0.08240249999999999,False,True,BE,0.2412126709677461,0.027561058064527383
crypto,30m,False,LINKUSD,short,2026-09-18 15:20:00+05:30,11.911,11.961,11.911,11.973500000000001,True,True,+2R,2.0,1.8094240000000055
crypto,30m,False,AAVEUSD,short,2026-09-18 15:45:00+05:30,136.8,137.0,136.8,,False,False,,,
crypto,30m,False,HYPEUSD,short,2026-09-18 15:45:00+05:30,89.56,89.617,89.56,,True,False,,,
crypto,30m,False,AVAXUSD,short,2026-09-18 15:55:00+05:30,8.04,8.056,8.04,,False,False,,,
crypto,30m,False,TRUMP/USDT,short,2026-09-18 16:10:00+05:30,2.073,2.089,2.073,,True,False,,,
crypto,30m,False,RIVERUSD,long,2026-09-18 16:45:00+05:30,1.191,1.200528,1.200528,1.188618,False,True,BE,0.11380320000000627,0.013003200000006987
crypto,30m,False,HUSD,long,2026-09-18 17:00:00+05:30,0.08031,0.08033,0.08033,,True,False,,,
crypto,30m,False,ZECUSD,long,2026-09-18 18:00:00+05:30,1443.39,1452.06,1452.06,1441.2225,False,True,+2R,2.0,1.8660152249134931
crypto,30m,False,BLESSUSD,short,2026-09-18 18:50:00+05:30,0.008763919691024183,0.008765,0.008763919691024183,,False,False,,,
crypto,30m,False,SOLUSD,short,2026-09-18 19:00:00+05:30,106.554,107.084,106.554,,False,False,,,
crypto,30m,False,AAVEUSD,short,2026-09-18 19:05:00+05:30,139.65,140.0,139.65,140.0875,True,True,SL,-1.1600999999999917,-1.4792999999999918
crypto,30m,False,SOLUSD,short,2026-09-18 19:05:00+05:30,107.0873015873016,107.944,107.0873015873016,108.1581746031746,False,True,SL,-1.050500000000001,-1.150500000000002
crypto,30m,False,AVAXUSD,short,2026-09-18 19:10:00+05:30,8.144,8.204,8.144,8.219000000000001,True,True,+1R,1.0,0.8914133333333348
crypto,30m,False,BCHUSD,short,2026-09-18 19:10:00+05:30,252.3,252.5,252.3,,False,False,,,
crypto,30m,False,BNBUSD,short,2026-09-18 19:10:00+05:30,758.58,760.86,758.58,,True,False,,,
crypto,30m,False,BTCUSD,short,2026-09-18 19:10:00+05:30,79307.0,79868.5,79307.0,80008.875,True,True,SL,-1.0569965271593942,-1.169989581478183
crypto,30m,False,BTCUSD,short,2026-09-18 19:20:00+05:30,80309.0,80537.0,80309.0,80594.0,True,True,data_quality_ambiguous,,
crypto,30m,False,DOGEUSD,short,2026-09-18 19:20:00+05:30,0.08760912698412698,0.08831,0.08760912698412698,0.08848521825396825,True,True,BE,0.11289999999999374,0.012899999999993736
crypto,30m,False,LINKUSD,short,2026-09-18 19:20:00+05:30,12.103174603174603,12.2,12.103174603174603,12.224206349206348,True,True,BE,0.11290000000000124,0.012900000000000494
crypto,30m,False,LTCUSD,short,2026-09-18 19:20:00+05:30,55.95,56.22,55.95,,False,False,,,
crypto,30m,False,RIVERUSD,short,2026-09-18 19:40:00+05:30,1.257,1.266,1.257,1.26825,True,True,SL,-1.0563666666666593,-1.1680999999999906
crypto,30m,False,BLESSUSD,short,2026-09-18 19:50:00+05:30,0.008876,0.008926,0.008876,0.0089385,True,True,SL,-1.071507999999998,-1.2135239999999978
crypto,30m,False,SOLUSD,short,2026-09-18 19:50:00+05:30,109.924,110.635,109.924,110.81275000000001,True,True,+1R,1.0,0.8763161744022505
crypto,30m,False,BEAT/USDT,short,2026-09-18 20:20:00+05:30,0.08789056363343913,0.0879,0.08789056363343913,,False,False,,,
crypto,30m,False,ETHUSD,short,2026-09-18 20:50:00+05:30,2598.5,2614.65,2598.5,2618.6875,True,True,BE,0.14532292260061777,0.016604656346747793
crypto,30m,False,BTCUSD,short,2026-09-18 22:00:00+05:30,81311.0,81386.0,81311.0,,False,False,,,
crypto,30m,False,AKE/USDT,short,2026-09-18 22:45:00+05:30,0.029530853174603175,0.0297671,0.029530853174603175,0.02982616170634921,True,True,SL,-1.0504999999999949,-1.1504999999999943
crypto,30m,False,VELVETUSD,short,2026-09-18 23:10:00+05:30,0.05982142857142857,0.0603,0.05982142857142857,0.06041964285714286,True,True,SL,-1.0505000000000042,-1.1505000000000032
crypto,30m,False,AVAXUSD,short,2026-09-19 00:35:00+05:30,8.29,8.334,8.29,8.344999999999999,True,True,SL,-1.0758636363636231,-1.2265909090908966
crypto,30m,False,AAVEUSD,short,2026-09-19 08:05:00+05:30,144.46,145.38,144.46,145.60999999999999,True,True,SL,-1.063308695652165,-1.1889260869565152
crypto,30m,False,TACUSD,short,2026-09-19 08:45:00+05:30,0.0016517857142857144,0.001665,0.0016517857142857144,,False,False,,,
crypto,30m,False,BCHUSD,long,2026-09-19 09:10:00+05:30,246.15,246.95,246.95,245.95000000000002,False,True,+1R,1.0,0.753049999999993
crypto,30m,False,LTCUSD,short,2026-09-19 09:25:00+05:30,59.31,59.44,59.31,,True,False,,,
crypto,30m,False,TRUMP/USDT,long,2026-09-19 10:05:00+05:30,2.017,2.028,2.028,,False,False,,,
crypto,30m,False,HUSD,long,2026-09-19 10:25:00+05:30,0.07937,0.07977,0.07977,,True,False,,,
crypto,30m,False,TACUSD,long,2026-09-19 10:55:00+05:30,0.001589,0.001598,0.001598,0.0015867499999999998,True,True,SL,-1.0705222222222244,-1.2125666666666663
crypto,30m,False,ETHUSD,short,2026-09-19 11:00:00+05:30,2635.95,2645.0,2635.95,,True,False,,,
crypto,30m,False,HUSD,long,2026-09-19 12:45:00+05:30,0.07792,0.07839,0.07839,0.0778025,True,True,BE,0.15064222978723638,0.017212442553194873
crypto,30m,False,ETHUSD,short,2026-09-19 13:50:00+05:30,2646.0,2666.05,2646.0,2671.0625,True,True,BE,0.11919537157106909,0.013619311720695013
crypto,30m,False,UNIUSD,short,2026-09-19 13:55:00+05:30,9.368055555555555,9.443,9.368055555555555,9.461736111111112,True,True,+2R,2.0,1.9000000000000008
crypto,30m,False,VELVETUSD,short,2026-09-19 14:05:00+05:30,0.06279761904761905,0.0633,0.06279761904761905,0.06342559523809524,True,True,data_quality_ambiguous,,
crypto,30m,False,VELVETUSD,short,2026-09-19 14:05:00+05:30,0.0617,0.062,0.0617,0.062075,True,True,SL,-1.0827666666666595,-1.2472999999999927
crypto,30m,False,BNBUSD,short,2026-09-19 14:20:00+05:30,767.248,768.64,767.248,768.9879999999999,True,True,SL,-1.2209735632184144,-1.6619206896552225
crypto,30m,False,BLESSUSD,short,2026-09-19 15:10:00+05:30,0.0095,0.00957,0.0095,0.0095875,False,True,SL,-1.054785714285723,-1.1633571428571508
crypto,30m,False,BLESSUSD,short,2026-09-19 15:25:00+05:30,0.009718713351869357,0.00972,0.009718713351869357,,False,False,,,
crypto,30m,False,ZORAUSD,short,2026-09-19 15:45:00+05:30,0.008253968253968253,0.00832,0.008253968253968253,0.008336507936507935,True,True,SL,-1.0504999999999916,-1.1504999999999919
crypto,30m,False,LINKUSD,short,2026-09-19 15:50:00+05:30,12.588,12.63,12.588,12.640500000000001,False,True,BE,0.2707019428571468,0.03093051428572738
crypto,30m,False,TACUSD,short,2026-09-19 17:25:00+05:30,0.0016517857142857144,0.001665,0.0016517857142857144,0.0016683035714285714,False,True,+2R,2.0,1.8999999999999997
crypto,30m,False,ETHUSD,short,2026-09-19 17:50:00+05:30,2646.0,2666.05,2646.0,,True,False,,,
crypto,30m,False,XRPUSD,short,2026-09-19 18:35:00+05:30,1.448611111111111,1.4602,1.448611111111111,1.4630972222222223,False,True,+1R,1.0,0.9000000000000006
crypto,30m,False,BTCUSD,short,2026-09-19 19:50:00+05:30,81649.0,81730.5,81649.0,,False,False,,,
crypto,30m,False,LINKUSD,short,2026-09-19 19:50:00+05:30,12.588,12.63,12.588,,False,False,,,
crypto,30m,False,BTCUSD,short,2026-09-19 20:00:00+05:30,81750.0,82275.0,81750.0,82406.25,True,True,+1R,1.0,0.8754285714285714
crypto,30m,False,HUSD,long,2026-09-19 22:35:00+05:30,0.07787,0.07828,0.07828,,True,False,,,
crypto,30m,False,TACUSD,short,2026-09-19 22:35:00+05:30,0.0016517857142857144,0.001665,0.0016517857142857144,,False,False,,,
crypto,30m,False,TRUMP/USDT,short,2026-09-19 22:35:00+05:30,2.137,2.145,2.137,2.1470000000000002,True,True,SL,-1.1073499999999925,-1.3210499999999876
crypto,30m,False,BEAT/USDT,short,2026-09-19 22:45:00+05:30,0.0893,0.0899,0.0893,,True,False,,,
crypto,30m,False,UNIUSD,long,2026-09-20 00:40:00+05:30,8.552,8.594,8.594,,False,False,,,
crypto,30m,False,BCHUSD,long,2026-09-20 08:00:00+05:30,245.25,246.78,246.78,244.8675,True,True,SL,-1.0640176470588232,-1.1930529411764705
crypto,30m,False,BTCUSD,long,2026-09-20 08:00:00+05:30,80810.5,80871.0,80871.0,,False,False,,,
crypto,30m,False,DOGEUSD,long,2026-09-20 08:00:00+05:30,0.08662,0.08683,0.08683,0.0865675,False,True,SL,-1.1648904761904684,-1.4956714285714223
crypto,30m,False,ETHUSD,long,2026-09-20 08:00:00+05:30,2602.0,2611.0,2611.0,2599.75,False,True,SL,-1.1155444444444584,-1.3476333333333472
crypto,30m,False,LINKUSD,long,2026-09-20 08:00:00+05:30,12.212,12.234,12.234,12.2065,False,True,SL,-1.2219363636363891,-1.6668090909091187
crypto,30m,False,XRPUSD,long,2026-09-20 08:00:00+05:30,1.3939,1.3979,1.3979,1.3929,False,True,SL,-1.1392899999999948,-1.4188700000000007
crypto,30m,False,HUSD,long,2026-09-20 08:15:00+05:30,0.07787,0.07828,0.07828,0.07776749999999999,True,True,SL,-1.0758707317073075,-1.2286121951219378
crypto,30m,False,LTCUSD,long,2026-09-20 08:15:00+05:30,56.8,56.91,56.91,56.772499999999994,False,True,SL,-1.2064454545454282,-1.6203363636363286
crypto,30m,False,AAVEUSD,long,2026-09-20 08:25:00+05:30,137.41,138.0,138.0,137.2625,False,True,SL,-1.0930593220339102,-1.2801779661017039
crypto,30m,False,TRUMP/USDT,long,2026-09-20 08:25:00+05:30,2.017,2.028,2.028,2.0142499999999997,False,True,SL,-1.0732454545454604,-1.2207363636363655
crypto,30m,False,VELVETUSD,long,2026-09-20 08:25:00+05:30,0.0576,0.0579,0.0579,0.057525,True,True,SL,-1.0767000000000035,-1.2311000000000034
crypto,30m,False,BNBUSD,long,2026-09-20 08:30:00+05:30,744.74,744.89,744.89,,False,False,,,
crypto,30m,False,RIVERUSD,long,2026-09-20 08:40:00+05:30,1.191,1.200528,1.200528,1.188618,False,True,SL,-1.049900000000001,-1.1507000000000003
crypto,30m,False,HUSD,long,2026-09-20 12:10:00+05:30,0.07621,0.07623,0.07623,,False,False,,,
crypto,30m,False,HUSD,long,2026-09-20 12:55:00+05:30,0.07511,0.07533,0.07533,0.075055,False,True,+2R,2.0,1.7260727272727248
crypto,30m,False,HUSD,long,2026-09-20 14:05:00+05:30,0.07316,0.07322,0.07322,,True,False,,,
crypto,30m,False,ZECUSD,long,2026-09-20 14:10:00+05:30,1424.22,1435.61376,1435.61376,,True,False,,,
crypto,30m,False,HUSD,long,2026-09-20 14:30:00+05:30,0.07165,0.07172,0.07172,,False,False,,,
crypto,30m,False,AKE/USDT,short,2026-09-20 15:00:00+05:30,0.08688025793650793,0.0875753,0.08688025793650793,0.08774906051587301,True,True,SL,-1.0504999999999969,-1.150499999999996
crypto,30m,False,BEAT/USDT,long,2026-09-20 16:05:00+05:30,0.0834,0.0838,0.0838,0.0833,False,True,+1R,1.0,0.8324000000000001
crypto,30m,False,BLESSUSD,long,2026-09-20 16:10:00+05:30,0.008903,0.008915,0.008915,,True,False,,,
crypto,30m,False,AKE/USDT,long,2026-09-20 16:40:00+05:30,0.0543087,0.0547431696,0.0547431696,0.054200082600000005,False,True,SL,-1.0499000000000007,-1.1507000000000012
crypto,30m,False,AAVEUSD,long,2026-09-20 18:45:00+05:30,133.38,134.06,134.06,133.20999999999998,False,True,BE,0.1780632235293958,0.02034557647057647
crypto,30m,False,AVAXUSD,short,2026-09-20 18:55:00+05:30,10.742063492063492,10.828,10.742063492063492,10.849484126984127,True,True,+1R,1.0,0.8999999999999997
crypto,30m,False,TRUMP/USDT,long,2026-09-20 19:00:00+05:30,1.994,2.001,2.001,1.99225,True,True,+2R,2.0,1.7713142857142807
crypto,30m,False,UNIUSD,long,2026-09-20 19:40:00+05:30,8.466,8.533,8.533,,True,False,,,
crypto,30m,False,ZECUSD,long,2026-09-20 19:40:00+05:30,1424.22,1435.61376,1435.61376,1421.37156,True,True,BE,0.11380319999999511,0.013003199999994497
crypto,30m,False,BEAT/USDT,long,2026-09-20 20:50:00+05:30,0.0834,0.0838,0.0838,,False,False,,,
crypto,30m,False,BNBUSD,short,2026-09-20 22:05:00+05:30,763.24,764.13,763.24,,False,False,,,
crypto,30m,False,HYPEUSD,short,2026-09-20 22:05:00+05:30,93.273,93.445,93.273,93.488,False,True,SL,-1.2174139534883868,-1.651241860465124
crypto,30m,False,LTCUSD,short,2026-09-20 22:05:00+05:30,58.43,58.52,58.43,,True,False,,,
crypto,30m,False,ETHUSD,short,2026-09-20 22:10:00+05:30,2649.2,2666.15,2649.2,,True,False,,,
crypto,30m,False,LTCUSD,short,2026-09-20 22:15:00+05:30,59.31,59.44,59.31,59.4725,True,True,+2R,2.0,1.6350153846153717
crypto,30m,False,LINKUSD,short,2026-09-20 22:35:00+05:30,12.625,12.693,12.625,,True,False,,,
crypto,30m,False,BNBUSD,short,2026-09-21 00:00:00+05:30,772.88,773.7,772.88,,True,False,,,
crypto,30m,False,AKE/USDT,long,2026-09-21 10:20:00+05:30,0.0398449,0.0401636592,0.0401636592,0.039765210200000005,False,True,SL,-1.0498999999999925,-1.1506999999999938
crypto,30m,False,HUSD,long,2026-09-21 10:25:00+05:30,0.07042,0.07098336,0.07098336,,True,False,,,
crypto,30m,False,BTCUSD,short,2026-09-21 10:55:00+05:30,81750.0,82275.0,81750.0,82406.25,True,True,BE,0.14064114285715013,0.016069714285721556
crypto,30m,False,HYPEUSD,short,2026-09-21 11:55:00+05:30,94.519,94.612,94.519,,True,False,,,
crypto,30m,False,XRPUSD,short,2026-09-21 12:50:00+05:30,1.448611111111111,1.4602,1.448611111111111,1.4630972222222223,False,True,SL,-1.0504999999999936,-1.150499999999993
crypto,30m,False,UNIUSD,long,2026-09-21 13:00:00+05:30,8.466,8.533,8.533,,True,False,,,
crypto,30m,False,DOGEUSD,short,2026-09-21 13:30:00+05:30,0.09068,0.09136,0.09068,0.09153,True,True,SL,-1.0538411764705917,-1.1605235294117677
crypto,30m,False,DOGEUSD,short,2026-09-21 14:00:00+05:30,0.09164,0.09211,0.09164,0.09222749999999999,False,True,SL,-1.0784914893616915,-1.234474468085098
crypto,30m,False,SOLUSD,short,2026-09-21 14:00:00+05:30,114.2671,114.368,114.2671,,True,False,,,
crypto,30m,False,ZORAUSD,short,2026-09-21 14:00:00+05:30,0.008325,0.008333,0.008325,,False,False,,,
crypto,30m,False,XRPUSD,short,2026-09-21 14:15:00+05:30,1.4888,1.4921,1.4888,,True,False,,,
crypto,30m,False,ZORAUSD,short,2026-09-21 14:30:00+05:30,0.008396,0.008416,0.008396,0.008421,True,True,SL,-1.168420000000037,-1.5042600000000508
crypto,30m,False,AAVEUSD,short,2026-09-21 14:35:00+05:30,143.42,144.24,143.42,144.44500000000002,False,True,SL,-1.070460975609763,-1.2103829268292705
crypto,30m,False,UNIUSD,short,2026-09-21 14:40:00+05:30,8.936,9.0,8.936,9.016,True,True,SL,-1.056349999999994,-1.1680499999999938
crypto,30m,False,AAVEUSD,short,2026-09-21 14:45:00+05:30,145.81349206349205,146.98,145.81349206349205,147.27162698412698,True,True,SL,-1.0505000000000073,-1.1505000000000065
crypto,30m,False,BCHUSD,short,2026-09-21 15:05:00+05:30,263.86904761904765,265.98,263.86904761904765,266.5077380952381,True,True,+1R,1.0,0.8999999999999989
crypto,30m,False,DOGEUSD,short,2026-09-21 15:05:00+05:30,0.0951,0.09541,0.0951,,False,False,,,
crypto,30m,False,BLESSUSD,short,2026-09-21 15:50:00+05:30,0.009521825396825397,0.009598,0.009521825396825397,0.009617043650793652,True,True,SL,-1.0505000000000049,-1.1505000000000032
crypto,30m,False,HUSD,long,2026-09-21 15:55:00+05:30,0.06802,0.06856416,0.06856416,0.06788396,True,True,SL,-1.04989999999999,-1.1506999999999892
crypto,30m,False,VELVETUSD,short,2026-09-21 16:00:00+05:30,0.0624,0.0626,0.0624,0.06265000000000001,False,True,+1R,1.0,0.7504000000000141
crypto,30m,False,BLESSUSD,short,2026-09-21 16:25:00+05:30,0.009762,0.00977,0.009762,,True,False,,,
crypto,30m,False,TRUMP/USDT,short,2026-09-21 16:30:00+05:30,2.1845238095238093,2.202,2.1845238095238093,2.206369047619048,True,True,BE,0.11289999999998969,0.012899999999991682
crypto,30m,False,RIVERUSD,short,2026-09-21 16:40:00+05:30,1.27,1.28,1.27,1.2825,False,True,+1R,1.0,0.8983999999999996
crypto,30m,False,BCHUSD,short,2026-09-21 17:40:00+05:30,268.2,269.33,268.2,269.61249999999995,True,True,SL,-1.0954380530973453,-1.28531415929204
crypto,30m,False,BCHUSD,short,2026-09-21 17:55:00+05:30,271.82,272.52,271.82,272.695,False,True,+2R,2.0,1.6893485714285714
crypto,30m,False,HUSD,long,2026-09-21 18:15:00+05:30,0.06605,0.0665784,0.0665784,,True,False,,,
crypto,30m,False,DOGEUSD,short,2026-09-21 20:20:00+05:30,0.0951,0.09541,0.0951,0.09548749999999999,False,True,SL,-1.123209677419348,-1.3686290322580672
crypto,30m,False,BEAT/USDT,short,2026-09-21 20:30:00+05:30,0.0893,0.0899,0.0893,0.09004999999999999,True,True,+2R,2.0,1.8809333333333313
crypto,30m,False,TRUMP/USDT,short,2026-09-21 20:30:00+05:30,2.1845238095238093,2.202,2.1845238095238093,,True,False,,,
crypto,30m,False,DOGEUSD,short,2026-09-22 00:20:00+05:30,0.10013888888888889,0.10094,0.10013888888888889,0.10114027777777779,True,True,SL,-1.0504999999999969,-1.1504999999999959
crypto,30m,False,HUSD,long,2026-09-22 08:00:00+05:30,0.06605,0.0665784,0.0665784,,True,False,,,
crypto,30m,False,RIVERUSD,short,2026-09-22 08:10:00+05:30,1.287,1.292,1.287,,True,False,,,
crypto,30m,False,BEAT/USDT,short,2026-09-22 09:35:00+05:30,0.08918650793650792,0.0899,0.08918650793650792,0.09007837301587301,True,True,SL,-1.050499999999993,-1.1504999999999919
crypto,30m,False,AVAXUSD,long,2026-09-22 10:20:00+05:30,10.756,10.828,10.828,10.738,True,True,SL,-1.0596555555555551,-1.1799666666666664
crypto,30m,False,TRUMP/USDT,long,2026-09-22 10:45:00+05:30,2.112,2.128896,2.128896,2.1077760000000003,False,True,BE,0.11380319999999475,0.013003199999993817
crypto,30m,False,HUSD,long,2026-09-22 14:30:00+05:30,0.06605,0.0665784,0.0665784,,True,False,,,
crypto,30m,False,UNIUSD,long,2026-09-22 14:35:00+05:30,8.678,8.735,8.735,8.66375,False,True,+1R,1.0,0.8774035087719284
crypto,30m,False,BCHUSD,short,2026-09-22 15:25:00+05:30,271.82,272.52,271.82,272.695,False,True,+2R,2.0,1.6893485714285714
crypto,30m,False,BEAT/USDT,long,2026-09-22 15:35:00+05:30,0.0857,0.0862,0.0862,0.085575,False,True,BE,0.15571167999999233,0.017791679999992427
crypto,30m,False,RIVERUSD,long,2026-09-22 15:50:00+05:30,1.225,1.225129360110292,1.225129360110292,,False,False,,,
crypto,30m,False,TRUMP/USDT,long,2026-09-22 15:50:00+05:30,2.112,2.128896,2.128896,,False,False,,,
crypto,30m,False,BEAT/USDT,long,2026-09-22 15:55:00+05:30,0.0848,0.0849,0.0849,,False,False,,,
crypto,30m,False,BCHUSD,short,2026-09-22 16:05:00+05:30,273.8,274.22,273.8,,True,False,,,
crypto,30m,False,HYPEUSD,short,2026-09-22 17:10:00+05:30,95.927,96.103,95.927,96.14699999999999,True,True,BE,0.4922799227273042,0.056248104545455535
crypto,30m,False,BCHUSD,short,2026-09-22 18:05:00+05:30,284.19,285.61,284.19,285.96500000000003,True,True,SL,-1.0805535211267683,-1.2406605633802863
crypto,30m,False,BCHUSD,short,2026-09-22 18:05:00+05:30,281.2584702251426,281.29,281.2584702251426,,False,False,,,
crypto,30m,False,UNIUSD,short,2026-09-22 18:15:00+05:30,9.435912698412698,9.5114,9.435912698412698,9.530271825396825,True,True,SL,-1.0505000000000038,-1.1505000000000036
crypto,30m,False,BCHUSD,short,2026-09-22 18:25:00+05:30,305.42,306.08,305.42,306.245,True,True,SL,-1.1856030303030267,-1.5558090909090925
crypto,30m,False,LINKUSD,short,2026-09-22 18:30:00+05:30,13.281746031746032,13.388,13.281746031746032,,True,False,,,
crypto,30m,False,XRPUSD,short,2026-09-22 19:15:00+05:30,1.5703,1.5755,1.5703,1.5768,True,True,SL,-1.121292307692312,-1.3628769230769293
crypto,30m,False,BEAT/USDT,long,2026-09-22 20:00:00+05:30,0.0834,0.0838,0.0838,0.0833,False,True,data_quality_ambiguous,,
crypto,30m,False,LINKUSD,long,2026-09-22 20:05:00+05:30,12.75,12.816,12.816,12.7335,False,True,+2R,2.0,1.844654545454548
crypto,30m,False,AKE/USDT,long,2026-09-22 20:35:00+05:30,0.049886,0.050285088,0.050285088,0.049786228,False,True,SL,-1.0499000000000043,-1.150700000000005
crypto,30m,False,ZECUSD,short,2026-09-22 22:10:00+05:30,1565.12,1572.31,1565.12,,True,False,,,
crypto,30m,False,HYPEUSD,short,2026-09-22 22:20:00+05:30,95.927,96.103,95.927,,True,False,,,
crypto,30m,False,RIVERUSD,short,2026-09-22 23:20:00+05:30,1.284,1.293,1.284,1.2952499999999998,True,True,+2R,2.0,1.8858666666666641
crypto,30m,False,BEAT/USDT,short,2026-09-22 23:55:00+05:30,0.0921,0.0926,0.0921,0.092725,True,True,+2R,2.0,1.85264
crypto,30m,False,LTCUSD,short,2026-09-23 00:55:00+05:30,63.442460317460316,63.95,63.442460317460316,64.07688492063492,True,True,+1R,1.0,0.9000000000000008
crypto,30m,False,BLESSUSD,short,2026-09-23 08:00:00+05:30,0.009458,0.009469,0.009458,,False,False,,,
crypto,30m,False,SOLUSD,short,2026-09-23 08:50:00+05:30,119.459,120.041,119.459,120.1865,True,True,BE,0.18538723161511472,0.02118242061854933
crypto,30m,False,LINKUSD,long,2026-09-23 09:05:00+05:30,12.75,12.831,12.831,,True,False,,,
crypto,30m,False,BTCUSD,short,2026-09-23 09:50:00+05:30,87247.5,87386.0,87247.5,,True,False,,,
crypto,30m,False,TRUMP/USDT,short,2026-09-23 12:05:00+05:30,2.283,2.297,2.283,2.3005000000000004,False,True,+2R,2.0,1.869542857142861
crypto,30m,False,ZORAUSD,short,2026-09-23 12:05:00+05:30,0.009424603174603174,0.0095,0.009424603174603174,,True,False,,,
crypto,30m,False,BEAT/USDT,short,2026-09-23 12:15:00+05:30,0.0938,0.094,0.0938,,True,False,,,
crypto,30m,False,RIVERUSD,short,2026-09-23 12:30:00+05:30,1.294,1.295,1.294,,True,False,,,
crypto,30m,False,BNBUSD,long,2026-09-23 13:10:00+05:30,781.29,785.45,785.45,780.25,True,True,BE,0.17053327884615005,0.019485201923074402
crypto,30m,False,ETHUSD,long,2026-09-23 13:10:00+05:30,2714.7,2731.2,2731.2,2710.575,True,True,BE,0.14950423272726546,0.01708241454544729
crypto,30m,False,BLESSUSD,short,2026-09-23 13:50:00+05:30,0.009773809523809523,0.009852,0.009773809523809523,0.009871547619047618,True,True,+2R,2.0,1.9
crypto,30m,False,BTCUSD,long,2026-09-23 14:15:00+05:30,85432.0,85700.0,85700.0,85365.0,False,True,BE,0.2888217910447891,0.03300089552240104
crypto,30m,False,ZECUSD,short,2026-09-23 16:25:00+05:30,1648.09,1652.0,1648.09,1652.9775,True,True,SL,-1.1691025575447458,-1.5063076726342568
crypto,30m,False,XRPUSD,long,2026-09-23 17:05:00+05:30,1.556,1.5683,1.5683,1.552925,False,True,BE,0.11516167154471299,0.013158419512192085
crypto,30m,False,AVAXUSD,long,2026-09-23 17:30:00+05:30,10.91,10.956,10.956,10.8985,False,True,SL,-1.0947695652173899,-1.285308695652175
crypto,30m,False,BLESSUSD,short,2026-09-23 17:30:00+05:30,0.009955,0.009985,0.009955,0.009992500000000001,True,True,+1R,1.0,0.7345333333333409
crypto,30m,False,BTCUSD,long,2026-09-23 17:45:00+05:30,85088.5,85189.0,85189.0,,False,False,,,
crypto,30m,False,AVAXUSD,long,2026-09-23 18:35:00+05:30,10.526,10.594,10.594,10.509,True,True,+2R,2.0,1.8753647058823515
crypto,30m,False,HYPEUSD,long,2026-09-23 18:35:00+05:30,93.788,94.371,94.371,93.64224999999999,False,True,SL,-1.0642485420240049,-1.1937456260720314
crypto,30m,False,SOLUSD,long,2026-09-23 18:35:00+05:30,115.599,115.847,115.847,115.537,False,True,SL,-1.1863499999999896,-1.560050000000004
crypto,30m,False,TACUSD,long,2026-09-23 19:35:00+05:30,0.001573,0.001578,0.001578,0.00157175,True,True,SL,-1.1257400000000137,-1.3782200000000153
crypto,30m,False,TRUMP/USDT,long,2026-09-23 19:35:00+05:30,2.112,2.128896,2.128896,2.1077760000000003,False,True,SL,-1.049899999999998,-1.150699999999999
crypto,30m,False,AAVEUSD,long,2026-09-23 19:40:00+05:30,140.0,140.82,140.82,139.79500000000002,True,True,data_quality_ambiguous,,
crypto,30m,False,BLESSUSD,long,2026-09-23 19:40:00+05:30,0.00832,0.00833,0.00833,,True,False,,,
crypto,30m,False,BLESSUSD,long,2026-09-23 19:40:00+05:30,0.008414,0.008437,0.008437,,True,False,,,
crypto,30m,False,BLESSUSD,long,2026-09-23 19:40:00+05:30,0.008673,0.008725,0.008725,,True,False,,,
crypto,30m,False,BLESSUSD,long,2026-09-23 19:40:00+05:30,0.008888,0.008918,0.008918,,False,False,,,
crypto,30m,False,BLESSUSD,long,2026-09-23 19:40:00+05:30,0.00901,0.009045,0.009045,,False,False,,,
crypto,30m,False,BNBUSD,long,2026-09-23 19:40:00+05:30,765.89,767.3,767.3,765.5375,False,True,SL,-1.2171737588652387,-1.652521276595752
crypto,30m,False,DOGEUSD,long,2026-09-23 19:40:00+05:30,0.09726,0.09785,0.09785,0.09711249999999999,True,True,SL,-1.0658389830508435,-1.1985169491525356
crypto,30m,False,ETHUSD,long,2026-09-23 19:40:00+05:30,2645.25,2657.6,2657.6,2642.1625,False,True,+1R,1.0,0.8278477732793522
crypto,30m,False,LINKUSD,long,2026-09-23 19:40:00+05:30,12.473,12.522,12.522,12.46075,False,True,data_quality_ambiguous,,
crypto,30m,False,LTCUSD,long,2026-09-23 19:40:00+05:30,59.82,60.04,60.04,59.765,True,True,+1R,1.0,0.7816727272727262
crypto,30m,False,RIVERUSD,long,2026-09-23 19:40:00+05:30,1.111,1.119888,1.119888,,True,False,,,
crypto,30m,False,RIVERUSD,long,2026-09-23 19:40:00+05:30,1.158,1.167,1.167,1.1557499999999998,True,True,SL,-1.0513666666666712,-1.1551000000000027
crypto,30m,False,RIVERUSD,long,2026-09-23 19:40:00+05:30,1.215,1.217,1.217,1.2145000000000001,True,True,SL,-1.2429000000000288,-1.7297000000000393
crypto,30m,False,TACUSD,long,2026-09-23 19:40:00+05:30,0.001522,0.001525,0.001525,0.0015212499999999998,True,True,SL,-1.202833333333299,-1.6094999999999353
crypto,30m,False,TACUSD,long,2026-09-23 19:40:00+05:30,0.001543,0.001546,0.001546,0.0015422500000000002,False,True,SL,-1.2056333333333522,-1.6179000000000356
crypto,30m,False,TRUMP/USDT,long,2026-09-23 19:40:00+05:30,1.93,1.938,1.938,,False,False,,,
crypto,30m,False,TRUMP/USDT,long,2026-09-23 19:40:00+05:30,1.994,2.001,2.001,1.99225,True,True,data_quality_ambiguous,,
crypto,30m,False,VELVETUSD,long,2026-09-23 19:40:00+05:30,0.0545,0.0547,0.0547,,False,False,,,
crypto,30m,False,VELVETUSD,long,2026-09-23 19:40:00+05:30,0.0573,0.0577,0.0577,0.057199999999999994,True,True,SL,-1.0571999999999926,-1.172599999999991
crypto,30m,False,XRPUSD,long,2026-09-23 21:20:00+05:30,1.4948,1.5017,1.5017,1.493075,False,True,SL,-1.0865550724637645,-1.2606652173912987
crypto,30m,False,HYPEUSD,long,2026-09-23 21:30:00+05:30,92.092,92.239,92.239,,False,False,,,
crypto,30m,False,BTCUSD,long,2026-09-24 08:00:00+05:30,83473.5,83970.0,83970.0,83349.375,True,True,BE,0.1527526767371543,0.017453583081565194
crypto,30m,False,LTCUSD,short,2026-09-24 08:10:00+05:30,64.58,64.71,64.58,64.74249999999999,True,True,SL,-1.1992076923076813,-1.5966230769230798
crypto,30m,False,VELVETUSD,short,2026-09-24 12:05:00+05:30,0.06121031746031746,0.0617,0.06121031746031746,0.06182242063492063,False,True,BE,0.11289999999999469,0.012899999999994749
crypto,30m,False,BLESSUSD,short,2026-09-24 12:15:00+05:30,0.010173,0.010209,0.010173,0.010218,True,True,SL,-1.1135333333333262,-1.3395999999999932
crypto,30m,False,BLESSUSD,short,2026-09-24 12:25:00+05:30,0.01052,0.0106,0.01052,,False,False,,,
crypto,30m,False,AKE/USDT,long,2026-09-24 12:40:00+05:30,0.039766,0.040084128000000004,0.040084128000000004,0.039686468,True,True,SL,-1.049899999999996,-1.1506999999999958
crypto,30m,False,AVAXUSD,long,2026-09-24 13:55:00+05:30,10.07,10.15,10.15,10.05,True,True,BE,0.11459350000000908,0.01309350000000871
crypto,30m,False,UNIUSD,long,2026-09-24 13:55:00+05:30,9.042,9.109,9.109,9.02525,False,True,BE,0.12279475820895637,0.014030579104479024
crypto,30m,False,ETHUSD,long,2026-09-24 14:15:00+05:30,2634.0,2651.0,2651.0,2629.75,True,True,SL,-1.0618764705882366,-1.1866294117647072
crypto,30m,False,SOLUSD,long,2026-09-24 14:15:00+05:30,113.0,113.396,113.396,112.901,True,True,+1R,1.0,0.7709171717171738
crypto,30m,False,BCHUSD,long,2026-09-24 14:45:00+05:30,324.83,327.42864,327.42864,324.18034,True,True,BE,0.11380319999999268,0.013003199999991819
crypto,30m,False,DOGEUSD,long,2026-09-24 15:00:00+05:30,0.09127,0.09187,0.09187,0.09112,True,True,BE,0.13829497333334406,0.015801640000008596
crypto,30m,False,ZORAUSD,long,2026-09-24 15:05:00+05:30,0.008393,0.00839357190294341,0.00839357190294341,,False,False,,,
crypto,30m,False,HYPEUSD,long,2026-09-24 15:35:00+05:30,89.771,90.113,90.113,89.6855,True,True,+2R,2.0,1.7892093567251437
crypto,30m,False,HUSD,short,2026-09-24 16:50:00+05:30,0.06354,0.06391,0.06354,0.06400249999999999,False,True,data_quality_ambiguous,,
crypto,30m,False,HUSD,short,2026-09-24 16:55:00+05:30,0.06553,0.06564,0.06553,0.0656675,False,True,data_quality_ambiguous,,
crypto,30m,False,AVAXUSD,short,2026-09-24 19:45:00+05:30,10.352,10.416,10.352,10.432,False,True,SL,-1.0652000000000097,-1.1946000000000097
crypto,30m,False,VELVETUSD,short,2026-09-24 20:45:00+05:30,0.06488095238095239,0.0654,0.06488095238095239,0.0655297619047619,True,True,+1R,1.0,0.8999999999999978
crypto,30m,False,BEAT/USDT,short,2026-09-24 21:30:00+05:30,0.0962,0.0965,0.0962,0.09657500000000001,True,True,SL,-1.1287666666666454,-1.385299999999969
crypto,30m,False,RIVERUSD,short,2026-09-24 21:45:00+05:30,1.3035714285714286,1.314,1.3035714285714286,1.3166071428571429,True,True,+2R,2.0,1.9
crypto,30m,False,RIVERUSD,short,2026-09-24 21:45:00+05:30,1.294,1.295,1.294,,True,False,,,
crypto,30m,False,HUSD,short,2026-09-24 21:50:00+05:30,0.07105,0.07148,0.07105,0.0715875,False,True,SL,-1.0665930232558123,-1.1987790697674412
crypto,30m,False,AKE/USDT,long,2026-09-24 23:35:00+05:30,0.038206,0.038511647999999996,0.038511647999999996,0.038129588,True,True,SL,-1.0498999999999923,-1.1506999999999932
crypto,30m,False,LINKUSD,short,2026-09-24 23:45:00+05:30,13.16,13.212,13.16,13.225,False,True,data_quality_ambiguous,,
crypto,30m,False,LINKUSD,short,2026-09-24 23:50:00+05:30,13.587,13.672,13.587,,True,False,,,
crypto,30m,False,LINKUSD,short,2026-09-24 23:50:00+05:30,13.281746031746032,13.388,13.281746031746032,13.414563492063492,True,True,+1R,1.0,0.8999999999999997
crypto,30m,False,HYPEUSD,short,2026-09-25 00:25:00+05:30,94.1954365079365,94.949,94.1954365079365,95.13739087301587,True,True,+2R,2.0,1.9000000000000004
crypto,30m,False,BTCUSD,short,2026-09-25 08:00:00+05:30,84841.5,84900.0,84841.5,,True,False,,,
crypto,30m,False,AVAXUSD,long,2026-09-25 13:05:00+05:30,9.984,10.056,10.056,,True,False,,,
crypto,30m,False,ZECUSD,short,2026-09-25 13:40:00+05:30,1573.76,1576.07,1573.76,,True,False,,,
crypto,30m,False,LINKUSD,short,2026-09-25 13:45:00+05:30,13.666666666666666,13.776,13.666666666666666,13.803333333333333,True,True,SL,-1.0504999999999944,-1.1504999999999943
crypto,30m,False,DOGEUSD,short,2026-09-25 14:30:00+05:30,0.09681,0.0975,0.09681,0.09767250000000001,True,True,BE,0.126722886956527,0.014479408695659515
crypto,30m,False,BTCUSD,short,2026-09-25 14:35:00+05:30,84841.5,84900.0,84841.5,,True,False,,,
crypto,30m,False,UNIUSD,short,2026-09-25 15:15:00+05:30,9.391,9.46,9.391,9.477250000000002,False,True,+1R,1.0,0.891118840579712
crypto,30m,False,HYPEUSD,short,2026-09-25 16:05:00+05:30,94.1954365079365,94.949,94.1954365079365,95.13739087301587,True,True,+2R,2.0,1.9000000000000004
crypto,30m,False,SOLUSD,short,2026-09-25 16:20:00+05:30,119.459,120.041,119.459,120.1865,True,True,SL,-1.0826024054982748,-1.2468072164948403
crypto,30m,False,AAVEUSD,short,2026-09-25 16:35:00+05:30,147.61,148.05,147.61,148.16000000000003,True,True,SL,-1.1346909090909232,-1.403072727272736
crypto,30m,False,BNBUSD,short,2026-09-25 16:40:00+05:30,785.18,785.73,785.18,,True,False,,,
crypto,30m,False,TRUMP/USDT,short,2026-09-25 16:40:00+05:30,2.118,2.123,2.118,2.1242500000000004,True,True,+2R,2.0,1.6611200000000288
crypto,30m,False,ZORAUSD,short,2026-09-25 16:40:00+05:30,0.009040132550389946,0.009041,0.009040132550389946,,False,False,,,
crypto,30m,False,AVAXUSD,short,2026-09-25 16:45:00+05:30,10.607142857142858,10.692,10.607142857142858,10.713214285714287,True,True,SL,-1.0505000000000049,-1.1505000000000045
crypto,30m,False,TACUSD,short,2026-09-25 19:05:00+05:30,0.001612,0.001622,0.001612,0.0016245,True,True,+1R,1.0,0.8710400000000015
crypto,30m,False,BTCUSD,long,2026-09-25 19:30:00+05:30,82845.5,83228.5,83228.5,82749.75,True,True,+1R,1.0,0.8261545691906005
crypto,30m,False,BCHUSD,long,2026-09-25 19:35:00+05:30,324.83,327.42864,327.42864,,True,False,,,
crypto,30m,False,TACUSD,short,2026-09-25 20:30:00+05:30,0.001645,0.001652,0.001645,0.00165375,False,True,+2R,2.0,1.8120000000000016
crypto,30m,False,HYPEUSD,long,2026-09-25 21:00:00+05:30,91.065,91.0724291946336,91.0724291946336,,False,False,,,
crypto,30m,False,ZECUSD,long,2026-09-25 21:20:00+05:30,1525.0,1531.71,1531.71,,False,False,,,
crypto,30m,False,AAVEUSD,short,2026-09-25 21:55:00+05:30,154.17,155.3,154.17,155.5825,True,True,+1R,1.0,0.8908530973451345
crypto,30m,False,HUSD,short,2026-09-25 23:45:00+05:30,0.07402,0.07451,0.07402,0.0746325,False,True,SL,-1.060924489795922,-1.1817734693877584
crypto,30m,False,HUSD,short,2026-09-25 23:45:00+05:30,0.0725,0.0727,0.0725,0.07275000000000001,True,True,SL,-1.1455000000000124,-1.435499999999996
crypto,30m,False,BCHUSD,short,2026-09-26 00:40:00+05:30,341.7,344.28,341.7,344.92499999999995,False,True,BE,0.1196214883721018,0.01366800000000766
crypto,30m,False,LINKUSD,short,2026-09-26 08:15:00+05:30,14.123,14.217,14.123,14.2405,True,True,BE,0.1357009957446789,0.015505251063829342
crypto,30m,False,BNBUSD,long,2026-09-26 10:40:00+05:30,768.78,772.31,772.31,767.8975,True,True,BE,0.1976063433427785,0.022578581303114825
crypto,30m,False,BEAT/USDT,short,2026-09-26 11:55:00+05:30,0.0973,0.0979,0.0973,0.09805,True,True,BE,0.1464689333333286,0.016735599999995382
crypto,30m,False,ZECUSD,long,2026-09-26 11:55:00+05:30,1516.78,1527.64,1527.64,,True,False,,,
crypto,30m,False,BLESSUSD,long,2026-09-26 14:40:00+05:30,0.009253,0.009296,0.009296,,False,False,,,
crypto,30m,False,LTCUSD,short,2026-09-26 15:25:00+05:30,74.68,74.9,74.68,74.95500000000001,True,True,BE,0.30659534545452916,0.035031709090898366
crypto,30m,False,TACUSD,short,2026-09-26 16:40:00+05:30,0.001645,0.001652,0.001645,0.00165375,False,True,+1R,1.0,0.8120000000000016
crypto,30m,False,BEAT/USDT,short,2026-09-26 18:35:00+05:30,0.10625,0.1071,0.10625,0.1073125,False,True,BE,0.11289999999999664,0.012899999999997372
crypto,30m,False,BLESSUSD,long,2026-09-26 18:55:00+05:30,0.009253,0.009296,0.009296,,False,False,,,
crypto,30m,False,RIVERUSD,short,2026-09-26 20:40:00+05:30,1.287,1.296,1.287,1.2982500000000001,False,True,BE,0.1291576000000024,0.014757600000004464
crypto,30m,False,SOLUSD,short,2026-09-26 21:05:00+05:30,122.3135,122.952,122.3135,,True,False,,,
crypto,30m,False,AAVEUSD,short,2026-09-26 21:45:00+05:30,155.57,156.63,155.57,156.89499999999998,True,True,BE,0.13255738113206628,0.01514606037734828
crypto,30m,False,HYPEUSD,short,2026-09-26 22:10:00+05:30,92.89457870243179,92.901,92.89457870243179,,False,False,,,
crypto,30m,False,LTCUSD,long,2026-09-26 23:20:00+05:30,71.66,71.75,71.75,,False,False,,,
crypto,30m,False,BLESSUSD,long,2026-09-27 00:00:00+05:30,0.009253,0.009296,0.009296,0.00924225,False,True,SL,-1.085974418604646,-1.2589232558139485
crypto,30m,False,BTCUSD,short,2026-09-27 00:00:00+05:30,84167.5,84297.0,84167.5,,True,False,,,
crypto,30m,False,XRPUSD,long,2026-09-27 00:05:00+05:30,1.5204,1.5287,1.5287,1.518325,False,True,SL,-1.0731722891566338,-1.2205168674698865
crypto,30m,False,BLESSUSD,long,2026-09-27 00:10:00+05:30,0.008927,0.008985,0.008985,,False,False,,,
crypto,30m,False,RIVERUSD,long,2026-09-27 00:10:00+05:30,1.242,1.247,1.247,1.24075,False,True,SL,-1.0992599999999997,-1.298779999999997
crypto,30m,False,RIVERUSD,long,2026-09-27 00:50:00+05:30,1.225,1.2348000000000001,1.2348000000000001,1.22255,True,True,SL,-1.0499000000000014,-1.1507000000000007
crypto,30m,False,TACUSD,short,2026-09-27 08:10:00+05:30,0.0016537698412698414,0.001667,0.0016537698412698414,,True,False,,,
crypto,30m,False,ZORAUSD,long,2026-09-27 09:25:00+05:30,0.0087,0.008700689575645468,0.008700689575645468,,False,False,,,
crypto,30m,False,VELVETUSD,short,2026-09-27 10:25:00+05:30,0.0622,0.0626,0.0622,0.0627,True,True,SL,-1.062699999999998,-1.187099999999996
crypto,30m,False,BNBUSD,short,2026-09-27 11:05:00+05:30,775.06,775.81,775.06,,False,False,,,
crypto,30m,False,BCHUSD,short,2026-09-27 11:35:00+05:30,339.45,340.03,339.45,340.17499999999995,False,True,SL,-1.234603448275904,-1.7028103448276504
crypto,30m,False,AVAXUSD,short,2026-09-27 12:50:00+05:30,11.13682232117141,11.138,11.13682232117141,,False,False,,,
crypto,30m,False,BNBUSD,short,2026-09-27 12:55:00+05:30,777.16,777.8,777.16,,False,False,,,
crypto,30m,False,SOLUSD,short,2026-09-27 13:05:00+05:30,122.3135,122.952,122.3135,123.111625,True,True,SL,-1.07712552858262,-1.2303765857478512
crypto,30m,False,LINKUSD,short,2026-09-27 13:15:00+05:30,14.446,14.483,14.446,14.49225,True,True,+2R,2.0,1.6876540540540579
crypto,30m,False,BTCUSD,short,2026-09-27 13:25:00+05:30,84893.5,85224.0,84893.5,,True,False,,,
crypto,30m,False,BNBUSD,short,2026-09-27 13:30:00+05:30,780.03,784.3,780.03,,False,False,,,
crypto,30m,False,ETHUSD,short,2026-09-27 14:00:00+05:30,2725.55,2742.3,2725.55,,True,False,,,
crypto,30m,False,BTCUSD,short,2026-09-27 17:25:00+05:30,84893.5,85224.0,84893.5,85306.625,True,True,BE,0.23199942269289947,0.026508348562793577
crypto,30m,False,DOGEUSD,short,2026-09-27 18:05:00+05:30,0.09879,0.09888,0.09879,,False,False,,,
crypto,30m,False,RIVERUSD,long,2026-09-27 18:30:00+05:30,1.206,1.211,1.211,,True,False,,,
crypto,30m,False,BLESSUSD,long,2026-09-27 19:55:00+05:30,0.008927,0.008985,0.008985,0.008912499999999999,False,True,SL,-1.061465517241375,-1.1853965517241312
crypto,30m,False,VELVETUSD,long,2026-09-27 19:55:00+05:30,0.0585,0.0589,0.0589,0.05840000000000001,True,True,SL,-1.058400000000001,-1.1762000000000024
crypto,30m,False,HYPEUSD,long,2026-09-27 20:05:00+05:30,91.169,91.35,91.35,91.12375,True,True,+1R,1.0,0.5962430939226397
crypto,30m,False,BEAT/USDT,long,2026-09-27 20:15:00+05:30,0.0969,0.0975,0.0975,0.09675,True,True,BE,0.14676999999999965,0.016769999999999757
crypto,30m,False,XRPUSD,long,2026-09-27 20:15:00+05:30,1.5031,1.5123,1.5123,1.5008000000000001,True,True,BE,0.14846840869564762,0.016964060869558872
crypto,30m,False,BCHUSD,long,2026-09-27 20:30:00+05:30,330.83,330.88,330.88,,True,False,,,
crypto,30m,False,LINKUSD,long,2026-09-27 20:30:00+05:30,13.884,13.96,13.96,,True,False,,,
crypto,30m,False,AAVEUSD,long,2026-09-27 20:35:00+05:30,151.9,152.18,152.18,,False,False,,,
crypto,30m,False,BCHUSD,long,2026-09-27 20:35:00+05:30,324.83,327.42864,327.42864,,True,False,,,
crypto,30m,False,ETHUSD,long,2026-09-27 20:35:00+05:30,2662.6,2675.5,2675.5,,True,False,,,
crypto,30m,False,DOGEUSD,long,2026-09-28 08:00:00+05:30,0.09463,0.09504,0.09504,0.09452750000000001,False,True,SL,-1.0922219512195117,-1.2776658536585415
crypto,30m,False,SOLUSD,long,2026-09-28 08:00:00+05:30,120.0505,120.301,120.301,119.987875,False,True,BE,0.4337559409181613,0.04956113053891903
crypto,30m,False,UNIUSD,long,2026-09-28 08:00:00+05:30,9.398,9.415,9.415,9.39375,False,True,SL,-1.221029411764745,-1.6640882352941895
crypto,30m,False,BTCUSD,long,2026-09-28 08:05:00+05:30,82845.5,83228.5,83228.5,82749.75,True,True,BE,0.1962714913838261,0.022426060574426643
crypto,30m,False,ZORAUSD,long,2026-09-28 08:10:00+05:30,0.008362,0.008362919560289101,0.008362919560289101,,False,False,,,
crypto,30m,False,BNBUSD,long,2026-09-28 08:15:00+05:30,770.43,770.4472405984401,770.4472405984401,,False,False,,,
crypto,30m,False,BNBUSD,long,2026-09-28 08:55:00+05:30,766.74,769.16,769.16,766.135,True,True,BE,0.2870683107438211,0.03280054214877787
crypto,30m,False,ETHUSD,long,2026-09-28 08:55:00+05:30,2626.6,2637.5,2637.5,,True,False,,,
crypto,30m,False,AVAXUSD,long,2026-09-28 09:00:00+05:30,10.67,10.688,10.688,10.6655,False,True,data_quality_ambiguous,,
crypto,30m,False,BEAT/USDT,long,2026-09-28 09:00:00+05:30,0.0895,0.09021599999999999,0.09021599999999999,0.089321,True,True,BE,0.11380319999999589,0.013003199999995108
crypto,30m,False,BNBUSD,long,2026-09-28 09:00:00+05:30,762.83,766.18,766.18,,True,False,,,
crypto,30m,False,TACUSD,long,2026-09-28 09:00:00+05:30,0.001469,0.0014807520000000001,0.0014807520000000001,0.001466062,True,True,+1R,1.0,0.899200000000001
crypto,30m,False,LINKUSD,long,2026-09-28 09:30:00+05:30,13.664,13.76,13.76,13.64,False,True,+1R,1.0,0.8853333333333325
crypto,30m,False,AVAXUSD,long,2026-09-28 11:00:00+05:30,10.52,10.54,10.54,10.515,False,True,SL,-1.2103000000000441,-1.631900000000068
crypto,30m,False,UNIUSD,long,2026-09-28 12:25:00+05:30,9.0415,9.092,9.092,9.028875,False,True,SL,-1.071515841584145,-1.2155475247524592
crypto,30m,False,BNBUSD,long,2026-09-28 12:50:00+05:30,756.58,759.53,759.53,755.8425000000001,True,True,+1R,1.0,0.7940257627118581
crypto,30m,False,ETHUSD,long,2026-09-28 12:55:00+05:30,2626.6,2637.5,2637.5,,True,False,,,
crypto,30m,False,HUSD,long,2026-09-28 12:55:00+05:30,0.0681,0.06853,0.06853,,False,False,,,
crypto,30m,False,LINKUSD,short,2026-09-28 17:35:00+05:30,14.446,14.486,14.446,14.496,True,True,SL,-1.1449600000000097,-1.4338800000000056
crypto,30m,False,LTCUSD,short,2026-09-28 17:40:00+05:30,72.61,72.76,72.61,,False,False,,,
crypto,30m,False,RIVERUSD,long,2026-09-28 19:30:00+05:30,1.13,1.139,1.139,1.1277499999999998,False,True,SL,-1.0501222222222304,-1.151366666666673
crypto,30m,False,BLESSUSD,long,2026-09-28 19:45:00+05:30,0.008158,0.008223264000000001,0.008223264000000001,0.008141684,True,True,BE,0.11380320000000496,0.013003200000006473
crypto,30m,False,LTCUSD,long,2026-09-28 19:55:00+05:30,69.12,69.3,69.3,69.075,True,True,data_quality_ambiguous,,
crypto,30m,False,UNIUSD,long,2026-09-28 19:55:00+05:30,8.678,8.735,8.735,8.66375,False,True,BE,0.13841143859650296,0.015814947368431323
crypto,30m,False,AVAXUSD,long,2026-09-28 20:10:00+05:30,10.204,10.252,10.252,10.192,False,True,data_quality_ambiguous,,
crypto,30m,False,DOGEUSD,long,2026-09-28 20:10:00+05:30,0.09127,0.09187,0.09187,0.09112,True,True,+2R,2.0,1.8775066666666644
crypto,30m,False,ZECUSD,long,2026-09-28 20:20:00+05:30,1516.78,1527.64,1527.64,1514.065,True,True,BE,0.12705013333333842,0.014516800000005464
crypto,30m,False,ZORAUSD,long,2026-09-28 20:30:00+05:30,0.007816,0.007824,0.007824,,False,False,,,
crypto,30m,False,VELVETUSD,long,2026-09-28 20:45:00+05:30,0.0544,0.0546,0.0546,0.054349999999999996,True,True,+2R,2.0,1.7816000000000063
crypto,30m,False,ETHUSD,short,2026-09-28 22:40:00+05:30,2717.2,2721.8,2717.2,2722.9500000000003,True,True,+2R,2.0,1.527443478260907
crypto,30m,False,DOGEUSD,long,2026-09-29 08:00:00+05:30,0.09127,0.09187,0.09187,,True,False,,,
crypto,30m,False,RIVERUSD,long,2026-09-29 08:00:00+05:30,1.07,1.07856,1.07856,,True,False,,,
crypto,30m,False,SOLUSD,long,2026-09-29 08:00:00+05:30,115.887,116.2712,116.2712,,True,False,,,
crypto,30m,False,BTCUSD,long,2026-09-29 08:05:00+05:30,82500.0,82991.0,82991.0,82377.25,True,True,BE,0.15266287413441393,0.017443322199587052
crypto,30m,False,AAVEUSD,short,2026-09-29 10:55:00+05:30,150.94,151.39,150.94,151.5025,False,True,+2R,2.0,1.7316622222222222
crypto,30m,False,AAVEUSD,short,2026-09-29 11:40:00+05:30,155.85,156.51,155.85,156.67499999999998,False,True,+1R,1.0,0.8110909090909064
crypto,30m,False,BTCUSD,short,2026-09-29 11:40:00+05:30,84000.0,84350.0,84000.0,84437.5,False,True,BE,0.21676799999999016,0.02476799999999016
crypto,30m,False,DOGEUSD,short,2026-09-29 12:20:00+05:30,0.09507,0.09556,0.09507,0.0956825,False,True,SL,-1.0781081632653053,-1.233324489795917
crypto,30m,False,AAVEUSD,short,2026-09-29 12:25:00+05:30,157.48697927111792,157.5,157.48697927111792,,False,False,,,
crypto,30m,False,AVAXUSD,short,2026-09-29 12:30:00+05:30,11.046,11.096,11.046,11.1085,False,True,SL,-1.0888679999999908,-1.2656039999999908
crypto,30m,False,AVAXUSD,short,2026-09-29 12:35:00+05:30,11.21,11.286,11.21,11.305,True,True,SL,-1.0595000000000014,-1.1775000000000029
crypto,30m,False,ETHUSD,short,2026-09-29 12:45:00+05:30,2717.2,2721.8,2717.2,2722.9500000000003,True,True,+1R,1.0,0.527443478260907
crypto,30m,False,AKE/USDT,short,2026-09-29 12:50:00+05:30,0.0336092,0.0337685,0.0336092,0.033808325,False,True,+2R,2.0,1.8312155681104845
crypto,30m,False,AVAXUSD,short,2026-09-29 13:00:00+05:30,11.32738095238095,11.418,11.32738095238095,11.440654761904762,True,True,SL,-1.0505000000000024,-1.150500000000001
crypto,30m,False,BNBUSD,short,2026-09-29 13:05:00+05:30,770.28,773.08,770.28,,False,False,,,
crypto,30m,False,SOLUSD,short,2026-09-29 13:05:00+05:30,120.0,120.771,120.0,120.96375,False,True,+1R,1.0,0.8754863813229578
crypto,30m,False,AVAXUSD,short,2026-09-29 13:20:00+05:30,11.486,11.554,11.486,11.571,False,True,BE,0.15256110588235822,0.01743169411765086
crypto,30m,False,ETHUSD,short,2026-09-29 13:50:00+05:30,2725.55,2742.3,2725.55,2746.4875,True,True,+1R,1.0,0.8698244776119403
crypto,30m,False,TRUMP/USDT,short,2026-09-29 15:15:00+05:30,2.04,2.045,2.04,2.0462499999999997,False,True,+2R,2.0,1.6735999999999813
crypto,30m,False,AVAXUSD,short,2026-09-29 17:00:00+05:30,11.708,11.796,11.708,11.818,True,True,SL,-1.0537181818181895,-1.1601545454545537
crypto,30m,False,BCHUSD,short,2026-09-29 17:45:00+05:30,314.48,315.58,314.48,,False,False,,,
crypto,30m,False,XRPUSD,short,2026-09-29 17:45:00+05:30,1.5247,1.5333,1.5247,1.5354500000000002,False,True,SL,-1.0714162790697654,-1.2132488372092969
crypto,30m,False,XRPUSD,short,2026-09-29 18:05:00+05:30,1.5537,1.5552,1.5537,,False,False,,,
crypto,30m,False,XRPUSD,short,2026-09-29 18:05:00+05:30,1.5409,1.5479,1.5409,1.5496500000000002,False,True,SL,-1.0885514285714173,-1.2646542857142693
crypto,30m,False,VELVETUSD,short,2026-09-29 20:10:00+05:30,0.0572,0.0575,0.0572,0.057575,False,True,SL,-1.0767666666666722,-1.2293000000000054
crypto,30m,False,BNBUSD,long,2026-09-29 20:50:00+05:30,753.44,754.9,754.9,753.075,True,True,BE,0.46700389041099,0.05336005479453626
crypto,30m,False,BTCUSD,long,2026-09-29 20:50:00+05:30,82500.0,82991.0,82991.0,82377.25,True,True,+1R,1.0,0.8647804480651731
crypto,30m,False,LTCUSD,long,2026-09-29 20:50:00+05:30,67.1,67.42,67.42,67.02,True,True,BE,0.1902929499999901,0.02174294999999249
crypto,30m,False,HYPEUSD,long,2026-09-29 21:35:00+05:30,85.638,85.98,85.98,85.55250000000001,True,True,BE,0.22706764912282382,0.02594484210527756
crypto,30m,False,LINKUSD,long,2026-09-29 22:15:00+05:30,14.576,14.649,14.649,14.55775,False,True,SL,-1.0797684931506948,-1.240305479452067
crypto,30m,False,BCHUSD,long,2026-09-29 23:10:00+05:30,302.83,303.55,303.55,302.65,True,True,+2R,2.0,1.6627222222222349
crypto,30m,False,HUSD,short,2026-09-30 08:00:00+05:30,0.06948,0.06995,0.06948,0.0700675,False,True,+1R,1.0,0.8817361702127668
crypto,30m,False,BTCUSD,long,2026-09-30 08:45:00+05:30,82500.0,82991.0,82991.0,,True,False,,,
crypto,30m,False,ETHUSD,long,2026-09-30 12:10:00+05:30,2650.7,2655.0,2655.0,,False,False,,,
crypto,30m,False,AVAXUSD,long,2026-09-30 12:15:00+05:30,11.04,11.094,11.094,11.026499999999999,False,True,SL,-1.0816777777777755,-1.246033333333329
crypto,30m,False,TRUMP/USDT,long,2026-09-30 12:15:00+05:30,2.003,2.012,2.012,2.00075,False,True,+1R,1.0,0.8211555555555552
crypto,30m,False,SOLUSD,long,2026-09-30 12:35:00+05:30,117.358,117.719,117.719,,False,False,,,
crypto,30m,False,ZECUSD,long,2026-09-30 12:40:00+05:30,1380.0,1390.64,1390.64,,False,False,,,
crypto,30m,False,BTCUSD,long,2026-09-30 12:45:00+05:30,82500.0,82991.0,82991.0,82377.25,True,True,+2R,2.0,1.864780448065173
crypto,30m,False,AKE/USDT,short,2026-09-30 14:00:00+05:30,0.0336092,0.0337685,0.0336092,0.033808325,False,True,SL,-1.0848922159447463,-1.2536766478342618
crypto,30m,False,RIVERUSD,short,2026-09-30 14:20:00+05:30,1.146,1.155,1.146,1.1572500000000001,False,True,SL,-1.0514333333333274,-1.1532999999999922
crypto,30m,False,AKE/USDT,short,2026-09-30 14:30:00+05:30,0.034894,0.035029,0.034894,0.03506275,False,True,SL,-1.103889629629618,-1.3106688888888829
crypto,30m,False,AKE/USDT,short,2026-09-30 14:40:00+05:30,0.0370861,0.0373806,0.0370861,0.037454225,False,True,data_quality_ambiguous,,
crypto,30m,False,TACUSD,short,2026-09-30 15:30:00+05:30,0.0015654761904761905,0.001578,0.0015654761904761905,0.0015811309523809523,True,True,+2R,2.0,1.8999999999999997
crypto,30m,False,BNBUSD,short,2026-09-30 15:35:00+05:30,767.96,769.28,767.96,769.6099999999999,False,True,SL,-1.2332151515151881,-1.6986454545455296
crypto,30m,False,HUSD,short,2026-09-30 15:40:00+05:30,0.07092,0.07105,0.07092,0.0710825,False,True,SL,-1.2187153846154135,-1.6551461538461563
crypto,30m,False,BNBUSD,short,2026-09-30 16:00:00+05:30,770.28,773.08,770.28,773.7800000000001,False,True,BE,0.24847031999998345,0.028390319999990588
crypto,30m,False,HUSD,short,2026-09-30 16:10:00+05:30,0.07223,0.07235,0.07223,0.07238,False,True,SL,-1.2412666666667067,-1.7228000000000485
crypto,30m,False,DOGEUSD,short,2026-09-30 17:10:00+05:30,0.0962,0.09647,0.0962,0.0965375,True,True,data_quality_ambiguous,,
crypto,30m,False,BLESSUSD,short,2026-09-30 18:00:00+05:30,0.008854166666666666,0.008925,0.008854166666666666,0.008942708333333334,True,True,+1R,1.0,0.9000000000000007
crypto,30m,False,BTCUSD,short,2026-09-30 18:00:00+05:30,84316.5,84530.0,84316.5,84583.375,True,True,SL,-1.1584700234191803,-1.4744100702575877
crypto,30m,False,DOGEUSD,short,2026-09-30 18:00:00+05:30,0.09786,0.09792,0.09786,,False,False,,,
crypto,30m,False,SOLUSD,short,2026-09-30 18:00:00+05:30,121.15,121.662,121.15,121.79,True,True,SL,-1.0951484375000033,-1.2844453125000033
crypto,30m,False,TRUMP/USDT,short,2026-09-30 18:00:00+05:30,2.096,2.111,2.096,2.1147500000000004,True,True,SL,-1.0563933333333222,-1.1681799999999873
crypto,30m,False,ZECUSD,short,2026-09-30 18:00:00+05:30,1458.5,1461.71,1458.5,1462.5125,False,True,SL,-1.1822445482865742,-1.5457336448597787
crypto,30m,False,BTCUSD,short,2026-09-30 18:05:00+05:30,84893.5,85224.0,84893.5,85306.625,True,True,SL,-1.1032455370650498,-1.3087366111951557
crypto,30m,False,BCHUSD,short,2026-09-30 18:10:00+05:30,314.48,315.58,314.48,315.85499999999996,False,True,SL,-1.1148563636363886,-1.3435690909091254
crypto,30m,False,ETHUSD,short,2026-09-30 18:10:00+05:30,2736.0,2748.4,2736.0,2751.5,True,True,BE,0.19928670967742473,0.022770580645166655
crypto,30m,False,LINKUSD,short,2026-09-30 18:15:00+05:30,14.733,14.771,14.733,14.7805,False,True,SL,-1.1555842105263232,-1.4657526315789586
crypto,30m,False,UNIUSD,short,2026-09-30 18:25:00+05:30,9.213293650793652,9.287,9.213293650793652,,True,False,,,
crypto,30m,False,BNBUSD,short,2026-09-30 18:35:00+05:30,780.03,784.3,780.03,,False,False,,,
crypto,30m,False,ZECUSD,short,2026-09-30 18:55:00+05:30,1489.51,1490.55,1489.51,,False,False,,,
crypto,30m,False,DOGEUSD,short,2026-09-30 19:00:00+05:30,0.09832,0.09902,0.09832,,True,False,,,
crypto,30m,False,HYPEUSD,long,2026-09-30 19:55:00+05:30,84.966,85.126,85.126,84.92599999999999,True,True,SL,-1.2123149999999714,-1.6379449999999351
crypto,30m,False,BCHUSD,long,2026-09-30 20:00:00+05:30,302.83,303.55,303.55,302.65,True,True,+2R,2.0,1.6627222222222349
crypto,30m,False,UNIUSD,long,2026-09-30 20:00:00+05:30,8.721,8.764,8.764,8.71025,True,True,+2R,2.0,1.8369488372092995
crypto,30m,False,XRPUSD,long,2026-09-30 20:00:00+05:30,1.4865,1.4915,1.4915,1.48525,False,True,+2R,2.0,1.7613600000000034
crypto,30m,False,TACUSD,short,2026-09-30 20:05:00+05:30,0.0015654761904761905,0.001578,0.0015654761904761905,,True,False,,,
crypto,30m,False,RIVERUSD,short,2026-09-30 20:40:00+05:30,1.243,1.245,1.243,1.2455,False,True,+2R,2.0,1.5027999999999893
crypto,30m,False,HYPEUSD,short,2026-09-30 21:50:00+05:30,88.714,89.119,88.714,89.22025,False,True,SL,-1.0881187654321105,-1.26335629629631
crypto,30m,False,ZORAUSD,short,2026-09-30 22:10:00+05:30,0.008147,0.008149,0.008147,,False,False,,,
crypto,30m,False,HYPEUSD,short,2026-09-30 22:20:00+05:30,90.321,90.653,90.321,90.736,False,True,+1R,1.0,0.7823590361445816
crypto,30m,False,VELVETUSD,short,2026-09-30 23:20:00+05:30,0.058,0.0583,0.058,,True,False,,,
crypto,30m,False,XRPUSD,long,2026-10-01 00:00:00+05:30,1.4865,1.4915,1.4915,,False,False,,,
crypto,30m,False,LTCUSD,long,2026-10-01 00:10:00+05:30,65.63,66.03,66.03,65.53,False,True,+2R,2.0,1.86794
crypto,30m,False,TACUSD,long,2026-10-01 00:15:00+05:30,0.001517,0.00152,0.00152,0.0015162499999999998,True,True,SL,-1.2021666666666362,-1.607499999999939
crypto,30m,False,SOLUSD,long,2026-10-01 00:45:00+05:30,117.358,117.719,117.719,117.26775,False,True,+1R,1.0,0.7391268698060869
crypto,30m,False,TRUMP/USDT,short,2026-10-01 08:00:00+05:30,2.118,2.12,2.118,,True,False,,,
crypto,30m,False,TRUMP/USDT,short,2026-10-01 08:05:00+05:30,2.159,2.161,2.159,,True,False,,,
crypto,30m,False,TRUMP/USDT,short,2026-10-01 08:15:00+05:30,2.188,2.195,2.188,2.1967499999999998,True,True,SL,-1.125528571428601,-1.3755857142857555
crypto,30m,False,AAVEUSD,short,2026-10-01 09:05:00+05:30,165.19,166.35,165.19,166.64,True,True,SL,-1.0574620689655083,-1.1713862068965437
crypto,30m,False,BEAT/USDT,short,2026-10-01 09:35:00+05:30,0.0937,0.094,0.0937,,True,False,,,
crypto,30m,False,HUSD,long,2026-10-01 09:50:00+05:30,0.06859,0.06905,0.06905,0.068475,False,True,BE,0.13557817391304047,0.015491217391302589
crypto,30m,False,VELVETUSD,short,2026-10-01 12:45:00+05:30,0.058,0.0583,0.058,0.058374999999999996,True,True,+1R,1.0,0.8453333333333306
crypto,30m,False,BNBUSD,long,2026-10-01 12:50:00+05:30,763.08,765.48,765.48,762.48,False,True,+1R,1.0,0.74484
crypto,30m,False,BCHUSD,long,2026-10-01 12:55:00+05:30,302.83,303.55,303.55,,True,False,,,
crypto,30m,False,ETHUSD,long,2026-10-01 12:55:00+05:30,2666.3,2676.3,2676.3,2663.8,False,True,+1R,1.0,0.7858959999999999
crypto,30m,False,SOLUSD,long,2026-10-01 12:55:00+05:30,117.038,117.219,117.219,,True,False,,,
crypto,30m,False,UNIUSD,long,2026-10-01 12:55:00+05:30,8.721,8.764,8.764,8.71025,True,True,+2R,2.0,1.8369488372092995
crypto,30m,False,DOGEUSD,long,2026-10-01 13:35:00+05:30,0.09367,0.09404,0.09404,0.09357750000000001,False,True,BE,0.2295592648648727,0.026229535135138843
crypto,30m,False,LINKUSD,long,2026-10-01 13:35:00+05:30,14.057,14.167,14.167,14.0295,True,True,BE,0.11632394909090747,0.013291221818179655
crypto,30m,False,BTCUSD,long,2026-10-01 14:00:00+05:30,82500.0,82991.0,82991.0,,True,False,,,
crypto,30m,False,BLESSUSD,short,2026-10-01 14:10:00+05:30,0.009054,0.009096,0.009054,0.0091065,True,True,SL,-1.086728571428585,-1.2591857142857263
crypto,30m,False,ZECUSD,long,2026-10-01 15:30:00+05:30,1380.0,1390.64,1390.64,1377.34,False,True,BE,0.11804756090225947,0.013488162406020271
crypto,30m,False,DOGEUSD,long,2026-10-01 15:35:00+05:30,0.09284,0.09336,0.09336,,False,False,,,
crypto,30m,False,BLESSUSD,short,2026-10-01 15:55:00+05:30,0.009287,0.0093,0.009287,,False,False,,,
crypto,30m,False,ZORAUSD,long,2026-10-01 18:40:00+05:30,0.007712,0.007723,0.007723,,True,False,,,
crypto,30m,False,AVAXUSD,long,2026-10-01 18:45:00+05:30,10.806,10.862,10.862,,True,False,,,
crypto,30m,False,UNIUSD,short,2026-10-01 19:50:00+05:30,9.213293650793652,9.287,9.213293650793652,9.305426587301588,True,True,+1R,1.0,0.8999999999999989
crypto,30m,False,ZECUSD,long,2026-10-01 20:20:00+05:30,1361.0,1366.05,1366.05,,True,False,,,
crypto,30m,False,ZECUSD,long,2026-10-01 22:05:00+05:30,1327.34,1334.22,1334.22,,False,False,,,
crypto,30m,False,BCHUSD,long,2026-10-01 22:25:00+05:30,302.83,303.55,303.55,,True,False,,,
crypto,30m,False,TACUSD,short,2026-10-01 23:30:00+05:30,0.001588,0.001593,0.001588,0.00159425,True,True,SL,-1.127540000000003,-1.3816200000000047
crypto,30m,False,XRPUSD,short,2026-10-02 00:00:00+05:30,1.5097,1.5117,1.5097,,False,False,,,
crypto,30m,False,BTCUSD,short,2026-10-02 00:05:00+05:30,85260.0,85619.0,85260.0,,True,False,,,
crypto,30m,False,LINKUSD,short,2026-10-02 00:40:00+05:30,14.515,14.557,14.515,,False,False,,,
crypto,30m,False,VELVETUSD,short,2026-10-02 08:05:00+05:30,0.0605,0.0609,0.0605,0.061000000000000006,True,True,SL,-1.0610000000000046,-1.1820000000000028
crypto,30m,False,BTCUSD,short,2026-10-02 08:15:00+05:30,85260.0,85619.0,85260.0,85708.75,True,True,SL,-1.0954972144846693,-1.2854916434540287
crypto,30m,False,ETHUSD,short,2026-10-02 08:15:00+05:30,2720.6,2721.2,2720.6,,False,False,,,
crypto,30m,False,LINKUSD,short,2026-10-02 08:30:00+05:30,14.515,14.557,14.515,14.5675,False,True,SL,-1.1387380952380783,-1.4152142857142678
crypto,30m,False,XRPUSD,short,2026-10-02 08:30:00+05:30,1.5097,1.5117,1.5097,,False,False,,,
crypto,30m,False,VELVETUSD,short,2026-10-02 08:45:00+05:30,0.0623,0.0627,0.0623,0.06280000000000001,True,True,SL,-1.0628000000000009,-1.187399999999999
crypto,30m,False,BNBUSD,short,2026-10-02 09:00:00+05:30,777.01,779.15,777.01,779.685,True,True,SL,-1.145735514018689,-1.436206542056077
crypto,30m,False,AVAXUSD,short,2026-10-02 09:50:00+05:30,11.15,11.19,11.15,11.2,False,True,SL,-1.11199999999999,-1.3349999999999949
crypto,30m,False,BNBUSD,short,2026-10-02 09:50:00+05:30,780.03,784.3,780.03,785.3675,False,True,+1R,1.0,0.853858548009367
crypto,30m,False,DOGEUSD,short,2026-10-02 09:50:00+05:30,0.09601,0.09619,0.09601,0.096235,False,True,SL,-1.2138555555555528,-1.6405666666666583
crypto,30m,False,ETHUSD,short,2026-10-02 09:50:00+05:30,2736.0,2748.4,2736.0,2751.5,True,True,+1R,1.0,0.8234838709677419
crypto,30m,False,UNIUSD,short,2026-10-02 09:50:00+05:30,9.213293650793652,9.287,9.213293650793652,9.305426587301588,True,True,SL,-1.0504999999999922,-1.1504999999999934
crypto,30m,False,BCHUSD,short,2026-10-02 10:00:00+05:30,315.95,318.17,315.95,318.725,True,True,+1R,1.0,0.8861441441441456
crypto,30m,False,XRPUSD,short,2026-10-02 10:00:00+05:30,1.536,1.5459,1.536,,False,False,,,
crypto,30m,False,SOLUSD,short,2026-10-02 10:15:00+05:30,123.282,123.442,123.282,,False,False,,,
crypto,30m,False,HYPEUSD,short,2026-10-02 11:25:00+05:30,90.53,90.706,90.53,90.75,False,True,SL,-1.2062500000000331,-1.6177500000000353
crypto,30m,False,BEAT/USDT,long,2026-10-02 12:25:00+05:30,0.0894,0.0898,0.0898,0.08929999999999999,True,True,BE,0.2027683999999916,0.023168399999996758
crypto,30m,False,ETHUSD,short,2026-10-02 13:45:00+05:30,2778.75,2787.85,2778.75,,True,False,,,
crypto,30m,False,BNBUSD,short,2026-10-02 13:50:00+05:30,780.03,784.3,780.03,,False,False,,,
crypto,30m,False,XRPUSD,short,2026-10-02 14:00:00+05:30,1.536,1.5459,1.536,1.548375,False,True,SL,-1.0625606060606079,-1.1866818181818197
crypto,30m,False,TACUSD,long,2026-10-02 15:40:00+05:30,0.001517,0.00152,0.00152,0.0015162499999999998,False,True,SL,-1.2021666666666362,-1.607499999999939
crypto,30m,False,XRPUSD,short,2026-10-02 15:55:00+05:30,1.55,1.5624,1.55,1.5655000000000001,True,True,+1R,1.0,0.9000000000000005
crypto,30m,False,HYPEUSD,short,2026-10-02 16:40:00+05:30,91.623,91.977,91.623,,True,False,,,
crypto,30m,False,BEAT/USDT,long,2026-10-02 17:30:00+05:30,0.0894,0.0898,0.0898,,True,False,,,
crypto,30m,False,RIVERUSD,long,2026-10-02 17:30:00+05:30,1.183,1.189,1.189,,False,False,,,
crypto,30m,False,BTCUSD,short,2026-10-02 18:00:00+05:30,87247.5,87386.0,87247.5,,True,False,,,
crypto,30m,False,VELVETUSD,short,2026-10-02 18:40:00+05:30,0.0661,0.0662,0.0661,,True,False,,,
crypto,30m,False,BNBUSD,short,2026-10-02 19:05:00+05:30,785.18,785.73,785.18,,True,False,,,
crypto,30m,False,LINKUSD,long,2026-10-02 20:20:00+05:30,14.057,14.167,14.167,14.0295,True,True,BE,0.11632394909090747,0.013291221818179655
crypto,30m,False,AKE/USDT,short,2026-10-02 21:25:00+05:30,0.033375,0.0335223,0.033375,0.033559124999999995,False,True,SL,-1.0911313645621186,-1.2723940936863614
crypto,30m,False,RIVERUSD,long,2026-10-02 22:10:00+05:30,1.183,1.189,1.189,1.1815,False,True,BE,0.17898413333332494,0.02045079999999294
crypto,30m,False,ETHUSD,long,2026-10-02 22:40:00+05:30,2666.3,2676.3,2676.3,2663.8,False,True,BE,0.24172341599998617,0.027619415999986158
crypto,30m,False,UNIUSD,long,2026-10-02 23:10:00+05:30,8.872,8.895,8.895,8.86625,False,True,SL,-1.154195652173929,-1.4635869565217687
crypto,30m,False,XRPUSD,long,2026-10-02 23:10:00+05:30,1.4871,1.4907,1.4907,1.4862000000000002,False,True,SL,-1.1651333333333427,-1.4964000000000295
crypto,30m,False,BEAT/USDT,long,2026-10-02 23:15:00+05:30,0.0894,0.0898,0.0898,,True,False,,,
crypto,30m,False,AVAXUSD,long,2026-10-02 23:45:00+05:30,10.876,10.898,10.898,10.8705,False,True,data_quality_ambiguous,,
crypto,30m,False,BNBUSD,long,2026-10-02 23:45:00+05:30,768.06,769.33,769.33,767.7425,False,True,SL,-1.24180866141729,-1.726425984251908
crypto,30m,False,DOGEUSD,long,2026-10-02 23:55:00+05:30,0.09284,0.09336,0.09336,0.09271000000000001,False,True,SL,-1.0713153846153831,-1.214946153846156
crypto,30m,False,ZORAUSD,long,2026-10-02 23:55:00+05:30,0.00769,0.007690466357955351,0.007690466357955351,,False,False,,,
crypto,30m,False,BEAT/USDT,long,2026-10-03 00:00:00+05:30,0.0881,0.0886,0.0886,0.087975,True,True,SL,-1.0703799999999921,-1.212139999999992
crypto,30m,False,AVAXUSD,long,2026-10-03 00:05:00+05:30,10.738,10.772,10.772,10.7295,True,True,SL,-1.1262294117647054,-1.3796882352941147
crypto,30m,False,BCHUSD,long,2026-10-03 00:05:00+05:30,302.21,303.77,303.77,301.82,True,True,SL,-1.0773897435897493,-1.2331692307692372
crypto,30m,False,BEAT/USDT,long,2026-10-03 00:05:00+05:30,0.0804,0.08041016993370192,0.08041016993370192,,False,False,,,
crypto,30m,False,BEAT/USDT,long,2026-10-03 00:05:00+05:30,0.0831,0.0837648,0.0837648,0.08293379999999999,True,True,+2R,2.0,1.8992000000000016
crypto,30m,False,BEAT/USDT,long,2026-10-03 00:05:00+05:30,0.0848,0.0854784,0.0854784,0.0846304,True,True,data_quality_ambiguous,,
crypto,30m,False,BLESSUSD,long,2026-10-03 00:05:00+05:30,0.008562,0.008565,0.008565,,False,False,,,
crypto,30m,False,BNBUSD,long,2026-10-03 00:05:00+05:30,763.01,763.43,763.43,,True,False,,,
crypto,30m,False,DOGEUSD,long,2026-10-03 00:05:00+05:30,0.09127,0.09187,0.09187,0.09112,True,True,SL,-1.0607466666666678,-1.1832400000000034
crypto,30m,False,ETHUSD,long,2026-10-03 00:05:00+05:30,2650.7,2655.0,2655.0,2649.625,False,True,+2R,2.0,1.5060465116279071
crypto,30m,False,LINKUSD,long,2026-10-03 00:05:00+05:30,13.537,13.571,13.571,13.528500000000001,True,True,SL,-1.1591588235294121,-1.4784764705882458
crypto,30m,False,TACUSD,long,2026-10-03 00:05:00+05:30,0.001502,0.0015021328682412907,0.0015021328682412907,,False,False,,,
crypto,30m,False,TRUMP/USDT,long,2026-10-03 00:05:00+05:30,2.003,2.012,2.012,2.00075,False,True,SL,-1.088922222222227,-1.2677666666666718
crypto,30m,False,TRUMP/USDT,long,2026-10-03 00:05:00+05:30,2.026,2.04,2.04,2.0225,False,True,SL,-1.0577857142857088,-1.1743571428571369
crypto,30m,False,UNIUSD,long,2026-10-03 00:05:00+05:30,8.721,8.764,8.764,8.71025,True,True,SL,-1.0810255813953504,-1.244076744186051
crypto,30m,False,XRPUSD,long,2026-10-03 00:05:00+05:30,1.4525,1.4583,1.4583,1.45105,True,True,data_quality_ambiguous,,
crypto,30m,False,XRPUSD,long,2026-10-03 00:05:00+05:30,1.4664,1.4716,1.4716,1.4650999999999998,True,True,SL,-1.1126999999999883,-1.3390999999999822
crypto,30m,False,ZECUSD,long,2026-10-03 00:05:00+05:30,1308.0,1310.69,1310.69,1307.3274999999999,True,True,SL,-1.1943981412639533,-1.5841944237918133
crypto,30m,False,ZORAUSD,long,2026-10-03 00:05:00+05:30,0.007595,0.007595484784921414,0.007595484784921414,,False,False,,,
crypto,30m,False,SOLUSD,long,2026-10-03 00:10:00+05:30,116.707,116.999,116.999,,True,False,,,
crypto,30m,False,HYPEUSD,long,2026-10-03 00:45:00+05:30,86.541,86.54767305233463,86.54767305233463,,False,False,,,
crypto,30m,False,AKE/USDT,short,2026-10-03 09:30:00+05:30,0.0336549,0.0338083,0.0336549,0.03384665,True,True,+1R,1.0,0.8244855280312884
crypto,30m,False,BNBUSD,long,2026-10-03 10:10:00+05:30,760.18,763.65,763.65,,True,False,,,
crypto,30m,False,RIVERUSD,short,2026-10-03 10:40:00+05:30,1.235,1.24,1.235,1.24125,True,True,+2R,2.0,1.8023999999999958
crypto,30m,False,UNIUSD,short,2026-10-03 11:00:00+05:30,9.288,9.312,9.288,,True,False,,,
crypto,30m,False,TACUSD,long,2026-10-03 12:50:00+05:30,0.001491,0.001502,0.001502,0.00148825,True,True,Neither,-0.5090909090909103,-0.6183272727272732
crypto,30m,False,DOGEUSD,short,2026-10-03 20:15:00+05:30,0.09364,0.09375,0.09364,,False,False,,,
crypto,30m,False,XRPUSD,short,2026-10-03 20:15:00+05:30,1.493,1.4946,1.493,,False,False,,,
crypto,30m,False,BNBUSD,short,2026-10-03 22:35:00+05:30,785.18,785.73,785.18,,True,False,,,
crypto,30m,False,LTCUSD,long,2026-10-03 23:00:00+05:30,68.51,68.7,68.7,,False,False,,,
crypto,30m,False,AAVEUSD,short,2026-10-04 08:05:00+05:30,182.36,183.42,182.36,183.68499999999997,True,True,Pending,,
crypto,30m,False,RIVERUSD,short,2026-10-04 08:05:00+05:30,1.208,1.211,1.208,1.21175,False,True,Pending,,
crypto,30m,False,RIVERUSD,short,2026-10-04 08:15:00+05:30,1.235,1.24,1.235,1.24125,True,True,Pending,,
crypto,30m,False,BLESSUSD,short,2026-10-04 08:30:00+05:30,0.008965,0.009005,0.008965,0.009015,False,True,Pending,,
crypto,30m,False,DOGEUSD,long,2026-10-04 08:30:00+05:30,0.09252,0.09255,0.09255,,False,False,,,
crypto,30m,False,HYPEUSD,short,2026-10-04 09:05:00+05:30,90.075,90.076,90.075,,False,False,,,
crypto,30m,False,XRPUSD,short,2026-10-04 09:05:00+05:30,1.495,1.4975,1.495,,True,False,,,
crypto,30m,False,BTCUSD,short,2026-10-04 09:30:00+05:30,84967.5,84995.0,84967.5,,True,False,,,
crypto,30m,False,ZORAUSD,short,2026-10-04 11:20:00+05:30,0.007805611671501077,0.007806,0.007805611671501077,,False,False,,,
crypto,30m,False,BNBUSD,short,2026-10-04 12:20:00+05:30,790.27,792.88,790.27,,True,False,,,
crypto,30m,True,BCHUSD,short,2026-08-07 12:35:00+05:30,215.62,215.72,215.62,,False,False,,,
crypto,30m,True,HYPEUSD,short,2026-08-07 14:10:00+05:30,56.45,56.64,56.45,56.6875,False,True,SL,-1.1193421052631496,-1.3570263157894682
crypto,30m,True,LTCUSD,short,2026-08-07 14:10:00+05:30,45.92824948538893,45.93,45.92824948538893,,False,False,,,
crypto,30m,True,SOLUSD,short,2026-08-07 14:40:00+05:30,73.527,73.63,73.527,,False,False,,,
crypto,30m,True,BTCUSD,short,2026-08-07 14:55:00+05:30,64964.0,65020.5,64964.0,,False,False,,,
crypto,30m,True,ETHUSD,short,2026-08-07 15:00:00+05:30,1919.35,1927.25,1919.35,,True,False,,,
crypto,30m,True,ZECUSD,short,2026-08-07 15:25:00+05:30,512.42,515.15,512.42,515.8325,False,True,BE,0.169530309157506,0.01937060219780004
crypto,30m,True,BCHUSD,short,2026-08-07 16:35:00+05:30,216.71,217.44,216.71,217.6225,True,True,SL,-1.1192452054794553,-1.3567356164383608
crypto,30m,True,BTCUSD,short,2026-08-07 16:50:00+05:30,65322.0,65697.0,65322.0,65790.75,False,True,BE,0.15733021439999964,0.017976614399999646
crypto,30m,True,HUSD,short,2026-08-07 17:20:00+05:30,0.08274,0.08296,0.08274,0.083015,False,True,SL,-1.1509363636363426,-1.4518090909090575
crypto,30m,True,DOGEUSD,short,2026-08-07 17:35:00+05:30,0.07008,0.07022,0.07008,0.07025500000000001,False,True,BE,0.4521161142856963,0.05165897142857284
crypto,30m,True,ETHUSD,short,2026-08-07 17:35:00+05:30,1928.8,1936.3,1928.8,1938.175,False,True,data_quality_ambiguous,,
crypto,30m,True,SOLUSD,short,2026-08-07 17:40:00+05:30,74.227,74.368,74.227,74.40324999999999,False,True,+2R,2.0,1.5788539007091764
crypto,30m,True,HUSD,short,2026-08-07 18:10:00+05:30,0.08516865079365078,0.08585,0.08516865079365078,0.0860203373015873,True,True,SL,-1.0505000000000042,-1.1505000000000032
crypto,30m,True,VELVETUSD,short,2026-08-07 19:55:00+05:30,0.4844,0.4846,0.4844,,False,False,,,
crypto,30m,True,TACUSD,long,2026-08-07 20:05:00+05:30,0.00318,0.003193,0.003193,0.00317675,False,True,SL,-1.097746153846158,-1.2942384615384632
crypto,30m,True,HUSD,short,2026-08-07 20:45:00+05:30,0.09293650793650794,0.09368,0.09293650793650794,0.09386587301587301,False,True,data_quality_ambiguous,,
crypto,30m,True,TACUSD,long,2026-08-07 21:50:00+05:30,0.003128,0.0031283800511388857,0.0031283800511388857,,False,False,,,
crypto,30m,True,HYPEUSD,long,2026-08-07 22:10:00+05:30,54.71,54.81,54.81,54.685,True,True,SL,-1.2187400000000252,-1.6572200000000252
crypto,30m,True,XRPUSD,long,2026-08-07 22:25:00+05:30,1.0153,1.0174,1.0174,1.0147750000000002,True,True,SL,-1.1932904761904473,-1.5808714285714178
crypto,30m,True,AVAXUSD,long,2026-08-07 22:30:00+05:30,6.353,6.384,6.384,6.34525,True,True,BE,0.18600092903225993,0.021252541935486924
crypto,30m,True,HYPEUSD,long,2026-08-07 23:05:00+05:30,53.61,53.61304153768305,53.61304153768305,,False,False,,,
crypto,30m,True,LTCUSD,long,2026-08-07 23:15:00+05:30,45.37,45.41,45.41,,False,False,,,
crypto,30m,True,TRUMP/USDT,short,2026-08-07 23:55:00+05:30,1.506,1.509,1.506,,True,False,,,
crypto,30m,True,AKE/USDT,long,2026-08-08 08:30:00+05:30,0.0039175,0.0039469,0.0039469,,False,False,,,
crypto,30m,True,DOGEUSD,short,2026-08-08 08:35:00+05:30,0.07019,0.0704,0.07019,0.0704525,True,True,SL,-1.134195238095262,-1.4015857142857393
crypto,30m,True,SOLUSD,short,2026-08-08 08:40:00+05:30,74.1311,74.369,74.1311,74.42847499999999,True,True,SL,-1.1251424548129358,-1.374427364438839
crypto,30m,True,SOLUSD,short,2026-08-08 09:00:00+05:30,74.558,74.8152,74.558,74.87950000000001,False,True,BE,0.2618226500777757,0.029915962674976537
crypto,30m,True,XRPUSD,short,2026-08-08 09:00:00+05:30,1.0401,1.0437,1.0401,,False,False,,,
crypto,30m,True,BCHUSD,short,2026-08-08 09:20:00+05:30,217.1,218.14,217.1,,True,False,,,
crypto,30m,True,SOLUSD,short,2026-08-08 09:25:00+05:30,75.138,75.318,75.138,75.363,False,True,+2R,2.0,1.6660533333333247
crypto,30m,True,HUSD,long,2026-08-08 10:15:00+05:30,0.07678,0.0773,0.0773,0.07665,True,True,SL,-1.0589615384615474,-1.1778846153846247
crypto,30m,True,HUSD,long,2026-08-08 10:30:00+05:30,0.07298,0.07356384,0.07356384,0.07283404,True,True,SL,-1.0498999999999978,-1.1506999999999974
crypto,30m,True,HUSD,long,2026-08-08 10:35:00+05:30,0.07211,0.07222,0.07222,,False,False,,,
crypto,30m,True,RIVERUSD,long,2026-08-08 12:15:00+05:30,2.9,2.9232,2.9232,2.8941999999999997,False,True,SL,-1.0499000000000005,-1.1506999999999992
crypto,30m,True,BCHUSD,short,2026-08-08 13:20:00+05:30,217.1,218.14,217.1,218.39999999999998,True,True,BE,0.18854300000000143,0.02154299999999923
crypto,30m,True,BEAT/USDT,short,2026-08-08 14:15:00+05:30,2.2685515873015873,2.2867,2.2685515873015873,2.2912371031746033,False,True,SL,-1.0505000000000067,-1.1505000000000065
crypto,30m,True,DOGEUSD,short,2026-08-08 14:30:00+05:30,0.07067,0.07078,0.07067,,False,False,,,
crypto,30m,True,BNBUSD,short,2026-08-08 15:00:00+05:30,596.49,598.21,596.49,,False,False,,,
crypto,30m,True,SOLUSD,short,2026-08-08 15:00:00+05:30,75.138,75.318,75.138,,False,False,,,
crypto,30m,True,XRPUSD,short,2026-08-08 15:00:00+05:30,1.0401,1.0437,1.0401,1.0446,False,True,BE,0.26094953333332294,0.02981619999998697
crypto,30m,True,ZORAUSD,short,2026-08-08 15:00:00+05:30,0.005319717255094349,0.00532,0.005319717255094349,,False,False,,,
crypto,30m,True,BEAT/USDT,short,2026-08-08 15:05:00+05:30,2.4618,2.4765,2.4618,2.480175,False,True,data_quality_ambiguous,,
crypto,30m,True,LINKUSD,short,2026-08-08 15:35:00+05:30,8.333,8.34,8.333,,True,False,,,
crypto,30m,True,BEAT/USDT,short,2026-08-08 16:45:00+05:30,2.6527777777777777,2.674,2.6527777777777777,,False,False,,,
crypto,30m,True,ZECUSD,long,2026-08-08 16:45:00+05:30,498.81,499.11,499.11,,False,False,,,
crypto,30m,True,BCHUSD,short,2026-08-08 17:25:00+05:30,217.1,218.14,217.1,,True,False,,,
crypto,30m,True,UNIUSD,long,2026-08-08 18:15:00+05:30,3.937,3.964,3.964,3.93025,False,True,+1R,1.0,0.882548148148148
crypto,30m,True,DOGEUSD,short,2026-08-08 18:30:00+05:30,0.07067,0.07078,0.07067,,False,False,,,
crypto,30m,True,AAVEUSD,short,2026-08-08 19:00:00+05:30,91.19,91.31,91.19,,False,False,,,
crypto,30m,True,BNBUSD,short,2026-08-08 19:00:00+05:30,596.49,598.21,596.49,598.6400000000001,False,True,SL,-1.1392186046511412,-1.416655813953455
crypto,30m,True,BNBUSD,short,2026-08-08 19:50:00+05:30,603.59,605.34,603.59,605.7775,True,True,SL,-1.1384634285714128,-1.41439028571427
crypto,30m,True,DOGEUSD,short,2026-08-08 19:55:00+05:30,0.07109,0.07154,0.07109,0.07165250000000001,True,True,Neither,-0.14222222222221453,-0.2686044444444351
crypto,30m,True,BTCUSD,short,2026-08-08 20:00:00+05:30,65266.0,65365.0,65266.0,,True,False,,,
crypto,30m,True,LINKUSD,short,2026-08-08 20:40:00+05:30,8.399,8.451,8.399,,True,False,,,
crypto,30m,True,SOLUSD,short,2026-08-08 20:45:00+05:30,76.919,77.52,76.919,,False,False,,,
crypto,30m,True,XRPUSD,short,2026-08-08 21:40:00+05:30,1.051,1.0548,1.051,,False,False,,,
crypto,30m,True,TRUMP/USDT,short,2026-08-08 23:00:00+05:30,1.506,1.509,1.506,1.50975,True,True,+2R,2.0,1.5983999999999914
crypto,30m,True,BEAT/USDT,short,2026-08-09 08:00:00+05:30,3.1488,3.1698,3.1488,3.1750499999999997,False,True,SL,-1.0604771428571491,-1.1804314285714363
crypto,30m,True,ZECUSD,short,2026-08-09 08:05:00+05:30,514.68,517.52,514.68,,False,False,,,
crypto,30m,True,BLESSUSD,long,2026-08-09 08:15:00+05:30,0.012015,0.01211112,0.01211112,0.01199097,True,True,+2R,2.0,1.8991999999999996
crypto,30m,True,UNIUSD,long,2026-08-09 08:20:00+05:30,3.937,3.964,3.964,3.93025,False,True,BE,0.1326031407407389,0.015151288888886838
crypto,30m,True,AVAXUSD,long,2026-08-09 08:40:00+05:30,6.418,6.424,6.424,,False,False,,,
crypto,30m,True,BCHUSD,long,2026-08-09 08:40:00+05:30,214.39,214.39750814624523,214.39750814624523,,False,False,,,
crypto,30m,True,BTCUSD,long,2026-08-09 08:45:00+05:30,64495.5,64577.0,64577.0,,False,False,,,
crypto,30m,True,SOLUSD,short,2026-08-09 12:00:00+05:30,76.529,76.8301,76.529,76.905375,True,True,+1R,1.0,0.7966682165393612
crypto,30m,True,LINKUSD,short,2026-08-09 12:30:00+05:30,8.363,8.394,8.363,,False,False,,,
crypto,30m,True,TACUSD,long,2026-08-09 12:40:00+05:30,0.003066,0.003068,0.003068,,False,False,,,
crypto,30m,True,TACUSD,long,2026-08-09 12:40:00+05:30,0.003109,0.0031092065646880166,0.0031092065646880166,,False,False,,,
crypto,30m,True,ZECUSD,short,2026-08-09 12:45:00+05:30,514.68,517.52,514.68,,False,False,,,
crypto,30m,True,AKE/USDT,short,2026-08-09 13:15:00+05:30,0.0041393,0.0041709,0.0041393,,False,False,,,
crypto,30m,True,TACUSD,long,2026-08-09 13:20:00+05:30,0.003008,0.003015,0.003015,,False,False,,,
crypto,30m,True,ETHUSD,short,2026-08-09 13:30:00+05:30,1923.1,1925.9,1923.1,,False,False,,,
crypto,30m,True,RIVERUSD,long,2026-08-09 13:45:00+05:30,2.761,2.766,2.766,2.7597500000000004,False,True,SL,-1.2207800000000175,-1.6633400000000427
crypto,30m,True,BLESSUSD,short,2026-08-09 14:00:00+05:30,0.01483,0.014915,0.01483,,False,False,,,
crypto,30m,True,HYPEUSD,long,2026-08-09 14:05:00+05:30,54.33,54.35,54.35,,False,False,,,
crypto,30m,True,ZECUSD,short,2026-08-09 15:30:00+05:30,524.34,526.01,524.34,526.4275,True,True,SL,-1.126090419161667,-1.377271257485023
crypto,30m,True,TRUMP/USDT,long,2026-08-09 16:40:00+05:30,1.468,1.473,1.473,,False,False,,,
crypto,30m,True,BTCUSD,short,2026-08-09 17:05:00+05:30,65109.5,65169.5,65109.5,,False,False,,,
crypto,30m,True,AKE/USDT,short,2026-08-09 17:50:00+05:30,0.0041393,0.0041709,0.0041393,,False,False,,,
crypto,30m,True,ETHUSD,short,2026-08-09 18:40:00+05:30,1923.1,1925.9,1923.1,,False,False,,,
crypto,30m,True,BNBUSD,short,2026-08-09 18:45:00+05:30,607.89,611.74,607.89,612.7025,True,True,Neither,0.08519480519479858,-0.041120000000006623
crypto,30m,True,SOLUSD,short,2026-08-09 18:45:00+05:30,76.919,77.52,76.919,77.67025,False,True,Neither,-0.41131447587354136,-0.5137024958402636
crypto,30m,True,UNIUSD,short,2026-08-09 18:50:00+05:30,4.032,4.039,4.032,4.040749999999999,True,True,SL,-1.2309000000000057,-1.6917000000000506
crypto,30m,True,BTCUSD,short,2026-08-09 19:00:00+05:30,65266.0,65365.0,65266.0,,True,False,,,
crypto,30m,True,BTCUSD,short,2026-08-09 19:10:00+05:30,65322.0,65697.0,65322.0,,False,False,,,
crypto,30m,True,BCHUSD,short,2026-08-09 20:30:00+05:30,218.3,218.87,218.3,219.0125,True,True,+2R,2.0,1.6936140350877094
crypto,30m,True,TRUMP/USDT,short,2026-08-09 20:45:00+05:30,1.505,1.509,1.505,1.5099999999999998,True,True,BE,0.3398289999999876,0.038828999999981184
crypto,30m,True,UNIUSD,short,2026-08-09 20:45:00+05:30,4.088,4.097,4.088,4.0992500000000005,False,True,+2R,2.0,1.636622222222236
crypto,30m,True,LINKUSD,short,2026-08-09 21:10:00+05:30,8.363,8.394,8.363,,False,False,,,
crypto,30m,True,VELVETUSD,long,2026-08-09 21:10:00+05:30,0.45,0.4536,0.4536,0.4491,False,True,SL,-1.0498999999999978,-1.1506999999999978
crypto,30m,True,AVAXUSD,short,2026-08-09 21:25:00+05:30,6.564,6.576,6.564,6.579,False,True,BE,0.49405039999998585,0.05645039999997642
crypto,30m,True,AAVEUSD,short,2026-08-09 21:35:00+05:30,92.19,92.32,92.19,,False,False,,,
crypto,30m,True,AKE/USDT,short,2026-08-09 21:50:00+05:30,0.0042286,0.0042502,0.0042286,0.0042556,False,True,SL,-1.0788074074073926,-1.2354222222222067
crypto,30m,True,AKE/USDT,short,2026-08-09 21:50:00+05:30,0.0041393,0.0041709,0.0041393,0.0041788,False,True,SL,-1.0528962025316562,-1.1576886075949484
crypto,30m,True,AKE/USDT,short,2026-08-09 21:55:00+05:30,0.0043195,0.0043509,0.0043195,,False,False,,,
crypto,30m,True,XRPUSD,short,2026-08-09 22:15:00+05:30,1.0481,1.0494,1.0481,,True,False,,,
crypto,30m,True,BTCUSD,short,2026-08-09 23:00:00+05:30,65266.0,65365.0,65266.0,,True,False,,,
crypto,30m,True,BTCUSD,short,2026-08-09 23:10:00+05:30,65322.0,65697.0,65322.0,,False,False,,,
crypto,30m,True,AKE/USDT,short,2026-08-10 08:00:00+05:30,0.0043177579365079365,0.0043523,0.0043177579365079365,0.004360935515873016,True,True,+1R,1.0,0.9000000000000004
crypto,30m,True,LTCUSD,long,2026-08-10 08:00:00+05:30,45.3,45.36,45.36,,True,False,,,
crypto,30m,True,ZECUSD,long,2026-08-10 08:00:00+05:30,505.61,507.53,507.53,,False,False,,,
crypto,30m,True,HUSD,short,2026-08-10 08:10:00+05:30,0.08008,0.08036,0.08008,0.08043,False,True,SL,-1.1148999999999882,-1.3436999999999861
crypto,30m,True,VELVETUSD,long,2026-08-10 08:10:00+05:30,0.44,0.44352,0.44352,,True,False,,,
crypto,30m,True,BNBUSD,long,2026-08-10 08:40:00+05:30,599.23,600.28,600.28,,False,False,,,
crypto,30m,True,LINKUSD,long,2026-08-10 08:40:00+05:30,8.157,8.161,8.161,,False,False,,,
crypto,30m,True,BTCUSD,long,2026-08-10 08:45:00+05:30,64706.0,64759.0,64759.0,,False,False,,,
crypto,30m,True,BEAT/USDT,long,2026-08-10 08:50:00+05:30,2.7158,2.729,2.729,2.7125000000000004,False,True,SL,-1.0821969696969813,-1.2475909090909234
crypto,30m,True,ZORAUSD,long,2026-08-10 10:00:00+05:30,0.00523,0.005230221892767043,0.005230221892767043,,False,False,,,
crypto,30m,True,HYPEUSD,long,2026-08-10 10:25:00+05:30,53.41,53.83728,53.83728,,True,False,,,
crypto,30m,True,RIVERUSD,short,2026-08-10 10:45:00+05:30,2.71,2.727,2.71,2.7312499999999997,False,True,BE,0.14398070588234932,0.01645129411764204
crypto,30m,True,AVAXUSD,short,2026-08-10 11:15:00+05:30,6.56,6.592,6.56,6.6,True,True,+1R,1.0,0.8360000000000002
crypto,30m,True,ETHUSD,short,2026-08-10 11:45:00+05:30,1932.0,1940.6,1932.0,,True,False,,,
crypto,30m,True,AAVEUSD,short,2026-08-10 12:30:00+05:30,93.0,93.27,93.0,,False,False,,,
crypto,30m,True,HYPEUSD,short,2026-08-10 13:30:00+05:30,54.97,55.08,54.97,,False,False,,,
crypto,30m,True,VELVETUSD,long,2026-08-10 15:20:00+05:30,0.44,0.44352,0.44352,0.43912,True,True,SL,-1.0499000000000016,-1.1507000000000014
crypto,30m,True,VELVETUSD,long,2026-08-10 15:30:00+05:30,0.4314,0.433,0.433,0.431,False,True,SL,-1.1077499999999898,-1.3242499999999897
crypto,30m,True,AVAXUSD,short,2026-08-10 17:30:00+05:30,6.56,6.592,6.56,,True,False,,,
crypto,30m,True,HYPEUSD,short,2026-08-10 17:30:00+05:30,54.97,55.08,54.97,55.1075,False,True,SL,-1.2003909090909246,-1.6001727272727346
crypto,30m,True,HYPEUSD,short,2026-08-10 17:35:00+05:30,55.25,55.38,55.25,55.4125,False,True,+1R,1.0,0.660000000000003
crypto,30m,True,LINKUSD,short,2026-08-10 17:40:00+05:30,8.363,8.394,8.363,,False,False,,,
crypto,30m,True,XRPUSD,long,2026-08-10 18:05:00+05:30,1.0282,1.0296,1.0296,,True,False,,,
crypto,30m,True,BTCUSD,long,2026-08-10 18:10:00+05:30,64706.0,64759.0,64759.0,,False,False,,,
crypto,30m,True,ETHUSD,long,2026-08-10 18:10:00+05:30,1904.15,1907.2,1907.2,,False,False,,,
crypto,30m,True,BNBUSD,long,2026-08-10 19:00:00+05:30,599.23,600.28,600.28,598.9675,False,True,+1R,1.0,0.5426438095238095
crypto,30m,True,BTCUSD,long,2026-08-10 19:00:00+05:30,64495.5,64577.0,64577.0,,False,False,,,
crypto,30m,True,ETHUSD,long,2026-08-10 19:00:00+05:30,1891.7,1896.75,1896.75,1890.4375,False,True,BE,0.33923655445543394,0.038761306930681416
crypto,30m,True,UNIUSD,long,2026-08-10 19:00:00+05:30,3.9861,3.9863369899249723,3.9863369899249723,,False,False,,,
crypto,30m,True,BCHUSD,long,2026-08-10 19:20:00+05:30,213.79,213.89,213.89,,True,False,,,
crypto,30m,True,AAVEUSD,long,2026-08-10 20:25:00+05:30,90.28,90.57,90.57,90.20750000000001,True,True,SL,-1.124424137931028,-1.3742724137931088
crypto,30m,True,BEAT/USDT,long,2026-08-10 20:25:00+05:30,2.0845,2.098,2.098,2.0811249999999997,False,True,SL,-1.0616629629629661,-1.1859888888888905
crypto,30m,True,TACUSD,long,2026-08-10 20:35:00+05:30,0.003029,0.0030291945764641943,0.0030291945764641943,,False,False,,,
crypto,30m,True,UNIUSD,long,2026-08-10 20:40:00+05:30,3.937,3.964,3.964,3.93025,False,True,SL,-1.058225925925923,-1.1756777777777752
crypto,30m,True,SOLUSD,long,2026-08-10 20:50:00+05:30,75.756,75.777,75.777,,False,False,,,
crypto,30m,True,ZORAUSD,long,2026-08-10 20:50:00+05:30,0.00523,0.005230221892767043,0.005230221892767043,,False,False,,,
crypto,30m,True,BTCUSD,long,2026-08-10 20:55:00+05:30,64134.0,64160.0,64160.0,,False,False,,,
crypto,30m,True,ETHUSD,long,2026-08-10 20:55:00+05:30,1854.6,1867.35,1867.35,,False,False,,,
crypto,30m,True,TACUSD,long,2026-08-10 20:55:00+05:30,0.003008,0.003015,0.003015,0.00300625,False,True,SL,-1.1717857142856962,-1.5163571428571219
crypto,30m,True,TRUMP/USDT,long,2026-08-10 20:55:00+05:30,1.482,1.4820616733414353,1.4820616733414353,,False,False,,,
crypto,30m,True,ZECUSD,long,2026-08-10 20:55:00+05:30,497.93,498.17,498.17,,True,False,,,
crypto,30m,True,TACUSD,long,2026-08-10 21:10:00+05:30,0.002941,0.002955,0.002955,,True,False,,,
crypto,30m,True,BTCUSD,long,2026-08-10 21:30:00+05:30,63852.5,64038.5,64038.5,63806.0,False,True,BE,0.3109654473118304,0.035531038709679885
crypto,30m,True,BEAT/USDT,long,2026-08-10 21:40:00+05:30,1.9539,1.965,1.965,1.951125,False,True,SL,-1.0703108108108164,-1.2119324324324372
crypto,30m,True,HYPEUSD,long,2026-08-10 22:20:00+05:30,53.41,53.83728,53.83728,,True,False,,,
crypto,30m,True,XRPUSD,long,2026-08-10 22:20:00+05:30,1.0132,1.0162,1.0162,,True,False,,,
crypto,30m,True,AAVEUSD,long,2026-08-10 22:25:00+05:30,89.03,89.189,89.189,88.99025,False,True,+2R,2.0,1.5512503144653857
crypto,30m,True,AKE/USDT,long,2026-08-10 22:50:00+05:30,0.0038276,0.0038581,0.0038581,0.0038199749999999998,False,True,BE,0.11425035803278955,0.013054292459020095
crypto,30m,True,BEAT/USDT,long,2026-08-10 23:00:00+05:30,1.8247,1.8392976,1.8392976,1.8210506,False,True,SL,-1.0498999999999947,-1.150699999999994
crypto,30m,True,AVAXUSD,short,2026-08-11 08:15:00+05:30,6.56,6.592,6.56,,True,False,,,
crypto,30m,True,BLESSUSD,short,2026-08-11 08:30:00+05:30,0.01483,0.014915,0.01483,0.01493625,False,True,data_quality_ambiguous,,
crypto,30m,True,TACUSD,long,2026-08-11 10:50:00+05:30,0.002941,0.002955,0.002955,0.0029375,True,True,SL,-1.0839285714285802,-1.2527857142857215
crypto,30m,True,ZECUSD,long,2026-08-11 10:50:00+05:30,488.93,490.75,490.75,488.475,False,True,SL,-1.1073571428571427,-1.3230714285714307
crypto,30m,True,LINKUSD,short,2026-08-11 11:50:00+05:30,8.519,8.529,8.519,,True,False,,,
crypto,30m,True,ETHUSD,long,2026-08-11 12:00:00+05:30,1854.6,1867.35,1867.35,,False,False,,,
crypto,30m,True,ZECUSD,long,2026-08-11 12:45:00+05:30,484.8,486.05,486.05,484.4875,False,True,BE,0.351200288,0.04012828800000001
crypto,30m,True,BNBUSD,short,2026-08-11 14:05:00+05:30,606.4,606.46,606.4,,False,False,,,
crypto,30m,True,TACUSD,long,2026-08-11 14:30:00+05:30,0.002846,0.002868768,0.002868768,,True,False,,,
crypto,30m,True,BNBUSD,short,2026-08-11 14:45:00+05:30,607.89,611.74,607.89,612.7025,True,True,SL,-1.0636574025974097,-1.189972207792215
crypto,30m,True,VELVETUSD,short,2026-08-11 14:45:00+05:30,0.501872085660415,0.502,0.501872085660415,,False,False,,,
crypto,30m,True,VELVETUSD,short,2026-08-11 14:45:00+05:30,0.4875127018524115,0.4876,0.4875127018524115,,False,False,,,
crypto,30m,True,VELVETUSD,short,2026-08-11 14:45:00+05:30,0.46130952380952384,0.465,0.46130952380952384,0.46592261904761906,False,True,SL,-1.050500000000004,-1.1505000000000043
crypto,30m,True,LINKUSD,short,2026-08-11 14:50:00+05:30,8.65162479170557,8.652,8.65162479170557,,False,False,,,
crypto,30m,True,DOGEUSD,short,2026-08-11 14:55:00+05:30,0.07075,0.07105,0.07075,0.07112500000000001,False,True,BE,0.21300466666665638,0.024337999999996862
crypto,30m,True,LTCUSD,short,2026-08-11 14:55:00+05:30,45.56,45.58,45.56,,False,False,,,
crypto,30m,True,VELVETUSD,short,2026-08-11 14:55:00+05:30,0.5575396825396826,0.562,0.5575396825396826,0.5631150793650794,True,True,+2R,2.0,1.9000000000000008
crypto,30m,True,VELVETUSD,short,2026-08-11 15:35:00+05:30,0.621031746031746,0.626,0.621031746031746,0.6272420634920635,True,True,SL,-1.050500000000001,-1.1505000000000019
crypto,30m,True,AKE/USDT,short,2026-08-11 15:40:00+05:30,0.0040478,0.004075,0.0040478,,False,False,,,
crypto,30m,True,VELVETUSD,short,2026-08-11 15:50:00+05:30,0.6688492063492064,0.6742,0.6688492063492064,0.6755376984126984,True,True,data_quality_ambiguous,,
crypto,30m,True,VELVETUSD,short,2026-08-11 16:15:00+05:30,0.7351190476190476,0.741,0.7351190476190476,0.7424702380952382,True,True,SL,-1.050499999999993,-1.1504999999999914
crypto,30m,True,UNIUSD,long,2026-08-11 16:20:00+05:30,3.91,3.919,3.919,3.90775,True,True,SL,-1.1736777777777676,-1.5220333333333238
crypto,30m,True,UNIUSD,long,2026-08-11 18:25:00+05:30,3.828,3.837,3.837,3.8257499999999998,False,True,+1R,1.0,0.6589333333333462
crypto,30m,True,AVAXUSD,long,2026-08-11 19:20:00+05:30,6.416,6.428,6.428,6.413,False,True,SL,-1.2137666666666787,-1.6423000000000212
crypto,30m,True,DOGEUSD,short,2026-08-11 19:35:00+05:30,0.07142,0.07161,0.07142,0.07165749999999999,True,True,+2R,2.0,1.6992842105263002
crypto,30m,True,AVAXUSD,long,2026-08-11 19:50:00+05:30,6.353,6.384,6.384,6.34525,True,True,SL,-1.0818741935483962,-1.2466225806451692
crypto,30m,True,BTCUSD,long,2026-08-11 19:50:00+05:30,63792.0,63870.5,63870.5,,True,False,,,
crypto,30m,True,ZECUSD,long,2026-08-11 20:00:00+05:30,478.76,479.03,479.03,,False,False,,,
crypto,30m,True,AAVEUSD,long,2026-08-11 20:20:00+05:30,87.6,87.69,87.69,,False,False,,,
crypto,30m,True,BCHUSD,long,2026-08-11 20:20:00+05:30,212.34,212.34801546984724,212.34801546984724,,False,False,,,
crypto,30m,True,ETHUSD,long,2026-08-11 20:20:00+05:30,1854.6,1867.35,1867.35,1851.4125,False,True,+1R,1.0,0.8828329411764706
crypto,30m,True,UNIUSD,long,2026-08-11 20:20:00+05:30,3.748,3.775,3.775,3.7412500000000004,False,True,SL,-1.055425925925927,-1.1672777777777805
crypto,30m,True,AKE/USDT,short,2026-08-11 20:35:00+05:30,0.0040478,0.004075,0.0040478,0.0040818,False,True,BE,0.1344107705882235,0.015357829411753551
crypto,30m,True,HYPEUSD,long,2026-08-11 21:00:00+05:30,53.93,54.1,54.1,53.8875,False,True,SL,-1.1267941176470642,-1.3813823529411835
crypto,30m,True,AAVEUSD,long,2026-08-11 21:05:00+05:30,85.97,86.65776,86.65776,85.79805999999999,False,True,+2R,2.0,1.8992000000000004
crypto,30m,True,AAVEUSD,long,2026-08-11 21:05:00+05:30,87.02,87.03,87.03,,False,False,,,
crypto,30m,True,ZECUSD,long,2026-08-11 21:05:00+05:30,470.14,471.62,471.62,469.77,False,True,BE,0.287815664864862,0.03288593513513538
crypto,30m,True,BTCUSD,long,2026-08-11 21:10:00+05:30,63301.0,63344.5,63344.5,,False,False,,,
crypto,30m,True,ETHUSD,long,2026-08-11 21:10:00+05:30,1847.45,1850.35,1850.35,,False,False,,,
crypto,30m,True,HYPEUSD,long,2026-08-11 21:10:00+05:30,53.41,53.83728,53.83728,53.30318,True,True,BE,0.11380319999999713,0.013003199999997536
crypto,30m,True,TRUMP/USDT,long,2026-08-11 21:10:00+05:30,1.462,1.464,1.464,,False,False,,,
crypto,30m,True,TRUMP/USDT,long,2026-08-11 21:10:00+05:30,1.468,1.473,1.473,1.46675,False,True,+1R,1.0,0.7643200000000033
crypto,30m,True,TRUMP/USDT,long,2026-08-11 21:10:00+05:30,1.478,1.4780643659290955,1.4780643659290955,,False,False,,,
crypto,30m,True,TACUSD,long,2026-08-11 21:20:00+05:30,0.002846,0.002868768,0.002868768,0.002840308,True,True,+1R,1.0,0.8991999999999989
crypto,30m,True,UNIUSD,long,2026-08-11 21:25:00+05:30,3.691,3.694,3.694,,False,False,,,
crypto,30m,True,HUSD,short,2026-08-11 22:40:00+05:30,0.08644,0.08674,0.08644,0.086815,True,True,+1R,1.0,0.7694933333333336
crypto,30m,True,AKE/USDT,short,2026-08-11 23:40:00+05:30,0.004349,0.0043623,0.004349,0.004365625000000001,True,True,data_quality_ambiguous,,
crypto,30m,True,ETHUSD,short,2026-08-12 09:50:00+05:30,1892.2,1897.25,1892.2,,False,False,,,
crypto,30m,True,UNIUSD,long,2026-08-12 12:10:00+05:30,3.685,3.695,3.695,3.6825,True,True,SL,-1.1473000000000044,-1.4429000000000107
crypto,30m,True,UNIUSD,long,2026-08-12 12:20:00+05:30,3.615,3.628,3.628,3.6117500000000002,True,True,data_quality_ambiguous,,
crypto,30m,True,UNIUSD,long,2026-08-12 12:20:00+05:30,3.647,3.651,3.651,,False,False,,,
crypto,30m,True,ETHUSD,short,2026-08-12 13:50:00+05:30,1892.2,1897.25,1892.2,1898.5125,False,True,BE,0.33842278019801597,0.03866832475247134
crypto,30m,True,BLESSUSD,short,2026-08-12 14:15:00+05:30,0.013545,0.01357,0.013545,0.013576250000000002,False,True,SL,-1.2172200000000057,-1.6506599999999814
crypto,30m,True,SOLUSD,short,2026-08-12 15:00:00+05:30,77.009,77.15,77.009,,False,False,,,
crypto,30m,True,LINKUSD,short,2026-08-12 16:05:00+05:30,8.859,8.912,8.859,8.925250000000002,False,True,BE,0.1509707320754736,0.017249977358496316
crypto,30m,True,HYPEUSD,short,2026-08-12 16:10:00+05:30,55.63,55.68,55.63,,False,False,,,
crypto,30m,True,LTCUSD,short,2026-08-12 17:05:00+05:30,45.57,45.65,45.57,45.67,True,True,SL,-1.2283500000000027,-1.6840499999999963
crypto,30m,True,AVAXUSD,short,2026-08-12 17:30:00+05:30,6.326,6.332,6.326,,False,False,,,
crypto,30m,True,BCHUSD,short,2026-08-12 17:30:00+05:30,215.92,216.13,215.92,,False,False,,,
crypto,30m,True,BTCUSD,short,2026-08-12 17:30:00+05:30,64365.0,64475.5,64365.0,64503.125,False,True,+2R,2.0,1.5340090497737557
crypto,30m,True,HYPEUSD,short,2026-08-12 17:30:00+05:30,55.976,56.14,55.976,56.181,False,True,data_quality_ambiguous,,
crypto,30m,True,BLESSUSD,short,2026-08-12 17:40:00+05:30,0.01505456349206349,0.015175,0.01505456349206349,0.015205109126984126,True,True,+1R,1.0,0.9000000000000002
crypto,30m,True,RIVERUSD,long,2026-08-12 18:00:00+05:30,2.575,2.585,2.585,2.5725000000000002,False,True,+2R,2.0,1.7931999999999957
crypto,30m,True,SOLUSD,short,2026-08-12 18:00:00+05:30,77.478,77.88,77.478,,True,False,,,
crypto,30m,True,BCHUSD,short,2026-08-12 18:05:00+05:30,216.8,217.64,216.8,,False,False,,,
crypto,30m,True,VELVETUSD,short,2026-08-12 19:00:00+05:30,0.6567460317460317,0.662,0.6567460317460317,0.6633134920634921,False,True,data_quality_ambiguous,,
crypto,30m,True,TRUMP/USDT,long,2026-08-12 19:40:00+05:30,1.462,1.464,1.464,,False,False,,,
crypto,30m,True,BLESSUSD,long,2026-08-12 19:45:00+05:30,0.011935,0.01203048,0.01203048,0.011911129999999999,False,True,+2R,2.0,1.8992000000000007
crypto,30m,True,LTCUSD,long,2026-08-12 19:50:00+05:30,44.94,45.03,45.03,44.9175,False,True,+1R,1.0,0.5997333333333486
crypto,30m,True,BLESSUSD,long,2026-08-12 20:10:00+05:30,0.01108,0.011165,0.011165,0.01105875,True,True,SL,-1.0520411764705921,-1.157123529411768
crypto,30m,True,BTCUSD,long,2026-08-12 20:25:00+05:30,63217.5,63341.5,63341.5,63186.5,True,True,+1R,1.0,0.5913451612903226
crypto,30m,True,BNBUSD,long,2026-08-12 20:30:00+05:30,605.35,607.3,607.3,,False,False,,,
crypto,30m,True,TACUSD,long,2026-08-12 20:45:00+05:30,0.002822,0.0028222238951286687,0.0028222238951286687,,False,False,,,
crypto,30m,True,TRUMP/USDT,long,2026-08-12 21:35:00+05:30,1.436,1.443,1.443,1.43425,False,True,+1R,1.0,0.835085714285715
crypto,30m,True,LTCUSD,long,2026-08-12 23:50:00+05:30,44.94,45.03,45.03,,False,False,,,
crypto,30m,True,BTCUSD,long,2026-08-13 00:25:00+05:30,63217.5,63341.5,63341.5,,True,False,,,
crypto,30m,True,LTCUSD,long,2026-08-13 00:50:00+05:30,44.75,44.8,44.8,,False,False,,,
crypto,30m,True,TRUMP/USDT,long,2026-08-13 00:50:00+05:30,1.428,1.431,1.431,,False,False,,,
crypto,30m,True,BCHUSD,short,2026-08-13 08:35:00+05:30,216.0,216.51,216.0,216.6375,True,True,BE,0.38253176470589245,0.043708235294121656
crypto,30m,True,AVAXUSD,short,2026-08-13 09:00:00+05:30,6.486111111111112,6.538,6.486111111111112,6.550972222222223,True,True,SL,-1.0504999999999958,-1.1504999999999959
crypto,30m,True,AVAXUSD,short,2026-08-13 09:30:00+05:30,6.56,6.592,6.56,,True,False,,,
crypto,30m,True,BNBUSD,short,2026-08-13 10:35:00+05:30,615.0,615.051,615.0,,False,False,,,
crypto,30m,True,BCHUSD,short,2026-08-13 13:10:00+05:30,216.0,216.51,216.0,,True,False,,,
crypto,30m,True,AKE/USDT,short,2026-08-13 15:20:00+05:30,0.004326587301587302,0.0043612,0.004326587301587302,0.004369853174603175,False,True,SL,-1.050499999999995,-1.1504999999999952
crypto,30m,True,HYPEUSD,short,2026-08-13 15:20:00+05:30,57.82,58.02,57.82,58.07000000000001,False,True,+2R,2.0,1.7687200000000065
crypto,30m,True,BLESSUSD,long,2026-08-13 15:25:00+05:30,0.009896,0.009975168,0.009975168,0.009876208000000001,True,True,SL,-1.0499000000000087,-1.15070000000001
crypto,30m,True,AKE/USDT,short,2026-08-13 15:30:00+05:30,0.0045201,0.0045535,0.0045201,0.00456185,False,True,SL,-1.0546329341317286,-1.1628988023952014
crypto,30m,True,AKE/USDT,short,2026-08-13 15:30:00+05:30,0.0044444444444444444,0.00448,0.0044444444444444444,0.004488888888888889,True,True,SL,-1.050499999999993,-1.1504999999999936
crypto,30m,True,AKE/USDT,short,2026-08-13 15:45:00+05:30,0.0048298,0.0048651,0.0048298,0.0048739249999999994,False,True,SL,-1.0552286118980092,-1.1646858356940457
crypto,30m,True,AKE/USDT,short,2026-08-13 16:00:00+05:30,0.0051297,0.0051536,0.0051297,0.0051595750000000004,False,True,data_quality_ambiguous,,
crypto,30m,True,ETHUSD,long,2026-08-13 16:40:00+05:30,1872.15,1876.25,1876.25,1871.125,False,True,BE,0.4133241463414601,0.04722658536585034
crypto,30m,True,LTCUSD,long,2026-08-13 16:45:00+05:30,44.68,44.75,44.75,,True,False,,,
crypto,30m,True,SOLUSD,long,2026-08-13 16:45:00+05:30,75.32,75.457,75.457,,False,False,,,
crypto,30m,True,BTCUSD,long,2026-08-13 16:50:00+05:30,63217.5,63341.5,63341.5,63186.5,True,True,+2R,2.0,1.5913451612903224
crypto,30m,True,BNBUSD,long,2026-08-13 17:00:00+05:30,605.35,607.3,607.3,,False,False,,,
crypto,30m,True,BNBUSD,long,2026-08-13 17:00:00+05:30,608.47,608.647,608.647,,False,False,,,
crypto,30m,True,XRPUSD,long,2026-08-13 17:00:00+05:30,1.0012,1.0033,1.0033,,False,False,,,
crypto,30m,True,UNIUSD,long,2026-08-13 18:05:00+05:30,3.4601,3.487,3.487,3.4533750000000003,True,True,BE,0.11708023791821899,0.013377635687735076
crypto,30m,True,AVAXUSD,short,2026-08-13 18:25:00+05:30,6.56,6.592,6.56,,True,False,,,
crypto,30m,True,HYPEUSD,short,2026-08-13 19:20:00+05:30,57.82,58.02,57.82,,False,False,,,
crypto,30m,True,AAVEUSD,long,2026-08-13 19:25:00+05:30,87.73,87.7339332623338,87.7339332623338,,False,False,,,
crypto,30m,True,HUSD,short,2026-08-13 19:55:00+05:30,0.09693452380952382,0.09771,0.09693452380952382,0.09790386904761905,True,True,+2R,2.0,1.8999999999999997
crypto,30m,True,TACUSD,long,2026-08-13 19:55:00+05:30,0.002815,0.0028151856806591536,0.0028151856806591536,,False,False,,,
crypto,30m,True,LINKUSD,short,2026-08-13 20:05:00+05:30,8.859,8.912,8.859,8.925250000000002,False,True,+2R,2.0,1.8662792452830228
crypto,30m,True,BEAT/USDT,long,2026-08-13 20:50:00+05:30,0.8574,0.8639,0.8639,,False,False,,,
crypto,30m,True,BCHUSD,long,2026-08-13 21:00:00+05:30,208.59,208.8,208.8,,False,False,,,
crypto,30m,True,BCHUSD,long,2026-08-13 21:00:00+05:30,210.02,210.43,210.43,209.91750000000002,False,True,SL,-1.2047975609756312,-1.61539268292686
crypto,30m,True,BCHUSD,long,2026-08-13 21:00:00+05:30,211.0,211.32,211.32,,True,False,,,
crypto,30m,True,BNBUSD,long,2026-08-13 21:00:00+05:30,605.35,607.3,607.3,604.8625000000001,False,True,BE,0.2812889025641236,0.03214018461539403
crypto,30m,True,AKE/USDT,short,2026-08-13 21:15:00+05:30,0.0064639880952380956,0.0065157,0.0064639880952380956,0.006528627976190476,False,True,SL,-1.050500000000001,-1.1505000000000019
crypto,30m,True,BTCUSD,long,2026-08-13 21:25:00+05:30,63217.5,63341.5,63341.5,,True,False,,,
crypto,30m,True,ETHUSD,long,2026-08-13 21:25:00+05:30,1872.15,1876.25,1876.25,,False,False,,,
crypto,30m,True,TRUMP/USDT,long,2026-08-13 21:25:00+05:30,1.378,1.3890239999999998,1.3890239999999998,1.375244,True,True,SL,-1.0499000000000043,-1.150700000000005
crypto,30m,True,XRPUSD,long,2026-08-13 21:25:00+05:30,1.0012,1.0033,1.0033,1.0006750000000002,False,True,data_quality_ambiguous,,
crypto,30m,True,BCHUSD,long,2026-08-13 21:30:00+05:30,204.59,205.23,205.23,,True,False,,,
crypto,30m,True,BCHUSD,long,2026-08-13 21:30:00+05:30,205.79,206.49,206.49,205.61499999999998,False,True,+1R,1.0,0.7640114285714362
crypto,30m,True,SOLUSD,long,2026-08-13 21:30:00+05:30,75.32,75.457,75.457,75.28575,False,True,SL,-1.2198124087591413,-1.6604372262773879
crypto,30m,True,ZECUSD,long,2026-08-13 22:05:00+05:30,483.73,485.5,485.5,483.2875,False,True,BE,0.2477421468926651,0.028307118644075258
crypto,30m,True,ETHUSD,long,2026-08-13 22:10:00+05:30,1852.4,1861.3,1861.3,,True,False,,,
crypto,30m,True,UNIUSD,long,2026-08-13 22:40:00+05:30,3.4601,3.487,3.487,,True,False,,,
crypto,30m,True,TACUSD,long,2026-08-14 08:00:00+05:30,0.002698,0.002708,0.002708,0.0026955,False,True,SL,-1.1078200000000091,-1.3244600000000104
crypto,30m,True,XRPUSD,short,2026-08-14 08:00:00+05:30,1.015963337620763,1.016,1.015963337620763,,False,False,,,
crypto,30m,True,BCHUSD,long,2026-08-14 09:05:00+05:30,204.59,205.23,205.23,,True,False,,,
crypto,30m,True,AAVEUSD,long,2026-08-14 09:30:00+05:30,86.97,87.24,87.24,,True,False,,,
crypto,30m,True,VELVETUSD,short,2026-08-14 10:00:00+05:30,0.7464285714285713,0.7524,0.7464285714285713,0.7538928571428571,False,True,SL,-1.0505000000000015,-1.1505000000000003
crypto,30m,True,VELVETUSD,long,2026-08-14 10:45:00+05:30,0.533,0.5372640000000001,0.5372640000000001,0.531934,False,True,data_quality_ambiguous,,
crypto,30m,True,VELVETUSD,long,2026-08-14 10:45:00+05:30,0.636,0.641088,0.641088,0.634728,False,True,data_quality_ambiguous,,
crypto,30m,True,VELVETUSD,short,2026-08-14 10:55:00+05:30,0.8829365079365079,0.89,0.8829365079365079,0.8917658730158731,True,True,SL,-1.0504999999999993,-1.1504999999999985
crypto,30m,True,BEAT/USDT,long,2026-08-14 11:15:00+05:30,0.8252,0.8318016,0.8318016,0.8235496,True,True,SL,-1.049899999999998,-1.1506999999999976
crypto,30m,True,BTCUSD,long,2026-08-14 11:45:00+05:30,62807.0,63104.0,63104.0,62732.75,True,True,SL,-1.0844885521885463,-1.2544656565656507
crypto,30m,True,DOGEUSD,long,2026-08-14 11:45:00+05:30,0.0696,0.06975,0.06975,0.0695625,False,True,BE,0.41998799999996633,0.047987999999980324
crypto,30m,True,SOLUSD,long,2026-08-14 11:45:00+05:30,75.087,75.577,75.577,74.9645,True,True,Neither,-0.19591836734694712,-0.319309387755111
crypto,30m,True,AVAXUSD,long,2026-08-14 11:55:00+05:30,6.3653,6.386,6.386,6.360125,False,True,+1R,1.0,0.7531980676328511
crypto,30m,True,BNBUSD,long,2026-08-14 11:55:00+05:30,605.0,606.87,606.87,,True,False,,,
crypto,30m,True,ETHUSD,long,2026-08-14 11:55:00+05:30,1862.5,1873.8,1873.8,1859.675,True,True,Neither,0.12389380530973451,-0.008764601769911506
crypto,30m,True,LTCUSD,long,2026-08-14 12:30:00+05:30,44.66,44.7,44.7,,False,False,,,
crypto,30m,True,XRPUSD,long,2026-08-14 12:30:00+05:30,0.9985,1.0028,1.0028,,True,False,,,
crypto,30m,True,BCHUSD,long,2026-08-14 13:15:00+05:30,204.59,205.23,205.23,,True,False,,,
crypto,30m,True,TACUSD,long,2026-08-14 13:40:00+05:30,0.002609,0.00262,0.00262,,False,False,,,
crypto,30m,True,BEAT/USDT,long,2026-08-14 13:45:00+05:30,0.7246,0.7248,0.7248,,False,False,,,
crypto,30m,True,AAVEUSD,long,2026-08-14 13:50:00+05:30,86.97,87.24,87.24,86.9025,True,True,SL,-1.1287444444444594,-1.3872333333333549
crypto,30m,True,AAVEUSD,long,2026-08-14 15:10:00+05:30,85.97,86.65776,86.65776,85.79805999999999,False,True,BE,0.11380319999999328,0.01300319999999372
crypto,30m,True,LINKUSD,short,2026-08-14 15:30:00+05:30,8.859,8.912,8.859,8.925250000000002,False,True,+1R,1.0,0.8662792452830227
crypto,30m,True,AKE/USDT,short,2026-08-14 15:40:00+05:30,0.009058035714285715,0.0091305,0.009058035714285715,0.009148616071428571,False,True,SL,-1.0504999999999916,-1.1504999999999919
crypto,30m,True,UNIUSD,long,2026-08-14 15:40:00+05:30,3.415,3.418,3.418,,True,False,,,
crypto,30m,True,ZORAUSD,long,2026-08-14 16:15:00+05:30,0.00472,0.004720168419406104,0.004720168419406104,,False,False,,,
crypto,30m,True,XRPUSD,long,2026-08-14 16:30:00+05:30,0.9985,1.0028,1.0028,0.9974250000000001,True,True,BE,0.2106346418604593,0.02406719999998716
crypto,30m,True,UNIUSD,long,2026-08-14 16:50:00+05:30,3.294,3.298,3.298,,False,False,,,
crypto,30m,True,UNIUSD,long,2026-08-14 17:10:00+05:30,3.224,3.228,3.228,,False,False,,,
crypto,30m,True,BCHUSD,long,2026-08-14 17:15:00+05:30,204.59,205.23,205.23,204.43,True,True,SL,-1.127768750000004,-1.3843062500000094
crypto,30m,True,RIVERUSD,long,2026-08-14 17:15:00+05:30,2.507,2.527056,2.527056,2.501986,False,True,+2R,2.0,1.8991999999999998
crypto,30m,True,AAVEUSD,long,2026-08-14 17:35:00+05:30,85.19,85.87,85.87,85.02,False,True,+1R,1.0,0.8989764705882363
crypto,30m,True,HYPEUSD,long,2026-08-14 17:35:00+05:30,55.93,56.0,56.0,,False,False,,,
crypto,30m,True,TRUMP/USDT,long,2026-08-14 17:45:00+05:30,1.364,1.3749120000000001,1.3749120000000001,1.361272,True,True,+2R,2.0,1.8992000000000007
crypto,30m,True,ZECUSD,long,2026-08-14 18:10:00+05:30,483.35,483.45,483.45,,True,False,,,
crypto,30m,True,BTCUSD,long,2026-08-14 18:30:00+05:30,62245.0,62508.0,62508.0,,True,False,,,
crypto,30m,True,ETHUSD,long,2026-08-14 19:45:00+05:30,1852.4,1861.3,1861.3,,True,False,,,
crypto,30m,True,SOLUSD,long,2026-08-14 19:50:00+05:30,74.62,74.917,74.917,,False,False,,,
crypto,30m,True,LTCUSD,long,2026-08-14 19:55:00+05:30,44.04,44.08,44.08,,False,False,,,
crypto,30m,True,LTCUSD,long,2026-08-14 20:30:00+05:30,43.62,43.86,43.86,43.559999999999995,True,True,BE,0.16505980000000167,0.01885980000000373
crypto,30m,True,XRPUSD,long,2026-08-14 20:35:00+05:30,0.9985,1.0028,1.0028,,True,False,,,
crypto,30m,True,TRUMP/USDT,short,2026-08-14 21:30:00+05:30,1.4109146839251003,1.411,1.4109146839251003,,False,False,,,
crypto,30m,True,RIVERUSD,short,2026-08-14 21:40:00+05:30,2.659742080763133,2.66,2.659742080763133,,False,False,,,
crypto,30m,True,ETHUSD,short,2026-08-14 22:05:00+05:30,1890.15,1892.3,1890.15,,False,False,,,
crypto,30m,True,AVAXUSD,short,2026-08-14 22:45:00+05:30,6.488,6.492,6.488,,False,False,,,
crypto,30m,True,DOGEUSD,short,2026-08-14 22:55:00+05:30,0.07033,0.07043,0.07033,,False,False,,,
crypto,30m,True,SOLUSD,long,2026-08-15 00:00:00+05:30,74.62,74.917,74.917,74.54575,False,True,BE,0.22782839865319493,0.02603176565656376
crypto,30m,True,DOGEUSD,short,2026-08-15 08:05:00+05:30,0.07033,0.07043,0.07033,,False,False,,,
crypto,30m,True,AVAXUSD,short,2026-08-15 08:20:00+05:30,6.706,6.728,6.706,6.733499999999999,False,True,SL,-1.1224272727272642,-1.3662818181818188
crypto,30m,True,BNBUSD,short,2026-08-15 09:30:00+05:30,612.11,612.6,612.11,,False,False,,,
crypto,30m,True,BLESSUSD,long,2026-08-15 09:40:00+05:30,0.009755,0.00983304,0.00983304,,False,False,,,
crypto,30m,True,VELVETUSD,short,2026-08-15 11:15:00+05:30,1.1170634920634919,1.126,1.1170634920634919,1.128234126984127,True,True,SL,-1.0504999999999953,-1.1504999999999939
crypto,30m,True,BNBUSD,short,2026-08-15 13:30:00+05:30,612.11,612.6,612.11,,False,False,,,
crypto,30m,True,ETHUSD,long,2026-08-15 14:10:00+05:30,1862.5,1873.8,1873.8,,True,False,,,
crypto,30m,True,SOLUSD,long,2026-08-15 14:30:00+05:30,74.62,74.917,74.917,,False,False,,,
crypto,30m,True,RIVERUSD,short,2026-08-15 17:20:00+05:30,2.718,2.739,2.718,2.74425,False,True,+1R,1.0,0.8964571428571433
crypto,30m,True,BNBUSD,short,2026-08-15 17:30:00+05:30,612.11,612.6,612.11,,False,False,,,
crypto,30m,True,ETHUSD,long,2026-08-15 18:10:00+05:30,1862.5,1873.8,1873.8,,True,False,,,
crypto,30m,True,TACUSD,short,2026-08-15 18:25:00+05:30,0.0029348112324791326,0.002935,0.0029348112324791326,,False,False,,,
crypto,30m,True,BTCUSD,short,2026-08-15 18:30:00+05:30,63174.0,63224.0,63174.0,,False,False,,,
crypto,30m,True,SOLUSD,short,2026-08-15 19:00:00+05:30,75.646,75.758,75.646,,False,False,,,
crypto,30m,True,BCHUSD,short,2026-08-15 20:45:00+05:30,207.13,207.14,207.13,,False,False,,,
crypto,30m,True,RIVERUSD,short,2026-08-15 21:30:00+05:30,2.718,2.739,2.718,,False,False,,,
crypto,30m,True,VELVETUSD,long,2026-08-15 21:35:00+05:30,0.864,0.870912,0.870912,0.8622719999999999,False,True,SL,-1.0498999999999994,-1.1506999999999983
crypto,30m,True,BTCUSD,short,2026-08-15 22:30:00+05:30,63174.0,63224.0,63174.0,,False,False,,,
crypto,30m,True,SOLUSD,short,2026-08-15 23:00:00+05:30,75.646,75.758,75.646,,False,False,,,
crypto,30m,True,BLESSUSD,long,2026-08-16 00:30:00+05:30,0.008947,0.009018576,0.009018576,0.008929106,False,True,+1R,1.0,0.8992000000000013
crypto,30m,True,BTCUSD,short,2026-08-16 08:00:00+05:30,63174.0,63224.0,63174.0,,False,False,,,
crypto,30m,True,RIVERUSD,long,2026-08-16 08:00:00+05:30,2.606,2.612,2.612,2.6045,False,True,BE,0.39319306666662307,0.0449263999999695
crypto,30m,True,ETHUSD,long,2026-08-16 10:25:00+05:30,1874.9,1876.25,1876.25,,False,False,,,
crypto,30m,True,BTCUSD,long,2026-08-16 11:00:00+05:30,62896.0,62914.5,62914.5,,False,False,,,
crypto,30m,True,BNBUSD,long,2026-08-16 11:45:00+05:30,602.61,603.54,603.54,,False,False,,,
crypto,30m,True,BTCUSD,short,2026-08-16 12:15:00+05:30,63174.0,63224.0,63174.0,,False,False,,,
crypto,30m,True,AKE/USDT,long,2026-08-16 14:00:00+05:30,0.0090261,0.0090983088,0.0090983088,,False,False,,,
crypto,30m,True,ETHUSD,long,2026-08-16 14:25:00+05:30,1874.9,1876.25,1876.25,,False,False,,,
crypto,30m,True,ETHUSD,short,2026-08-16 14:45:00+05:30,1884.95,1886.05,1884.95,,False,False,,,
crypto,30m,True,BTCUSD,long,2026-08-16 15:00:00+05:30,62896.0,62914.5,62914.5,,False,False,,,
crypto,30m,True,SOLUSD,long,2026-08-16 15:40:00+05:30,75.037,75.087,75.087,,False,False,,,
crypto,30m,True,ETHUSD,long,2026-08-16 18:25:00+05:30,1874.9,1876.25,1876.25,,False,False,,,
crypto,30m,True,DOGEUSD,short,2026-08-16 18:30:00+05:30,0.070159,0.0702,0.070159,,False,False,,,
crypto,30m,True,BTCUSD,short,2026-08-16 18:45:00+05:30,63174.0,63224.0,63174.0,,False,False,,,
crypto,30m,True,ETHUSD,short,2026-08-16 19:00:00+05:30,1884.95,1886.05,1884.95,,False,False,,,
crypto,30m,True,BTCUSD,long,2026-08-16 19:30:00+05:30,62896.0,62914.5,62914.5,,False,False,,,
crypto,30m,True,HUSD,long,2026-08-16 19:30:00+05:30,0.10957,0.11044656,0.11044656,0.10935086,False,True,SL,-1.0498999999999978,-1.1506999999999974
crypto,30m,True,TRUMP/USDT,short,2026-08-16 19:30:00+05:30,1.4259347576843844,1.426,1.4259347576843844,,False,False,,,
crypto,30m,True,ZECUSD,short,2026-08-16 19:30:00+05:30,492.1,492.86,492.1,,False,False,,,
crypto,30m,True,UNIUSD,short,2026-08-16 20:25:00+05:30,3.313,3.314,3.313,,False,False,,,
crypto,30m,True,SOLUSD,short,2026-08-16 20:45:00+05:30,75.646,75.758,75.646,,False,False,,,
crypto,30m,True,RIVERUSD,short,2026-08-16 21:35:00+05:30,2.718,2.739,2.718,2.74425,False,True,SL,-1.0522714285714305,-1.1558142857142872
crypto,30m,True,AAVEUSD,short,2026-08-16 21:40:00+05:30,87.29,87.39,87.29,,False,False,,,
crypto,30m,True,ETHUSD,short,2026-08-16 21:45:00+05:30,1890.15,1892.3,1890.15,,False,False,,,
crypto,30m,True,XRPUSD,short,2026-08-16 21:45:00+05:30,1.006,1.0069,1.006,,False,False,,,
crypto,30m,True,TACUSD,short,2026-08-16 21:55:00+05:30,0.0029738005322555217,0.002974,0.0029738005322555217,,False,False,,,
crypto,30m,True,SOLUSD,long,2026-08-16 23:35:00+05:30,75.037,75.087,75.087,,False,False,,,
crypto,30m,True,SOLUSD,long,2026-08-16 23:40:00+05:30,74.62,74.917,74.917,,False,False,,,
crypto,30m,True,BNBUSD,long,2026-08-17 00:00:00+05:30,603.99,604.37,604.37,,False,False,,,
crypto,30m,True,ETHUSD,short,2026-08-17 08:00:00+05:30,1898.5,1899.85,1898.5,,False,False,,,
crypto,30m,True,ZECUSD,short,2026-08-17 08:00:00+05:30,494.4,496.03,494.4,496.4375,True,True,+1R,1.0,0.7573496932515364
crypto,30m,True,AAVEUSD,short,2026-08-17 08:20:00+05:30,87.24,87.41,87.24,,True,False,,,
crypto,30m,True,BTCUSD,short,2026-08-17 08:20:00+05:30,63604.0,63620.0,63604.0,,False,False,,,
crypto,30m,True,DOGEUSD,short,2026-08-17 08:20:00+05:30,0.07048,0.0706,0.07048,,True,False,,,
crypto,30m,True,SOLUSD,short,2026-08-17 08:20:00+05:30,75.646,75.758,75.646,,False,False,,,
crypto,30m,True,XRPUSD,short,2026-08-17 08:20:00+05:30,1.0075,1.0101,1.0075,,False,False,,,
crypto,30m,True,XRPUSD,short,2026-08-17 08:20:00+05:30,1.006,1.0069,1.006,,False,False,,,
crypto,30m,True,VELVETUSD,long,2026-08-17 10:30:00+05:30,0.967,0.9747359999999999,0.9747359999999999,0.965066,False,True,data_quality_ambiguous,,
crypto,30m,True,ZECUSD,short,2026-08-17 10:55:00+05:30,497.44,499.44,497.44,499.94,False,True,SL,-1.0999880000000075,-1.2989640000000076
crypto,30m,True,BEAT/USDT,long,2026-08-17 11:55:00+05:30,0.33,0.33264,0.33264,0.32934,False,True,BE,0.11380319999999895,0.013003199999998008
crypto,30m,True,ZECUSD,short,2026-08-17 12:05:00+05:30,512.13,513.63,512.13,514.005,False,True,SL,-1.1370679999999993,-1.4102039999999993
crypto,30m,True,ZECUSD,short,2026-08-17 12:10:00+05:30,519.56,520.81,519.56,521.1225,False,True,+2R,2.0,1.6674816000000001
crypto,30m,True,BNBUSD,short,2026-08-17 12:15:00+05:30,608.05,608.34,608.05,,False,False,,,
crypto,30m,True,BLESSUSD,long,2026-08-17 12:20:00+05:30,0.00832,0.00838656,0.00838656,0.00830336,False,True,BE,0.1138032000000022,0.013003200000002532
crypto,30m,True,BTCUSD,short,2026-08-17 12:20:00+05:30,63604.0,63620.0,63604.0,,False,False,,,
crypto,30m,True,DOGEUSD,short,2026-08-17 12:20:00+05:30,0.07048,0.0706,0.07048,0.07063,True,True,+2R,2.0,1.5301333333333251
crypto,30m,True,XRPUSD,short,2026-08-17 12:20:00+05:30,1.0075,1.0101,1.0075,,False,False,,,
crypto,30m,True,XRPUSD,short,2026-08-17 12:20:00+05:30,1.006,1.0069,1.006,,False,False,,,
crypto,30m,True,AKE/USDT,short,2026-08-17 13:40:00+05:30,0.010714285714285714,0.0108,0.010714285714285714,,False,False,,,
crypto,30m,True,LTCUSD,long,2026-08-17 13:45:00+05:30,43.99,44.0,44.0,,False,False,,,
crypto,30m,True,VELVETUSD,long,2026-08-17 16:15:00+05:30,0.788,0.794304,0.794304,0.786424,True,True,data_quality_ambiguous,,
crypto,30m,True,DOGEUSD,short,2026-08-17 16:20:00+05:30,0.07048,0.0706,0.07048,,True,False,,,
crypto,30m,True,AVAXUSD,long,2026-08-17 18:20:00+05:30,6.238,6.287904,6.287904,,True,False,,,
crypto,30m,True,AAVEUSD,short,2026-08-17 19:05:00+05:30,87.24,87.41,87.24,87.4525,True,True,+2R,2.0,1.5894588235294227
crypto,30m,True,BNBUSD,short,2026-08-17 20:20:00+05:30,608.05,608.34,608.05,,False,False,,,
crypto,30m,True,BTCUSD,short,2026-08-17 20:20:00+05:30,63924.0,63998.0,63924.0,,False,False,,,
crypto,30m,True,XRPUSD,short,2026-08-17 20:20:00+05:30,1.0075,1.0101,1.0075,1.01075,False,True,+2R,2.0,1.6899999999999975
crypto,30m,True,AAVEUSD,short,2026-08-17 21:35:00+05:30,88.73405501681434,88.738,88.73405501681434,,False,False,,,
crypto,30m,True,TACUSD,long,2026-08-17 22:00:00+05:30,0.002727,0.002738,0.002738,0.0027242499999999997,False,True,SL,-1.0990636363636277,-1.2981909090908959
crypto,30m,True,AVAXUSD,long,2026-08-17 22:25:00+05:30,6.238,6.287904,6.287904,,True,False,,,
crypto,30m,True,BTCUSD,short,2026-08-17 22:45:00+05:30,64365.0,64475.5,64365.0,64503.125,False,True,+2R,2.0,1.5340090497737557
crypto,30m,True,AKE/USDT,long,2026-08-17 22:50:00+05:30,0.00959,0.009624,0.009624,,False,False,,,
crypto,30m,True,BLESSUSD,long,2026-08-17 23:45:00+05:30,0.0079,0.0079632,0.0079632,0.007884200000000001,False,True,+2R,2.0,1.899199999999999
crypto,30m,True,ZECUSD,short,2026-08-18 00:10:00+05:30,519.56,520.81,519.56,,False,False,,,
crypto,30m,True,BCHUSD,long,2026-08-18 08:00:00+05:30,201.99,202.59,202.59,,True,False,,,
crypto,30m,True,BNBUSD,long,2026-08-18 08:00:00+05:30,600.75,601.62,601.62,,True,False,,,
crypto,30m,True,ETHUSD,long,2026-08-18 08:00:00+05:30,1890.55,1893.1,1893.1,,False,False,,,
crypto,30m,True,HUSD,short,2026-08-18 08:00:00+05:30,0.12500992063492064,0.12601,0.12500992063492064,0.12626001984126986,False,True,SL,-1.0505000000000053,-1.1505000000000043
crypto,30m,True,LINKUSD,long,2026-08-18 08:00:00+05:30,9.366,9.387,9.387,9.36075,False,True,SL,-1.1782999999999748,-1.5358999999999612
crypto,30m,True,SOLUSD,long,2026-08-18 08:00:00+05:30,75.176,75.237,75.237,,False,False,,,
crypto,30m,True,AVAXUSD,long,2026-08-18 08:05:00+05:30,6.238,6.287904,6.287904,6.225524,True,True,+1R,1.0,0.8992000000000001
crypto,30m,True,ZORAUSD,long,2026-08-18 08:10:00+05:30,0.00474,0.004740178002573577,0.004740178002573577,,False,False,,,
crypto,30m,True,RIVERUSD,long,2026-08-18 08:15:00+05:30,2.587,2.594,2.594,2.5852500000000003,True,True,SL,-1.1477285714285836,-1.4441857142857404
crypto,30m,True,XRPUSD,long,2026-08-18 08:15:00+05:30,0.9872,0.9897,0.9897,0.986575,True,True,BE,0.35755881599999584,0.04085481600000035
crypto,30m,True,DOGEUSD,long,2026-08-18 08:25:00+05:30,0.06912,0.06951,0.06951,,True,False,,,
crypto,30m,True,LINKUSD,long,2026-08-18 08:25:00+05:30,9.291,9.315,9.315,,False,False,,,
crypto,30m,True,VELVETUSD,long,2026-08-18 11:25:00+05:30,0.483,0.48686399999999996,0.48686399999999996,0.48203399999999996,True,True,+2R,2.0,1.8992
crypto,30m,True,HYPEUSD,short,2026-08-18 12:00:00+05:30,59.85,59.91,59.85,,False,False,,,
crypto,30m,True,HYPEUSD,short,2026-08-18 12:10:00+05:30,60.41,60.48,60.41,,False,False,,,
crypto,30m,True,BNBUSD,long,2026-08-18 13:30:00+05:30,600.75,601.62,601.62,,True,False,,,
crypto,30m,True,LTCUSD,short,2026-08-18 15:00:00+05:30,44.82909063220868,44.83,44.82909063220868,,False,False,,,
crypto,30m,True,TRUMP/USDT,short,2026-08-18 16:35:00+05:30,1.4129456471797002,1.413,1.4129456471797002,,False,False,,,
crypto,30m,True,AAVEUSD,short,2026-08-18 16:40:00+05:30,89.63619577258126,89.64,89.63619577258126,,False,False,,,
crypto,30m,True,BTCUSD,short,2026-08-18 16:45:00+05:30,64466.0,64602.0,64466.0,,True,False,,,
crypto,30m,True,HUSD,long,2026-08-18 16:45:00+05:30,0.11291,0.1136,0.1136,0.11273749999999999,False,True,SL,-1.0653550724637597,-1.1970652173912935
crypto,30m,True,SOLUSD,short,2026-08-18 16:45:00+05:30,76.531,76.6353,76.531,,False,False,,,
crypto,30m,True,BNBUSD,long,2026-08-18 17:30:00+05:30,600.75,601.62,601.62,,True,False,,,
crypto,30m,True,ETHUSD,long,2026-08-18 19:00:00+05:30,1884.6,1890.15,1890.15,,True,False,,,
crypto,30m,True,BCHUSD,long,2026-08-18 19:45:00+05:30,201.99,202.59,202.59,,True,False,,,
crypto,30m,True,AAVEUSD,short,2026-08-18 19:55:00+05:30,90.3,90.47,90.3,,True,False,,,
crypto,30m,True,AVAXUSD,short,2026-08-18 19:55:00+05:30,6.398809523809524,6.45,6.398809523809524,,True,False,,,
crypto,30m,True,DOGEUSD,short,2026-08-18 19:55:00+05:30,0.07055,0.07067,0.07055,,True,False,,,
crypto,30m,True,ETHUSD,short,2026-08-18 19:55:00+05:30,1914.85,1918.25,1914.85,1919.1,False,True,SL,-1.2257764705882437,-1.6763294117647143
crypto,30m,True,LTCUSD,short,2026-08-18 19:55:00+05:30,44.82909063220868,44.83,44.82909063220868,,False,False,,,
crypto,30m,True,SOLUSD,short,2026-08-18 19:55:00+05:30,77.19,77.33,77.19,77.365,True,True,+2R,2.0,1.5589142857142786
crypto,30m,True,UNIUSD,short,2026-08-18 19:55:00+05:30,3.309,3.32,3.309,,False,False,,,
crypto,30m,True,XRPUSD,short,2026-08-18 19:55:00+05:30,1.0075,1.0101,1.0075,1.01075,False,True,+2R,2.0,1.6899999999999975
crypto,30m,True,SOLUSD,short,2026-08-18 20:00:00+05:30,77.478,77.88,77.478,,True,False,,,
crypto,30m,True,LINKUSD,short,2026-08-18 20:45:00+05:30,9.549,9.57,9.549,9.57525,False,True,+2R,2.0,1.6362285714285851
crypto,30m,True,LTCUSD,long,2026-08-18 21:20:00+05:30,44.18,44.21,44.21,,False,False,,,
crypto,30m,True,HYPEUSD,long,2026-08-18 21:50:00+05:30,58.42,58.62,58.62,58.370000000000005,False,True,SL,-1.1167399999999963,-1.351220000000003
crypto,30m,True,DOGEUSD,short,2026-08-18 23:55:00+05:30,0.07055,0.07067,0.07055,0.0707,True,True,+2R,2.0,1.5296666666666583
crypto,30m,True,UNIUSD,short,2026-08-19 00:05:00+05:30,3.309,3.32,3.309,,False,False,,,
crypto,30m,True,BNBUSD,short,2026-08-19 00:55:00+05:30,604.61,605.06,604.61,,False,False,,,
crypto,30m,True,SOLUSD,short,2026-08-19 00:55:00+05:30,77.478,77.88,77.478,,True,False,,,
crypto,30m,True,BLESSUSD,long,2026-08-19 08:05:00+05:30,0.00746,0.00751968,0.00751968,0.00744508,False,True,SL,-1.0498999999999978,-1.1506999999999976
crypto,30m,True,BCHUSD,long,2026-08-19 09:55:00+05:30,201.99,202.59,202.59,,True,False,,,
crypto,30m,True,TACUSD,long,2026-08-19 10:20:00+05:30,0.002606,0.002619,0.002619,0.00260275,False,True,BE,0.1819600615384769,0.020790830769243873
crypto,30m,True,UNIUSD,short,2026-08-19 10:30:00+05:30,3.3291,3.342,3.3291,3.345225,True,True,BE,0.233088613953487,0.02663280000000076
crypto,30m,True,BNBUSD,long,2026-08-19 10:50:00+05:30,599.76,600.25,600.25,,True,False,,,
crypto,30m,True,RIVERUSD,long,2026-08-19 10:50:00+05:30,2.507,2.527056,2.527056,2.501986,False,True,+1R,1.0,0.8991999999999997
crypto,30m,True,ZECUSD,long,2026-08-19 10:50:00+05:30,501.0,501.39,501.39,,False,False,,,
crypto,30m,True,BTCUSD,long,2026-08-19 11:30:00+05:30,64008.0,64050.0,64050.0,,False,False,,,
crypto,30m,True,TACUSD,long,2026-08-19 12:10:00+05:30,0.002551,0.002571408,0.002571408,0.002545898,True,True,SL,-1.0499000000000078,-1.1507000000000085
crypto,30m,True,XRPUSD,short,2026-08-19 12:15:00+05:30,1.0075,1.0101,1.0075,,False,False,,,
crypto,30m,True,HUSD,long,2026-08-19 12:25:00+05:30,0.10084,0.10164672,0.10164672,0.10063832,True,True,SL,-1.0499000000000067,-1.1507000000000074
crypto,30m,True,SOLUSD,short,2026-08-19 13:55:00+05:30,77.3623,77.42,77.3623,,False,False,,,
crypto,30m,True,AVAXUSD,short,2026-08-19 14:05:00+05:30,6.398809523809524,6.45,6.398809523809524,,True,False,,,
crypto,30m,True,AVAXUSD,short,2026-08-19 14:05:00+05:30,6.391731913319867,6.392,6.391731913319867,,False,False,,,
crypto,30m,True,ETHUSD,short,2026-08-19 14:05:00+05:30,1932.0,1940.6,1932.0,,True,False,,,
crypto,30m,True,ETHUSD,short,2026-08-19 14:05:00+05:30,1928.9,1930.25,1928.9,,False,False,,,
crypto,30m,True,LTCUSD,short,2026-08-19 14:05:00+05:30,44.82909063220868,44.83,44.82909063220868,,False,False,,,
crypto,30m,True,SOLUSD,short,2026-08-19 14:05:00+05:30,77.478,77.88,77.478,77.98049999999999,True,True,BE,0.17407494925372446,0.019889874626858123
crypto,30m,True,BCHUSD,short,2026-08-19 14:15:00+05:30,205.0044917897791,205.01,205.0044917897791,,False,False,,,
crypto,30m,True,LTCUSD,short,2026-08-19 14:15:00+05:30,44.96,44.98,44.96,,False,False,,,
crypto,30m,True,LTCUSD,short,2026-08-19 14:20:00+05:30,45.08,45.09,45.08,,False,False,,,
crypto,30m,True,RIVERUSD,long,2026-08-19 15:10:00+05:30,2.507,2.527056,2.527056,,False,False,,,
crypto,30m,True,TACUSD,long,2026-08-19 15:15:00+05:30,0.002373,0.002391984,0.002391984,0.002368254,False,True,SL,-1.0498999999999965,-1.1506999999999965
crypto,30m,True,AVAXUSD,long,2026-08-19 17:10:00+05:30,6.302,6.308,6.308,,False,False,,,
crypto,30m,True,BNBUSD,short,2026-08-19 18:00:00+05:30,604.61,605.06,604.61,,False,False,,,
crypto,30m,True,DOGEUSD,short,2026-08-19 18:00:00+05:30,0.07055,0.07067,0.07055,0.0707,True,True,SL,-1.2356666666666938,-1.7060000000000355
crypto,30m,True,BLESSUSD,long,2026-08-19 18:05:00+05:30,0.00715,0.0072072,0.0072072,0.0071357,True,True,SL,-1.0499000000000054,-1.150700000000005
crypto,30m,True,ETHUSD,short,2026-08-19 18:05:00+05:30,1932.0,1940.6,1932.0,1942.75,True,True,SL,-1.0903604651162866,-1.2700813953488448
crypto,30m,True,ETHUSD,short,2026-08-19 18:05:00+05:30,1928.9,1930.25,1928.9,,False,False,,,
crypto,30m,True,BTCUSD,short,2026-08-19 18:10:00+05:30,64969.0,65035.5,64969.0,,True,False,,,
crypto,30m,True,ZECUSD,short,2026-08-19 18:10:00+05:30,513.33,514.51,513.33,514.805,False,True,+2R,2.0,1.6519796610169277
crypto,30m,True,BCHUSD,short,2026-08-19 18:15:00+05:30,205.0044917897791,205.01,205.0044917897791,,False,False,,,
crypto,30m,True,DOGEUSD,short,2026-08-19 18:15:00+05:30,0.07084,0.07088,0.07084,,False,False,,,
crypto,30m,True,SOLUSD,short,2026-08-19 18:15:00+05:30,78.67,79.04,78.67,79.13250000000001,True,True,+1R,1.0,0.8299027027027048
crypto,30m,True,XRPUSD,short,2026-08-19 18:40:00+05:30,1.015963337620763,1.016,1.015963337620763,,False,False,,,
crypto,30m,True,XRPUSD,short,2026-08-19 18:55:00+05:30,1.0255,1.027,1.0255,,False,False,,,
crypto,30m,True,BTCUSD,short,2026-08-19 19:00:00+05:30,65322.0,65697.0,65322.0,65790.75,False,True,SL,-1.0701767999999845,-1.2095303999999845
crypto,30m,True,BTCUSD,short,2026-08-19 19:00:00+05:30,65227.0,65457.0,65227.0,,True,False,,,
crypto,30m,True,ZECUSD,short,2026-08-19 19:50:00+05:30,518.58,522.0,518.58,522.855,True,True,SL,-1.0611526315789401,-1.1824578947368356
crypto,30m,True,BTCUSD,short,2026-08-19 20:05:00+05:30,65621.0,65786.0,65621.0,,False,False,,,
crypto,30m,True,AAVEUSD,short,2026-08-19 20:10:00+05:30,90.3,90.47,90.3,90.5125,True,True,SL,-1.2129705882352613,-1.637911764705838
crypto,30m,True,BCHUSD,short,2026-08-19 20:10:00+05:30,205.74,205.84,205.74,,False,False,,,
crypto,30m,True,BNBUSD,short,2026-08-19 20:10:00+05:30,608.05,608.34,608.05,,False,False,,,
crypto,30m,True,ZECUSD,short,2026-08-19 20:10:00+05:30,525.59,529.0,525.59,529.8525,True,True,SL,-1.0621527859237618,-1.1854583577712712
crypto,30m,True,ETHUSD,short,2026-08-19 20:20:00+05:30,1949.95,1954.6,1949.95,1955.7624999999998,False,True,SL,-1.1682376344086276,-1.503712903225845
crypto,30m,True,SOLUSD,short,2026-08-19 20:20:00+05:30,79.63,79.66,79.63,,False,False,,,
crypto,30m,True,ZECUSD,short,2026-08-19 20:20:00+05:30,536.68,538.08,536.68,538.4300000000001,False,True,SL,-1.1538371428571506,-1.4605114285714165
crypto,30m,True,AVAXUSD,short,2026-08-19 20:25:00+05:30,6.398809523809524,6.45,6.398809523809524,6.4627976190476195,True,True,SL,-1.0504999999999964,-1.1504999999999956
crypto,30m,True,BCHUSD,short,2026-08-19 20:25:00+05:30,207.13,207.14,207.13,,False,False,,,
crypto,30m,True,ETHUSD,short,2026-08-19 20:25:00+05:30,1968.6,1981.0,1968.6,1984.1,False,True,SL,-1.0640032258064556,-1.1910096774193588
crypto,30m,True,VELVETUSD,short,2026-08-19 20:25:00+05:30,0.6946,0.6955,0.6946,,False,False,,,
crypto,30m,True,AAVEUSD,short,2026-08-19 20:35:00+05:30,93.0,93.27,93.0,93.33749999999999,False,True,+1R,1.0,0.7244444444444375
crypto,30m,True,BNBUSD,short,2026-08-19 20:35:00+05:30,611.79,612.67,611.79,,True,False,,,
crypto,30m,True,BTCUSD,short,2026-08-19 20:35:00+05:30,66207.0,66371.0,66207.0,66412.0,False,True,SL,-1.1619804878049054,-1.4849414634146614
crypto,30m,True,DOGEUSD,short,2026-08-19 20:35:00+05:30,0.07214,0.07225,0.07214,,False,False,,,
crypto,30m,True,HYPEUSD,short,2026-08-19 20:35:00+05:30,60.41,60.48,60.41,,False,False,,,
crypto,30m,True,TRUMP/USDT,short,2026-08-19 20:35:00+05:30,1.439,1.444,1.439,1.44525,True,True,BE,0.2599409600000213,0.029700960000016402
crypto,30m,True,XRPUSD,short,2026-08-19 20:35:00+05:30,1.0393,1.041,1.0393,1.0414249999999998,False,True,SL,-1.2450411764705793,-1.7341235294117712
crypto,30m,True,ZECUSD,short,2026-08-19 20:35:00+05:30,549.64,550.71,549.64,550.9775000000001,False,True,SL,-1.2059728971962642,-1.6169186915887597
crypto,30m,True,BTCUSD,short,2026-08-19 20:40:00+05:30,66811.5,66932.0,66811.5,66962.125,False,True,data_quality_ambiguous,,
crypto,30m,True,BNBUSD,short,2026-08-19 20:50:00+05:30,615.0,615.051,615.0,,False,False,,,
crypto,30m,True,LINKUSD,short,2026-08-19 20:50:00+05:30,9.873015873015873,9.952,9.873015873015873,9.971746031746031,False,True,SL,-1.0504999999999953,-1.1504999999999965
crypto,30m,True,RIVERUSD,short,2026-08-19 20:50:00+05:30,2.6178086102614744,2.618,2.6178086102614744,,False,False,,,
crypto,30m,True,XRPUSD,short,2026-08-19 20:50:00+05:30,1.0481,1.0494,1.0481,,True,False,,,
crypto,30m,True,AAVEUSD,short,2026-08-19 20:55:00+05:30,93.85,94.11,93.85,94.175,True,True,+2R,2.0,1.7112307692307718
crypto,30m,True,BNBUSD,short,2026-08-19 20:55:00+05:30,619.0,620.29,619.0,620.6125,False,True,+2R,2.0,1.616124031007741
crypto,30m,True,DOGEUSD,short,2026-08-19 20:55:00+05:30,0.07368,0.07409,0.07368,0.07419250000000001,True,True,+2R,2.0,1.856234146341467
crypto,30m,True,DOGEUSD,short,2026-08-19 20:55:00+05:30,0.07314,0.07362,0.07314,0.07374,False,True,SL,-1.0614499999999902,-1.1833499999999897
crypto,30m,True,DOGEUSD,short,2026-08-19 20:55:00+05:30,0.07286,0.07321,0.07286,,True,False,,,
crypto,30m,True,RIVERUSD,short,2026-08-19 20:55:00+05:30,2.639,2.647,2.639,2.649,False,True,SL,-1.132449999999992,-1.3963499999999858
crypto,30m,True,SOLUSD,short,2026-08-19 20:55:00+05:30,82.71,82.792,82.71,,False,False,,,
crypto,30m,True,TRUMP/USDT,short,2026-08-19 20:55:00+05:30,1.447,1.451,1.447,1.452,False,True,SL,-1.145200000000004,-1.4346000000000103
crypto,30m,True,UNIUSD,short,2026-08-19 20:55:00+05:30,3.52,3.525,3.52,,False,False,,,
crypto,30m,True,XRPUSD,short,2026-08-19 20:55:00+05:30,1.0564,1.0584,1.0564,1.0589,False,True,SL,-1.211779999999977,-1.6343399999999861
crypto,30m,True,XRPUSD,short,2026-08-19 20:55:00+05:30,1.051,1.0548,1.051,1.05575,False,True,SL,-1.1111315789473584,-1.3323947368420936
crypto,30m,True,XRPUSD,short,2026-08-19 21:05:00+05:30,1.0718,1.0738,1.0718,1.0743,False,True,SL,-1.2148599999999992,-1.6435800000000085
crypto,30m,True,HYPEUSD,short,2026-08-19 21:10:00+05:30,61.16,61.19,61.16,,False,False,,,
crypto,30m,True,HUSD,long,2026-08-19 21:25:00+05:30,0.09256,0.09330048,0.09330048,0.09237488,False,True,SL,-1.0498999999999978,-1.150699999999998
crypto,30m,True,ZECUSD,short,2026-08-19 21:35:00+05:30,556.57,557.25,556.57,,True,False,,,
crypto,30m,True,VELVETUSD,long,2026-08-19 21:40:00+05:30,0.6131,0.6175,0.6175,,False,False,,,
crypto,30m,True,HUSD,long,2026-08-19 21:55:00+05:30,0.08959,0.09001,0.09001,0.08948500000000001,False,True,+2R,2.0,1.8285523809523803
crypto,30m,True,UNIUSD,short,2026-08-19 22:10:00+05:30,3.615,3.623,3.615,,False,False,,,
crypto,30m,True,ZORAUSD,short,2026-08-19 23:10:00+05:30,0.005039821375909726,0.00504,0.005039821375909726,,False,False,,,
crypto,30m,True,HUSD,long,2026-08-19 23:45:00+05:30,0.08645,0.08698,0.08698,0.08631749999999999,False,True,data_quality_ambiguous,,
crypto,30m,True,HYPEUSD,short,2026-08-20 00:40:00+05:30,66.87,66.97,66.87,,False,False,,,
crypto,30m,True,HYPEUSD,short,2026-08-20 00:40:00+05:30,66.1,66.117,66.1,,False,False,,,
crypto,30m,True,HYPEUSD,short,2026-08-20 00:40:00+05:30,63.22,63.4,63.22,63.445,False,True,SL,-1.1409888888888915,-1.4219666666666675
crypto,30m,True,HYPEUSD,short,2026-08-20 00:45:00+05:30,69.3,69.41,69.3,,True,False,,,
crypto,30m,True,BLESSUSD,long,2026-08-20 11:35:00+05:30,0.007085,0.00714168,0.00714168,0.00707083,True,True,SL,-1.0499000000000047,-1.150700000000005
crypto,30m,True,AKE/USDT,long,2026-08-20 11:40:00+05:30,0.0081299,0.008194939200000001,0.008194939200000001,0.008113640200000001,True,True,+2R,2.0,1.8992
crypto,30m,True,ZORAUSD,short,2026-08-20 12:20:00+05:30,0.00509,0.0051,0.00509,0.0051025,False,True,SL,-1.204099999999979,-1.6112999999999675
crypto,30m,True,BLESSUSD,long,2026-08-20 12:45:00+05:30,0.006665,0.006695,0.006695,,False,False,,,
crypto,30m,True,BLESSUSD,long,2026-08-20 12:45:00+05:30,0.00687,0.006895,0.006895,0.00686375,True,True,SL,-1.1098200000000105,-1.3304600000000102
crypto,30m,True,AVAXUSD,short,2026-08-20 13:35:00+05:30,6.856,6.872,6.856,6.8759999999999994,True,True,SL,-1.1719000000000064,-1.5147000000000137
crypto,30m,True,BCHUSD,short,2026-08-20 13:35:00+05:30,216.0,216.51,216.0,216.6375,True,True,SL,-1.1699117647058777,-1.5087352941176484
crypto,30m,True,BNBUSD,short,2026-08-20 13:35:00+05:30,633.58,636.44,633.58,637.1550000000001,True,True,SL,-1.0891125874125713,-1.2663377622377439
crypto,30m,True,LTCUSD,short,2026-08-20 13:35:00+05:30,47.21,47.38,47.21,47.4225,False,True,SL,-1.1115823529411681,-1.3337470588235225
crypto,30m,True,SOLUSD,short,2026-08-20 13:35:00+05:30,87.033,87.344,87.033,87.42174999999999,True,True,SL,-1.1124395498392374,-1.3363186495177013
crypto,30m,True,BCHUSD,short,2026-08-20 13:40:00+05:30,216.8,217.64,216.8,217.84999999999997,False,True,+1R,1.0,0.7935238095238005
crypto,30m,True,DOGEUSD,short,2026-08-20 13:40:00+05:30,0.07635,0.07644,0.07635,,True,False,,,
crypto,30m,True,HYPEUSD,short,2026-08-20 13:40:00+05:30,72.87471986374611,72.88,72.87471986374611,,False,False,,,
crypto,30m,True,RIVERUSD,short,2026-08-20 13:45:00+05:30,2.72,2.738,2.72,,False,False,,,
crypto,30m,True,XRPUSD,short,2026-08-20 13:55:00+05:30,1.1437,1.1453,1.1437,,False,False,,,
crypto,30m,True,HUSD,long,2026-08-20 14:00:00+05:30,0.08031,0.08074,0.08074,0.08020250000000001,False,True,BE,0.16959155348838414,0.019377600000010986
crypto,30m,True,XRPUSD,short,2026-08-20 14:05:00+05:30,1.1549,1.1576,1.1549,1.158275,False,True,BE,0.38633543703704387,0.044142844444441665
crypto,30m,True,BCHUSD,short,2026-08-20 14:10:00+05:30,218.3,218.87,218.3,,True,False,,,
crypto,30m,True,AVAXUSD,short,2026-08-20 14:15:00+05:30,6.94,6.994,6.94,7.007499999999999,True,True,+1R,1.0,0.8971851851851836
crypto,30m,True,LTCUSD,short,2026-08-20 14:25:00+05:30,47.72822373163299,47.73,47.72822373163299,,False,False,,,
crypto,30m,True,XRPUSD,short,2026-08-20 14:30:00+05:30,1.1614,1.1697,1.1614,1.171775,False,True,+1R,1.0,0.8880578313253015
crypto,30m,True,DOGEUSD,short,2026-08-20 15:45:00+05:30,0.07776785714285714,0.07839,0.07776785714285714,0.07854553571428571,False,True,+1R,1.0,0.9000000000000005
crypto,30m,True,TACUSD,short,2026-08-20 16:15:00+05:30,0.002499,0.002512,0.002499,0.00251525,False,True,+1R,1.0,0.8462153846153866
crypto,30m,True,ETHUSD,short,2026-08-20 17:00:00+05:30,2317.857142857143,2336.4,2317.857142857143,2341.035714285714,False,True,+2R,2.0,1.8999999999999986
crypto,30m,True,XRPUSD,short,2026-08-20 17:00:00+05:30,1.1816,1.1843,1.1816,1.184975,False,True,SL,-1.175551851851878,-1.5256555555555915
crypto,30m,True,BCHUSD,short,2026-08-20 18:55:00+05:30,218.3,218.87,218.3,219.0125,True,True,SL,-1.1536929824561588,-1.4600789473684492
crypto,30m,True,RIVERUSD,short,2026-08-20 19:50:00+05:30,2.72,2.738,2.72,2.7424999999999997,False,True,SL,-1.0609444444444478,-1.1818333333333393
crypto,30m,True,HUSD,long,2026-08-20 20:10:00+05:30,0.07888,0.07951104,0.07951104,0.07872224,False,True,BE,0.11380320000000713,0.013003200000007903
crypto,30m,True,DOGEUSD,short,2026-08-20 20:20:00+05:30,0.07866,0.07887,0.07866,0.07892249999999999,False,True,SL,-1.1503285714285625,-1.4499857142857067
crypto,30m,True,LTCUSD,short,2026-08-20 20:25:00+05:30,47.72822373163299,47.73,47.72822373163299,,False,False,,,
crypto,30m,True,AVAXUSD,short,2026-08-20 20:30:00+05:30,7.026984126984127,7.0832,7.026984126984127,7.097253968253968,True,True,SL,-1.0505000000000029,-1.1505000000000032
crypto,30m,True,BCHUSD,short,2026-08-20 20:30:00+05:30,220.84,222.03,220.84,222.3275,True,True,SL,-1.074731932773112,-1.2231957983193322
crypto,30m,True,DOGEUSD,short,2026-08-20 20:35:00+05:30,0.07928,0.07947,0.07928,0.07951749999999999,True,True,SL,-1.1674052631578762,-1.501215789473683
crypto,30m,True,AVAXUSD,short,2026-08-20 20:40:00+05:30,7.09,7.112,7.09,7.1175,False,True,data_quality_ambiguous,,
crypto,30m,True,ETHUSD,short,2026-08-20 21:00:00+05:30,2317.857142857143,2336.4,2317.857142857143,,False,False,,,
crypto,30m,True,LTCUSD,short,2026-08-20 21:20:00+05:30,48.15,48.26,48.15,48.287499999999994,True,True,+2R,2.0,1.649818181818171
crypto,30m,True,ZECUSD,short,2026-08-20 22:00:00+05:30,586.0,589.16,586.0,589.9499999999999,False,True,SL,-1.0746772151898802,-1.2230316455696295
crypto,30m,True,ZECUSD,short,2026-08-20 22:00:00+05:30,580.75,581.8,580.75,582.0625,False,True,SL,-1.2217380952380543,-1.6642142857142448
crypto,30m,True,BCHUSD,short,2026-08-20 22:10:00+05:30,224.9404761904762,226.74,224.9404761904762,227.18988095238097,False,True,+2R,2.0,1.9000000000000004
crypto,30m,True,AKE/USDT,long,2026-08-20 22:15:00+05:30,0.0081299,0.008194939200000001,0.008194939200000001,,True,False,,,
crypto,30m,True,LINKUSD,short,2026-08-20 23:15:00+05:30,10.855,10.889,10.855,10.897499999999999,False,True,+2R,2.0,1.7445882352941096
crypto,30m,True,VELVETUSD,short,2026-08-20 23:35:00+05:30,0.72,0.7207,0.72,,False,False,,,
crypto,30m,True,AAVEUSD,short,2026-08-21 08:10:00+05:30,101.17,101.6,101.17,101.7075,True,True,+1R,1.0,0.8117767441860445
crypto,30m,True,RIVERUSD,short,2026-08-21 09:30:00+05:30,2.799,2.809,2.799,2.8115,False,True,+1R,1.0,0.7760800000000032
crypto,30m,True,HUSD,long,2026-08-21 09:55:00+05:30,0.07558,0.07618464,0.07618464,0.07542884,False,True,SL,-1.0499000000000016,-1.1507000000000014
crypto,30m,True,ZECUSD,short,2026-08-21 10:15:00+05:30,591.7559523809524,596.49,591.7559523809524,597.6735119047619,True,True,BE,0.11290000000000068,0.012899999999999828
crypto,30m,True,HUSD,long,2026-08-21 10:40:00+05:30,0.074,0.07459199999999999,0.07459199999999999,,False,False,,,
crypto,30m,True,BCHUSD,short,2026-08-21 11:20:00+05:30,238.05,238.15,238.05,,False,False,,,
crypto,30m,True,BCHUSD,short,2026-08-21 11:35:00+05:30,241.94,242.31,241.94,,True,False,,,
crypto,30m,True,DOGEUSD,short,2026-08-21 11:35:00+05:30,0.08328,0.08372,0.08328,0.08383,True,True,BE,0.1709511272727192,0.01953294545453596
crypto,30m,True,BCHUSD,short,2026-08-21 11:45:00+05:30,250.11,250.23,250.11,,False,False,,,
crypto,30m,True,BCHUSD,short,2026-08-21 11:45:00+05:30,247.49,247.62,247.49,,False,False,,,
crypto,30m,True,BCHUSD,short,2026-08-21 12:30:00+05:30,252.97619047619048,255.0,252.97619047619048,255.50595238095238,True,True,SL,-1.0504999999999955,-1.1504999999999959
crypto,30m,True,RIVERUSD,short,2026-08-21 12:50:00+05:30,2.837,2.857,2.837,2.862,True,True,SL,-1.0572400000000075,-1.170720000000008
crypto,30m,True,AAVEUSD,short,2026-08-21 13:00:00+05:30,102.06,102.58,102.06,102.71,True,True,SL,-1.0790076923076948,-1.2360230769230816
crypto,30m,True,XRPUSD,short,2026-08-21 13:30:00+05:30,1.334126984126984,1.3448,1.334126984126984,1.347468253968254,True,True,SL,-1.0505000000000075,-1.150500000000006
crypto,30m,True,TACUSD,short,2026-08-21 14:05:00+05:30,0.002693,0.002696,0.002693,,False,False,,,
crypto,30m,True,RIVERUSD,short,2026-08-21 14:10:00+05:30,2.933,2.948,2.933,2.95175,True,True,SL,-1.078713333333339,-1.2351400000000035
crypto,30m,True,TACUSD,short,2026-08-21 14:15:00+05:30,0.002716,0.002717,0.002716,,False,False,,,
crypto,30m,True,UNIUSD,short,2026-08-21 14:20:00+05:30,4.021,4.0305,4.021,4.032875,False,True,SL,-1.1698052631578988,-1.5084157894736923
crypto,30m,True,RIVERUSD,short,2026-08-21 14:40:00+05:30,3.011,3.033,3.011,3.0385,False,True,SL,-1.0552454545454497,-1.1647363636363595
crypto,30m,True,TACUSD,short,2026-08-21 14:50:00+05:30,0.002761765559453694,0.002762,0.002761765559453694,,False,False,,,
crypto,30m,True,VELVETUSD,short,2026-08-21 15:50:00+05:30,0.7509920634920635,0.757,0.7509920634920635,0.7585019841269841,True,True,SL,-1.050499999999999,-1.1504999999999994
crypto,30m,True,AKE/USDT,long,2026-08-21 16:00:00+05:30,0.0080613,0.008125790400000001,0.008125790400000001,0.0080451774,True,True,+2R,2.0,1.8992000000000002
crypto,30m,True,TACUSD,short,2026-08-21 16:00:00+05:30,0.002838,0.00285,0.002838,,False,False,,,
crypto,30m,True,RIVERUSD,short,2026-08-21 16:30:00+05:30,3.143,3.157,3.143,3.1605,False,True,BE,0.20276839999999977,0.023168400000000478
crypto,30m,True,ZORAUSD,short,2026-08-21 18:00:00+05:30,0.00674,0.00676,0.00674,0.006765,False,True,SL,-1.1353000000000126,-1.4049000000000142
crypto,30m,True,ZORAUSD,short,2026-08-21 18:00:00+05:30,0.00655,0.00658,0.00655,0.0065875,True,True,SL,-1.0878333333333394,-1.2625000000000093
crypto,30m,True,TRUMP/USDT,short,2026-08-21 18:05:00+05:30,1.8670634920634919,1.882,1.8670634920634919,1.885734126984127,True,True,SL,-1.0505000000000022,-1.150500000000001
crypto,30m,True,ZORAUSD,short,2026-08-21 18:05:00+05:30,0.00721,0.00725,0.00721,0.007260000000000001,True,True,+2R,2.0,1.8558000000000017
crypto,30m,True,ZORAUSD,short,2026-08-21 18:05:00+05:30,0.00718,0.00719,0.00718,,True,False,,,
crypto,30m,True,BLESSUSD,short,2026-08-21 18:20:00+05:30,0.007901785714285714,0.007965,0.007901785714285714,0.007980803571428571,False,True,BE,0.1129000000000024,0.012900000000002673
crypto,30m,True,BLESSUSD,short,2026-08-21 18:35:00+05:30,0.008125,0.00816,0.008125,0.00816875,False,True,SL,-1.0933571428571303,-1.2790714285714144
crypto,30m,True,ZORAUSD,short,2026-08-21 18:55:00+05:30,0.007409571202375978,0.00741,0.007409571202375978,,False,False,,,
crypto,30m,True,BEAT/USDT,short,2026-08-21 21:10:00+05:30,0.1570436507936508,0.1583,0.1570436507936508,0.1586140873015873,False,True,SL,-1.0505000000000078,-1.1505000000000078
crypto,30m,True,BEAT/USDT,short,2026-08-21 21:25:00+05:30,0.17291666666666666,0.1743,0.17291666666666666,0.17464583333333333,False,True,SL,-1.050499999999996,-1.1504999999999959
crypto,30m,True,BLESSUSD,short,2026-08-21 22:05:00+05:30,0.009225,0.00929,0.009225,0.009306249999999999,False,True,+1R,1.0,0.8864615384615356
crypto,30m,True,UNIUSD,short,2026-08-22 08:25:00+05:30,4.368,4.38,4.368,4.383,False,True,SL,-1.146100000000026,-1.4373000000000324
crypto,30m,True,HUSD,short,2026-08-22 08:35:00+05:30,0.08799,0.08842,0.08799,,False,False,,,
crypto,30m,True,AKE/USDT,short,2026-08-22 09:15:00+05:30,0.0084757,0.008541,0.0084757,0.008557325000000001,False,True,BE,0.11723204042879638,0.013394980704449569
crypto,30m,True,BEAT/USDT,short,2026-08-22 10:30:00+05:30,0.20694444444444446,0.2086,0.20694444444444446,,False,False,,,
crypto,30m,True,RIVERUSD,long,2026-08-22 10:35:00+05:30,2.735,2.742,2.742,2.73325,False,True,data_quality_ambiguous,,
crypto,30m,True,AKE/USDT,long,2026-08-22 10:40:00+05:30,0.0080613,0.008125790400000001,0.008125790400000001,,True,False,,,
crypto,30m,True,BTCUSD,long,2026-08-22 10:40:00+05:30,76245.0,76705.0,76705.0,,False,False,,,
crypto,30m,True,HUSD,long,2026-08-22 10:40:00+05:30,0.0539,0.0543312,0.0543312,,True,False,,,
crypto,30m,True,HUSD,long,2026-08-22 10:40:00+05:30,0.05927,0.05936,0.05936,,False,False,,,
crypto,30m,True,HUSD,long,2026-08-22 10:40:00+05:30,0.06177,0.06199,0.06199,,True,False,,,
crypto,30m,True,HUSD,long,2026-08-22 10:40:00+05:30,0.06542,0.06552,0.06552,,False,False,,,
crypto,30m,True,HUSD,long,2026-08-22 10:40:00+05:30,0.07046,0.07093,0.07093,,False,False,,,
crypto,30m,True,HUSD,long,2026-08-22 10:40:00+05:30,0.074,0.07459199999999999,0.07459199999999999,0.073852,False,True,SL,-1.0499000000000096,-1.150700000000011
crypto,30m,True,RIVERUSD,long,2026-08-22 10:40:00+05:30,2.374,2.392992,2.392992,,True,False,,,
crypto,30m,True,RIVERUSD,long,2026-08-22 10:40:00+05:30,2.469,2.476,2.476,,True,False,,,
crypto,30m,True,RIVERUSD,long,2026-08-22 10:40:00+05:30,2.507,2.527056,2.527056,2.501986,False,True,+2R,2.0,1.8991999999999998
crypto,30m,True,RIVERUSD,long,2026-08-22 10:40:00+05:30,2.644,2.65,2.65,2.6425,False,True,SL,-1.1761666666666921,-1.529500000000033
crypto,30m,True,SOLUSD,long,2026-08-22 10:40:00+05:30,89.81,90.345,90.345,,False,False,,,
crypto,30m,True,TACUSD,long,2026-08-22 10:40:00+05:30,0.002408,0.002409,0.002409,,False,False,,,
crypto,30m,True,TACUSD,long,2026-08-22 10:40:00+05:30,0.002499,0.00251,0.00251,,False,False,,,
crypto,30m,True,UNIUSD,long,2026-08-22 10:40:00+05:30,3.84,3.866,3.866,,False,False,,,
crypto,30m,True,VELVETUSD,long,2026-08-22 10:40:00+05:30,0.6585,0.6594,0.6594,,False,False,,,
crypto,30m,True,AKE/USDT,short,2026-08-22 10:55:00+05:30,0.0093319,0.0094,0.0093319,,False,False,,,
crypto,30m,True,AKE/USDT,short,2026-08-22 10:55:00+05:30,0.009048412698412698,0.0091208,0.009048412698412698,0.009138896825396826,False,True,SL,-1.0505000000000029,-1.1505000000000016
crypto,30m,True,AKE/USDT,short,2026-08-22 10:55:00+05:30,0.008762301587301588,0.0088324,0.008762301587301588,0.008849924603174604,False,True,SL,-1.0504999999999936,-1.1504999999999928
crypto,30m,True,BTCUSD,long,2026-08-22 15:15:00+05:30,76245.0,76705.0,76705.0,76130.0,False,True,+1R,1.0,0.8666
crypto,30m,True,ETHUSD,long,2026-08-23 09:00:00+05:30,2384.4,2403.4752000000003,2403.4752000000003,2379.6312,False,True,BE,0.11380319999999614,0.013003199999998258
crypto,30m,True,BTCUSD,long,2026-08-23 09:10:00+05:30,76245.0,76705.0,76705.0,76130.0,False,True,BE,0.1506085999999904,0.017208599999990415
crypto,30m,True,ETHUSD,long,2026-08-23 10:15:00+05:30,2356.25,2370.35,2370.35,2352.725,False,True,BE,0.15183688794327313,0.01734894468086176
crypto,30m,True,BCHUSD,long,2026-08-23 10:45:00+05:30,262.73,264.83184,264.83184,262.20454,False,True,+2R,2.0,1.8991999999999996
crypto,30m,True,XRPUSD,long,2026-08-23 10:45:00+05:30,1.4307,1.4405,1.4405,1.4282500000000002,False,True,+1R,1.0,0.8824081632653028
crypto,30m,True,HUSD,long,2026-08-23 16:20:00+05:30,0.06978,0.07025,0.07025,0.06966249999999999,False,True,data_quality_ambiguous,,
crypto,30m,True,AAVEUSD,short,2026-08-23 16:50:00+05:30,128.73,129.09,128.73,129.18,False,True,+2R,2.0,1.7139333333333442
crypto,30m,True,BTCUSD,short,2026-08-23 16:50:00+05:30,77317.0,77580.0,77317.0,77645.75,False,True,BE,0.2655236288973311,0.030338838022806375
crypto,30m,True,TRUMP/USDT,short,2026-08-23 16:55:00+05:30,2.62,2.635,2.62,2.63875,False,True,SL,-1.070366666666668,-1.2101000000000026
crypto,30m,True,ETHUSD,short,2026-08-23 17:05:00+05:30,2438.4,2443.6,2438.4,2444.8999999999996,False,True,+2R,2.0,1.6248615384615122
crypto,30m,True,ZORAUSD,short,2026-08-23 17:15:00+05:30,0.007142857142857143,0.0072,0.007142857142857143,0.007214285714285714,False,True,SL,-1.0505000000000004,-1.1505000000000007
crypto,30m,True,UNIUSD,short,2026-08-23 18:10:00+05:30,4.38,4.39,4.38,4.3925,False,True,SL,-1.1756999999999895,-1.5260999999999845
crypto,30m,True,AVAXUSD,short,2026-08-23 18:45:00+05:30,7.598,7.64,7.598,7.650499999999999,False,True,BE,0.16339318095238642,0.018669371428575027
crypto,30m,True,BNBUSD,short,2026-08-23 18:45:00+05:30,700.5,701.77,700.5,,False,False,,,
crypto,30m,True,UNIUSD,short,2026-08-23 18:45:00+05:30,4.45,4.453,4.45,,True,False,,,
crypto,30m,True,UNIUSD,short,2026-08-23 18:50:00+05:30,4.556,4.579,4.556,4.58475,False,True,SL,-1.0797347826086856,-1.2382043478260791
crypto,30m,True,ZECUSD,short,2026-08-23 19:05:00+05:30,853.4325396825396,860.26,853.4325396825396,861.9668650793651,False,True,data_quality_ambiguous,,
crypto,30m,True,LTCUSD,short,2026-08-23 19:40:00+05:30,53.37,53.76,53.37,,False,False,,,
crypto,30m,True,ZORAUSD,short,2026-08-23 21:45:00+05:30,0.007549689865916994,0.00755,0.007549689865916994,,False,False,,,
crypto,30m,True,ZORAUSD,short,2026-08-23 21:45:00+05:30,0.00737,0.00741,0.00737,0.0074199999999999995,True,True,data_quality_ambiguous,,
crypto,30m,True,BNBUSD,short,2026-08-23 22:45:00+05:30,700.5,701.77,700.5,,False,False,,,
crypto,30m,True,HYPEUSD,long,2026-08-24 11:35:00+05:30,78.33,78.95664,78.95664,,False,False,,,
crypto,30m,True,BLESSUSD,short,2026-08-24 13:35:00+05:30,0.00941,0.009485,0.00941,0.00950375,False,True,BE,0.1133214933333366,0.012948160000003359
crypto,30m,True,BCHUSD,long,2026-08-24 13:45:00+05:30,262.73,264.83184,264.83184,,False,False,,,
crypto,30m,True,HYPEUSD,long,2026-08-24 13:50:00+05:30,76.98,77.44,77.44,76.86500000000001,False,True,+2R,2.0,1.8653217391304322
crypto,30m,True,LTCUSD,short,2026-08-24 14:55:00+05:30,53.37,53.76,53.37,53.8575,False,True,BE,0.12359944615383876,0.014122523076916638
crypto,30m,True,VELVETUSD,long,2026-08-24 15:00:00+05:30,0.64,0.64512,0.64512,0.63872,True,True,SL,-1.049899999999998,-1.150699999999997
crypto,30m,True,VELVETUSD,long,2026-08-24 15:00:00+05:30,0.6567,0.66,0.66,0.655875,False,True,SL,-1.0795000000000092,-1.2395000000000076
crypto,30m,True,VELVETUSD,long,2026-08-24 15:05:00+05:30,0.6113,0.6161903999999999,0.6161903999999999,0.6100774,True,True,data_quality_ambiguous,,
crypto,30m,True,VELVETUSD,short,2026-08-24 15:10:00+05:30,0.825,0.8316,0.825,0.83325,True,True,SL,-1.050499999999993,-1.150499999999992
crypto,30m,True,VELVETUSD,short,2026-08-24 15:10:00+05:30,0.7926587301587302,0.799,0.7926587301587302,0.8005853174603175,False,True,SL,-1.0505000000000064,-1.1505000000000072
crypto,30m,True,VELVETUSD,short,2026-08-24 15:10:00+05:30,0.6995,0.705,0.6995,0.706375,False,True,SL,-1.0513727272727302,-1.1531181818181853
crypto,30m,True,BTCUSD,short,2026-08-24 15:40:00+05:30,78010.0,78030.0,78010.0,,False,False,,,
crypto,30m,True,LINKUSD,short,2026-08-24 17:00:00+05:30,11.707,11.729,11.707,11.734499999999999,False,True,BE,0.4806255636363955,0.0549164727272749
crypto,30m,True,SOLUSD,short,2026-08-24 17:05:00+05:30,96.178,96.319,96.178,,False,False,,,
crypto,30m,True,BNBUSD,short,2026-08-24 17:10:00+05:30,706.75,707.0,706.75,,True,False,,,
crypto,30m,True,BTCUSD,short,2026-08-24 17:15:00+05:30,78755.5,78840.0,78755.5,,False,False,,,
crypto,30m,True,VELVETUSD,long,2026-08-24 17:20:00+05:30,0.389,0.3911,0.3911,0.388475,True,True,SL,-1.0739952380952489,-1.2229857142857257
crypto,30m,True,VELVETUSD,long,2026-08-24 17:20:00+05:30,0.412,0.415296,0.415296,0.411176,False,True,SL,-1.0498999999999947,-1.1506999999999945
crypto,30m,True,VELVETUSD,long,2026-08-24 17:20:00+05:30,0.428,0.429,0.429,0.42774999999999996,False,True,SL,-1.1710999999999756,-1.5142999999999676
crypto,30m,True,VELVETUSD,long,2026-08-24 17:20:00+05:30,0.4717,0.4754736,0.4754736,0.4707566,True,True,SL,-1.0498999999999956,-1.1506999999999963
crypto,30m,True,VELVETUSD,long,2026-08-24 17:25:00+05:30,0.255,0.25704,0.25704,0.25449,True,True,SL,-1.0498999999999994,-1.1506999999999996
crypto,30m,True,BCHUSD,short,2026-08-24 18:15:00+05:30,281.22,282.99,281.22,283.4325,False,True,SL,-1.0640525423728828,-1.1911576271186468
crypto,30m,True,BTCUSD,short,2026-08-24 18:20:00+05:30,79287.0,79546.5,79287.0,79611.375,False,True,+1R,1.0,0.7555699421965318
crypto,30m,True,ETHUSD,short,2026-08-24 20:05:00+05:30,2534.8,2549.0,2534.8,,False,False,,,
crypto,30m,True,SOLUSD,short,2026-08-24 20:50:00+05:30,97.37132936507936,98.1503,97.37132936507936,98.34504265873016,False,True,+1R,1.0,0.900000000000001
crypto,30m,True,BEAT/USDT,long,2026-08-24 21:15:00+05:30,0.1259,0.12690720000000003,0.12690720000000003,0.12564820000000002,True,True,+1R,1.0,0.8992000000000008
crypto,30m,True,ZECUSD,long,2026-08-24 22:25:00+05:30,822.0,827.36,827.36,820.66,False,True,SL,-1.0612432835820957,-1.184729850746274
crypto,30m,True,BLESSUSD,long,2026-08-24 22:30:00+05:30,0.008655,0.00869,0.00869,0.00864625,False,True,SL,-1.0988142857142953,-1.297442857142865
crypto,30m,True,DOGEUSD,long,2026-08-24 22:50:00+05:30,0.088888,0.08959,0.08959,0.0887125,False,True,SL,-1.0505484330484354,-1.1526452991453011
crypto,30m,True,HYPEUSD,long,2026-08-24 22:50:00+05:30,76.98,77.44,77.44,,False,False,,,
crypto,30m,True,BCHUSD,long,2026-08-24 23:00:00+05:30,262.73,264.83184,264.83184,262.20454,False,True,+2R,2.0,1.8991999999999996
crypto,30m,True,TACUSD,short,2026-08-25 00:00:00+05:30,0.0019206349206349206,0.001936,0.0019206349206349206,0.0019398412698412699,False,True,+2R,2.0,1.9000000000000004
crypto,30m,True,ETHUSD,short,2026-08-25 08:00:00+05:30,2534.8,2549.0,2534.8,,False,False,,,
crypto,30m,True,SOLUSD,short,2026-08-25 08:00:00+05:30,102.06349206349206,102.88,102.06349206349206,103.08412698412698,False,True,+1R,1.0,0.8999999999999998
crypto,30m,True,XRPUSD,short,2026-08-25 08:00:00+05:30,1.5437,1.5515,1.5437,1.5534500000000002,False,True,+2R,2.0,1.8416717948717973
crypto,30m,True,HYPEUSD,short,2026-08-25 08:10:00+05:30,80.58,80.97,80.58,81.0675,False,True,SL,-1.083146153846143,-1.2484384615384518
crypto,30m,True,AKE/USDT,long,2026-08-25 08:15:00+05:30,0.0083299,0.008385,0.008385,0.008316124999999999,False,True,SL,-1.0603711433756882,-1.182113430127047
crypto,30m,True,TACUSD,short,2026-08-25 08:15:00+05:30,0.002539,0.002547,0.002539,0.0025489999999999996,False,True,SL,-1.1274500000000116,-1.381350000000022
crypto,30m,True,DOGEUSD,short,2026-08-25 10:55:00+05:30,0.09334,0.09347,0.09334,,False,False,,,
crypto,30m,True,HUSD,short,2026-08-25 11:30:00+05:30,0.07579,0.07632,0.07579,0.0764525,False,True,SL,-1.0576999999999919,-1.1720999999999901
crypto,30m,True,BLESSUSD,long,2026-08-25 13:15:00+05:30,0.008645,0.008695,0.008695,0.0086325,True,True,SL,-1.0690600000000097,-1.2081800000000096
crypto,30m,True,ZORAUSD,long,2026-08-25 13:25:00+05:30,0.00658,0.0066326399999999995,0.0066326399999999995,,False,False,,,
crypto,30m,True,AKE/USDT,short,2026-08-25 14:25:00+05:30,0.0089397,0.0089491,0.0089397,,False,False,,,
crypto,30m,True,ETHUSD,long,2026-08-25 15:20:00+05:30,2453.8,2457.45,2457.45,,False,False,,,
crypto,30m,True,BNBUSD,long,2026-08-25 17:35:00+05:30,692.68,693.29,693.29,,False,False,,,
crypto,30m,True,TRUMP/USDT,long,2026-08-25 17:35:00+05:30,2.339,2.357712,2.357712,2.3343220000000002,True,True,SL,-1.049900000000007,-1.1507000000000087
crypto,30m,True,XRPUSD,long,2026-08-25 17:55:00+05:30,1.4633,1.4655,1.4655,,False,False,,,
crypto,30m,True,UNIUSD,short,2026-08-25 19:05:00+05:30,4.439,4.467,4.439,4.473999999999999,True,True,+2R,2.0,1.8731714285714258
crypto,30m,True,AVAXUSD,long,2026-08-25 19:15:00+05:30,7.4,7.4226,7.4226,7.39435,False,True,SL,-1.1308734513274379,-1.3936203539823062
crypto,30m,True,DOGEUSD,long,2026-08-25 19:15:00+05:30,0.088078,0.08845,0.08845,0.08798500000000001,True,True,SL,-1.0946075268817355,-1.2848225806451792
crypto,30m,True,AVAXUSD,long,2026-08-25 19:20:00+05:30,7.282,7.32,7.32,,False,False,,,
crypto,30m,True,LINKUSD,long,2026-08-25 19:20:00+05:30,11.263,11.351,11.351,,False,False,,,
crypto,30m,True,LINKUSD,long,2026-08-25 19:20:00+05:30,11.421,11.42219364229534,11.42219364229534,,False,False,,,
crypto,30m,True,LTCUSD,long,2026-08-25 19:20:00+05:30,50.2,50.601600000000005,50.601600000000005,,False,False,,,
crypto,30m,True,VELVETUSD,long,2026-08-25 19:30:00+05:30,0.136,0.13708800000000002,0.13708800000000002,0.13572800000000002,False,True,+2R,2.0,1.8992
crypto,30m,True,BEAT/USDT,long,2026-08-25 20:10:00+05:30,0.1241,0.1248,0.1248,0.12392500000000001,False,True,SL,-1.070814285714285,-1.2134428571428586
crypto,30m,True,AKE/USDT,short,2026-08-25 20:25:00+05:30,0.009228670634920635,0.0093025,0.009228670634920635,0.009320957341269842,False,True,data_quality_ambiguous,,
crypto,30m,True,AKE/USDT,short,2026-08-25 20:30:00+05:30,0.009621130952380952,0.0096981,0.009621130952380952,,True,False,,,
crypto,30m,True,ZECUSD,long,2026-08-25 20:55:00+05:30,798.28,804.58,804.58,796.7049999999999,True,True,SL,-1.050584444444442,-1.1527533333333295
crypto,30m,True,AAVEUSD,long,2026-08-25 22:30:00+05:30,126.418,127.429344,127.429344,126.165164,False,True,+1R,1.0,0.8991999999999997
crypto,30m,True,HYPEUSD,short,2026-08-26 00:45:00+05:30,83.08,83.23,83.08,83.26750000000001,True,True,data_quality_ambiguous,,
crypto,30m,True,TACUSD,short,2026-08-26 10:10:00+05:30,0.002957,0.002978,0.002957,0.0029832500000000002,True,True,data_quality_ambiguous,,
crypto,30m,True,TACUSD,short,2026-08-26 10:10:00+05:30,0.002838,0.00285,0.002838,0.002853,False,True,SL,-1.0950999999999886,-1.2842999999999853
crypto,30m,True,BEAT/USDT,short,2026-08-26 10:25:00+05:30,0.13184523809523807,0.1329,0.13184523809523807,0.13316369047619048,False,True,data_quality_ambiguous,,
crypto,30m,True,TACUSD,short,2026-08-26 10:25:00+05:30,0.003345665179860817,0.003346,0.003345665179860817,,False,False,,,
crypto,30m,True,TACUSD,short,2026-08-26 10:25:00+05:30,0.003263,0.003271,0.003263,0.003273,False,True,SL,-1.1636499999999905,-1.4899499999999897
crypto,30m,True,TACUSD,short,2026-08-26 10:25:00+05:30,0.003247814030559723,0.003248,0.003247814030559723,,False,False,,,
crypto,30m,True,TACUSD,short,2026-08-26 10:25:00+05:30,0.003133,0.003145,0.003133,0.0031479999999999998,False,True,SL,-1.1049333333333244,-1.3137999999999936
crypto,30m,True,HYPEUSD,short,2026-08-26 11:05:00+05:30,82.91,83.38,82.91,,True,False,,,
crypto,30m,True,BNBUSD,short,2026-08-26 12:35:00+05:30,700.55,701.31,700.55,,False,False,,,
crypto,30m,True,BLESSUSD,short,2026-08-26 13:55:00+05:30,0.009288,0.00931,0.009288,0.0093155,False,True,+1R,1.0,0.6622545454545636
crypto,30m,True,TACUSD,short,2026-08-26 14:00:00+05:30,0.003529761904761905,0.003558,0.003529761904761905,0.0035650595238095237,False,True,SL,-1.0504999999999949,-1.1504999999999954
crypto,30m,True,TACUSD,short,2026-08-26 14:30:00+05:30,0.0035865553022313315,0.003587,0.0035865553022313315,,False,False,,,
crypto,30m,True,TACUSD,short,2026-08-26 14:40:00+05:30,0.00391,0.003932,0.00391,0.0039375,False,True,SL,-1.0715909090909184,-1.2137727272727379
crypto,30m,True,TACUSD,short,2026-08-26 14:40:00+05:30,0.003767857142857143,0.003798,0.003767857142857143,0.0038055357142857144,True,True,SL,-1.0504999999999958,-1.150499999999996
crypto,30m,True,BLESSUSD,short,2026-08-26 14:45:00+05:30,0.009595,0.009665,0.009595,0.0096825,True,True,SL,-1.055328571428572,-1.1649857142857138
crypto,30m,True,XRPUSD,long,2026-08-26 14:50:00+05:30,1.405,1.41624,1.41624,1.40219,True,True,+1R,1.0,0.8991999999999992
crypto,30m,True,AVAXUSD,long,2026-08-26 14:55:00+05:30,7.25,7.308,7.308,7.2355,True,True,+1R,1.0,0.8991999999999997
crypto,30m,True,LINKUSD,long,2026-08-26 15:00:00+05:30,11.15,11.2392,11.2392,11.1277,True,True,+2R,2.0,1.8991999999999996
crypto,30m,True,BTCUSD,long,2026-08-26 15:10:00+05:30,77815.5,78171.0,78171.0,,False,False,,,
crypto,30m,True,HUSD,long,2026-08-26 15:10:00+05:30,0.07534,0.07594272,0.07594272,0.07518932,False,True,BE,0.11380320000000684,0.013003200000007
crypto,30m,True,AAVEUSD,long,2026-08-26 15:15:00+05:30,124.5,125.48,125.48,124.255,True,True,+1R,1.0,0.8975673469387762
crypto,30m,True,LTCUSD,long,2026-08-26 15:15:00+05:30,49.5,49.896,49.896,,True,False,,,
crypto,30m,True,HYPEUSD,short,2026-08-26 15:50:00+05:30,82.91,83.38,82.91,83.4975,True,True,SL,-1.071061702127653,-1.2121851063829707
crypto,30m,True,RIVERUSD,long,2026-08-26 17:05:00+05:30,1.95,1.9656,1.9656,,True,False,,,
crypto,30m,True,AKE/USDT,long,2026-08-26 17:10:00+05:30,0.0076983,0.0077598864,0.0077598864,,False,False,,,
crypto,30m,True,AKE/USDT,long,2026-08-26 17:10:00+05:30,0.0080613,0.008125790400000001,0.008125790400000001,0.0080451774,True,True,+2R,2.0,1.8992000000000002
crypto,30m,True,BCHUSD,long,2026-08-26 18:55:00+05:30,260.77,262.85616,262.85616,260.24845999999997,True,True,SL,-1.0498999999999914,-1.1506999999999905
crypto,30m,True,ETHUSD,long,2026-08-26 18:55:00+05:30,2412.7,2431.25,2431.25,,True,False,,,
crypto,30m,True,BTCUSD,long,2026-08-26 19:10:00+05:30,77815.5,78171.0,78171.0,77726.625,False,True,BE,0.1986049147679388,0.02269267848101894
crypto,30m,True,TACUSD,short,2026-08-26 19:10:00+05:30,0.004425595238095238,0.004461,0.004425595238095238,0.00446985119047619,False,True,SL,-1.0504999999999955,-1.1504999999999967
crypto,30m,True,LINKUSD,long,2026-08-26 20:10:00+05:30,11.15,11.2392,11.2392,,True,False,,,
crypto,30m,True,LTCUSD,long,2026-08-26 20:10:00+05:30,49.5,49.896,49.896,49.400999999999996,True,True,SL,-1.0499000000000027,-1.1507000000000018
crypto,30m,True,TRUMP/USDT,long,2026-08-26 20:15:00+05:30,2.152,2.164,2.164,2.149,True,True,SL,-1.0716333333333388,-1.2159000000000042
crypto,30m,True,UNIUSD,long,2026-08-26 20:15:00+05:30,4.173,4.206384,4.206384,4.1646540000000005,True,True,BE,0.1138031999999949,0.013003199999993387
crypto,30m,True,XRPUSD,long,2026-08-26 20:15:00+05:30,1.3623,1.3719,1.3719,1.3599,False,True,SL,-1.056662500000009,-1.170987500000011
crypto,30m,True,BNBUSD,long,2026-08-26 20:30:00+05:30,687.96,690.86,690.86,,False,False,,,
crypto,30m,True,LINKUSD,long,2026-08-26 20:30:00+05:30,11.05,11.134,11.134,11.029,False,True,+1R,1.0,0.8939619047619052
crypto,30m,True,BEAT/USDT,long,2026-08-26 21:50:00+05:30,0.1175,0.11843999999999999,0.11843999999999999,,True,False,,,
crypto,30m,True,ZECUSD,long,2026-08-26 22:10:00+05:30,752.25,758.268,758.268,,True,False,,,
crypto,30m,True,BLESSUSD,short,2026-08-27 08:15:00+05:30,0.010262896825396826,0.010345,0.010262896825396826,0.010365525793650793,False,True,SL,-1.0504999999999967,-1.1504999999999979
crypto,30m,True,TACUSD,short,2026-08-27 09:35:00+05:30,0.00525,0.005292,0.00525,0.0053025,True,True,SL,-1.050500000000002,-1.1505000000000027
crypto,30m,True,LTCUSD,long,2026-08-27 11:00:00+05:30,49.25,49.53,49.53,,True,False,,,
crypto,30m,True,BLESSUSD,short,2026-08-27 12:35:00+05:30,0.011046626984126985,0.011135,0.011046626984126985,0.011157093253968254,False,True,BE,0.1129000000000082,0.012900000000007586
crypto,30m,True,BTCUSD,short,2026-08-27 13:30:00+05:30,79471.5,79548.0,79471.5,,False,False,,,
crypto,30m,True,SOLUSD,short,2026-08-27 13:30:00+05:30,102.732,103.172,102.732,103.282,True,True,SL,-1.0938927272727343,-1.2806781818181898
crypto,30m,True,AAVEUSD,short,2026-08-27 13:35:00+05:30,128.6,129.23,128.6,129.3875,False,True,SL,-1.0821507936507988,-1.2454523809523872
crypto,30m,True,ETHUSD,short,2026-08-27 13:55:00+05:30,2534.8,2549.0,2534.8,2552.55,False,True,BE,0.16122756056339171,0.018421926760574803
crypto,30m,True,LINKUSD,short,2026-08-27 15:00:00+05:30,11.935,11.943,11.935,,True,False,,,
crypto,30m,True,HYPEUSD,short,2026-08-27 15:10:00+05:30,83.31,83.81,83.31,83.935,True,True,data_quality_ambiguous,,
crypto,30m,True,VELVETUSD,long,2026-08-27 15:25:00+05:30,0.1078,0.1086624,0.1086624,0.10758440000000001,False,True,+1R,1.0,0.8991999999999996
crypto,30m,True,HYPEUSD,short,2026-08-27 19:50:00+05:30,83.31,83.81,83.31,,True,False,,,
crypto,30m,True,TRUMP/USDT,short,2026-08-27 20:05:00+05:30,2.558,2.572,2.558,2.5755,False,True,SL,-1.0735857142857095,-1.2197571428571374
crypto,30m,True,BEAT/USDT,long,2026-08-27 20:30:00+05:30,0.1174,0.1183392,0.1183392,0.1171652,True,True,+1R,1.0,0.8992000000000007
crypto,30m,True,ZECUSD,short,2026-08-27 22:10:00+05:30,817.51,818.46,817.51,,True,False,,,
crypto,30m,True,AKE/USDT,short,2026-08-27 22:35:00+05:30,0.008646329365079364,0.0087155,0.008646329365079364,0.008732792658730159,False,True,data_quality_ambiguous,,
crypto,30m,True,VELVETUSD,short,2026-08-27 22:35:00+05:30,0.1154,0.1163,0.1154,0.116525,False,True,+2R,2.0,1.8974222222222223
crypto,30m,True,BTCUSD,short,2026-08-27 22:45:00+05:30,80989.5,81268.0,80989.5,,False,False,,,
crypto,30m,True,BEAT/USDT,long,2026-08-28 08:00:00+05:30,0.1169,0.1178352,0.1178352,,True,False,,,
crypto,30m,True,DOGEUSD,long,2026-08-28 08:00:00+05:30,0.08727,0.0877,0.0877,0.0871625,False,True,BE,0.18421079069768678,0.021048000000011224
crypto,30m,True,ETHUSD,long,2026-08-28 08:00:00+05:30,2480.55,2484.0,2484.0,,False,False,,,
crypto,30m,True,RIVERUSD,long,2026-08-28 08:00:00+05:30,1.724,1.737792,1.737792,1.720552,False,True,SL,-1.049900000000003,-1.1507000000000034
crypto,30m,True,HUSD,short,2026-08-28 08:10:00+05:30,0.07409,0.07442,0.07409,,False,False,,,
crypto,30m,True,VELVETUSD,long,2026-08-28 08:15:00+05:30,0.1054,0.1057,0.1057,0.10532499999999999,True,True,SL,-1.1404333333333139,-1.42229999999997
crypto,30m,True,BTCUSD,long,2026-08-28 14:30:00+05:30,78887.0,79255.0,79255.0,78795.0,False,True,+1R,1.0,0.8277065217391304
crypto,30m,True,HUSD,long,2026-08-28 14:50:00+05:30,0.07065,0.07119,0.07119,,True,False,,,
crypto,30m,True,DOGEUSD,long,2026-08-28 15:05:00+05:30,0.0863,0.08657,0.08657,0.0862325,False,True,SL,-1.1277518518518632,-1.384255555555574
crypto,30m,True,AAVEUSD,long,2026-08-28 15:30:00+05:30,123.91,124.25,124.25,123.82499999999999,False,True,+1R,1.0,0.7076470588235372
crypto,30m,True,ZORAUSD,short,2026-08-28 15:30:00+05:30,0.006458998073200781,0.00646,0.006458998073200781,,False,False,,,
crypto,30m,True,AVAXUSD,long,2026-08-28 15:35:00+05:30,7.2958,7.314,7.314,,False,False,,,
crypto,30m,True,XRPUSD,long,2026-08-28 15:35:00+05:30,1.3939,1.4014,1.4014,,False,False,,,
crypto,30m,True,BTCUSD,long,2026-08-28 18:30:00+05:30,78887.0,79255.0,79255.0,,False,False,,,
crypto,30m,True,BCHUSD,long,2026-08-28 18:55:00+05:30,258.11,259.38,259.38,257.7925,True,True,SL,-1.0811944881889934,-1.2445834645669485
crypto,30m,True,BNBUSD,long,2026-08-28 19:30:00+05:30,700.81,701.17,701.17,,False,False,,,
crypto,30m,True,ETHUSD,short,2026-08-28 19:30:00+05:30,2527.85,2534.25,2527.85,,False,False,,,
crypto,30m,True,ZECUSD,long,2026-08-28 19:30:00+05:30,773.73,777.45,777.45,772.8,False,True,+2R,2.0,1.8328064516129066
crypto,30m,True,AVAXUSD,long,2026-08-28 19:35:00+05:30,7.2958,7.314,7.314,7.29125,False,True,+2R,2.0,1.6785054945054982
crypto,30m,True,XRPUSD,long,2026-08-28 19:35:00+05:30,1.3939,1.4014,1.4014,1.3920249999999998,False,True,SL,-1.0742413333333274,-1.2237239999999918
crypto,30m,True,TACUSD,long,2026-08-28 20:20:00+05:30,0.002419,0.002438352,0.002438352,0.002414162,False,True,+2R,2.0,1.8991999999999996
crypto,30m,True,VELVETUSD,long,2026-08-28 21:05:00+05:30,0.1033,0.10412640000000001,0.10412640000000001,0.1030934,True,True,BE,0.11380319999999818,0.013003199999998757
crypto,30m,True,BEAT/USDT,short,2026-08-28 21:10:00+05:30,0.1276,0.1286,0.1276,,False,False,,,
crypto,30m,True,BTCUSD,long,2026-08-28 21:30:00+05:30,77609.0,77770.0,77770.0,77568.75,True,True,SL,-1.1927173913043623,-1.5791521739130578
crypto,30m,True,AAVEUSD,long,2026-08-28 21:45:00+05:30,121.15,121.31,121.31,,False,False,,,
crypto,30m,True,BNBUSD,long,2026-08-28 21:45:00+05:30,687.96,690.86,690.86,687.235,False,True,SL,-1.0947910344827725,-1.2853731034482898
crypto,30m,True,HYPEUSD,long,2026-08-28 21:45:00+05:30,80.49,80.52,80.52,,False,False,,,
crypto,30m,True,BTCUSD,long,2026-08-28 21:50:00+05:30,76658.5,76898.0,76898.0,76598.625,False,True,+2R,2.0,1.7431382045929018
crypto,30m,True,ETHUSD,long,2026-08-28 21:50:00+05:30,2412.7,2431.25,2431.25,2408.0625,True,True,SL,-1.051925876010775,-1.1567776280323383
crypto,30m,True,AVAXUSD,long,2026-08-28 21:55:00+05:30,7.164,7.196,7.196,,True,False,,,
crypto,30m,True,ETHUSD,long,2026-08-28 21:55:00+05:30,2388.15,2407.2552,2407.2552,,False,False,,,
crypto,30m,True,HYPEUSD,long,2026-08-28 23:50:00+05:30,79.5,79.67,79.67,79.4575,False,True,SL,-1.1869588235293822,-1.5618764705881958
crypto,30m,True,XRPUSD,long,2026-08-29 00:05:00+05:30,1.3581,1.368,1.368,1.355625,True,True,+1R,1.0,0.8894545454545457
crypto,30m,True,HYPEUSD,long,2026-08-29 00:20:00+05:30,78.42,78.42908445531775,78.42908445531775,,False,False,,,
crypto,30m,True,AKE/USDT,short,2026-08-29 00:55:00+05:30,0.009281,0.0093318,0.009281,0.009344499999999999,False,True,+2R,2.0,1.8538425196850379
crypto,30m,True,AKE/USDT,short,2026-08-29 09:25:00+05:30,0.011622420634920635,0.0117154,0.011622420634920635,0.011738644841269841,False,True,data_quality_ambiguous,,
crypto,30m,True,TRUMP/USDT,short,2026-08-29 09:40:00+05:30,2.9166666666666665,2.94,2.9166666666666665,2.9458333333333333,True,True,BE,0.1128999999999988,0.012899999999999204
crypto,30m,True,RIVERUSD,long,2026-08-29 10:00:00+05:30,1.51,1.52208,1.52208,,False,False,,,
crypto,30m,True,BEAT/USDT,short,2026-08-29 11:10:00+05:30,0.1479,0.1485,0.1479,0.14865,False,True,SL,-1.0990999999999815,-1.2962999999999814
crypto,30m,True,TACUSD,long,2026-08-29 11:20:00+05:30,0.002232,0.002244,0.002244,0.002229,False,True,+2R,2.0,1.8503999999999983
crypto,30m,True,BNBUSD,long,2026-08-29 11:30:00+05:30,685.23,687.85,687.85,684.575,True,True,BE,0.23712447328245143,0.027093938931304906
crypto,30m,True,BLESSUSD,short,2026-08-29 11:55:00+05:30,0.012678571428571428,0.01278,0.012678571428571428,0.012805357142857143,False,True,+1R,1.0,0.9000000000000004
crypto,30m,True,UNIUSD,long,2026-08-29 13:30:00+05:30,4.351,4.371,4.371,4.346,False,True,BE,0.19739435999997998,0.022554359999982426
crypto,30m,True,SOLUSD,long,2026-08-29 13:35:00+05:30,102.308,103.111,103.111,,False,False,,,
crypto,30m,True,BNBUSD,long,2026-08-29 15:30:00+05:30,685.23,687.85,687.85,,True,False,,,
crypto,30m,True,BTCUSD,long,2026-08-29 15:35:00+05:30,77218.5,77348.0,77348.0,,False,False,,,
crypto,30m,True,VELVETUSD,short,2026-08-29 19:05:00+05:30,0.1154,0.1163,0.1154,0.116525,False,True,SL,-1.0517888888888915,-1.1543666666666692
crypto,30m,True,AVAXUSD,short,2026-08-29 19:45:00+05:30,7.333568228011525,7.334,7.333568228011525,,False,False,,,
crypto,30m,True,DOGEUSD,short,2026-08-29 19:50:00+05:30,0.08539,0.08549,0.08539,,False,False,,,
crypto,30m,True,SOLUSD,short,2026-08-29 19:50:00+05:30,104.413,104.5647,104.413,,False,False,,,
crypto,30m,True,BTCUSD,short,2026-08-29 19:55:00+05:30,77880.5,77926.5,77880.5,,False,False,,,
crypto,30m,True,ZECUSD,short,2026-08-29 20:05:00+05:30,821.81,824.3,821.81,824.9224999999999,False,True,SL,-1.132517670682726,-1.3965530120481917
crypto,30m,True,ETHUSD,short,2026-08-29 20:10:00+05:30,2444.55,2447.05,2444.55,,False,False,,,
crypto,30m,True,LINKUSD,short,2026-08-29 20:10:00+05:30,11.470142156296413,11.471,11.470142156296413,,False,False,,,
crypto,30m,True,BNBUSD,short,2026-08-29 20:15:00+05:30,692.1730624621258,692.2,692.1730624621258,,False,False,,,
crypto,30m,True,ZECUSD,short,2026-08-29 20:15:00+05:30,830.19,835.17,830.19,836.415,True,True,SL,-1.0671819277108434,-1.2005457831325321
crypto,30m,True,UNIUSD,short,2026-08-30 08:15:00+05:30,4.841,4.844,4.841,,True,False,,,
crypto,30m,True,HUSD,long,2026-08-30 08:45:00+05:30,0.07588,0.07631,0.07631,0.0757725,False,True,SL,-1.0704860465116168,-1.2124581395348737
crypto,30m,True,LINKUSD,long,2026-08-30 10:15:00+05:30,11.263,11.32,11.32,,False,False,,,
crypto,30m,True,AKE/USDT,long,2026-08-30 10:40:00+05:30,0.00785,0.0078959,0.0078959,0.007838524999999999,False,True,+2R,2.0,1.8623808278867147
crypto,30m,True,XRPUSD,short,2026-08-30 11:50:00+05:30,1.4013,1.4035,1.4013,,False,False,,,
crypto,30m,True,AVAXUSD,short,2026-08-30 12:10:00+05:30,7.36,7.372,7.36,,True,False,,,
crypto,30m,True,LINKUSD,short,2026-08-30 12:10:00+05:30,11.465,11.479,11.465,,True,False,,,
crypto,30m,True,TACUSD,long,2026-08-30 13:30:00+05:30,0.002225,0.0022428,0.0022428,,True,False,,,
crypto,30m,True,BLESSUSD,long,2026-08-30 13:35:00+05:30,0.01082,0.01090656,0.01090656,,False,False,,,
crypto,30m,True,DOGEUSD,long,2026-08-30 14:10:00+05:30,0.08387,0.08442,0.08442,,False,False,,,
crypto,30m,True,ZORAUSD,short,2026-08-30 14:50:00+05:30,0.00667,0.00672,0.00667,0.006732500000000001,True,True,SL,-1.053860000000002,-1.1605800000000004
crypto,30m,True,LINKUSD,long,2026-08-30 14:55:00+05:30,11.263,11.32,11.32,,False,False,,,
crypto,30m,True,ZORAUSD,short,2026-08-30 15:30:00+05:30,0.007018648708710357,0.00702,0.007018648708710357,,False,False,,,
crypto,30m,True,TRUMP/USDT,long,2026-08-30 15:40:00+05:30,2.521,2.529,2.529,2.519,False,True,SL,-1.1259500000000218,-1.3788500000000272
crypto,30m,True,LTCUSD,short,2026-08-30 15:55:00+05:30,49.32,49.36,49.32,,False,False,,,
crypto,30m,True,ZORAUSD,short,2026-08-30 15:55:00+05:30,0.00714841178553921,0.00715,0.00714841178553921,,False,False,,,
crypto,30m,True,ZECUSD,short,2026-08-30 16:25:00+05:30,843.76,850.0,843.76,851.56,True,True,SL,-1.054587179487184,-1.1627615384615435
crypto,30m,True,AAVEUSD,short,2026-08-30 17:30:00+05:30,127.05,127.18,127.05,,True,False,,,
crypto,30m,True,LINKUSD,short,2026-08-30 17:35:00+05:30,11.465,11.479,11.465,,True,False,,,
crypto,30m,True,SOLUSD,short,2026-08-30 17:35:00+05:30,105.763,105.863,105.763,,False,False,,,
crypto,30m,True,BCHUSD,short,2026-08-30 17:40:00+05:30,248.91,249.01,248.91,,False,False,,,
crypto,30m,True,DOGEUSD,short,2026-08-30 17:40:00+05:30,0.08565,0.08577,0.08565,,True,False,,,
crypto,30m,True,AKE/USDT,short,2026-08-30 17:45:00+05:30,0.0083184,0.0083674,0.0083184,0.00837965,False,True,data_quality_ambiguous,,
crypto,30m,True,BLESSUSD,long,2026-08-30 17:55:00+05:30,0.01082,0.01090656,0.01090656,0.01079836,False,True,BE,0.11380319999999597,0.013003199999995302
crypto,30m,True,SOLUSD,short,2026-08-30 19:00:00+05:30,107.0873015873016,107.944,107.0873015873016,108.1581746031746,False,True,+1R,1.0,0.8999999999999989
crypto,30m,True,AVAXUSD,short,2026-08-30 19:10:00+05:30,7.436,7.466,7.436,7.4735000000000005,False,True,BE,0.22387317333332782,0.025579839999997273
crypto,30m,True,ZECUSD,short,2026-08-30 20:35:00+05:30,864.8809523809523,871.8,864.8809523809523,873.5297619047619,False,True,SL,-1.0505000000000027,-1.1505000000000014
crypto,30m,True,ETHUSD,short,2026-08-30 22:05:00+05:30,2527.85,2534.25,2527.85,2535.85,False,True,BE,0.35674283125001693,0.04076158125001694
crypto,30m,True,ZECUSD,short,2026-08-30 22:15:00+05:30,881.4484126984127,888.5,881.4484126984127,890.2628968253969,False,True,+2R,2.0,1.900000000000001
crypto,30m,True,BTCUSD,short,2026-08-30 22:25:00+05:30,79526.5,79816.0,79526.5,,False,False,,,
crypto,30m,True,XRPUSD,short,2026-08-30 23:55:00+05:30,1.4317,1.441,1.4317,1.4433250000000002,False,True,+2R,2.0,1.8768430107526906
crypto,30m,True,AAVEUSD,long,2026-08-31 08:20:00+05:30,120.0,120.96000000000001,120.96000000000001,,True,False,,,
crypto,30m,True,AKE/USDT,long,2026-08-31 12:50:00+05:30,0.0077387,0.0078006096,0.0078006096,0.0077232226,False,True,BE,0.11380319999999479,0.013003199999994705
crypto,30m,True,BLESSUSD,short,2026-08-31 16:10:00+05:30,0.012678571428571428,0.01278,0.012678571428571428,0.012805357142857143,False,True,SL,-1.0505000000000035,-1.1505000000000032
crypto,30m,True,BEAT/USDT,long,2026-08-31 16:35:00+05:30,0.1213,0.1219,0.1219,0.12115000000000001,True,True,SL,-1.080766666666659,-1.2432999999999952
crypto,30m,True,BTCUSD,long,2026-08-31 18:10:00+05:30,76966.5,77532.0,77532.0,,True,False,,,
crypto,30m,True,BLESSUSD,long,2026-08-31 18:30:00+05:30,0.010815,0.0109,0.0109,0.01079375,True,True,SL,-1.050794117647066,-1.1533823529411833
crypto,30m,True,HUSD,long,2026-08-31 20:35:00+05:30,0.0723,0.07278,0.07278,,False,False,,,
crypto,30m,True,HYPEUSD,short,2026-08-31 22:10:00+05:30,83.95,84.07,83.95,,False,False,,,
crypto,30m,True,HYPEUSD,short,2026-08-31 22:15:00+05:30,84.83,85.13,84.83,,False,False,,,
crypto,30m,True,BTCUSD,short,2026-09-01 00:10:00+05:30,79313.0,79386.5,79313.0,,False,False,,,
crypto,30m,True,AKE/USDT,short,2026-09-01 08:30:00+05:30,0.008736805555555557,0.0088067,0.008736805555555557,0.00882417361111111,True,True,data_quality_ambiguous,,
crypto,30m,True,BLESSUSD,long,2026-09-01 09:50:00+05:30,0.009335,0.00936,0.00936,0.00932875,False,True,+2R,2.0,1.7004800000000002
crypto,30m,True,UNIUSD,short,2026-09-01 11:05:00+05:30,5.473,5.493,5.473,5.498,False,True,SL,-1.1099599999999852,-1.328879999999982
crypto,30m,True,BTCUSD,short,2026-09-01 11:10:00+05:30,79313.0,79386.5,79313.0,,False,False,,,
crypto,30m,True,RIVERUSD,long,2026-09-01 11:35:00+05:30,1.364,1.3749120000000001,1.3749120000000001,1.361272,False,True,SL,-1.0499000000000005,-1.1506999999999998
crypto,30m,True,TRUMP/USDT,long,2026-09-01 12:25:00+05:30,2.348,2.356,2.356,2.346,False,True,BE,0.26599240000000923,0.030392400000004205
crypto,30m,True,SOLUSD,long,2026-09-01 13:40:00+05:30,102.161,102.372,102.372,102.10825,False,True,SL,-1.1935701421800677,-1.5817104265402548
crypto,30m,True,HUSD,short,2026-09-01 13:50:00+05:30,0.0737,0.07412,0.0737,0.07422500000000001,False,True,BE,0.1584900952380896,0.018109142857140298
crypto,30m,True,BNBUSD,long,2026-09-01 13:55:00+05:30,684.22,685.19,685.19,,False,False,,,
crypto,30m,True,BTCUSD,long,2026-09-01 13:55:00+05:30,77673.5,77842.0,77842.0,77631.375,False,True,BE,0.41725159881309015,0.047675337685493646
crypto,30m,True,VELVETUSD,long,2026-09-01 13:55:00+05:30,0.091,0.0914,0.0914,0.0909,False,True,BE,0.20638119999999407,0.02358119999999425
crypto,30m,True,XRPUSD,long,2026-09-01 13:55:00+05:30,1.3581,1.3625,1.3625,1.3570000000000002,False,True,+1R,1.0,0.75227272727272
crypto,30m,True,DOGEUSD,long,2026-09-01 14:25:00+05:30,0.08213,0.08225,0.08225,,False,False,,,
crypto,30m,True,LTCUSD,long,2026-09-01 14:30:00+05:30,48.15,48.25,48.25,,False,False,,,
crypto,30m,True,AAVEUSD,short,2026-09-01 17:20:00+05:30,129.13,130.1,129.13,,False,False,,,
crypto,30m,True,BNBUSD,long,2026-09-01 17:55:00+05:30,684.22,685.19,685.19,,False,False,,,
crypto,30m,True,BTCUSD,long,2026-09-01 17:55:00+05:30,77673.5,77842.0,77842.0,,False,False,,,
crypto,30m,True,BEAT/USDT,short,2026-09-01 18:20:00+05:30,0.1272,0.1282,0.1272,0.12845,False,True,+2R,2.0,1.8982400000000001
crypto,30m,True,DOGEUSD,long,2026-09-01 18:30:00+05:30,0.08213,0.08225,0.08225,,False,False,,,
crypto,30m,True,XRPUSD,long,2026-09-01 18:30:00+05:30,1.3581,1.3625,1.3625,,False,False,,,
crypto,30m,True,BNBUSD,long,2026-09-01 18:35:00+05:30,676.74,682.13,682.13,,False,False,,,
crypto,30m,True,BTCUSD,long,2026-09-01 18:35:00+05:30,76966.5,77532.0,77532.0,76825.125,True,True,+1R,1.0,0.8903172413793103
crypto,30m,True,SOLUSD,long,2026-09-01 20:35:00+05:30,100.343,101.108,101.108,100.15175,True,True,SL,-1.05236692810458,-1.1581007843137305
crypto,30m,True,LTCUSD,short,2026-09-01 21:20:00+05:30,50.09,50.16,50.09,,True,False,,,
crypto,30m,True,HUSD,long,2026-09-01 22:20:00+05:30,0.07065,0.07119,0.07119,0.07051500000000001,True,True,BE,0.11907186666666052,0.013605199999993073
crypto,30m,True,TRUMP/USDT,long,2026-09-01 23:15:00+05:30,2.279,2.2972319999999997,2.2972319999999997,2.274442,False,True,SL,-1.0499000000000018,-1.1507000000000034
crypto,30m,True,BNBUSD,long,2026-09-01 23:25:00+05:30,676.74,682.13,682.13,675.3925,False,True,SL,-1.0501218923933244,-1.151365677179967
crypto,30m,True,ETHUSD,long,2026-09-01 23:35:00+05:30,2385.0,2404.08,2404.08,2380.23,True,True,BE,0.11380319999999636,0.013003199999995968
crypto,30m,True,VELVETUSD,short,2026-09-01 23:40:00+05:30,0.0958,0.0965,0.0958,0.09667500000000001,False,True,+1R,1.0,0.8905142857142876
crypto,30m,True,DOGEUSD,long,2026-09-01 23:45:00+05:30,0.08089,0.0815,0.0815,0.0807375,True,True,BE,0.12067344262295308,0.013788196721313623
crypto,30m,True,BTCUSD,long,2026-09-01 23:50:00+05:30,76658.5,76898.0,76898.0,76598.625,False,True,BE,0.2899969670146272,0.0331351716075291
crypto,30m,True,LINKUSD,long,2026-09-01 23:55:00+05:30,11.169,11.19,11.19,11.16375,False,True,SL,-1.2126428571428916,-1.6389285714286186
crypto,30m,True,XRPUSD,long,2026-09-01 23:55:00+05:30,1.3356,1.3434,1.3434,1.33365,True,True,+2R,2.0,1.8622153846153835
crypto,30m,True,ZECUSD,long,2026-09-01 23:55:00+05:30,817.51,818.99,818.99,,False,False,,,
crypto,30m,True,AVAXUSD,long,2026-09-02 00:05:00+05:30,7.134,7.148,7.148,7.1305000000000005,False,True,+2R,2.0,1.591542857142838
crypto,30m,True,BCHUSD,long,2026-09-02 00:05:00+05:30,244.19,244.20453445606574,244.20453445606574,,False,False,,,
crypto,30m,True,LINKUSD,long,2026-09-02 00:10:00+05:30,11.0,11.078,11.078,10.9805,True,True,+1R,1.0,0.8863794871794873
crypto,30m,True,HYPEUSD,long,2026-09-02 00:15:00+05:30,80.53,80.6,80.6,,False,False,,,
crypto,30m,True,AAVEUSD,short,2026-09-02 08:35:00+05:30,129.13,130.1,129.13,130.3425,False,True,SL,-1.0537494845360753,-1.1602484536082398
crypto,30m,True,AAVEUSD,short,2026-09-02 09:30:00+05:30,131.32,131.62,131.32,131.695,True,True,data_quality_ambiguous,,
crypto,30m,True,AKE/USDT,long,2026-09-02 14:15:00+05:30,0.00829,0.0083074,0.0083074,0.00828565,False,True,data_quality_ambiguous,,
crypto,30m,True,ZECUSD,long,2026-09-02 14:25:00+05:30,817.51,818.99,818.99,817.14,False,True,SL,-1.2208486486486754,-1.6635459459459672
crypto,30m,True,HUSD,short,2026-09-02 14:40:00+05:30,0.0737,0.07412,0.0737,0.07422500000000001,False,True,+1R,1.0,0.8596190476190507
crypto,30m,True,ETHUSD,long,2026-09-02 14:50:00+05:30,2355.65,2372.55,2372.55,2351.425,True,True,+2R,2.0,1.8876899408284022
crypto,30m,True,ZECUSD,long,2026-09-02 15:05:00+05:30,806.75,809.92,809.92,805.9575,False,True,SL,-1.101698107255518,-1.3060943217665604
crypto,30m,True,AVAXUSD,long,2026-09-02 15:15:00+05:30,7.01,7.0660799999999995,7.0660799999999995,6.995979999999999,False,True,+1R,1.0,0.8992000000000001
crypto,30m,True,AAVEUSD,long,2026-09-02 15:35:00+05:30,124.73,125.66,125.66,,False,False,,,
crypto,30m,True,ZECUSD,long,2026-09-02 16:40:00+05:30,789.87,792.46,792.46,789.2225,False,True,SL,-1.12188764478765,-1.3666629343629344
crypto,30m,True,HYPEUSD,long,2026-09-02 16:50:00+05:30,80.53,80.6,80.6,,False,False,,,
crypto,30m,True,TACUSD,short,2026-09-02 18:05:00+05:30,0.0023581349206349207,0.002377,0.0023581349206349207,0.00238171626984127,False,True,SL,-1.0505000000000002,-1.1505000000000005
crypto,30m,True,HUSD,short,2026-09-02 18:45:00+05:30,0.07639,0.07645,0.07639,,False,False,,,
crypto,30m,True,AKE/USDT,short,2026-09-02 19:00:00+05:30,0.0090179,0.0090358,0.0090179,0.009040275,True,True,SL,-1.2020173184357623,-1.6050519553072737
crypto,30m,True,HUSD,short,2026-09-02 19:55:00+05:30,0.07768,0.07823,0.07768,0.07836749999999999,False,True,+1R,1.0,0.8870109090909081
crypto,30m,True,AKE/USDT,long,2026-09-02 20:00:00+05:30,0.0075393,0.0075996143999999995,0.0075996143999999995,,True,False,,,
crypto,30m,True,BCHUSD,long,2026-09-02 20:30:00+05:30,239.8,241.7184,241.7184,,True,False,,,
crypto,30m,True,HUSD,short,2026-09-02 21:10:00+05:30,0.07977,0.08028,0.07977,,False,False,,,
crypto,30m,True,VELVETUSD,short,2026-09-02 21:30:00+05:30,0.0958,0.0965,0.0958,0.09667500000000001,False,True,+1R,1.0,0.8905142857142876
crypto,30m,True,AKE/USDT,short,2026-09-02 22:00:00+05:30,0.012103174603174604,0.0122,0.012103174603174604,0.01222420634920635,True,True,data_quality_ambiguous,,
crypto,30m,True,AKE/USDT,short,2026-09-02 23:50:00+05:30,0.01604126984126984,0.0161696,0.01604126984126984,0.01620168253968254,False,True,data_quality_ambiguous,,
crypto,30m,True,AVAXUSD,short,2026-09-03 08:00:00+05:30,7.263610339235566,7.264,7.263610339235566,,False,False,,,
crypto,30m,True,BNBUSD,short,2026-09-03 08:00:00+05:30,694.19,694.61,694.19,,False,False,,,
crypto,30m,True,BTCUSD,short,2026-09-03 08:00:00+05:30,77715.0,77773.0,77715.0,,False,False,,,
crypto,30m,True,ETHUSD,short,2026-09-03 08:00:00+05:30,2403.3,2419.25,2403.3,2423.2375,False,True,+1R,1.0,0.8794583072100314
crypto,30m,True,HUSD,short,2026-09-03 08:00:00+05:30,0.07977,0.08028,0.07977,0.0804075,False,True,BE,0.14127110588235392,0.016141694117650596
crypto,30m,True,SOLUSD,short,2026-09-03 08:00:00+05:30,100.591,100.722,100.591,,False,False,,,
crypto,30m,True,HUSD,short,2026-09-03 09:35:00+05:30,0.08102,0.08117,0.08102,0.08120750000000002,False,True,SL,-1.216553333333345,-1.6486599999999632
crypto,30m,True,LTCUSD,short,2026-09-03 10:20:00+05:30,50.44,50.57,50.44,50.6025,False,True,+2R,2.0,1.6896000000000027
crypto,30m,True,BCHUSD,short,2026-09-03 10:25:00+05:30,249.61,250.31,249.61,250.485,False,True,+1R,1.0,0.7147314285714286
crypto,30m,True,AVAXUSD,short,2026-09-03 12:30:00+05:30,7.334,7.364,7.334,7.3715,False,True,+2R,2.0,1.8044266666666695
crypto,30m,True,BTCUSD,short,2026-09-03 12:30:00+05:30,78221.5,78404.0,78221.5,,False,False,,,
crypto,30m,True,DOGEUSD,short,2026-09-03 12:30:00+05:30,0.08358,0.08404,0.08358,0.08415500000000001,False,True,BE,0.16410751304347582,0.018750991304346903
crypto,30m,True,ETHUSD,short,2026-09-03 12:30:00+05:30,2421.45,2428.05,2421.45,,False,False,,,
crypto,30m,True,LINKUSD,short,2026-09-03 12:35:00+05:30,11.293,11.304,11.293,,False,False,,,
crypto,30m,True,BCHUSD,short,2026-09-03 12:50:00+05:30,251.28,252.0,251.28,252.18,False,True,SL,-1.1401000000000046,-1.419300000000003
crypto,30m,True,ETHUSD,short,2026-09-03 13:00:00+05:30,2403.3,2419.25,2403.3,,False,False,,,
crypto,30m,True,BNBUSD,short,2026-09-03 13:50:00+05:30,703.2,703.65,703.2,,False,False,,,
crypto,30m,True,LTCUSD,short,2026-09-03 13:55:00+05:30,50.88650158951395,50.89,50.88650158951395,,False,False,,,
crypto,30m,True,HUSD,short,2026-09-03 14:35:00+05:30,0.08799,0.08842,0.08799,,False,False,,,
crypto,30m,True,TRUMP/USDT,short,2026-09-03 16:45:00+05:30,2.303,2.317,2.303,2.3205,False,True,SL,-1.0662999999999918,-1.1978999999999913
crypto,30m,True,ZECUSD,short,2026-09-03 16:45:00+05:30,840.52,842.64,840.52,843.17,False,True,SL,-1.1590886792453032,-1.476266037735872
crypto,30m,True,LINKUSD,short,2026-09-03 16:55:00+05:30,11.293,11.304,11.293,,False,False,,,
crypto,30m,True,BTCUSD,short,2026-09-03 17:40:00+05:30,78221.5,78404.0,78221.5,78449.625,False,True,SL,-1.1719443835616623,-1.51483315068495
crypto,30m,True,AVAXUSD,short,2026-09-03 18:00:00+05:30,7.334,7.364,7.334,,False,False,,,
crypto,30m,True,ETHUSD,short,2026-09-03 18:00:00+05:30,2421.45,2428.05,2421.45,2429.7000000000003,False,True,BE,0.3313717636363694,0.03786267272729471
crypto,30m,True,XRPUSD,short,2026-09-03 18:40:00+05:30,1.3953,1.3973,1.3953,,False,False,,,
crypto,30m,True,UNIUSD,short,2026-09-03 18:45:00+05:30,6.351,6.382,6.351,,True,False,,,
crypto,30m,True,BEAT/USDT,long,2026-09-03 19:30:00+05:30,0.1205,0.1209,0.1209,,True,False,,,
crypto,30m,True,ZECUSD,short,2026-09-03 19:40:00+05:30,865.77,871.08,865.77,872.4075,False,True,+1R,1.0,0.8695638418079106
crypto,30m,True,LINKUSD,short,2026-09-03 19:45:00+05:30,11.509,11.519,11.509,,False,False,,,
crypto,30m,True,BTCUSD,short,2026-09-03 19:50:00+05:30,79313.0,79386.5,79313.0,,False,False,,,
crypto,30m,True,BTCUSD,short,2026-09-03 19:55:00+05:30,79526.5,79816.0,79526.5,79888.375,False,True,SL,-1.1103811744387007,-1.3301435233160754
crypto,30m,True,BCHUSD,short,2026-09-03 20:00:00+05:30,254.9,255.42,254.9,255.54999999999998,True,True,SL,-1.1965769230769514,-1.5887307692308112
crypto,30m,True,BNBUSD,short,2026-09-03 20:00:00+05:30,718.75,718.79,718.75,,True,False,,,
crypto,30m,True,AVAXUSD,short,2026-09-03 20:15:00+05:30,7.45,7.474,7.45,7.48,True,True,SL,-1.1246666666666534,-1.3729999999999847
crypto,30m,True,DOGEUSD,short,2026-09-03 20:15:00+05:30,0.08642,0.08657,0.08642,0.08660749999999999,True,True,SL,-1.2309533333333476,-1.6918600000000308
crypto,30m,True,ETHUSD,short,2026-09-03 20:15:00+05:30,2484.3,2488.75,2484.3,2489.8625,False,True,SL,-1.223807865168505,-1.6704235955055835
crypto,30m,True,HYPEUSD,short,2026-09-03 20:15:00+05:30,83.96,84.46,83.96,84.585,False,True,BE,0.15166534400000273,0.017329344000002744
crypto,30m,True,XRPUSD,short,2026-09-03 20:15:00+05:30,1.4317,1.441,1.4317,1.4433250000000002,False,True,SL,-1.0620784946236497,-1.1852354838709591
crypto,30m,True,LINKUSD,short,2026-09-03 20:20:00+05:30,11.752,11.771,11.752,11.77575,True,True,SL,-1.2479105263158292,-1.742731578947414
crypto,30m,True,DOGEUSD,short,2026-09-03 20:25:00+05:30,0.0878,0.0881,0.0878,0.088175,False,True,SL,-1.117566666666661,-1.3516999999999941
crypto,30m,True,SOLUSD,short,2026-09-03 20:25:00+05:30,104.473,105.025,104.473,105.16300000000001,False,True,SL,-1.0762050724637702,-1.2276152173913037
crypto,30m,True,BNBUSD,short,2026-09-03 20:30:00+05:30,725.45,726.22,725.45,,True,False,,,
crypto,30m,True,LINKUSD,short,2026-09-03 20:30:00+05:30,11.879,11.881,11.879,,False,False,,,
crypto,30m,True,XRPUSD,short,2026-09-03 20:30:00+05:30,1.4701,1.4745,1.4701,,False,False,,,
crypto,30m,True,ZECUSD,short,2026-09-03 20:50:00+05:30,887.91,888.88,887.91,,True,False,,,
crypto,30m,True,BTCUSD,short,2026-09-03 21:10:00+05:30,81108.5,81442.5,81108.5,81526.0,True,True,BE,0.21933292574848712,0.025061069461061958
crypto,30m,True,RIVERUSD,short,2026-09-03 21:20:00+05:30,1.31,1.315,1.31,1.31625,False,True,SL,-1.1052999999999948,-1.3148999999999993
crypto,30m,True,DOGEUSD,short,2026-09-03 22:00:00+05:30,0.09004,0.09038,0.09004,0.090465,True,True,+2R,2.0,1.7881411764705926
crypto,30m,True,TRUMP/USDT,short,2026-09-03 22:05:00+05:30,2.455,2.473,2.455,2.4775,False,True,SL,-1.0550555555555636,-1.164166666666675
crypto,30m,True,BLESSUSD,short,2026-09-03 23:25:00+05:30,0.008765,0.008785,0.008765,0.00879,False,True,+2R,2.0,1.6493999999999858
crypto,30m,True,AVAXUSD,short,2026-09-04 00:30:00+05:30,7.578,7.598,7.578,,False,False,,,
crypto,30m,True,ETHUSD,short,2026-09-04 00:30:00+05:30,2528.35,2534.25,2528.35,2535.725,True,True,+2R,2.0,1.6571728813559323
crypto,30m,True,XRPUSD,short,2026-09-04 00:30:00+05:30,1.4701,1.4745,1.4701,1.4756,False,True,+1R,1.0,0.7327090909090939
crypto,30m,True,HYPEUSD,short,2026-09-04 00:35:00+05:30,84.9,85.31,84.9,85.4125,True,True,SL,-1.0833292682926747,-1.2489878048780443
crypto,30m,True,LINKUSD,short,2026-09-04 00:35:00+05:30,11.879,11.881,11.879,,False,False,,,
crypto,30m,True,TACUSD,short,2026-09-04 08:15:00+05:30,0.002418,0.002423,0.002418,0.0024242499999999998,True,True,+2R,2.0,1.6131199999999841
crypto,30m,True,ETHUSD,short,2026-09-04 09:55:00+05:30,2528.35,2534.25,2528.35,,True,False,,,
crypto,30m,True,VELVETUSD,long,2026-09-04 11:10:00+05:30,0.0894,0.09011519999999999,0.09011519999999999,0.0892212,False,True,+2R,2.0,1.8991999999999991
crypto,30m,True,RIVERUSD,long,2026-09-04 11:15:00+05:30,1.248,1.251,1.251,1.24725,False,True,SL,-1.1663000000000079,-1.4999000000000149
crypto,30m,True,RIVERUSD,long,2026-09-04 11:20:00+05:30,1.224,1.233792,1.233792,,False,False,,,
crypto,30m,True,VELVETUSD,long,2026-09-04 12:00:00+05:30,0.0873,0.0877,0.0877,0.0872,True,True,SL,-1.0872000000000095,-1.2626000000000093
crypto,30m,True,TACUSD,short,2026-09-04 13:30:00+05:30,0.002491,0.002509,0.002491,0.0025135,False,True,SL,-1.0558555555555498,-1.1665666666666612
crypto,30m,True,TACUSD,short,2026-09-04 13:30:00+05:30,0.002418,0.002423,0.002418,,True,False,,,
crypto,30m,True,ZORAUSD,short,2026-09-04 13:45:00+05:30,0.00772,0.00778,0.00772,0.007795,False,True,SL,-1.0519666666666647,-1.1548999999999987
crypto,30m,True,ZORAUSD,short,2026-09-04 14:05:00+05:30,0.007946428571428571,0.00801,0.007946428571428571,0.008025892857142856,False,True,SL,-1.0505000000000086,-1.1505000000000094
crypto,30m,True,ETHUSD,short,2026-09-04 14:15:00+05:30,2528.35,2534.25,2528.35,2535.725,True,True,BE,0.3870518169491241,0.04422469830505632
crypto,30m,True,AAVEUSD,short,2026-09-04 14:30:00+05:30,136.32,136.4,136.32,,False,False,,,
crypto,30m,True,AAVEUSD,long,2026-09-04 18:00:00+05:30,131.84,132.5,132.5,131.675,False,True,SL,-1.079803030303015,-1.240409090909078
crypto,30m,True,AVAXUSD,long,2026-09-04 18:00:00+05:30,7.236,7.25,7.25,,False,False,,,
crypto,30m,True,BLESSUSD,long,2026-09-04 18:00:00+05:30,0.008135,0.008137305255979135,0.008137305255979135,,False,False,,,
crypto,30m,True,ETHUSD,long,2026-09-04 18:00:00+05:30,2488.55,2493.25,2493.25,2487.375,False,True,SL,-1.2116914893616768,-1.6360744680850812
crypto,30m,True,RIVERUSD,long,2026-09-04 18:00:00+05:30,1.224,1.233792,1.233792,1.221552,False,True,SL,-1.0499000000000027,-1.1507000000000025
crypto,30m,True,TRUMP/USDT,long,2026-09-04 18:00:00+05:30,2.115,2.13192,2.13192,,True,False,,,
crypto,30m,True,TRUMP/USDT,long,2026-09-04 18:00:00+05:30,2.15,2.156,2.156,,False,False,,,
crypto,30m,True,ZORAUSD,short,2026-09-04 19:15:00+05:30,0.00822,0.00828,0.00822,0.008294999999999999,False,True,SL,-1.0552999999999906,-1.1648999999999925
crypto,30m,True,BEAT/USDT,short,2026-09-04 19:35:00+05:30,0.125,0.1259,0.125,0.12612500000000001,False,True,BE,0.12544444444444797,0.014333333333338319
crypto,30m,True,ZORAUSD,short,2026-09-04 21:40:00+05:30,0.009315476190476192,0.00939,0.009315476190476192,0.009408630952380953,False,True,SL,-1.0504999999999929,-1.1504999999999936
crypto,30m,True,LTCUSD,short,2026-09-05 08:55:00+05:30,52.86,53.05,52.86,53.0975,False,True,+2R,2.0,1.7774315789473658
crypto,30m,True,BEAT/USDT,short,2026-09-05 10:05:00+05:30,0.1271,0.1275,0.1271,0.1276,True,True,+2R,2.0,1.7458000000000002
crypto,30m,True,ETHUSD,long,2026-09-05 10:35:00+05:30,2430.6,2438.9,2438.9,,True,False,,,
crypto,30m,True,HUSD,short,2026-09-05 11:40:00+05:30,0.0838,0.08386,0.0838,,False,False,,,
crypto,30m,True,LTCUSD,short,2026-09-05 11:40:00+05:30,53.75,54.13,53.75,54.225,True,True,BE,0.1277552631578998,0.014597368421058049
crypto,30m,True,BNBUSD,short,2026-09-05 12:05:00+05:30,727.3,729.52,727.3,730.075,False,True,BE,0.2958997117117196,0.033809621621638086
crypto,30m,True,BLESSUSD,short,2026-09-05 12:25:00+05:30,0.00898,0.009005,0.00898,0.009011250000000002,False,True,SL,-1.1441799999999855,-1.4315399999999694
crypto,30m,True,AVAXUSD,short,2026-09-05 13:00:00+05:30,7.528,7.54,7.528,,False,False,,,
crypto,30m,True,TRUMP/USDT,short,2026-09-05 13:05:00+05:30,2.430555555555556,2.45,2.430555555555556,2.454861111111111,False,True,SL,-1.050500000000008,-1.1505000000000087
crypto,30m,True,HUSD,long,2026-09-05 15:10:00+05:30,0.07957,0.07981,0.07981,0.07951,False,True,SL,-1.132516666666671,-1.3985499999999966
crypto,30m,True,AVAXUSD,short,2026-09-05 17:35:00+05:30,7.528,7.54,7.528,,False,False,,,
crypto,30m,True,AVAXUSD,short,2026-09-05 18:10:00+05:30,7.578,7.598,7.578,,False,False,,,
crypto,30m,True,HYPEUSD,short,2026-09-05 18:25:00+05:30,85.36,85.4,85.36,,False,False,,,
crypto,30m,True,DOGEUSD,short,2026-09-05 18:55:00+05:30,0.08804,0.08842,0.08804,0.088515,False,True,data_quality_ambiguous,,
crypto,30m,True,VELVETUSD,short,2026-09-05 21:30:00+05:30,0.09484126984126985,0.0956,0.09484126984126985,0.09578968253968254,False,True,SL,-1.0504999999999975,-1.150499999999999
crypto,30m,True,UNIUSD,short,2026-09-05 21:50:00+05:30,6.471,6.515,6.471,6.526,True,True,SL,-1.0593272727272653,-1.1769818181818115
crypto,30m,True,VELVETUSD,short,2026-09-05 22:05:00+05:30,0.0985,0.0991,0.0985,0.09924999999999999,True,True,SL,-1.0661666666666647,-1.1975000000000005
crypto,30m,True,AVAXUSD,short,2026-09-05 22:20:00+05:30,7.578,7.598,7.578,7.603,False,True,SL,-1.152059999999995,-1.4551800000000015
crypto,30m,True,BCHUSD,short,2026-09-05 22:20:00+05:30,254.18,254.2,254.18,,False,False,,,
crypto,30m,True,HUSD,long,2026-09-05 22:20:00+05:30,0.0773,0.07732,0.07732,,False,False,,,
crypto,30m,True,ZECUSD,short,2026-09-05 22:20:00+05:30,1030.52,1036.58,1030.52,1038.0949999999998,False,True,SL,-1.0685211221122053,-1.204563366336631
crypto,30m,True,LINKUSD,short,2026-09-05 22:35:00+05:30,12.075,12.162,12.075,12.183750000000002,False,True,SL,-1.0560172413793016,-1.16705172413792
crypto,30m,True,SOLUSD,short,2026-09-05 23:00:00+05:30,104.383,104.773,104.383,104.87049999999999,False,True,+2R,2.0,1.7858810256410245
crypto,30m,True,DOGEUSD,short,2026-09-05 23:20:00+05:30,0.09004,0.09038,0.09004,0.090465,True,True,SL,-1.1064294117647175,-1.318288235294125
crypto,30m,True,DOGEUSD,short,2026-09-05 23:25:00+05:30,0.0951,0.09541,0.0951,,False,False,,,
crypto,30m,True,DOGEUSD,short,2026-09-05 23:25:00+05:30,0.09334,0.09347,0.09334,,False,False,,,
crypto,30m,True,LTCUSD,short,2026-09-06 00:00:00+05:30,55.13,55.56,55.13,55.667500000000004,False,True,+2R,2.0,1.897432558139535
crypto,30m,True,BCHUSD,short,2026-09-06 08:00:00+05:30,260.41,261.41,260.41,261.66,False,True,SL,-1.1046640000000025,-1.3129920000000026
crypto,30m,True,SOLUSD,short,2026-09-06 08:00:00+05:30,104.383,104.773,104.383,,False,False,,,
crypto,30m,True,BCHUSD,short,2026-09-06 08:30:00+05:30,265.32,265.92,265.32,,False,False,,,
crypto,30m,True,SOLUSD,short,2026-09-06 09:00:00+05:30,105.48,105.923,105.48,106.03375,False,True,SL,-1.0957415349887096,-1.2862246049661383
crypto,30m,True,SOLUSD,short,2026-09-06 09:05:00+05:30,107.0873015873016,107.944,107.0873015873016,,False,False,,,
crypto,30m,True,RIVERUSD,long,2026-09-06 09:40:00+05:30,1.291,1.301328,1.301328,1.2884179999999998,False,True,SL,-1.049900000000004,-1.1507000000000025
crypto,30m,True,ETHUSD,short,2026-09-06 11:05:00+05:30,2526.5,2546.15,2526.5,,True,False,,,
crypto,30m,True,HUSD,long,2026-09-06 11:55:00+05:30,0.07429,0.07439,0.07439,,False,False,,,
crypto,30m,True,BTCUSD,long,2026-09-06 12:40:00+05:30,79413.0,79467.5,79467.5,,False,False,,,
crypto,30m,True,ZORAUSD,long,2026-09-06 13:50:00+05:30,0.00839,0.00845712,0.00845712,0.00837322,False,True,+2R,2.0,1.8991999999999996
crypto,30m,True,TACUSD,long,2026-09-06 14:50:00+05:30,0.0024,0.002412,0.002412,0.002397,False,True,SL,-1.0799000000000099,-1.240700000000007
crypto,30m,True,SOLUSD,short,2026-09-06 14:55:00+05:30,107.0873015873016,107.944,107.0873015873016,108.1581746031746,False,True,BE,0.11290000000000623,0.012900000000005185
crypto,30m,True,HYPEUSD,short,2026-09-06 15:00:00+05:30,87.76,88.17,87.76,88.27250000000001,True,True,SL,-1.0861195121951097,-1.2573585365853528
crypto,30m,True,BLESSUSD,short,2026-09-06 17:45:00+05:30,0.009699,0.00975,0.009699,0.00976275,True,True,+2R,2.0,1.8478588235294149
crypto,30m,True,BTCUSD,short,2026-09-06 18:30:00+05:30,80046.5,80175.5,80046.5,,False,False,,,
crypto,30m,True,BTCUSD,long,2026-09-06 19:45:00+05:30,79413.0,79467.5,79467.5,,False,False,,,
crypto,30m,True,BTCUSD,short,2026-09-06 23:55:00+05:30,80046.5,80175.5,80046.5,,False,False,,,
crypto,30m,True,LINKUSD,short,2026-09-06 23:55:00+05:30,12.4,12.454,12.4,12.467500000000001,False,True,BE,0.2074014814814791,0.023697777777777512
crypto,30m,True,ETHUSD,short,2026-09-07 08:05:00+05:30,2526.5,2546.15,2526.5,2551.0625,True,True,+2R,2.0,1.8971399491094147
crypto,30m,True,SOLUSD,short,2026-09-07 08:05:00+05:30,107.0873015873016,107.944,107.0873015873016,,False,False,,,
crypto,30m,True,AKE/USDT,long,2026-09-07 08:20:00+05:30,0.0124193,0.012518654399999999,0.012518654399999999,0.012394461399999999,False,True,+2R,2.0,1.8992
crypto,30m,True,AKE/USDT,long,2026-09-07 08:20:00+05:30,0.0134771,0.01348,0.01348,,False,False,,,
crypto,30m,True,BCHUSD,long,2026-09-07 09:00:00+05:30,253.99,255.19,255.19,253.69,False,True,+2R,2.0,1.8298733333333332
crypto,30m,True,BTCUSD,long,2026-09-07 09:00:00+05:30,79212.5,79515.0,79515.0,79136.875,True,True,+1R,1.0,0.7897123966942149
crypto,30m,True,VELVETUSD,long,2026-09-07 09:00:00+05:30,0.0774,0.0780192,0.0780192,0.0772452,False,True,BE,0.11380319999999236,0.013003199999991957
crypto,30m,True,AAVEUSD,long,2026-09-07 09:10:00+05:30,132.314,132.83,132.83,,False,False,,,
crypto,30m,True,BLESSUSD,short,2026-09-07 09:25:00+05:30,0.009955,0.009985,0.009955,,True,False,,,
crypto,30m,True,BNBUSD,long,2026-09-07 12:55:00+05:30,740.0,741.49,741.49,739.6275,False,True,BE,0.44947232751680266,0.051356891275182226
crypto,30m,True,BCHUSD,long,2026-09-07 13:00:00+05:30,253.99,255.19,255.19,,False,False,,,
crypto,30m,True,ETHUSD,long,2026-09-07 13:00:00+05:30,2462.15,2477.2,2477.2,2458.3875000000003,False,True,+1R,1.0,0.8683215946843822
crypto,30m,True,BTCUSD,long,2026-09-07 13:10:00+05:30,78625.5,78881.5,78881.5,,False,False,,,
crypto,30m,True,XRPUSD,long,2026-09-07 13:10:00+05:30,1.3842,1.3901,1.3901,,False,False,,,
crypto,30m,True,BEAT/USDT,short,2026-09-07 15:30:00+05:30,0.1256,0.1261,0.1256,0.12622499999999998,False,True,BE,0.22688384000000766,0.02592384000000339
crypto,30m,True,BEAT/USDT,short,2026-09-07 16:45:00+05:30,0.1271,0.1275,0.1271,0.1276,True,True,SL,-1.1276000000000053,-1.381800000000005
crypto,30m,True,BCHUSD,short,2026-09-07 18:20:00+05:30,261.42,261.7,261.42,,False,False,,,
crypto,30m,True,DOGEUSD,short,2026-09-07 18:20:00+05:30,0.09164,0.09211,0.09164,0.09222749999999999,False,True,BE,0.1761047829787327,0.020121804255326003
crypto,30m,True,BTCUSD,long,2026-09-07 19:50:00+05:30,78625.5,78881.5,78881.5,78561.5,False,True,BE,0.2783037921874893,0.03179910468748928
crypto,30m,True,ETHUSD,long,2026-09-07 19:50:00+05:30,2462.15,2477.2,2477.2,,False,False,,,
crypto,30m,True,BNBUSD,long,2026-09-07 20:05:00+05:30,740.0,741.49,741.49,,False,False,,,
crypto,30m,True,XRPUSD,long,2026-09-07 20:10:00+05:30,1.3842,1.3901,1.3901,1.3827250000000002,False,True,BE,0.2128031050847631,0.024314969491534777
crypto,30m,True,UNIUSD,long,2026-09-07 20:55:00+05:30,6.865,6.885,6.885,6.86,False,True,SL,-1.1371999999999958,-1.4126000000000016
crypto,30m,True,HYPEUSD,long,2026-09-07 21:00:00+05:30,84.7,85.07,85.07,84.6075,False,True,BE,0.20766276756757487,0.023727632432436363
crypto,30m,True,SOLUSD,long,2026-09-07 21:10:00+05:30,102.911,103.111,103.111,102.861,False,True,+2R,2.0,1.587556
crypto,30m,True,BCHUSD,short,2026-09-07 21:40:00+05:30,265.32,265.92,265.32,266.07000000000005,False,True,data_quality_ambiguous,,
crypto,30m,True,VELVETUSD,short,2026-09-07 22:00:00+05:30,0.0806547619047619,0.0813,0.0806547619047619,,False,False,,,
crypto,30m,True,TACUSD,long,2026-09-07 23:00:00+05:30,0.002414,0.002424,0.002424,0.0024115,False,True,SL,-1.0964599999999862,-1.2903799999999874
crypto,30m,True,TACUSD,long,2026-09-07 23:50:00+05:30,0.002362,0.002376,0.002376,0.0023585,True,True,BE,0.1532859428571472,0.017514514285719818
crypto,30m,True,SOLUSD,long,2026-09-08 08:25:00+05:30,102.911,103.111,103.111,,False,False,,,
crypto,30m,True,TACUSD,long,2026-09-08 08:35:00+05:30,0.00225,0.002268,0.002268,0.0022454999999999997,False,True,SL,-1.0499000000000054,-1.1507000000000036
crypto,30m,True,BLESSUSD,long,2026-09-08 08:45:00+05:30,0.00917,0.009195,0.009195,,False,False,,,
crypto,30m,True,BNBUSD,short,2026-09-08 10:00:00+05:30,747.22,747.68,747.22,,False,False,,,
crypto,30m,True,DOGEUSD,long,2026-09-08 10:30:00+05:30,0.08867,0.08933,0.08933,0.088505,False,True,BE,0.12224675151515482,0.01396796363636775
crypto,30m,True,BNBUSD,short,2026-09-08 10:55:00+05:30,752.48,756.34,752.48,757.3050000000001,False,True,+1R,1.0,0.8440455958549238
crypto,30m,True,TRUMP/USDT,long,2026-09-08 11:25:00+05:30,2.229,2.246,2.246,2.2247500000000002,False,True,BE,0.11932865882352342,0.013634541176463441
crypto,30m,True,XRPUSD,long,2026-09-08 11:45:00+05:30,1.3779,1.3836,1.3836,1.376475,True,True,BE,0.21923991578946395,0.025050442105254728
crypto,30m,True,TACUSD,long,2026-09-08 11:50:00+05:30,0.00218,0.002188,0.002188,0.0021780000000000002,False,True,BE,0.24702520000000375,0.028225199999994816
crypto,30m,True,AAVEUSD,long,2026-09-08 11:55:00+05:30,130.345,130.85,130.85,130.21875,False,True,BE,0.23402716831683737,0.026740039603964177
crypto,30m,True,HYPEUSD,long,2026-09-08 12:05:00+05:30,83.58,83.58573340242462,83.58573340242462,,False,False,,,
crypto,30m,True,UNIUSD,short,2026-09-08 13:05:00+05:30,7.149,7.193,7.149,,False,False,,,
crypto,30m,True,BCHUSD,long,2026-09-08 13:40:00+05:30,252.68,254.39,254.39,,True,False,,,
crypto,30m,True,DOGEUSD,long,2026-09-08 14:30:00+05:30,0.08867,0.08933,0.08933,,False,False,,,
crypto,30m,True,RIVERUSD,short,2026-09-08 15:00:00+05:30,1.268,1.275,1.268,1.2767499999999998,False,True,+1R,1.0,0.8550857142857112
crypto,30m,True,AVAXUSD,short,2026-09-08 15:30:00+05:30,8.144,8.204,8.144,8.219000000000001,False,True,+2R,2.0,1.891413333333335
crypto,30m,True,AAVEUSD,long,2026-09-08 16:15:00+05:30,130.345,130.85,130.85,,False,False,,,
crypto,30m,True,VELVETUSD,short,2026-09-08 16:20:00+05:30,0.0812,0.0817,0.0812,0.081825,True,True,SL,-1.065460000000006,-1.1953800000000059
crypto,30m,True,AAVEUSD,long,2026-09-08 16:40:00+05:30,128.56,129.34,129.34,128.365,False,True,SL,-1.0658282051281922,-1.1984846153846032
crypto,30m,True,TACUSD,long,2026-09-08 16:40:00+05:30,0.0021,0.0021168,0.0021168,0.0020958,False,True,+1R,1.0,0.8991999999999988
crypto,30m,True,BCHUSD,long,2026-09-08 17:45:00+05:30,252.68,254.39,254.39,252.2525,True,True,SL,-1.0590064327485378,-1.1780192982456144
crypto,30m,True,HUSD,short,2026-09-08 17:55:00+05:30,0.08,0.08064,0.08,0.08080000000000001,False,True,BE,0.11290000000000477,0.012900000000005893
crypto,30m,True,BLESSUSD,long,2026-09-08 19:05:00+05:30,0.00892,0.00899,0.00899,0.0089025,False,True,+2R,2.0,1.8972571428571416
crypto,30m,True,ETHUSD,long,2026-09-08 19:05:00+05:30,2443.5,2448.0,2448.0,2442.375,False,True,SL,-1.217099999999967,-1.652299999999967
crypto,30m,True,SOLUSD,long,2026-09-08 19:05:00+05:30,101.6,101.74,101.74,,False,False,,,
crypto,30m,True,DOGEUSD,long,2026-09-08 19:10:00+05:30,0.08769,0.088,0.088,,False,False,,,
crypto,30m,True,ETHUSD,long,2026-09-08 19:10:00+05:30,2430.6,2438.9,2438.9,,True,False,,,
crypto,30m,True,HYPEUSD,long,2026-09-08 19:10:00+05:30,81.216,81.43,81.43,,False,False,,,
crypto,30m,True,XRPUSD,long,2026-09-08 19:10:00+05:30,1.3779,1.3836,1.3836,,True,False,,,
crypto,30m,True,RIVERUSD,short,2026-09-08 19:30:00+05:30,1.29,1.297,1.29,1.2987499999999998,False,True,+1R,1.0,0.8525714285714254
crypto,30m,True,AKE/USDT,short,2026-09-08 19:45:00+05:30,0.01977529761904762,0.0199335,0.01977529761904762,0.019973050595238094,False,True,SL,-1.0504999999999947,-1.1504999999999954
crypto,30m,True,XRPUSD,short,2026-09-08 19:45:00+05:30,1.4126,1.4146,1.4126,,False,False,,,
crypto,30m,True,XRPUSD,short,2026-09-08 21:10:00+05:30,1.4251,1.4332,1.4251,1.435225,False,True,SL,-1.0708753086419667,-1.2116259259259181
crypto,30m,True,SOLUSD,short,2026-09-08 21:25:00+05:30,104.393,104.52,104.393,,False,False,,,
crypto,30m,True,ETHUSD,short,2026-09-08 22:10:00+05:30,2507.75,2510.85,2507.75,,False,False,,,
crypto,30m,True,TACUSD,long,2026-09-08 22:10:00+05:30,0.002012,0.002028096,0.002028096,0.002007976,False,True,BE,0.11380319999998816,0.013003199999989196
crypto,30m,True,AKE/USDT,short,2026-09-08 22:25:00+05:30,0.021444742063492065,0.0216163,0.021444742063492065,,True,False,,,
crypto,30m,True,AKE/USDT,long,2026-09-08 22:40:00+05:30,0.0152115,0.015333191999999999,0.015333191999999999,0.015181077,False,True,data_quality_ambiguous,,
crypto,30m,True,VELVETUSD,long,2026-09-08 23:50:00+05:30,0.0744,0.0749,0.0749,,False,False,,,
crypto,30m,True,UNIUSD,long,2026-09-09 00:20:00+05:30,6.727,6.780816000000001,6.780816000000001,6.713546,False,True,SL,-1.0499000000000018,-1.150700000000001
crypto,30m,True,ZORAUSD,short,2026-09-09 00:50:00+05:30,0.00899,0.00902,0.00899,0.0090275,False,True,SL,-1.1203666666666827,-1.3601000000000092
crypto,30m,True,BTCUSD,short,2026-09-09 08:00:00+05:30,78823.0,78977.0,78823.0,79015.5,False,True,BE,0.46229177662337734,0.05282164675324741
crypto,30m,True,TRUMP/USDT,long,2026-09-09 08:30:00+05:30,2.194,2.211552,2.211552,2.189612,True,True,+2R,2.0,1.8992000000000013
crypto,30m,True,LINKUSD,long,2026-09-09 08:35:00+05:30,12.289,12.387312,12.387312,12.264422,False,True,+1R,1.0,0.8992
crypto,30m,True,BLESSUSD,long,2026-09-09 08:45:00+05:30,0.00892,0.00899,0.00899,0.0089025,False,True,SL,-1.050871428571437,-1.1536142857142953
crypto,30m,True,BNBUSD,long,2026-09-09 08:55:00+05:30,742.066,746.65,746.65,,False,False,,,
crypto,30m,True,LTCUSD,long,2026-09-09 09:20:00+05:30,53.49,53.76,53.76,53.4225,False,True,+2R,2.0,1.8407111111111105
crypto,30m,True,ETHUSD,short,2026-09-09 10:10:00+05:30,2507.75,2510.85,2507.75,,False,False,,,
crypto,30m,True,SOLUSD,short,2026-09-09 10:10:00+05:30,104.313,104.843,104.313,104.97550000000001,True,True,BE,0.17776509735849114,0.020311512452832775
crypto,30m,True,ZECUSD,short,2026-09-09 10:15:00+05:30,1246.031746031746,1256.0,1246.031746031746,1258.4920634920636,False,True,SL,-1.0505000000000055,-1.1505000000000045
crypto,30m,True,XRPUSD,short,2026-09-09 10:20:00+05:30,1.4404,1.451,1.4404,1.45365,True,True,+1R,1.0,0.8912905660377375
crypto,30m,True,BEAT/USDT,long,2026-09-09 11:10:00+05:30,0.1245,0.1253,0.1253,,False,False,,,
crypto,30m,True,BNBUSD,short,2026-09-09 12:35:00+05:30,758.58,760.86,758.58,,True,False,,,
crypto,30m,True,BTCUSD,short,2026-09-09 13:35:00+05:30,79613.5,79622.0,79613.5,,False,False,,,
crypto,30m,True,TRUMP/USDT,short,2026-09-09 13:50:00+05:30,2.283,2.297,2.283,2.3005000000000004,False,True,+2R,2.0,1.869542857142861
crypto,30m,True,AAVEUSD,short,2026-09-09 13:55:00+05:30,131.0,131.06,131.0,,False,False,,,
crypto,30m,True,ETHUSD,short,2026-09-09 14:00:00+05:30,2526.5,2546.15,2526.5,,True,False,,,
crypto,30m,True,DOGEUSD,short,2026-09-09 14:20:00+05:30,0.09164,0.09211,0.09164,,False,False,,,
crypto,30m,True,LINKUSD,long,2026-09-09 15:00:00+05:30,12.289,12.387312,12.387312,,False,False,,,
crypto,30m,True,UNIUSD,long,2026-09-09 15:10:00+05:30,6.683,6.705,6.705,6.6775,True,True,SL,-1.1214090909090977,-1.3652272727272807
crypto,30m,True,AVAXUSD,long,2026-09-09 15:25:00+05:30,7.83,7.89264,7.89264,,False,False,,,
crypto,30m,True,LINKUSD,long,2026-09-09 15:40:00+05:30,12.076,12.157,12.157,12.05575,False,True,SL,-1.0595345679012258,-1.1796037037036946
crypto,30m,True,LTCUSD,long,2026-09-09 16:30:00+05:30,53.49,53.76,53.76,,False,False,,,
crypto,30m,True,TRUMP/USDT,long,2026-09-09 16:30:00+05:30,2.194,2.211552,2.211552,,True,False,,,
crypto,30m,True,BNBUSD,long,2026-09-09 16:35:00+05:30,742.066,746.65,746.65,,False,False,,,
crypto,30m,True,ZORAUSD,long,2026-09-09 16:35:00+05:30,0.00829,0.0083,0.0083,,False,False,,,
crypto,30m,True,DOGEUSD,short,2026-09-09 18:20:00+05:30,0.09164,0.09211,0.09164,0.09222749999999999,False,True,+2R,2.0,1.8440170212765934
crypto,30m,True,BLESSUSD,long,2026-09-09 19:25:00+05:30,0.008585,0.008595,0.008595,,False,False,,,
crypto,30m,True,RIVERUSD,short,2026-09-09 19:30:00+05:30,1.261,1.267,1.261,1.2685,False,True,+2R,2.0,1.831866666666668
crypto,30m,True,SOLUSD,long,2026-09-09 20:30:00+05:30,102.808,102.971,102.971,,False,False,,,
crypto,30m,True,TRUMP/USDT,long,2026-09-09 20:30:00+05:30,2.194,2.211552,2.211552,,True,False,,,
crypto,30m,True,AVAXUSD,long,2026-09-09 20:40:00+05:30,7.83,7.89264,7.89264,7.81434,False,True,BE,0.11380319999999779,0.013003199999998397
crypto,30m,True,BCHUSD,long,2026-09-09 20:40:00+05:30,255.78,255.80024499557953,255.80024499557953,,False,False,,,
crypto,30m,True,BNBUSD,long,2026-09-09 20:40:00+05:30,736.13,737.81,737.81,735.71,False,True,SL,-1.1751690476190377,-1.5265071428571482
crypto,30m,True,LTCUSD,long,2026-09-09 20:40:00+05:30,53.49,53.76,53.76,,False,False,,,
crypto,30m,True,VELVETUSD,long,2026-09-09 20:45:00+05:30,0.0744,0.0749,0.0749,0.074275,False,True,SL,-1.05942000000001,-1.17926000000001
crypto,30m,True,AAVEUSD,long,2026-09-09 20:50:00+05:30,126.75,127.55,127.55,126.55,True,True,+2R,2.0,1.87245
crypto,30m,True,BCHUSD,long,2026-09-09 20:50:00+05:30,251.68,253.69344,253.69344,,True,False,,,
crypto,30m,True,BEAT/USDT,long,2026-09-09 20:50:00+05:30,0.1214,0.1223,0.1223,,False,False,,,
crypto,30m,True,BNBUSD,long,2026-09-09 20:50:00+05:30,733.72,734.55,734.55,,True,False,,,
crypto,30m,True,BTCUSD,long,2026-09-09 20:50:00+05:30,77608.0,77936.5,77936.5,,False,False,,,
crypto,30m,True,DOGEUSD,long,2026-09-09 20:50:00+05:30,0.08769,0.088,0.088,,False,False,,,
crypto,30m,True,HUSD,short,2026-09-09 23:45:00+05:30,0.08254,0.08278,0.08254,0.08284000000000001,True,True,+1R,1.0,0.7248666666666745
crypto,30m,True,AAVEUSD,long,2026-09-10 00:55:00+05:30,126.75,127.55,127.55,,True,False,,,
crypto,30m,True,RIVERUSD,long,2026-09-10 00:55:00+05:30,1.203,1.205,1.205,1.2025000000000001,False,True,+1R,1.0,0.5179999999999897
crypto,30m,True,HUSD,long,2026-09-10 14:20:00+05:30,0.07723,0.07784783999999999,0.07784783999999999,0.07707554,True,True,SL,-1.0499,-1.1507000000000014
crypto,30m,True,SOLUSD,long,2026-09-10 15:05:00+05:30,100.17,100.771,100.771,,False,False,,,
crypto,30m,True,AAVEUSD,long,2026-09-10 16:00:00+05:30,122.44,122.82,122.82,122.345,False,True,+1R,1.0,0.7414315789473653
crypto,30m,True,BCHUSD,long,2026-09-10 16:00:00+05:30,244.87,245.17,245.17,,False,False,,,
crypto,30m,True,ETHUSD,long,2026-09-10 16:00:00+05:30,2440.0,2458.05,2458.05,2435.4875,True,True,SL,-1.0539720221606628,-1.1629160664819924
crypto,30m,True,HUSD,short,2026-09-10 16:15:00+05:30,0.08264,0.08296,0.08264,0.08304,False,True,SL,-1.1038000000000088,-1.31040000000001
crypto,30m,True,AVAXUSD,long,2026-09-10 16:30:00+05:30,7.68,7.7,7.7,7.675,True,True,SL,-1.153500000000013,-1.4615000000000087
crypto,30m,True,HYPEUSD,long,2026-09-10 16:30:00+05:30,81.59,82.24272,82.24272,81.42682,False,True,SL,-1.049899999999994,-1.1506999999999943
crypto,30m,True,ETHUSD,long,2026-09-10 18:00:00+05:30,2430.6,2438.9,2438.9,2428.5249999999996,True,True,SL,-1.117037349397598,-1.3521120481927684
crypto,30m,True,BCHUSD,long,2026-09-10 18:05:00+05:30,239.8,241.7184,241.7184,239.3204,True,True,SL,-1.0498999999999994,-1.1506999999999996
crypto,30m,True,BCHUSD,long,2026-09-10 18:05:00+05:30,242.37,242.38310099027038,242.38310099027038,,False,False,,,
crypto,30m,True,BNBUSD,long,2026-09-10 18:05:00+05:30,708.76,711.01,711.01,708.1975,False,True,SL,-1.1259017777777949,-1.3787053333333503
crypto,30m,True,BTCUSD,long,2026-09-10 18:05:00+05:30,76934.5,76992.5,76992.5,,False,False,,,
crypto,30m,True,DOGEUSD,long,2026-09-10 18:05:00+05:30,0.08386,0.08425,0.08425,0.0837625,False,True,SL,-1.085910256410257,-1.2587307692307692
crypto,30m,True,LINKUSD,long,2026-09-10 18:05:00+05:30,11.568,11.660544,11.660544,11.544864,True,True,SL,-1.049900000000005,-1.1507000000000056
crypto,30m,True,HYPEUSD,long,2026-09-10 18:10:00+05:30,81.216,81.43,81.43,81.1625,False,True,SL,-1.1517056074766376,-1.4561168224298944
crypto,30m,True,AAVEUSD,long,2026-09-10 18:15:00+05:30,120.0,120.96000000000001,120.96000000000001,,True,False,,,
crypto,30m,True,AVAXUSD,long,2026-09-10 18:15:00+05:30,7.534,7.57,7.57,7.5249999999999995,False,True,BE,0.18992288888889153,0.021700666666672336
crypto,30m,True,HYPEUSD,long,2026-09-10 18:15:00+05:30,80.304,80.502,80.502,80.25450000000001,True,True,+2R,2.0,1.6747393939393782
crypto,30m,True,XRPUSD,long,2026-09-10 18:15:00+05:30,1.3404,1.343,1.343,,False,False,,,
crypto,30m,True,HYPEUSD,long,2026-09-10 21:45:00+05:30,79.06,79.296,79.296,79.001,False,True,BE,0.3034751999999839,0.03467519999998542
crypto,30m,True,ZECUSD,long,2026-09-10 21:45:00+05:30,1144.9,1147.74,1147.74,1144.19,False,True,SL,-1.1611535211267598,-1.484460563380285
crypto,30m,True,RIVERUSD,long,2026-09-10 22:00:00+05:30,1.029,1.037232,1.037232,,True,False,,,
crypto,30m,True,ZECUSD,long,2026-09-10 22:05:00+05:30,1106.14,1114.9891200000002,1114.9891200000002,,True,False,,,
crypto,30m,True,BEAT/USDT,long,2026-09-10 23:35:00+05:30,0.0776,0.07822080000000001,0.07822080000000001,,True,False,,,
crypto,30m,True,BLESSUSD,long,2026-09-11 08:25:00+05:30,0.007675,0.00772,0.00772,0.00766375,False,True,BE,0.15494897777778235,0.017704533333337602
crypto,30m,True,AKE/USDT,long,2026-09-11 08:50:00+05:30,0.015,0.0150389,0.0150389,0.014990274999999999,False,True,SL,-1.15414164524423,-1.4634249357326614
crypto,30m,True,AKE/USDT,long,2026-09-11 09:00:00+05:30,0.0143894,0.0145045152,0.0145045152,0.0143606212,False,True,SL,-1.049899999999997,-1.1506999999999967
crypto,30m,True,AKE/USDT,long,2026-09-11 10:25:00+05:30,0.0133,0.013406399999999999,0.013406399999999999,0.0132734,True,True,SL,-1.0498999999999985,-1.150699999999999
crypto,30m,True,AKE/USDT,long,2026-09-11 10:40:00+05:30,0.0113863,0.0114773904,0.0114773904,0.0113635274,True,True,SL,-1.0498999999999954,-1.150699999999995
crypto,30m,True,VELVETUSD,long,2026-09-11 11:40:00+05:30,0.0501,0.0505,0.0505,0.049999999999999996,False,True,+2R,2.0,1.8990000000000016
crypto,30m,True,DOGEUSD,short,2026-09-11 14:00:00+05:30,0.0844,0.08443,0.0844,,False,False,,,
crypto,30m,True,ETHUSD,short,2026-09-11 14:00:00+05:30,2481.1,2484.1,2481.1,,False,False,,,
crypto,30m,True,SOLUSD,long,2026-09-11 15:10:00+05:30,98.4,98.93,98.93,98.26750000000001,True,True,+1R,1.0,0.8506716981132063
crypto,30m,True,TRUMP/USDT,long,2026-09-11 16:00:00+05:30,1.924,1.939392,1.939392,1.9201519999999999,False,True,SL,-1.0498999999999956,-1.150699999999995
crypto,30m,True,DOGEUSD,long,2026-09-11 16:30:00+05:30,0.082617,0.083277936,0.083277936,0.082451766,True,True,BE,0.11380320000000774,0.013003200000007875
crypto,30m,True,ZORAUSD,long,2026-09-11 16:35:00+05:30,0.00768,0.00771,0.00771,0.0076725000000000005,True,True,+2R,2.0,1.7943999999999964
crypto,30m,True,AVAXUSD,long,2026-09-11 16:40:00+05:30,7.264,7.3,7.3,7.255000000000001,False,True,+2R,2.0,1.8377777777777744
crypto,30m,True,LTCUSD,long,2026-09-11 16:40:00+05:30,51.67,51.87,51.87,,False,False,,,
crypto,30m,True,BNBUSD,long,2026-09-11 18:00:00+05:30,702.96,705.25,705.25,,True,False,,,
crypto,30m,True,BNBUSD,long,2026-09-11 18:00:00+05:30,708.44,708.4700153711537,708.4700153711537,,False,False,,,
crypto,30m,True,BTCUSD,long,2026-09-11 18:00:00+05:30,75595.5,76028.0,76028.0,,True,False,,,
crypto,30m,True,BTCUSD,long,2026-09-11 18:00:00+05:30,76204.5,76476.0,76476.0,,False,False,,,
crypto,30m,True,DOGEUSD,short,2026-09-11 18:00:00+05:30,0.0844,0.08443,0.0844,,False,False,,,
crypto,30m,True,ETHUSD,short,2026-09-11 18:00:00+05:30,2481.1,2484.1,2481.1,,False,False,,,
crypto,30m,True,ETHUSD,long,2026-09-11 18:00:00+05:30,2433.4,2436.8,2436.8,,False,False,,,
crypto,30m,True,RIVERUSD,long,2026-09-11 18:00:00+05:30,1.029,1.037232,1.037232,,True,False,,,
crypto,30m,True,SOLUSD,long,2026-09-11 18:00:00+05:30,97.408,97.708,97.708,,False,False,,,
crypto,30m,True,XRPUSD,long,2026-09-11 18:00:00+05:30,1.3106,1.3183,1.3183,,False,False,,,
crypto,30m,True,AAVEUSD,short,2026-09-11 18:05:00+05:30,125.62,126.07,125.62,126.18249999999999,False,True,+2R,2.0,1.77667555555555
crypto,30m,True,BNBUSD,short,2026-09-11 18:10:00+05:30,724.87,726.04,724.87,726.3325,False,True,SL,-1.2483188034187727,-1.7439564102563874
crypto,30m,True,TRUMP/USDT,short,2026-09-11 18:10:00+05:30,2.0207964078136427,2.021,2.0207964078136427,,False,False,,,
crypto,30m,True,BLESSUSD,short,2026-09-11 19:05:00+05:30,0.007991071428571429,0.008055,0.007991071428571429,0.008070982142857142,False,True,SL,-1.0504999999999909,-1.1504999999999925
crypto,30m,True,ETHUSD,short,2026-09-11 19:10:00+05:30,2526.5,2546.15,2526.5,2551.0625,True,True,SL,-1.0519300254452868,-1.154790076335872
crypto,30m,True,ETHUSD,short,2026-09-11 19:10:00+05:30,2520.15,2522.65,2520.15,,True,False,,,
crypto,30m,True,BTCUSD,short,2026-09-11 19:15:00+05:30,78508.5,78542.0,78508.5,,False,False,,,
crypto,30m,True,ETHUSD,short,2026-09-11 19:15:00+05:30,2553.65,2566.25,2553.65,2569.4,True,True,SL,-1.0815682539682638,-1.2437047619047719
crypto,30m,True,LINKUSD,short,2026-09-11 19:15:00+05:30,11.865,11.888,11.865,11.89375,False,True,SL,-1.2068478260869304,-1.6195434782608364
crypto,30m,True,HUSD,short,2026-09-11 19:25:00+05:30,0.0838,0.08386,0.0838,,False,False,,,
crypto,30m,True,SOLUSD,short,2026-09-11 19:25:00+05:30,105.013,105.1861,105.013,105.22937499999999,True,True,SL,-1.2431643558636638,-1.7284930675910224
crypto,30m,True,AAVEUSD,short,2026-09-11 19:30:00+05:30,130.35,130.73,130.35,,True,False,,,
crypto,30m,True,BTCUSD,short,2026-09-11 19:30:00+05:30,79669.0,79744.0,79669.0,,True,False,,,
crypto,30m,True,SOLUSD,short,2026-09-11 19:30:00+05:30,105.732,105.933,105.732,,False,False,,,
crypto,30m,True,VELVETUSD,short,2026-09-11 20:30:00+05:30,0.0561,0.0565,0.0561,0.056600000000000004,False,True,BE,0.12667380000000264,0.014473800000004297
crypto,30m,True,ZORAUSD,short,2026-09-11 20:45:00+05:30,0.008238855549883557,0.00824,0.008238855549883557,,False,False,,,
crypto,30m,True,RIVERUSD,short,2026-09-11 21:15:00+05:30,1.261,1.267,1.261,1.2685,False,True,data_quality_ambiguous,,
crypto,30m,True,RIVERUSD,short,2026-09-11 22:15:00+05:30,1.308,1.311,1.308,1.31175,False,True,SL,-1.174900000000026,-1.5237000000000336
crypto,30m,True,RIVERUSD,short,2026-09-12 08:15:00+05:30,1.41,1.418,1.41,1.42,True,True,+2R,2.0,1.8590000000000002
crypto,30m,True,RIVERUSD,short,2026-09-12 08:30:00+05:30,1.441,1.452,1.441,1.45475,False,True,+2R,2.0,1.8951999999999996
crypto,30m,True,BNBUSD,short,2026-09-12 08:40:00+05:30,736.45,741.21,736.45,,True,False,,,
crypto,30m,True,HYPEUSD,long,2026-09-12 08:50:00+05:30,78.25,78.53,78.53,78.18,False,True,BE,0.2533153428571455,0.0289439142857133
crypto,30m,True,BLESSUSD,short,2026-09-12 09:55:00+05:30,0.008501984126984127,0.00857,0.008501984126984127,0.008587003968253968,True,True,+2R,2.0,1.8999999999999992
crypto,30m,True,AKE/USDT,short,2026-09-12 11:35:00+05:30,0.0145891,0.0146775,0.0145891,0.0146996,False,True,data_quality_ambiguous,,
crypto,30m,True,HUSD,short,2026-09-12 13:15:00+05:30,0.08799,0.08842,0.08799,0.0885275,False,True,SL,-1.0823511627906897,-1.2460534883720862
crypto,30m,True,BLESSUSD,short,2026-09-12 14:10:00+05:30,0.008501984126984127,0.00857,0.008501984126984127,,True,False,,,
crypto,30m,True,AVAXUSD,long,2026-09-12 14:20:00+05:30,7.4,7.426,7.426,,False,False,,,
crypto,30m,True,BNBUSD,short,2026-09-12 14:30:00+05:30,736.45,741.21,736.45,742.4000000000001,True,True,Neither,0.020168067226891368,-0.10360504201680518
crypto,30m,True,UNIUSD,short,2026-09-12 17:45:00+05:30,6.489,6.538,6.489,,False,False,,,
crypto,30m,True,AKE/USDT,short,2026-09-12 18:10:00+05:30,0.0154929,0.0156,0.0154929,0.015626775,False,True,+1R,1.0,0.8842733893557411
crypto,30m,True,BLESSUSD,short,2026-09-12 18:15:00+05:30,0.008501984126984127,0.00857,0.008501984126984127,,True,False,,,
crypto,30m,True,AVAXUSD,long,2026-09-12 18:20:00+05:30,7.4,7.426,7.426,7.3935,False,True,BE,0.2579678153846216,0.029475507692312164
crypto,30m,True,BNBUSD,short,2026-09-12 18:30:00+05:30,736.45,741.21,736.45,,True,False,,,
crypto,30m,True,LINKUSD,long,2026-09-12 22:50:00+05:30,11.457,11.481,11.481,,False,False,,,
crypto,30m,True,BTCUSD,long,2026-09-12 23:10:00+05:30,76844.5,77028.0,77028.0,,False,False,,,
crypto,30m,True,RIVERUSD,short,2026-09-12 23:30:00+05:30,1.4424603174603174,1.454,1.4424603174603174,1.4568849206349206,True,True,+1R,1.0,0.8999999999999998
crypto,30m,True,SOLUSD,long,2026-09-13 00:05:00+05:30,101.419,101.44,101.44,,False,False,,,
crypto,30m,True,BCHUSD,long,2026-09-13 00:55:00+05:30,225.54,226.04,226.04,225.415,False,True,SL,-1.1803319999999986,-1.5419959999999986
crypto,30m,True,AKE/USDT,short,2026-09-13 08:05:00+05:30,0.016511011904761907,0.0166431,0.016511011904761907,0.016676122023809525,False,True,+2R,2.0,1.8999999999999997
crypto,30m,True,HUSD,long,2026-09-13 08:10:00+05:30,0.07792,0.07839,0.07839,0.0778025,False,True,+2R,2.0,1.8665702127659585
crypto,30m,True,AAVEUSD,short,2026-09-13 08:20:00+05:30,127.64,128.07,127.64,128.17749999999998,False,True,BE,0.26810336744187013,0.03063360000000087
crypto,30m,True,SOLUSD,short,2026-09-13 08:20:00+05:30,102.312,102.42,102.312,,False,False,,,
crypto,30m,True,BTCUSD,short,2026-09-13 08:30:00+05:30,77440.0,77485.5,77440.0,,False,False,,,
crypto,30m,True,BEAT/USDT,long,2026-09-13 09:05:00+05:30,0.084,0.08467200000000001,0.08467200000000001,0.083832,False,True,+1R,1.0,0.8992000000000009
crypto,30m,True,BTCUSD,long,2026-09-13 09:05:00+05:30,76844.5,77028.0,77028.0,,False,False,,,
crypto,30m,True,RIVERUSD,long,2026-09-13 09:30:00+05:30,1.234,1.243872,1.243872,,False,False,,,
crypto,30m,True,AKE/USDT,long,2026-09-13 11:20:00+05:30,0.0136518,0.0137459,0.0137459,0.013628275,False,True,data_quality_ambiguous,,
crypto,30m,True,SOLUSD,long,2026-09-13 11:55:00+05:30,101.228,101.28,101.28,,True,False,,,
crypto,30m,True,ETHUSD,long,2026-09-13 12:15:00+05:30,2504.95,2509.5,2509.5,2503.8125,False,True,BE,0.49814953846154303,0.05691876923077377
crypto,30m,True,SOLUSD,long,2026-09-13 12:20:00+05:30,100.37,101.08,101.08,100.19250000000001,False,True,SL,-1.0564464788732353,-1.1703394366197157
crypto,30m,True,ZORAUSD,short,2026-09-13 12:55:00+05:30,0.009,0.00903,0.009,,True,False,,,
crypto,30m,True,UNIUSD,long,2026-09-13 13:00:00+05:30,6.268,6.304,6.304,6.2589999999999995,False,True,SL,-1.0695444444444433,-1.2096333333333296
crypto,30m,True,BTCUSD,long,2026-09-13 13:05:00+05:30,76844.5,77028.0,77028.0,76798.625,False,True,SL,-1.1674084468664758,-1.503225340599446
crypto,30m,True,HYPEUSD,long,2026-09-13 13:05:00+05:30,78.25,78.53,78.53,78.18,False,True,SL,-1.1116857142857208,-1.336057142857153
crypto,30m,True,DOGEUSD,long,2026-09-13 13:45:00+05:30,0.083668,0.08389,0.08389,0.0836125,False,True,SL,-1.150653153153147,-1.4529594594594535
crypto,30m,True,XRPUSD,long,2026-09-13 13:55:00+05:30,1.3463,1.3498,1.3498,1.345425,False,True,SL,-1.1537628571428324,-1.4622885714285454
crypto,30m,True,AVAXUSD,long,2026-09-13 14:00:00+05:30,7.264,7.3,7.3,7.255000000000001,False,True,BE,0.18314888888889566,0.02092666666666998
crypto,30m,True,LINKUSD,long,2026-09-13 14:00:00+05:30,11.24,11.3,11.3,11.225,True,True,BE,0.17010266666666254,0.01943599999999801
crypto,30m,True,RIVERUSD,long,2026-09-13 14:00:00+05:30,1.234,1.243872,1.243872,1.231532,False,True,data_quality_ambiguous,,
crypto,30m,True,ZECUSD,long,2026-09-13 14:00:00+05:30,1112.37,1120.0,1120.0,1110.4624999999999,False,True,SL,-1.0582155963302646,-1.1756467889908133
crypto,30m,True,BTCUSD,long,2026-09-13 14:05:00+05:30,76039.0,76647.312,76647.312,75886.92199999999,True,True,Neither,0.4513315535448761,0.3505315535448779
crypto,30m,True,AAVEUSD,long,2026-09-13 14:10:00+05:30,123.4,123.91,123.91,123.27250000000001,False,True,+1R,1.0,0.8056313725490161
crypto,30m,True,ZECUSD,long,2026-09-13 14:50:00+05:30,1087.49,1092.18,1092.18,1086.3175,False,True,SL,-1.092649680170572,-1.278949040511725
crypto,30m,True,HYPEUSD,long,2026-09-13 15:00:00+05:30,76.8,77.24,77.24,76.69,True,True,BE,0.15855265454544906,0.018116290909084704
crypto,30m,True,DOGEUSD,long,2026-09-13 18:55:00+05:30,0.08238,0.08302,0.08302,0.08221999999999999,True,True,+2R,2.0,1.8962250000000012
crypto,30m,True,HUSD,short,2026-09-13 20:25:00+05:30,0.09015,0.09054,0.09015,0.0906375,True,True,+2R,2.0,1.8150769230769237
crypto,30m,True,BTCUSD,short,2026-09-13 22:10:00+05:30,77440.0,77485.5,77440.0,,False,False,,,
crypto,30m,True,TACUSD,short,2026-09-13 22:10:00+05:30,0.001932,0.001945,0.001932,,True,False,,,
crypto,30m,True,LTCUSD,short,2026-09-13 22:20:00+05:30,54.8,54.83,54.8,,False,False,,,
crypto,30m,True,AVAXUSD,short,2026-09-14 00:35:00+05:30,7.456,7.466,7.456,,False,False,,,
crypto,30m,True,TRUMP/USDT,short,2026-09-14 00:35:00+05:30,2.006,2.011,2.006,,False,False,,,
crypto,30m,True,XRPUSD,short,2026-09-14 08:20:00+05:30,1.3741,1.3752,1.3741,,False,False,,,
crypto,30m,True,AVAXUSD,short,2026-09-14 08:40:00+05:30,7.456,7.466,7.456,,False,False,,,
crypto,30m,True,TRUMP/USDT,short,2026-09-14 08:40:00+05:30,2.006,2.011,2.006,2.0122500000000003,False,True,data_quality_ambiguous,,
crypto,30m,True,UNIUSD,short,2026-09-14 08:55:00+05:30,6.471,6.495,6.471,,False,False,,,
crypto,30m,True,DOGEUSD,short,2026-09-14 11:35:00+05:30,0.08471,0.08475,0.08471,,False,False,,,
crypto,30m,True,AKE/USDT,short,2026-09-14 14:20:00+05:30,0.0155794,0.015655,0.0155794,0.015673899999999998,False,True,data_quality_ambiguous,,
crypto,30m,True,AKE/USDT,short,2026-09-14 14:25:00+05:30,0.016511011904761907,0.0166431,0.016511011904761907,0.016676122023809525,False,True,SL,-1.0504999999999953,-1.1504999999999956
crypto,30m,True,BCHUSD,long,2026-09-14 14:45:00+05:30,219.0,220.752,220.752,218.562,False,True,+1R,1.0,0.8991999999999999
crypto,30m,True,AAVEUSD,short,2026-09-14 15:20:00+05:30,127.688,128.3,127.688,,True,False,,,
crypto,30m,True,BNBUSD,short,2026-09-14 15:20:00+05:30,729.4968374583913,729.52,729.4968374583913,,False,False,,,
crypto,30m,True,SOLUSD,short,2026-09-14 15:20:00+05:30,102.312,102.42,102.312,,False,False,,,
crypto,30m,True,HYPEUSD,short,2026-09-14 16:55:00+05:30,80.58,80.81,80.58,80.8675,False,True,BE,0.31643415652172824,0.03615589565217131
crypto,30m,True,AVAXUSD,short,2026-09-14 17:20:00+05:30,7.456,7.466,7.456,,False,False,,,
crypto,30m,True,BLESSUSD,short,2026-09-14 17:30:00+05:30,0.00863,0.008635,0.00863,,False,False,,,
crypto,30m,True,TRUMP/USDT,short,2026-09-14 17:45:00+05:30,2.028,2.031,2.028,,False,False,,,
crypto,30m,True,ZORAUSD,long,2026-09-14 18:30:00+05:30,0.00779,0.007790729562362076,0.007790729562362076,,False,False,,,
crypto,30m,True,ZECUSD,short,2026-09-14 19:45:00+05:30,1160.98,1165.45,1160.98,,False,False,,,
crypto,30m,True,SOLUSD,short,2026-09-14 21:00:00+05:30,102.312,102.42,102.312,,False,False,,,
crypto,30m,True,LINKUSD,short,2026-09-14 21:45:00+05:30,11.54,11.559,11.54,11.563749999999999,False,True,+2R,2.0,1.5141052631578888
crypto,30m,True,SOLUSD,short,2026-09-14 21:45:00+05:30,102.911,103.0421,102.911,,False,False,,,
crypto,30m,True,XRPUSD,short,2026-09-14 21:45:00+05:30,1.4217261904761904,1.4331,1.4217261904761904,1.4359434523809524,False,True,SL,-1.0505,-1.1504999999999992
crypto,30m,True,BEAT/USDT,short,2026-09-14 21:55:00+05:30,0.08422619047619048,0.0849,0.08422619047619048,0.08506845238095238,False,True,SL,-1.0505000000000047,-1.1505000000000052
crypto,30m,True,AAVEUSD,short,2026-09-14 22:20:00+05:30,127.688,128.3,127.688,128.453,True,True,BE,0.18844412026142873,0.02153170196077528
crypto,30m,True,UNIUSD,short,2026-09-14 22:55:00+05:30,6.471,6.495,6.471,6.501,False,True,+2R,2.0,1.7843000000000018
crypto,30m,True,LINKUSD,short,2026-09-14 23:10:00+05:30,11.615,11.618,11.615,,False,False,,,
crypto,30m,True,XRPUSD,short,2026-09-14 23:20:00+05:30,1.4404,1.451,1.4404,1.45365,True,True,BE,0.12273295094340139,0.01402351698113892
crypto,30m,True,BCHUSD,short,2026-09-14 23:30:00+05:30,226.95772743677827,226.97,226.95772743677827,,False,False,,,
crypto,30m,True,ZECUSD,short,2026-09-14 23:45:00+05:30,1160.98,1165.45,1160.98,1166.5675,False,True,SL,-1.1043908277404841,-1.3121724832214652
crypto,30m,True,BTCUSD,short,2026-09-14 23:50:00+05:30,79307.0,79868.5,79307.0,,True,False,,,
crypto,30m,True,DOGEUSD,short,2026-09-14 23:50:00+05:30,0.08527,0.08545,0.08527,0.085495,False,True,BE,0.42786591111108474,0.04888813333331199
crypto,30m,True,ETHUSD,short,2026-09-14 23:50:00+05:30,2543.7,2545.25,2543.7,,False,False,,,
crypto,30m,True,UNIUSD,short,2026-09-14 23:55:00+05:30,6.5314,6.572,6.5314,6.58215,True,True,SL,-1.064848768472904,-1.193546305418715
crypto,30m,True,XRPUSD,short,2026-09-15 00:00:00+05:30,1.458,1.4627,1.458,1.4638749999999998,False,True,SL,-1.1245851063829633,-1.372755319148927
crypto,30m,True,BLESSUSD,short,2026-09-15 00:10:00+05:30,0.00863,0.008635,0.00863,,False,False,,,
crypto,30m,True,BNBUSD,short,2026-09-15 00:15:00+05:30,729.4968374583913,729.52,729.4968374583913,,False,False,,,
crypto,30m,True,XRPUSD,short,2026-09-15 00:15:00+05:30,1.4819,1.484,1.4819,,True,False,,,
crypto,30m,True,AAVEUSD,short,2026-09-15 00:55:00+05:30,130.35,130.73,130.35,130.825,True,True,+1R,1.0,0.7255789473684178
crypto,30m,True,BTCUSD,long,2026-09-15 08:05:00+05:30,77449.0,77671.0,77671.0,77393.5,False,True,SL,-1.1394477477477578,-1.4193432432432533
crypto,30m,True,ETHUSD,long,2026-09-15 08:30:00+05:30,2486.2,2499.4,2499.4,2482.8999999999996,False,True,SL,-1.075239393939391,-1.2267181818181747
crypto,30m,True,HYPEUSD,long,2026-09-15 08:35:00+05:30,79.11,79.43,79.43,79.03,False,True,SL,-1.0987874999999847,-1.297362499999982
crypto,30m,True,SOLUSD,long,2026-09-15 08:40:00+05:30,100.68,101.221,101.221,100.54475000000001,False,True,BE,0.16898855304991123,0.01930870092421716
crypto,30m,True,TRUMP/USDT,long,2026-09-15 08:40:00+05:30,1.975,1.983,1.983,1.973,False,True,+1R,1.0,0.8017000000000001
crypto,30m,True,AKE/USDT,short,2026-09-15 09:15:00+05:30,0.0168858,0.017,0.0168858,0.017028550000000003,True,True,data_quality_ambiguous,,
crypto,30m,True,TACUSD,short,2026-09-15 12:35:00+05:30,0.00199,0.002,0.00199,0.0020025,False,True,+1R,1.0,0.8407999999999991
crypto,30m,True,RIVERUSD,short,2026-09-15 12:45:00+05:30,1.254,1.259,1.254,1.2602499999999999,False,True,+2R,2.0,1.7993599999999956
crypto,30m,True,VELVETUSD,short,2026-09-15 12:50:00+05:30,0.0532,0.0535,0.0532,0.053575,False,True,SL,-1.0714333333333335,-1.2133
crypto,30m,True,BCHUSD,long,2026-09-15 13:05:00+05:30,219.0,220.752,220.752,218.562,False,True,+1R,1.0,0.8991999999999999
crypto,30m,True,ETHUSD,long,2026-09-15 13:20:00+05:30,2460.7,2466.0,2466.0,2459.375,True,True,BE,0.4202436226415162,0.04801720754717659
crypto,30m,True,LINKUSD,long,2026-09-15 13:20:00+05:30,11.247,11.31,11.31,11.23125,False,True,+2R,2.0,1.8563809523809547
crypto,30m,True,BNBUSD,long,2026-09-15 13:25:00+05:30,713.22,713.37,713.37,,False,False,,,
crypto,30m,True,BTCUSD,long,2026-09-15 13:35:00+05:30,76039.0,76647.312,76647.312,,True,False,,,
crypto,30m,True,ZORAUSD,long,2026-09-15 13:45:00+05:30,0.00778,0.0078,0.0078,0.007775,True,True,SL,-1.1554999999999969,-1.4674999999999987
crypto,30m,True,AKE/USDT,short,2026-09-15 15:15:00+05:30,0.02145714285714286,0.0216288,0.02145714285714286,0.021671714285714287,True,True,SL,-1.050500000000001,-1.1505000000000012
crypto,30m,True,ZORAUSD,long,2026-09-15 15:25:00+05:30,0.00768,0.00771,0.00771,0.0076725000000000005,True,True,BE,0.2321224000000107,0.026522400000007107
crypto,30m,True,UNIUSD,short,2026-09-15 16:35:00+05:30,6.785,6.8,6.785,6.80375,True,True,SL,-1.1814333333333231,-1.5432999999999932
crypto,30m,True,LINKUSD,long,2026-09-15 17:20:00+05:30,11.247,11.31,11.31,,False,False,,,
crypto,30m,True,TACUSD,long,2026-09-15 17:30:00+05:30,0.001876,0.001877,0.001877,,False,False,,,
crypto,30m,True,TACUSD,long,2026-09-15 18:05:00+05:30,0.001813,0.001818,0.001818,0.00181175,False,True,data_quality_ambiguous,,
crypto,30m,True,VELVETUSD,long,2026-09-15 18:20:00+05:30,0.0501,0.0505,0.0505,0.049999999999999996,True,True,BE,0.11402899999999992,0.0130290000000014
crypto,30m,True,BTCUSD,long,2026-09-15 19:00:00+05:30,76039.0,76647.312,76647.312,75886.92199999999,True,True,SL,-1.0499000000000025,-1.1507000000000007
crypto,30m,True,ETHUSD,long,2026-09-15 19:00:00+05:30,2460.7,2466.0,2466.0,,True,False,,,
crypto,30m,True,BTCUSD,long,2026-09-15 19:05:00+05:30,75595.5,76028.0,76028.0,75487.375,True,True,+2R,2.0,1.8593701734104047
crypto,30m,True,DOGEUSD,long,2026-09-15 19:05:00+05:30,0.08203,0.08203369791369118,0.08203369791369118,,False,False,,,
crypto,30m,True,ETHUSD,long,2026-09-15 19:05:00+05:30,2433.25,2451.15,2451.15,2428.775,True,True,SL,-1.0542743016759846,-1.1638229050279398
crypto,30m,True,ZECUSD,long,2026-09-15 19:05:00+05:30,1114.66,1119.82,1119.82,1113.3700000000001,False,True,SL,-1.0863077519379893,-1.2599232558139632
crypto,30m,True,BCHUSD,long,2026-09-15 20:05:00+05:30,219.0,220.752,220.752,,False,False,,,
crypto,30m,True,ETHUSD,long,2026-09-15 20:05:00+05:30,2403.8,2413.4,2413.4,2401.4,True,True,SL,-1.1000583333333225,-1.301174999999989
crypto,30m,True,AAVEUSD,long,2026-09-15 20:10:00+05:30,124.82,125.39,125.39,124.6775,False,True,SL,-1.0874929824561326,-1.2634789473684118
crypto,30m,True,BNBUSD,long,2026-09-15 20:10:00+05:30,713.22,713.37,713.37,,False,False,,,
crypto,30m,True,LINKUSD,long,2026-09-15 20:10:00+05:30,11.123,11.153,11.153,11.115499999999999,False,True,SL,-1.148206666666647,-1.4456199999999693
crypto,30m,True,LTCUSD,long,2026-09-15 20:10:00+05:30,51.67,51.87,51.87,51.620000000000005,False,True,SL,-1.1032400000000024,-1.3107200000000083
crypto,30m,True,SOLUSD,long,2026-09-15 20:10:00+05:30,98.98,99.089,99.089,,True,False,,,
crypto,30m,True,UNIUSD,long,2026-09-15 20:10:00+05:30,6.216,6.261,6.261,6.204750000000001,False,True,SL,-1.0551533333333356,-1.1664600000000034
crypto,30m,True,ZORAUSD,long,2026-09-15 20:10:00+05:30,0.00732,0.00737856,0.00737856,0.00730536,False,True,SL,-1.049899999999996,-1.1506999999999963
crypto,30m,True,AAVEUSD,long,2026-09-15 20:15:00+05:30,123.4,123.91,123.91,123.27250000000001,False,True,SL,-1.096684313725502,-1.291052941176486
crypto,30m,True,AVAXUSD,long,2026-09-15 20:20:00+05:30,7.352,7.37,7.37,,False,False,,,
crypto,30m,True,BNBUSD,long,2026-09-15 20:20:00+05:30,706.19,711.232,711.232,,True,False,,,
crypto,30m,True,DOGEUSD,long,2026-09-15 20:20:00+05:30,0.08023,0.08084,0.08084,,False,False,,,
crypto,30m,True,HYPEUSD,long,2026-09-15 20:20:00+05:30,76.67,76.7,76.7,,True,False,,,
crypto,30m,True,TRUMP/USDT,long,2026-09-15 20:20:00+05:30,1.917,1.924,1.924,,True,False,,,
crypto,30m,True,RIVERUSD,long,2026-09-16 00:05:00+05:30,1.185,1.189,1.189,1.1840000000000002,False,True,SL,-1.1183999999999876,-1.3561999999999927
crypto,30m,True,XRPUSD,long,2026-09-16 00:10:00+05:30,1.3106,1.3183,1.3183,1.308675,False,True,SL,-1.0679831168831275,-1.2049493506493614
crypto,30m,True,XRPUSD,long,2026-09-16 00:10:00+05:30,1.3325,1.334,1.334,,True,False,,,
crypto,30m,True,AAVEUSD,long,2026-09-16 00:15:00+05:30,121.31,121.91,121.91,121.16,False,True,+2R,2.0,1.8374533333333334
crypto,30m,True,AVAXUSD,long,2026-09-16 00:15:00+05:30,7.236,7.25,7.25,7.2325,False,True,+2R,2.0,1.5857142857142874
crypto,30m,True,AVAXUSD,long,2026-09-16 00:15:00+05:30,7.264,7.3,7.3,7.255000000000001,False,True,data_quality_ambiguous,,
crypto,30m,True,BEAT/USDT,long,2026-09-16 00:15:00+05:30,0.0795,0.0798,0.0798,,False,False,,,
crypto,30m,True,DOGEUSD,long,2026-09-16 00:15:00+05:30,0.07917,0.07947,0.07947,0.079095,False,True,data_quality_ambiguous,,
crypto,30m,True,ETHUSD,long,2026-09-16 00:15:00+05:30,2355.1,2368.7,2368.7,2351.7,True,True,+2R,2.0,1.8606647058823529
crypto,30m,True,LINKUSD,long,2026-09-16 00:15:00+05:30,10.91,10.959,10.959,10.89775,True,True,data_quality_ambiguous,,
crypto,30m,True,SOLUSD,long,2026-09-16 00:15:00+05:30,97.408,97.708,97.708,97.333,False,True,data_quality_ambiguous,,
crypto,30m,True,BNBUSD,long,2026-09-16 00:20:00+05:30,706.19,711.232,711.232,,True,False,,,
crypto,30m,True,DOGEUSD,long,2026-09-16 00:25:00+05:30,0.08023,0.08084,0.08084,0.0800775,False,True,BE,0.1196962098360573,0.013676537704909675
crypto,30m,True,HUSD,short,2026-09-16 08:25:00+05:30,0.08864,0.08876,0.08864,,False,False,,,
crypto,30m,True,LINKUSD,long,2026-09-16 12:10:00+05:30,10.66,10.745280000000001,10.745280000000001,10.63868,False,True,+1R,1.0,0.8992000000000002
crypto,30m,True,HUSD,short,2026-09-16 12:45:00+05:30,0.09015,0.09054,0.09015,0.0906375,True,True,BE,0.20877815384614792,0.023855076923071677
crypto,30m,True,BNBUSD,long,2026-09-16 13:35:00+05:30,702.96,705.25,705.25,702.3875,True,True,+2R,2.0,1.7536244541484676
crypto,30m,True,DOGEUSD,long,2026-09-16 13:35:00+05:30,0.07855,0.0791784,0.0791784,,True,False,,,
crypto,30m,True,UNIUSD,long,2026-09-16 14:10:00+05:30,6.165,6.21432,6.21432,,True,False,,,
crypto,30m,True,TACUSD,long,2026-09-16 16:00:00+05:30,0.001703,0.001706,0.001706,,False,False,,,
crypto,30m,True,RIVERUSD,short,2026-09-16 16:30:00+05:30,1.22,1.221,1.22,,True,False,,,
crypto,30m,True,HYPEUSD,short,2026-09-16 17:10:00+05:30,79.762,79.764,79.762,,False,False,,,
crypto,30m,True,ZECUSD,short,2026-09-16 17:10:00+05:30,1228.93,1237.77,1228.93,1239.98,False,True,SL,-1.0561076923076849,-1.16732307692307
crypto,30m,True,DOGEUSD,long,2026-09-16 18:00:00+05:30,0.07855,0.0791784,0.0791784,0.07839289999999999,True,True,BE,0.11380319999999262,0.013003199999993692
crypto,30m,True,LINKUSD,long,2026-09-16 18:00:00+05:30,10.66,10.745280000000001,10.745280000000001,,False,False,,,
crypto,30m,True,UNIUSD,long,2026-09-16 18:35:00+05:30,6.165,6.21432,6.21432,6.1526700000000005,True,True,SL,-1.0499000000000047,-1.1507000000000058
crypto,30m,True,UNIUSD,long,2026-09-16 19:50:00+05:30,6.094,6.095,6.095,,True,False,,,
crypto,30m,True,XRPUSD,long,2026-09-16 20:00:00+05:30,1.2654,1.2658,1.2658,,True,False,,,
crypto,30m,True,BEAT/USDT,long,2026-09-16 20:15:00+05:30,0.0795,0.0798,0.0798,0.079425,False,True,SL,-1.1058999999999921,-1.3186999999999918
crypto,30m,True,AKE/USDT,long,2026-09-16 21:55:00+05:30,0.0254921,0.0256960368,0.0256960368,0.0254411158,False,True,SL,-1.0499000000000054,-1.150700000000006
crypto,30m,True,RIVERUSD,long,2026-09-16 21:55:00+05:30,1.165,1.173,1.173,1.163,True,True,+1R,1.0,0.8827
crypto,30m,True,DOGEUSD,long,2026-09-16 22:00:00+05:30,0.07855,0.0791784,0.0791784,,True,False,,,
crypto,30m,True,SOLUSD,long,2026-09-16 23:00:00+05:30,95.782,96.548256,96.548256,95.590436,True,True,data_quality_ambiguous,,
crypto,30m,True,BCHUSD,long,2026-09-16 23:05:00+05:30,213.0,214.704,214.704,212.574,False,True,data_quality_ambiguous,,
crypto,30m,True,ETHUSD,long,2026-09-16 23:10:00+05:30,2355.1,2368.7,2368.7,2351.7,True,True,+2R,2.0,1.8606647058823529
crypto,30m,True,HYPEUSD,short,2026-09-16 23:35:00+05:30,79.762,79.764,79.762,,False,False,,,
crypto,30m,True,UNIUSD,short,2026-09-16 23:35:00+05:30,6.443,6.473,6.443,6.4805,False,True,+2R,2.0,1.828186666666669
crypto,30m,True,ZECUSD,short,2026-09-16 23:35:00+05:30,1285.55,1295.19,1285.55,1297.6000000000001,False,True,SL,-1.0538423236514463,-1.1605269709543493
crypto,30m,True,VELVETUSD,short,2026-09-17 09:15:00+05:30,0.0533,0.0537,0.0533,,True,False,,,
crypto,30m,True,RIVERUSD,short,2026-09-17 11:45:00+05:30,1.2321428571428572,1.242,1.2321428571428572,1.2444642857142858,True,True,BE,0.11290000000000075,0.012900000000000925
crypto,30m,True,TACUSD,short,2026-09-17 12:10:00+05:30,0.0018047925539645205,0.001805,0.0018047925539645205,,False,False,,,
crypto,30m,True,LTCUSD,short,2026-09-17 12:35:00+05:30,52.7,52.87,52.7,52.912499999999994,False,True,SL,-1.1245000000000167,-1.3725000000000267
crypto,30m,True,HYPEUSD,short,2026-09-17 13:30:00+05:30,80.164,80.43,80.164,80.49650000000001,True,True,SL,-1.1210473684210631,-1.362142105263161
crypto,30m,True,UNIUSD,short,2026-09-17 13:50:00+05:30,6.925,6.968,6.925,6.97875,False,True,BE,0.14545720930231976,0.016619999999994084
crypto,30m,True,AVAXUSD,short,2026-09-17 14:05:00+05:30,7.614,7.618,7.614,,False,False,,,
crypto,30m,True,ZORAUSD,short,2026-09-17 14:25:00+05:30,0.007569444444444444,0.00763,0.007569444444444444,0.007645138888888889,False,True,SL,-1.050499999999999,-1.1504999999999983
crypto,30m,True,BCHUSD,short,2026-09-17 14:30:00+05:30,224.75,225.0,224.75,,False,False,,,
crypto,30m,True,SOLUSD,short,2026-09-17 14:55:00+05:30,101.03,101.382,101.03,,False,False,,,
crypto,30m,True,VELVETUSD,short,2026-09-17 14:55:00+05:30,0.0562,0.0565,0.0562,0.056575,False,True,SL,-1.0754333333333375,-1.225300000000004
crypto,30m,True,BEAT/USDT,short,2026-09-17 15:40:00+05:30,0.0843,0.0848,0.0843,0.084925,False,True,+1R,1.0,0.8651200000000001
crypto,30m,True,BNBUSD,short,2026-09-17 17:40:00+05:30,728.61,729.03,728.61,,True,False,,,
crypto,30m,True,BTCUSD,short,2026-09-17 17:40:00+05:30,76939.0,77323.0,76939.0,77419.0,False,True,+1R,1.0,0.8397104166666667
crypto,30m,True,BNBUSD,short,2026-09-17 17:45:00+05:30,731.75,733.5,731.75,733.9375,True,True,data_quality_ambiguous,,
crypto,30m,True,HYPEUSD,short,2026-09-17 18:30:00+05:30,82.32430387987169,82.33,82.32430387987169,,False,False,,,
crypto,30m,True,UNIUSD,short,2026-09-17 19:20:00+05:30,7.146,7.202,7.146,7.216,True,True,SL,-1.0515428571428544,-1.1536285714285683
crypto,30m,True,BCHUSD,short,2026-09-17 19:40:00+05:30,232.07,232.08,232.07,,False,False,,,
crypto,30m,True,BCHUSD,short,2026-09-17 19:40:00+05:30,229.85,230.27,229.85,230.375,True,True,SL,-1.2194047619047412,-1.6572142857142602
crypto,30m,True,UNIUSD,short,2026-09-17 19:40:00+05:30,7.304,7.315,7.304,,False,False,,,
crypto,30m,True,BCHUSD,short,2026-09-17 19:50:00+05:30,236.75,238.2,236.75,238.5625,False,True,SL,-1.0658103448275864,-1.196431034482759
crypto,30m,True,BEAT/USDT,short,2026-09-17 19:55:00+05:30,0.0843,0.0848,0.0843,,False,False,,,
crypto,30m,True,UNIUSD,short,2026-09-17 22:15:00+05:30,7.44,7.488,7.44,7.5,False,True,SL,-1.0625000000000029,-1.1865000000000037
crypto,30m,True,AAVEUSD,short,2026-09-17 22:30:00+05:30,128.43,129.32,128.43,129.5425,False,True,SL,-1.0582213483146137,-1.173664044943829
crypto,30m,True,BNBUSD,short,2026-09-17 22:50:00+05:30,731.75,733.5,731.75,,True,False,,,
crypto,30m,True,BEAT/USDT,short,2026-09-17 23:55:00+05:30,0.0862,0.0864,0.0862,0.08645,True,True,data_quality_ambiguous,,
crypto,30m,True,BTCUSD,short,2026-09-18 08:00:00+05:30,76939.0,77323.0,76939.0,77419.0,False,True,SL,-1.0806447916666608,-1.2409343749999941
crypto,30m,True,DOGEUSD,short,2026-09-18 08:05:00+05:30,0.08318,0.08351,0.08318,0.0835925,False,True,SL,-1.101324242424252,-1.3029727272727387
crypto,30m,True,AVAXUSD,short,2026-09-18 08:10:00+05:30,7.75,7.804,7.75,7.817500000000001,False,True,SL,-1.0579074074074053,-1.1727222222222187
crypto,30m,True,BCHUSD,short,2026-09-18 08:10:00+05:30,239.27,241.03,239.27,241.47,True,True,SL,-1.054879545454544,-1.1636386363636355
crypto,30m,True,ETHUSD,short,2026-09-18 08:40:00+05:30,2476.4,2483.3,2476.4,2485.025,False,True,data_quality_ambiguous,,
crypto,30m,True,XRPUSD,short,2026-09-18 08:40:00+05:30,1.3175,1.321,1.3175,1.321875,False,True,SL,-1.1510714285714185,-1.4522142857142746
crypto,30m,True,AAVEUSD,short,2026-09-18 08:45:00+05:30,133.25,133.6,133.25,133.6875,True,True,SL,-1.1527857142857232,-1.457357142857152
crypto,30m,True,AVAXUSD,short,2026-09-18 09:00:00+05:30,7.864,7.87,7.864,,False,False,,,
crypto,30m,True,SOLUSD,short,2026-09-18 09:00:00+05:30,104.6,104.854,104.6,104.9175,True,True,SL,-1.1652244094488124,-1.4946732283464401
crypto,30m,True,HUSD,long,2026-09-18 09:10:00+05:30,0.08617,0.08685936,0.08685936,0.08599766,False,True,SL,-1.0499000000000023,-1.1507000000000032
crypto,30m,True,LTCUSD,short,2026-09-18 09:20:00+05:30,55.08,55.3,55.08,,True,False,,,
crypto,30m,True,TRUMP/USDT,short,2026-09-18 09:20:00+05:30,2.073,2.089,2.073,2.093,True,True,+2R,2.0,1.89635
crypto,30m,True,TRUMP/USDT,short,2026-09-18 09:20:00+05:30,2.062,2.064,2.062,,False,False,,,
crypto,30m,True,SOLUSD,short,2026-09-18 09:50:00+05:30,105.732,105.933,105.732,105.98325000000001,False,True,data_quality_ambiguous,,
crypto,30m,True,AKE/USDT,short,2026-09-18 11:55:00+05:30,0.02318015873015873,0.0233656,0.02318015873015873,0.023411960317460317,False,True,data_quality_ambiguous,,
crypto,30m,True,AAVEUSD,short,2026-09-18 12:30:00+05:30,135.48,135.59,135.48,,False,False,,,
crypto,30m,True,BNBUSD,short,2026-09-18 12:45:00+05:30,758.58,760.86,758.58,761.4300000000001,True,True,+2R,2.0,1.7338315789473706
crypto,30m,True,HYPEUSD,short,2026-09-18 13:10:00+05:30,88.28,88.35,88.28,,False,False,,,
crypto,30m,True,SOLUSD,short,2026-09-18 13:50:00+05:30,106.554,107.084,106.554,107.2165,False,True,+1R,1.0,0.8391637735849042
crypto,30m,True,LTCUSD,short,2026-09-18 14:20:00+05:30,55.95,56.22,55.95,56.287499999999994,False,True,+2R,2.0,1.834222222222218
crypto,30m,True,BLESSUSD,long,2026-09-18 14:40:00+05:30,0.008465,0.008465967360808017,0.008465967360808017,,False,False,,,
crypto,30m,True,DOGEUSD,short,2026-09-18 15:10:00+05:30,0.08599,0.08624,0.08599,0.0863025,True,True,BE,0.31066467199999787,0.03549667200000417
crypto,30m,True,HUSD,long,2026-09-18 15:10:00+05:30,0.08248,0.08279,0.08279,0.08240249999999999,False,True,BE,0.2412126709677461,0.027561058064527383
crypto,30m,True,LINKUSD,short,2026-09-18 15:20:00+05:30,11.911,11.961,11.911,11.973500000000001,True,True,+2R,2.0,1.8094240000000055
crypto,30m,True,AAVEUSD,short,2026-09-18 15:45:00+05:30,136.8,137.0,136.8,,False,False,,,
crypto,30m,True,HYPEUSD,short,2026-09-18 15:45:00+05:30,89.56,89.617,89.56,,True,False,,,
crypto,30m,True,AVAXUSD,short,2026-09-18 15:55:00+05:30,8.04,8.056,8.04,,False,False,,,
crypto,30m,True,TRUMP/USDT,short,2026-09-18 16:10:00+05:30,2.073,2.089,2.073,,True,False,,,
crypto,30m,True,RIVERUSD,long,2026-09-18 16:45:00+05:30,1.191,1.200528,1.200528,1.188618,False,True,BE,0.11380320000000627,0.013003200000006987
crypto,30m,True,HUSD,long,2026-09-18 17:00:00+05:30,0.08031,0.08033,0.08033,,False,False,,,
crypto,30m,True,BLESSUSD,short,2026-09-18 18:50:00+05:30,0.008763919691024183,0.008765,0.008763919691024183,,False,False,,,
crypto,30m,True,SOLUSD,short,2026-09-18 19:00:00+05:30,106.554,107.084,106.554,,False,False,,,
crypto,30m,True,AAVEUSD,short,2026-09-18 19:05:00+05:30,139.65,140.0,139.65,140.0875,True,True,SL,-1.1600999999999917,-1.4792999999999918
crypto,30m,True,SOLUSD,short,2026-09-18 19:05:00+05:30,107.0873015873016,107.944,107.0873015873016,108.1581746031746,False,True,SL,-1.050500000000001,-1.150500000000002
crypto,30m,True,AVAXUSD,short,2026-09-18 19:10:00+05:30,8.144,8.204,8.144,8.219000000000001,False,True,+1R,1.0,0.8914133333333348
crypto,30m,True,BCHUSD,short,2026-09-18 19:10:00+05:30,252.3,252.5,252.3,,False,False,,,
crypto,30m,True,BNBUSD,short,2026-09-18 19:10:00+05:30,758.58,760.86,758.58,,True,False,,,
crypto,30m,True,BTCUSD,short,2026-09-18 19:10:00+05:30,79307.0,79868.5,79307.0,80008.875,True,True,SL,-1.0569965271593942,-1.169989581478183
crypto,30m,True,BTCUSD,short,2026-09-18 19:20:00+05:30,80309.0,80537.0,80309.0,80594.0,True,True,data_quality_ambiguous,,
crypto,30m,True,DOGEUSD,short,2026-09-18 19:20:00+05:30,0.08760912698412698,0.08831,0.08760912698412698,0.08848521825396825,True,True,BE,0.11289999999999374,0.012899999999993736
crypto,30m,True,LINKUSD,short,2026-09-18 19:20:00+05:30,12.103174603174603,12.2,12.103174603174603,12.224206349206348,True,True,BE,0.11290000000000124,0.012900000000000494
crypto,30m,True,LTCUSD,short,2026-09-18 19:20:00+05:30,55.95,56.22,55.95,,False,False,,,
crypto,30m,True,RIVERUSD,short,2026-09-18 19:40:00+05:30,1.257,1.266,1.257,1.26825,True,True,SL,-1.0563666666666593,-1.1680999999999906
crypto,30m,True,BLESSUSD,short,2026-09-18 19:50:00+05:30,0.008876,0.008926,0.008876,0.0089385,False,True,SL,-1.071507999999998,-1.2135239999999978
crypto,30m,True,SOLUSD,short,2026-09-18 19:50:00+05:30,109.924,110.635,109.924,110.81275000000001,False,True,+1R,1.0,0.8763161744022505
crypto,30m,True,ETHUSD,short,2026-09-18 20:50:00+05:30,2598.5,2614.65,2598.5,2618.6875,True,True,BE,0.14532292260061777,0.016604656346747793
crypto,30m,True,BTCUSD,short,2026-09-18 22:00:00+05:30,81311.0,81386.0,81311.0,,False,False,,,
crypto,30m,True,AKE/USDT,short,2026-09-18 22:45:00+05:30,0.029530853174603175,0.0297671,0.029530853174603175,0.02982616170634921,False,True,SL,-1.0504999999999949,-1.1504999999999943
crypto,30m,True,VELVETUSD,short,2026-09-18 23:10:00+05:30,0.05982142857142857,0.0603,0.05982142857142857,0.06041964285714286,False,True,SL,-1.0505000000000042,-1.1505000000000032
crypto,30m,True,AVAXUSD,short,2026-09-19 00:35:00+05:30,8.29,8.334,8.29,8.344999999999999,False,True,SL,-1.0758636363636231,-1.2265909090908966
crypto,30m,True,AAVEUSD,short,2026-09-19 08:05:00+05:30,144.46,145.38,144.46,145.60999999999999,False,True,SL,-1.063308695652165,-1.1889260869565152
crypto,30m,True,TACUSD,short,2026-09-19 08:45:00+05:30,0.0016517857142857144,0.001665,0.0016517857142857144,,False,False,,,
crypto,30m,True,BCHUSD,long,2026-09-19 09:10:00+05:30,246.15,246.95,246.95,245.95000000000002,False,True,+1R,1.0,0.753049999999993
crypto,30m,True,LTCUSD,short,2026-09-19 09:25:00+05:30,59.31,59.44,59.31,,False,False,,,
crypto,30m,True,TRUMP/USDT,long,2026-09-19 10:05:00+05:30,2.017,2.028,2.028,,False,False,,,
crypto,30m,True,HUSD,long,2026-09-19 10:25:00+05:30,0.07937,0.07977,0.07977,,True,False,,,
crypto,30m,True,ETHUSD,short,2026-09-19 11:00:00+05:30,2635.95,2645.0,2635.95,,True,False,,,
crypto,30m,True,HUSD,long,2026-09-19 12:45:00+05:30,0.07792,0.07839,0.07839,0.0778025,False,True,BE,0.15064222978723638,0.017212442553194873
crypto,30m,True,ETHUSD,short,2026-09-19 13:50:00+05:30,2646.0,2666.05,2646.0,2671.0625,True,True,BE,0.11919537157106909,0.013619311720695013
crypto,30m,True,UNIUSD,short,2026-09-19 13:55:00+05:30,9.368055555555555,9.443,9.368055555555555,9.461736111111112,False,True,+2R,2.0,1.9000000000000008
crypto,30m,True,VELVETUSD,short,2026-09-19 14:05:00+05:30,0.06279761904761905,0.0633,0.06279761904761905,0.06342559523809524,False,True,data_quality_ambiguous,,
crypto,30m,True,BNBUSD,short,2026-09-19 14:20:00+05:30,767.248,768.64,767.248,768.9879999999999,False,True,SL,-1.2209735632184144,-1.6619206896552225
crypto,30m,True,BLESSUSD,short,2026-09-19 15:10:00+05:30,0.0095,0.00957,0.0095,0.0095875,False,True,SL,-1.054785714285723,-1.1633571428571508
crypto,30m,True,BLESSUSD,short,2026-09-19 15:25:00+05:30,0.009718713351869357,0.00972,0.009718713351869357,,False,False,,,
crypto,30m,True,ZORAUSD,short,2026-09-19 15:45:00+05:30,0.008253968253968253,0.00832,0.008253968253968253,0.008336507936507935,True,True,SL,-1.0504999999999916,-1.1504999999999919
crypto,30m,True,LINKUSD,short,2026-09-19 15:50:00+05:30,12.588,12.63,12.588,12.640500000000001,False,True,BE,0.2707019428571468,0.03093051428572738
crypto,30m,True,TACUSD,short,2026-09-19 17:25:00+05:30,0.0016517857142857144,0.001665,0.0016517857142857144,0.0016683035714285714,False,True,+2R,2.0,1.8999999999999997
crypto,30m,True,ETHUSD,short,2026-09-19 17:50:00+05:30,2646.0,2666.05,2646.0,,True,False,,,
crypto,30m,True,XRPUSD,short,2026-09-19 18:35:00+05:30,1.448611111111111,1.4602,1.448611111111111,1.4630972222222223,False,True,+1R,1.0,0.9000000000000006
crypto,30m,True,BTCUSD,short,2026-09-19 19:50:00+05:30,81649.0,81730.5,81649.0,,False,False,,,
crypto,30m,True,LINKUSD,short,2026-09-19 19:50:00+05:30,12.588,12.63,12.588,,False,False,,,
crypto,30m,True,BTCUSD,short,2026-09-19 20:00:00+05:30,81750.0,82275.0,81750.0,82406.25,True,True,+1R,1.0,0.8754285714285714
crypto,30m,True,TACUSD,short,2026-09-19 22:35:00+05:30,0.0016517857142857144,0.001665,0.0016517857142857144,,False,False,,,
crypto,30m,True,TRUMP/USDT,short,2026-09-19 22:35:00+05:30,2.137,2.145,2.137,2.1470000000000002,True,True,SL,-1.1073499999999925,-1.3210499999999876
crypto,30m,True,BEAT/USDT,short,2026-09-19 22:45:00+05:30,0.0893,0.0899,0.0893,,False,False,,,
crypto,30m,True,UNIUSD,long,2026-09-20 00:40:00+05:30,8.552,8.594,8.594,,False,False,,,
crypto,30m,True,BCHUSD,long,2026-09-20 08:00:00+05:30,245.25,246.78,246.78,244.8675,True,True,SL,-1.0640176470588232,-1.1930529411764705
crypto,30m,True,BTCUSD,long,2026-09-20 08:00:00+05:30,80810.5,80871.0,80871.0,,False,False,,,
crypto,30m,True,DOGEUSD,long,2026-09-20 08:00:00+05:30,0.08662,0.08683,0.08683,0.0865675,False,True,SL,-1.1648904761904684,-1.4956714285714223
crypto,30m,True,ETHUSD,long,2026-09-20 08:00:00+05:30,2602.0,2611.0,2611.0,2599.75,False,True,SL,-1.1155444444444584,-1.3476333333333472
crypto,30m,True,LINKUSD,long,2026-09-20 08:00:00+05:30,12.212,12.234,12.234,12.2065,False,True,SL,-1.2219363636363891,-1.6668090909091187
crypto,30m,True,XRPUSD,long,2026-09-20 08:00:00+05:30,1.3939,1.3979,1.3979,1.3929,False,True,SL,-1.1392899999999948,-1.4188700000000007
crypto,30m,True,HUSD,long,2026-09-20 08:15:00+05:30,0.07787,0.07828,0.07828,0.07776749999999999,True,True,SL,-1.0758707317073075,-1.2286121951219378
crypto,30m,True,LTCUSD,long,2026-09-20 08:15:00+05:30,56.8,56.91,56.91,56.772499999999994,False,True,SL,-1.2064454545454282,-1.6203363636363286
crypto,30m,True,AAVEUSD,long,2026-09-20 08:25:00+05:30,137.41,138.0,138.0,137.2625,False,True,SL,-1.0930593220339102,-1.2801779661017039
crypto,30m,True,TRUMP/USDT,long,2026-09-20 08:25:00+05:30,2.017,2.028,2.028,2.0142499999999997,False,True,SL,-1.0732454545454604,-1.2207363636363655
crypto,30m,True,BNBUSD,long,2026-09-20 08:30:00+05:30,744.74,744.89,744.89,,False,False,,,
crypto,30m,True,RIVERUSD,long,2026-09-20 08:40:00+05:30,1.191,1.200528,1.200528,1.188618,False,True,SL,-1.049900000000001,-1.1507000000000003
crypto,30m,True,HUSD,long,2026-09-20 12:10:00+05:30,0.07621,0.07623,0.07623,,False,False,,,
crypto,30m,True,HUSD,long,2026-09-20 12:55:00+05:30,0.07511,0.07533,0.07533,0.075055,False,True,+2R,2.0,1.7260727272727248
crypto,30m,True,HUSD,long,2026-09-20 14:05:00+05:30,0.07316,0.07322,0.07322,,True,False,,,
crypto,30m,True,ZECUSD,long,2026-09-20 14:10:00+05:30,1424.22,1435.61376,1435.61376,,False,False,,,
crypto,30m,True,HUSD,long,2026-09-20 14:30:00+05:30,0.07165,0.07172,0.07172,,False,False,,,
crypto,30m,True,AKE/USDT,short,2026-09-20 15:00:00+05:30,0.08688025793650793,0.0875753,0.08688025793650793,0.08774906051587301,False,True,SL,-1.0504999999999969,-1.150499999999996
crypto,30m,True,BEAT/USDT,long,2026-09-20 16:05:00+05:30,0.0834,0.0838,0.0838,0.0833,False,True,+1R,1.0,0.8324000000000001
crypto,30m,True,BLESSUSD,long,2026-09-20 16:10:00+05:30,0.008903,0.008915,0.008915,,False,False,,,
crypto,30m,True,AKE/USDT,long,2026-09-20 16:40:00+05:30,0.0543087,0.0547431696,0.0547431696,0.054200082600000005,False,True,SL,-1.0499000000000007,-1.1507000000000012
crypto,30m,True,AAVEUSD,long,2026-09-20 18:45:00+05:30,133.38,134.06,134.06,133.20999999999998,False,True,BE,0.1780632235293958,0.02034557647057647
crypto,30m,True,TRUMP/USDT,long,2026-09-20 19:00:00+05:30,1.994,2.001,2.001,1.99225,True,True,+2R,2.0,1.7713142857142807
crypto,30m,True,UNIUSD,long,2026-09-20 19:40:00+05:30,8.466,8.533,8.533,,True,False,,,
crypto,30m,True,ZECUSD,long,2026-09-20 19:40:00+05:30,1424.22,1435.61376,1435.61376,1421.37156,False,True,BE,0.11380319999999511,0.013003199999994497
crypto,30m,True,BEAT/USDT,long,2026-09-20 20:50:00+05:30,0.0834,0.0838,0.0838,,False,False,,,
crypto,30m,True,BNBUSD,short,2026-09-20 22:05:00+05:30,763.24,764.13,763.24,,False,False,,,
crypto,30m,True,HYPEUSD,short,2026-09-20 22:05:00+05:30,93.273,93.445,93.273,93.488,False,True,SL,-1.2174139534883868,-1.651241860465124
crypto,30m,True,LTCUSD,short,2026-09-20 22:05:00+05:30,58.43,58.52,58.43,,False,False,,,
crypto,30m,True,ETHUSD,short,2026-09-20 22:10:00+05:30,2649.2,2666.15,2649.2,,True,False,,,
crypto,30m,True,LTCUSD,short,2026-09-20 22:15:00+05:30,59.31,59.44,59.31,59.4725,False,True,+2R,2.0,1.6350153846153717
crypto,30m,True,LINKUSD,short,2026-09-20 22:35:00+05:30,12.625,12.693,12.625,,True,False,,,
crypto,30m,True,BNBUSD,short,2026-09-21 00:00:00+05:30,772.88,773.7,772.88,,False,False,,,
crypto,30m,True,AKE/USDT,long,2026-09-21 10:20:00+05:30,0.0398449,0.0401636592,0.0401636592,0.039765210200000005,False,True,SL,-1.0498999999999925,-1.1506999999999938
crypto,30m,True,HUSD,long,2026-09-21 10:25:00+05:30,0.07042,0.07098336,0.07098336,,True,False,,,
crypto,30m,True,BTCUSD,short,2026-09-21 10:55:00+05:30,81750.0,82275.0,81750.0,82406.25,True,True,BE,0.14064114285715013,0.016069714285721556
crypto,30m,True,HYPEUSD,short,2026-09-21 11:55:00+05:30,94.519,94.612,94.519,,False,False,,,
crypto,30m,True,XRPUSD,short,2026-09-21 12:50:00+05:30,1.448611111111111,1.4602,1.448611111111111,1.4630972222222223,False,True,SL,-1.0504999999999936,-1.150499999999993
crypto,30m,True,UNIUSD,long,2026-09-21 13:00:00+05:30,8.466,8.533,8.533,,True,False,,,
crypto,30m,True,DOGEUSD,short,2026-09-21 13:30:00+05:30,0.09068,0.09136,0.09068,0.09153,False,True,SL,-1.0538411764705917,-1.1605235294117677
crypto,30m,True,DOGEUSD,short,2026-09-21 14:00:00+05:30,0.09164,0.09211,0.09164,0.09222749999999999,False,True,SL,-1.0784914893616915,-1.234474468085098
crypto,30m,True,SOLUSD,short,2026-09-21 14:00:00+05:30,114.2671,114.368,114.2671,,True,False,,,
crypto,30m,True,ZORAUSD,short,2026-09-21 14:00:00+05:30,0.008325,0.008333,0.008325,,False,False,,,
crypto,30m,True,XRPUSD,short,2026-09-21 14:15:00+05:30,1.4888,1.4921,1.4888,,True,False,,,
crypto,30m,True,ZORAUSD,short,2026-09-21 14:30:00+05:30,0.008396,0.008416,0.008396,0.008421,True,True,SL,-1.168420000000037,-1.5042600000000508
crypto,30m,True,AAVEUSD,short,2026-09-21 14:35:00+05:30,143.42,144.24,143.42,144.44500000000002,False,True,SL,-1.070460975609763,-1.2103829268292705
crypto,30m,True,AAVEUSD,short,2026-09-21 14:45:00+05:30,145.81349206349205,146.98,145.81349206349205,147.27162698412698,True,True,SL,-1.0505000000000073,-1.1505000000000065
crypto,30m,True,BCHUSD,short,2026-09-21 15:05:00+05:30,263.86904761904765,265.98,263.86904761904765,266.5077380952381,True,True,+1R,1.0,0.8999999999999989
crypto,30m,True,DOGEUSD,short,2026-09-21 15:05:00+05:30,0.0951,0.09541,0.0951,,False,False,,,
crypto,30m,True,BLESSUSD,short,2026-09-21 15:50:00+05:30,0.009521825396825397,0.009598,0.009521825396825397,0.009617043650793652,False,True,SL,-1.0505000000000049,-1.1505000000000032
crypto,30m,True,HUSD,long,2026-09-21 15:55:00+05:30,0.06802,0.06856416,0.06856416,0.06788396,False,True,SL,-1.04989999999999,-1.1506999999999892
crypto,30m,True,VELVETUSD,short,2026-09-21 16:00:00+05:30,0.0624,0.0626,0.0624,0.06265000000000001,False,True,+1R,1.0,0.7504000000000141
crypto,30m,True,BLESSUSD,short,2026-09-21 16:25:00+05:30,0.009762,0.00977,0.009762,,True,False,,,
crypto,30m,True,TRUMP/USDT,short,2026-09-21 16:30:00+05:30,2.1845238095238093,2.202,2.1845238095238093,2.206369047619048,True,True,BE,0.11289999999998969,0.012899999999991682
crypto,30m,True,RIVERUSD,short,2026-09-21 16:40:00+05:30,1.27,1.28,1.27,1.2825,False,True,+1R,1.0,0.8983999999999996
crypto,30m,True,BCHUSD,short,2026-09-21 17:40:00+05:30,268.2,269.33,268.2,269.61249999999995,True,True,SL,-1.0954380530973453,-1.28531415929204
crypto,30m,True,BCHUSD,short,2026-09-21 17:55:00+05:30,271.82,272.52,271.82,272.695,False,True,+2R,2.0,1.6893485714285714
crypto,30m,True,HUSD,long,2026-09-21 18:15:00+05:30,0.06605,0.0665784,0.0665784,,True,False,,,
crypto,30m,True,DOGEUSD,short,2026-09-21 20:20:00+05:30,0.0951,0.09541,0.0951,0.09548749999999999,False,True,SL,-1.123209677419348,-1.3686290322580672
crypto,30m,True,BEAT/USDT,short,2026-09-21 20:30:00+05:30,0.0893,0.0899,0.0893,0.09004999999999999,False,True,+2R,2.0,1.8809333333333313
crypto,30m,True,TRUMP/USDT,short,2026-09-21 20:30:00+05:30,2.1845238095238093,2.202,2.1845238095238093,,True,False,,,
crypto,30m,True,DOGEUSD,short,2026-09-22 00:20:00+05:30,0.10013888888888889,0.10094,0.10013888888888889,0.10114027777777779,False,True,SL,-1.0504999999999969,-1.1504999999999959
crypto,30m,True,HUSD,long,2026-09-22 08:00:00+05:30,0.06605,0.0665784,0.0665784,,True,False,,,
crypto,30m,True,RIVERUSD,short,2026-09-22 08:10:00+05:30,1.287,1.292,1.287,,True,False,,,
crypto,30m,True,BEAT/USDT,short,2026-09-22 09:35:00+05:30,0.08918650793650792,0.0899,0.08918650793650792,0.09007837301587301,True,True,SL,-1.050499999999993,-1.1504999999999919
crypto,30m,True,TRUMP/USDT,long,2026-09-22 10:45:00+05:30,2.112,2.128896,2.128896,2.1077760000000003,False,True,BE,0.11380319999999475,0.013003199999993817
crypto,30m,True,HUSD,long,2026-09-22 14:30:00+05:30,0.06605,0.0665784,0.0665784,,True,False,,,
crypto,30m,True,UNIUSD,long,2026-09-22 14:35:00+05:30,8.678,8.735,8.735,8.66375,False,True,+1R,1.0,0.8774035087719284
crypto,30m,True,BCHUSD,short,2026-09-22 15:25:00+05:30,271.82,272.52,271.82,272.695,False,True,+2R,2.0,1.6893485714285714
crypto,30m,True,BEAT/USDT,long,2026-09-22 15:35:00+05:30,0.0857,0.0862,0.0862,0.085575,False,True,BE,0.15571167999999233,0.017791679999992427
crypto,30m,True,RIVERUSD,long,2026-09-22 15:50:00+05:30,1.225,1.225129360110292,1.225129360110292,,False,False,,,
crypto,30m,True,TRUMP/USDT,long,2026-09-22 15:50:00+05:30,2.112,2.128896,2.128896,,False,False,,,
crypto,30m,True,BEAT/USDT,long,2026-09-22 15:55:00+05:30,0.0848,0.0849,0.0849,,False,False,,,
crypto,30m,True,BCHUSD,short,2026-09-22 16:05:00+05:30,273.8,274.22,273.8,,False,False,,,
crypto,30m,True,HYPEUSD,short,2026-09-22 17:10:00+05:30,95.927,96.103,95.927,96.14699999999999,True,True,BE,0.4922799227273042,0.056248104545455535
crypto,30m,True,BCHUSD,short,2026-09-22 18:05:00+05:30,284.19,285.61,284.19,285.96500000000003,True,True,SL,-1.0805535211267683,-1.2406605633802863
crypto,30m,True,BCHUSD,short,2026-09-22 18:05:00+05:30,281.2584702251426,281.29,281.2584702251426,,False,False,,,
crypto,30m,True,UNIUSD,short,2026-09-22 18:15:00+05:30,9.435912698412698,9.5114,9.435912698412698,9.530271825396825,True,True,SL,-1.0505000000000038,-1.1505000000000036
crypto,30m,True,BCHUSD,short,2026-09-22 18:25:00+05:30,305.42,306.08,305.42,306.245,False,True,SL,-1.1856030303030267,-1.5558090909090925
crypto,30m,True,LINKUSD,short,2026-09-22 18:30:00+05:30,13.281746031746032,13.388,13.281746031746032,,False,False,,,
crypto,30m,True,XRPUSD,short,2026-09-22 19:15:00+05:30,1.5703,1.5755,1.5703,1.5768,True,True,SL,-1.121292307692312,-1.3628769230769293
crypto,30m,True,BEAT/USDT,long,2026-09-22 20:00:00+05:30,0.0834,0.0838,0.0838,0.0833,False,True,data_quality_ambiguous,,
crypto,30m,True,LINKUSD,long,2026-09-22 20:05:00+05:30,12.75,12.816,12.816,12.7335,False,True,+2R,2.0,1.844654545454548
crypto,30m,True,ZECUSD,short,2026-09-22 22:10:00+05:30,1565.12,1572.31,1565.12,,False,False,,,
crypto,30m,True,HYPEUSD,short,2026-09-22 22:20:00+05:30,95.927,96.103,95.927,,True,False,,,
crypto,30m,True,RIVERUSD,short,2026-09-22 23:20:00+05:30,1.284,1.293,1.284,1.2952499999999998,True,True,+2R,2.0,1.8858666666666641
crypto,30m,True,BEAT/USDT,short,2026-09-22 23:55:00+05:30,0.0921,0.0926,0.0921,0.092725,True,True,+2R,2.0,1.85264
crypto,30m,True,LTCUSD,short,2026-09-23 00:55:00+05:30,63.442460317460316,63.95,63.442460317460316,64.07688492063492,False,True,+1R,1.0,0.9000000000000008
crypto,30m,True,BLESSUSD,short,2026-09-23 08:00:00+05:30,0.009458,0.009469,0.009458,,False,False,,,
crypto,30m,True,SOLUSD,short,2026-09-23 08:50:00+05:30,119.459,120.041,119.459,120.1865,False,True,BE,0.18538723161511472,0.02118242061854933
crypto,30m,True,LINKUSD,long,2026-09-23 09:05:00+05:30,12.75,12.831,12.831,,True,False,,,
crypto,30m,True,BTCUSD,short,2026-09-23 09:50:00+05:30,87247.5,87386.0,87247.5,,False,False,,,
crypto,30m,True,TRUMP/USDT,short,2026-09-23 12:05:00+05:30,2.283,2.297,2.283,2.3005000000000004,False,True,+2R,2.0,1.869542857142861
crypto,30m,True,ZORAUSD,short,2026-09-23 12:05:00+05:30,0.009424603174603174,0.0095,0.009424603174603174,,False,False,,,
crypto,30m,True,BEAT/USDT,short,2026-09-23 12:15:00+05:30,0.0938,0.094,0.0938,,True,False,,,
crypto,30m,True,RIVERUSD,short,2026-09-23 12:30:00+05:30,1.294,1.295,1.294,,True,False,,,
crypto,30m,True,BNBUSD,long,2026-09-23 13:10:00+05:30,781.29,785.45,785.45,780.25,False,True,BE,0.17053327884615005,0.019485201923074402
crypto,30m,True,ETHUSD,long,2026-09-23 13:10:00+05:30,2714.7,2731.2,2731.2,2710.575,False,True,BE,0.14950423272726546,0.01708241454544729
crypto,30m,True,BLESSUSD,short,2026-09-23 13:50:00+05:30,0.009773809523809523,0.009852,0.009773809523809523,0.009871547619047618,True,True,+2R,2.0,1.9
crypto,30m,True,BTCUSD,long,2026-09-23 14:15:00+05:30,85432.0,85700.0,85700.0,85365.0,False,True,BE,0.2888217910447891,0.03300089552240104
crypto,30m,True,ZECUSD,short,2026-09-23 16:25:00+05:30,1648.09,1652.0,1648.09,1652.9775,True,True,SL,-1.1691025575447458,-1.5063076726342568
crypto,30m,True,XRPUSD,long,2026-09-23 17:05:00+05:30,1.556,1.5683,1.5683,1.552925,False,True,BE,0.11516167154471299,0.013158419512192085
crypto,30m,True,AVAXUSD,long,2026-09-23 17:30:00+05:30,10.91,10.956,10.956,10.8985,False,True,SL,-1.0947695652173899,-1.285308695652175
crypto,30m,True,BLESSUSD,short,2026-09-23 17:30:00+05:30,0.009955,0.009985,0.009955,0.009992500000000001,True,True,+1R,1.0,0.7345333333333409
crypto,30m,True,BTCUSD,long,2026-09-23 17:45:00+05:30,85088.5,85189.0,85189.0,,False,False,,,
crypto,30m,True,AVAXUSD,long,2026-09-23 18:35:00+05:30,10.526,10.594,10.594,10.509,False,True,+2R,2.0,1.8753647058823515
crypto,30m,True,HYPEUSD,long,2026-09-23 18:35:00+05:30,93.788,94.371,94.371,93.64224999999999,False,True,SL,-1.0642485420240049,-1.1937456260720314
crypto,30m,True,SOLUSD,long,2026-09-23 18:35:00+05:30,115.599,115.847,115.847,115.537,False,True,SL,-1.1863499999999896,-1.560050000000004
crypto,30m,True,TACUSD,long,2026-09-23 19:35:00+05:30,0.001573,0.001578,0.001578,0.00157175,False,True,SL,-1.1257400000000137,-1.3782200000000153
crypto,30m,True,TRUMP/USDT,long,2026-09-23 19:35:00+05:30,2.112,2.128896,2.128896,2.1077760000000003,False,True,SL,-1.049899999999998,-1.150699999999999
crypto,30m,True,AAVEUSD,long,2026-09-23 19:40:00+05:30,140.0,140.82,140.82,139.79500000000002,False,True,data_quality_ambiguous,,
crypto,30m,True,BLESSUSD,long,2026-09-23 19:40:00+05:30,0.00832,0.00833,0.00833,,False,False,,,
crypto,30m,True,BLESSUSD,long,2026-09-23 19:40:00+05:30,0.008414,0.008437,0.008437,,True,False,,,
crypto,30m,True,BLESSUSD,long,2026-09-23 19:40:00+05:30,0.008673,0.008725,0.008725,,True,False,,,
crypto,30m,True,BLESSUSD,long,2026-09-23 19:40:00+05:30,0.008888,0.008918,0.008918,,False,False,,,
crypto,30m,True,BLESSUSD,long,2026-09-23 19:40:00+05:30,0.00901,0.009045,0.009045,,False,False,,,
crypto,30m,True,BNBUSD,long,2026-09-23 19:40:00+05:30,765.89,767.3,767.3,765.5375,False,True,SL,-1.2171737588652387,-1.652521276595752
crypto,30m,True,DOGEUSD,long,2026-09-23 19:40:00+05:30,0.09726,0.09785,0.09785,0.09711249999999999,False,True,SL,-1.0658389830508435,-1.1985169491525356
crypto,30m,True,ETHUSD,long,2026-09-23 19:40:00+05:30,2645.25,2657.6,2657.6,2642.1625,False,True,+1R,1.0,0.8278477732793522
crypto,30m,True,LINKUSD,long,2026-09-23 19:40:00+05:30,12.473,12.522,12.522,12.46075,False,True,data_quality_ambiguous,,
crypto,30m,True,LTCUSD,long,2026-09-23 19:40:00+05:30,59.82,60.04,60.04,59.765,False,True,+1R,1.0,0.7816727272727262
crypto,30m,True,RIVERUSD,long,2026-09-23 19:40:00+05:30,1.111,1.119888,1.119888,,False,False,,,
crypto,30m,True,RIVERUSD,long,2026-09-23 19:40:00+05:30,1.158,1.167,1.167,1.1557499999999998,True,True,SL,-1.0513666666666712,-1.1551000000000027
crypto,30m,True,RIVERUSD,long,2026-09-23 19:40:00+05:30,1.215,1.217,1.217,1.2145000000000001,True,True,SL,-1.2429000000000288,-1.7297000000000393
crypto,30m,True,TACUSD,long,2026-09-23 19:40:00+05:30,0.001522,0.001525,0.001525,0.0015212499999999998,True,True,SL,-1.202833333333299,-1.6094999999999353
crypto,30m,True,TACUSD,long,2026-09-23 19:40:00+05:30,0.001543,0.001546,0.001546,0.0015422500000000002,False,True,SL,-1.2056333333333522,-1.6179000000000356
crypto,30m,True,TRUMP/USDT,long,2026-09-23 19:40:00+05:30,1.93,1.938,1.938,,False,False,,,
crypto,30m,True,TRUMP/USDT,long,2026-09-23 19:40:00+05:30,1.994,2.001,2.001,1.99225,True,True,data_quality_ambiguous,,
crypto,30m,True,VELVETUSD,long,2026-09-23 19:40:00+05:30,0.0545,0.0547,0.0547,,False,False,,,
crypto,30m,True,VELVETUSD,long,2026-09-23 19:40:00+05:30,0.0573,0.0577,0.0577,0.057199999999999994,True,True,SL,-1.0571999999999926,-1.172599999999991
crypto,30m,True,XRPUSD,long,2026-09-23 21:20:00+05:30,1.4948,1.5017,1.5017,1.493075,False,True,SL,-1.0865550724637645,-1.2606652173912987
crypto,30m,True,HYPEUSD,long,2026-09-23 21:30:00+05:30,92.092,92.239,92.239,,False,False,,,
crypto,30m,True,LTCUSD,short,2026-09-24 08:10:00+05:30,64.58,64.71,64.58,64.74249999999999,True,True,SL,-1.1992076923076813,-1.5966230769230798
crypto,30m,True,VELVETUSD,short,2026-09-24 12:05:00+05:30,0.06121031746031746,0.0617,0.06121031746031746,0.06182242063492063,False,True,BE,0.11289999999999469,0.012899999999994749
crypto,30m,True,BLESSUSD,short,2026-09-24 12:15:00+05:30,0.010173,0.010209,0.010173,0.010218,True,True,SL,-1.1135333333333262,-1.3395999999999932
crypto,30m,True,BLESSUSD,short,2026-09-24 12:25:00+05:30,0.01052,0.0106,0.01052,,False,False,,,
crypto,30m,True,AKE/USDT,long,2026-09-24 12:40:00+05:30,0.039766,0.040084128000000004,0.040084128000000004,0.039686468,False,True,SL,-1.049899999999996,-1.1506999999999958
crypto,30m,True,AVAXUSD,long,2026-09-24 13:55:00+05:30,10.07,10.15,10.15,10.05,True,True,BE,0.11459350000000908,0.01309350000000871
crypto,30m,True,UNIUSD,long,2026-09-24 13:55:00+05:30,9.042,9.109,9.109,9.02525,False,True,BE,0.12279475820895637,0.014030579104479024
crypto,30m,True,ETHUSD,long,2026-09-24 14:15:00+05:30,2634.0,2651.0,2651.0,2629.75,True,True,SL,-1.0618764705882366,-1.1866294117647072
crypto,30m,True,SOLUSD,long,2026-09-24 14:15:00+05:30,113.0,113.396,113.396,112.901,True,True,+1R,1.0,0.7709171717171738
crypto,30m,True,BCHUSD,long,2026-09-24 14:45:00+05:30,324.83,327.42864,327.42864,324.18034,False,True,BE,0.11380319999999268,0.013003199999991819
crypto,30m,True,DOGEUSD,long,2026-09-24 15:00:00+05:30,0.09127,0.09187,0.09187,0.09112,True,True,BE,0.13829497333334406,0.015801640000008596
crypto,30m,True,ZORAUSD,long,2026-09-24 15:05:00+05:30,0.008393,0.00839357190294341,0.00839357190294341,,False,False,,,
crypto,30m,True,HYPEUSD,long,2026-09-24 15:35:00+05:30,89.771,90.113,90.113,89.6855,False,True,+2R,2.0,1.7892093567251437
crypto,30m,True,HUSD,short,2026-09-24 16:50:00+05:30,0.06354,0.06391,0.06354,0.06400249999999999,False,True,data_quality_ambiguous,,
crypto,30m,True,HUSD,short,2026-09-24 16:55:00+05:30,0.06553,0.06564,0.06553,0.0656675,False,True,data_quality_ambiguous,,
crypto,30m,True,AVAXUSD,short,2026-09-24 19:45:00+05:30,10.352,10.416,10.352,10.432,False,True,SL,-1.0652000000000097,-1.1946000000000097
crypto,30m,True,VELVETUSD,short,2026-09-24 20:45:00+05:30,0.06488095238095239,0.0654,0.06488095238095239,0.0655297619047619,True,True,+1R,1.0,0.8999999999999978
crypto,30m,True,BEAT/USDT,short,2026-09-24 21:30:00+05:30,0.0962,0.0965,0.0962,0.09657500000000001,False,True,SL,-1.1287666666666454,-1.385299999999969
crypto,30m,True,RIVERUSD,short,2026-09-24 21:45:00+05:30,1.3035714285714286,1.314,1.3035714285714286,1.3166071428571429,True,True,+2R,2.0,1.9
crypto,30m,True,RIVERUSD,short,2026-09-24 21:45:00+05:30,1.294,1.295,1.294,,True,False,,,
crypto,30m,True,HUSD,short,2026-09-24 21:50:00+05:30,0.07105,0.07148,0.07105,0.0715875,False,True,SL,-1.0665930232558123,-1.1987790697674412
crypto,30m,True,AKE/USDT,long,2026-09-24 23:35:00+05:30,0.038206,0.038511647999999996,0.038511647999999996,0.038129588,True,True,SL,-1.0498999999999923,-1.1506999999999932
crypto,30m,True,LINKUSD,short,2026-09-24 23:45:00+05:30,13.16,13.212,13.16,13.225,False,True,data_quality_ambiguous,,
crypto,30m,True,LINKUSD,short,2026-09-24 23:50:00+05:30,13.587,13.672,13.587,,False,False,,,
crypto,30m,True,LINKUSD,short,2026-09-24 23:50:00+05:30,13.281746031746032,13.388,13.281746031746032,13.414563492063492,False,True,+1R,1.0,0.8999999999999997
crypto,30m,True,AVAXUSD,long,2026-09-25 13:05:00+05:30,9.984,10.056,10.056,,False,False,,,
crypto,30m,True,ZECUSD,short,2026-09-25 13:40:00+05:30,1573.76,1576.07,1573.76,,False,False,,,
crypto,30m,True,LINKUSD,short,2026-09-25 13:45:00+05:30,13.666666666666666,13.776,13.666666666666666,13.803333333333333,True,True,SL,-1.0504999999999944,-1.1504999999999943
crypto,30m,True,DOGEUSD,short,2026-09-25 14:30:00+05:30,0.09681,0.0975,0.09681,0.09767250000000001,False,True,BE,0.126722886956527,0.014479408695659515
crypto,30m,True,BTCUSD,short,2026-09-25 15:00:00+05:30,84841.5,84900.0,84841.5,,False,False,,,
crypto,30m,True,UNIUSD,short,2026-09-25 15:15:00+05:30,9.391,9.46,9.391,9.477250000000002,False,True,+1R,1.0,0.891118840579712
crypto,30m,True,HYPEUSD,short,2026-09-25 16:05:00+05:30,94.1954365079365,94.949,94.1954365079365,95.13739087301587,False,True,+2R,2.0,1.9000000000000004
crypto,30m,True,SOLUSD,short,2026-09-25 16:20:00+05:30,119.459,120.041,119.459,120.1865,False,True,SL,-1.0826024054982748,-1.2468072164948403
crypto,30m,True,BNBUSD,short,2026-09-25 16:40:00+05:30,785.18,785.73,785.18,,False,False,,,
crypto,30m,True,TRUMP/USDT,short,2026-09-25 16:40:00+05:30,2.118,2.123,2.118,2.1242500000000004,False,True,+2R,2.0,1.6611200000000288
crypto,30m,True,ZORAUSD,short,2026-09-25 16:40:00+05:30,0.009040132550389946,0.009041,0.009040132550389946,,False,False,,,
crypto,30m,True,AVAXUSD,short,2026-09-25 16:45:00+05:30,10.607142857142858,10.692,10.607142857142858,10.713214285714287,False,True,SL,-1.0505000000000049,-1.1505000000000045
crypto,30m,True,TACUSD,short,2026-09-25 19:05:00+05:30,0.001612,0.001622,0.001612,0.0016245,False,True,+1R,1.0,0.8710400000000015
crypto,30m,True,BTCUSD,long,2026-09-25 19:30:00+05:30,82845.5,83228.5,83228.5,82749.75,False,True,+1R,1.0,0.8261545691906005
crypto,30m,True,BCHUSD,long,2026-09-25 19:35:00+05:30,324.83,327.42864,327.42864,,False,False,,,
crypto,30m,True,TACUSD,short,2026-09-25 20:30:00+05:30,0.001645,0.001652,0.001645,0.00165375,False,True,+2R,2.0,1.8120000000000016
crypto,30m,True,HYPEUSD,long,2026-09-25 21:00:00+05:30,91.065,91.0724291946336,91.0724291946336,,False,False,,,
crypto,30m,True,ZECUSD,long,2026-09-25 21:20:00+05:30,1525.0,1531.71,1531.71,,False,False,,,
crypto,30m,True,AAVEUSD,short,2026-09-25 21:55:00+05:30,154.17,155.3,154.17,155.5825,False,True,+1R,1.0,0.8908530973451345
crypto,30m,True,HUSD,short,2026-09-25 23:45:00+05:30,0.07402,0.07451,0.07402,0.0746325,False,True,SL,-1.060924489795922,-1.1817734693877584
crypto,30m,True,HUSD,short,2026-09-25 23:45:00+05:30,0.0725,0.0727,0.0725,0.07275000000000001,True,True,SL,-1.1455000000000124,-1.435499999999996
crypto,30m,True,BCHUSD,short,2026-09-26 00:40:00+05:30,341.7,344.28,341.7,344.92499999999995,False,True,BE,0.1196214883721018,0.01366800000000766
crypto,30m,True,LINKUSD,short,2026-09-26 08:15:00+05:30,14.123,14.217,14.123,14.2405,True,True,BE,0.1357009957446789,0.015505251063829342
crypto,30m,True,BNBUSD,long,2026-09-26 10:40:00+05:30,768.78,772.31,772.31,767.8975,False,True,BE,0.1976063433427785,0.022578581303114825
crypto,30m,True,BEAT/USDT,short,2026-09-26 11:55:00+05:30,0.0973,0.0979,0.0973,0.09805,False,True,BE,0.1464689333333286,0.016735599999995382
crypto,30m,True,ZECUSD,long,2026-09-26 11:55:00+05:30,1516.78,1527.64,1527.64,,True,False,,,
crypto,30m,True,BLESSUSD,long,2026-09-26 14:40:00+05:30,0.009253,0.009296,0.009296,,False,False,,,
crypto,30m,True,LTCUSD,short,2026-09-26 15:25:00+05:30,74.68,74.9,74.68,74.95500000000001,False,True,BE,0.30659534545452916,0.035031709090898366
crypto,30m,True,TACUSD,short,2026-09-26 16:40:00+05:30,0.001645,0.001652,0.001645,0.00165375,False,True,+1R,1.0,0.8120000000000016
crypto,30m,True,BEAT/USDT,short,2026-09-26 18:35:00+05:30,0.10625,0.1071,0.10625,0.1073125,False,True,BE,0.11289999999999664,0.012899999999997372
crypto,30m,True,BLESSUSD,long,2026-09-26 18:55:00+05:30,0.009253,0.009296,0.009296,,False,False,,,
crypto,30m,True,RIVERUSD,short,2026-09-26 20:40:00+05:30,1.287,1.296,1.287,1.2982500000000001,False,True,BE,0.1291576000000024,0.014757600000004464
crypto,30m,True,SOLUSD,short,2026-09-26 21:05:00+05:30,122.3135,122.952,122.3135,,False,False,,,
crypto,30m,True,HYPEUSD,short,2026-09-26 22:10:00+05:30,92.89457870243179,92.901,92.89457870243179,,False,False,,,
crypto,30m,True,LTCUSD,long,2026-09-26 23:20:00+05:30,71.66,71.75,71.75,,False,False,,,
crypto,30m,True,BLESSUSD,long,2026-09-27 00:00:00+05:30,0.009253,0.009296,0.009296,0.00924225,False,True,SL,-1.085974418604646,-1.2589232558139485
crypto,30m,True,XRPUSD,long,2026-09-27 00:05:00+05:30,1.5204,1.5287,1.5287,1.518325,False,True,SL,-1.0731722891566338,-1.2205168674698865
crypto,30m,True,BLESSUSD,long,2026-09-27 00:10:00+05:30,0.008927,0.008985,0.008985,,False,False,,,
crypto,30m,True,RIVERUSD,long,2026-09-27 00:10:00+05:30,1.242,1.247,1.247,1.24075,False,True,SL,-1.0992599999999997,-1.298779999999997
crypto,30m,True,RIVERUSD,long,2026-09-27 00:50:00+05:30,1.225,1.2348000000000001,1.2348000000000001,1.22255,False,True,SL,-1.0499000000000014,-1.1507000000000007
crypto,30m,True,TACUSD,short,2026-09-27 08:10:00+05:30,0.0016537698412698414,0.001667,0.0016537698412698414,,True,False,,,
crypto,30m,True,ZORAUSD,long,2026-09-27 09:25:00+05:30,0.0087,0.008700689575645468,0.008700689575645468,,False,False,,,
crypto,30m,True,BNBUSD,short,2026-09-27 11:05:00+05:30,775.06,775.81,775.06,,False,False,,,
crypto,30m,True,BCHUSD,short,2026-09-27 11:35:00+05:30,339.45,340.03,339.45,340.17499999999995,False,True,SL,-1.234603448275904,-1.7028103448276504
crypto,30m,True,AVAXUSD,short,2026-09-27 12:50:00+05:30,11.13682232117141,11.138,11.13682232117141,,False,False,,,
crypto,30m,True,BNBUSD,short,2026-09-27 12:55:00+05:30,777.16,777.8,777.16,,False,False,,,
crypto,30m,True,SOLUSD,short,2026-09-27 13:05:00+05:30,122.3135,122.952,122.3135,123.111625,False,True,SL,-1.07712552858262,-1.2303765857478512
crypto,30m,True,LINKUSD,short,2026-09-27 13:15:00+05:30,14.446,14.483,14.446,14.49225,True,True,+2R,2.0,1.6876540540540579
crypto,30m,True,BTCUSD,short,2026-09-27 13:25:00+05:30,84893.5,85224.0,84893.5,,True,False,,,
crypto,30m,True,BNBUSD,short,2026-09-27 13:30:00+05:30,780.03,784.3,780.03,,False,False,,,
crypto,30m,True,ETHUSD,short,2026-09-27 14:00:00+05:30,2725.55,2742.3,2725.55,,False,False,,,
crypto,30m,True,BTCUSD,short,2026-09-27 17:25:00+05:30,84893.5,85224.0,84893.5,85306.625,True,True,BE,0.23199942269289947,0.026508348562793577
crypto,30m,True,DOGEUSD,short,2026-09-27 18:05:00+05:30,0.09879,0.09888,0.09879,,False,False,,,
crypto,30m,True,RIVERUSD,long,2026-09-27 18:30:00+05:30,1.206,1.211,1.211,,True,False,,,
crypto,30m,True,BLESSUSD,long,2026-09-27 19:55:00+05:30,0.008927,0.008985,0.008985,0.008912499999999999,False,True,SL,-1.061465517241375,-1.1853965517241312
crypto,30m,True,VELVETUSD,long,2026-09-27 19:55:00+05:30,0.0585,0.0589,0.0589,0.05840000000000001,False,True,SL,-1.058400000000001,-1.1762000000000024
crypto,30m,True,HYPEUSD,long,2026-09-27 20:05:00+05:30,91.169,91.35,91.35,91.12375,False,True,+1R,1.0,0.5962430939226397
crypto,30m,True,XRPUSD,long,2026-09-27 20:15:00+05:30,1.5031,1.5123,1.5123,1.5008000000000001,True,True,BE,0.14846840869564762,0.016964060869558872
crypto,30m,True,LINKUSD,long,2026-09-27 20:30:00+05:30,13.884,13.96,13.96,,False,False,,,
crypto,30m,True,AAVEUSD,long,2026-09-27 20:35:00+05:30,151.9,152.18,152.18,,False,False,,,
crypto,30m,True,BCHUSD,long,2026-09-27 20:35:00+05:30,324.83,327.42864,327.42864,,False,False,,,
crypto,30m,True,ETHUSD,long,2026-09-27 20:35:00+05:30,2662.6,2675.5,2675.5,,True,False,,,
crypto,30m,True,DOGEUSD,long,2026-09-28 08:00:00+05:30,0.09463,0.09504,0.09504,0.09452750000000001,False,True,SL,-1.0922219512195117,-1.2776658536585415
crypto,30m,True,SOLUSD,long,2026-09-28 08:00:00+05:30,120.0505,120.301,120.301,119.987875,False,True,BE,0.4337559409181613,0.04956113053891903
crypto,30m,True,UNIUSD,long,2026-09-28 08:00:00+05:30,9.398,9.415,9.415,9.39375,False,True,SL,-1.221029411764745,-1.6640882352941895
crypto,30m,True,BTCUSD,long,2026-09-28 08:05:00+05:30,82845.5,83228.5,83228.5,82749.75,False,True,BE,0.1962714913838261,0.022426060574426643
crypto,30m,True,ZORAUSD,long,2026-09-28 08:10:00+05:30,0.008362,0.008362919560289101,0.008362919560289101,,False,False,,,
crypto,30m,True,BNBUSD,long,2026-09-28 08:15:00+05:30,770.43,770.4472405984401,770.4472405984401,,False,False,,,
crypto,30m,True,BNBUSD,long,2026-09-28 08:55:00+05:30,766.74,769.16,769.16,766.135,True,True,BE,0.2870683107438211,0.03280054214877787
crypto,30m,True,ETHUSD,long,2026-09-28 08:55:00+05:30,2626.6,2637.5,2637.5,,True,False,,,
crypto,30m,True,AVAXUSD,long,2026-09-28 09:00:00+05:30,10.67,10.688,10.688,10.6655,False,True,data_quality_ambiguous,,
crypto,30m,True,BEAT/USDT,long,2026-09-28 09:00:00+05:30,0.0895,0.09021599999999999,0.09021599999999999,0.089321,False,True,BE,0.11380319999999589,0.013003199999995108
crypto,30m,True,BNBUSD,long,2026-09-28 09:00:00+05:30,762.83,766.18,766.18,,False,False,,,
crypto,30m,True,TACUSD,long,2026-09-28 09:00:00+05:30,0.001469,0.0014807520000000001,0.0014807520000000001,0.001466062,True,True,+1R,1.0,0.899200000000001
crypto,30m,True,LINKUSD,long,2026-09-28 09:30:00+05:30,13.664,13.76,13.76,13.64,False,True,+1R,1.0,0.8853333333333325
crypto,30m,True,AVAXUSD,long,2026-09-28 11:00:00+05:30,10.52,10.54,10.54,10.515,False,True,SL,-1.2103000000000441,-1.631900000000068
crypto,30m,True,UNIUSD,long,2026-09-28 12:25:00+05:30,9.0415,9.092,9.092,9.028875,False,True,SL,-1.071515841584145,-1.2155475247524592
crypto,30m,True,BNBUSD,long,2026-09-28 12:50:00+05:30,756.58,759.53,759.53,755.8425000000001,True,True,+1R,1.0,0.7940257627118581
crypto,30m,True,ETHUSD,long,2026-09-28 12:55:00+05:30,2626.6,2637.5,2637.5,,True,False,,,
crypto,30m,True,HUSD,long,2026-09-28 12:55:00+05:30,0.0681,0.06853,0.06853,,False,False,,,
crypto,30m,True,LINKUSD,short,2026-09-28 17:35:00+05:30,14.446,14.486,14.446,14.496,True,True,SL,-1.1449600000000097,-1.4338800000000056
crypto,30m,True,LTCUSD,short,2026-09-28 17:40:00+05:30,72.61,72.76,72.61,,False,False,,,
crypto,30m,True,RIVERUSD,long,2026-09-28 19:30:00+05:30,1.13,1.139,1.139,1.1277499999999998,False,True,SL,-1.0501222222222304,-1.151366666666673
crypto,30m,True,BLESSUSD,long,2026-09-28 19:45:00+05:30,0.008158,0.008223264000000001,0.008223264000000001,0.008141684,True,True,BE,0.11380320000000496,0.013003200000006473
crypto,30m,True,LTCUSD,long,2026-09-28 19:55:00+05:30,69.12,69.3,69.3,69.075,False,True,data_quality_ambiguous,,
crypto,30m,True,UNIUSD,long,2026-09-28 19:55:00+05:30,8.678,8.735,8.735,8.66375,False,True,BE,0.13841143859650296,0.015814947368431323
crypto,30m,True,AVAXUSD,long,2026-09-28 20:10:00+05:30,10.204,10.252,10.252,10.192,False,True,data_quality_ambiguous,,
crypto,30m,True,DOGEUSD,long,2026-09-28 20:10:00+05:30,0.09127,0.09187,0.09187,0.09112,True,True,+2R,2.0,1.8775066666666644
crypto,30m,True,ZECUSD,long,2026-09-28 20:20:00+05:30,1516.78,1527.64,1527.64,1514.065,True,True,BE,0.12705013333333842,0.014516800000005464
crypto,30m,True,ZORAUSD,long,2026-09-28 20:30:00+05:30,0.007816,0.007824,0.007824,,False,False,,,
crypto,30m,True,VELVETUSD,long,2026-09-28 20:45:00+05:30,0.0544,0.0546,0.0546,0.054349999999999996,True,True,+2R,2.0,1.7816000000000063
crypto,30m,True,ETHUSD,short,2026-09-28 22:40:00+05:30,2717.2,2721.8,2717.2,2722.9500000000003,False,True,+2R,2.0,1.527443478260907
crypto,30m,True,DOGEUSD,long,2026-09-29 08:00:00+05:30,0.09127,0.09187,0.09187,,True,False,,,
crypto,30m,True,RIVERUSD,long,2026-09-29 08:00:00+05:30,1.07,1.07856,1.07856,,True,False,,,
crypto,30m,True,SOLUSD,long,2026-09-29 08:00:00+05:30,115.887,116.2712,116.2712,,False,False,,,
crypto,30m,True,AAVEUSD,short,2026-09-29 10:55:00+05:30,150.94,151.39,150.94,151.5025,False,True,+2R,2.0,1.7316622222222222
crypto,30m,True,AAVEUSD,short,2026-09-29 11:40:00+05:30,155.85,156.51,155.85,156.67499999999998,False,True,+1R,1.0,0.8110909090909064
crypto,30m,True,BTCUSD,short,2026-09-29 11:40:00+05:30,84000.0,84350.0,84000.0,84437.5,False,True,BE,0.21676799999999016,0.02476799999999016
crypto,30m,True,DOGEUSD,short,2026-09-29 12:20:00+05:30,0.09507,0.09556,0.09507,0.0956825,False,True,SL,-1.0781081632653053,-1.233324489795917
crypto,30m,True,AAVEUSD,short,2026-09-29 12:25:00+05:30,157.48697927111792,157.5,157.48697927111792,,False,False,,,
crypto,30m,True,AVAXUSD,short,2026-09-29 12:30:00+05:30,11.046,11.096,11.046,11.1085,False,True,SL,-1.0888679999999908,-1.2656039999999908
crypto,30m,True,AVAXUSD,short,2026-09-29 12:35:00+05:30,11.21,11.286,11.21,11.305,True,True,SL,-1.0595000000000014,-1.1775000000000029
crypto,30m,True,ETHUSD,short,2026-09-29 12:45:00+05:30,2717.2,2721.8,2717.2,2722.9500000000003,False,True,+1R,1.0,0.527443478260907
crypto,30m,True,AKE/USDT,short,2026-09-29 12:50:00+05:30,0.0336092,0.0337685,0.0336092,0.033808325,False,True,+2R,2.0,1.8312155681104845
crypto,30m,True,AVAXUSD,short,2026-09-29 13:00:00+05:30,11.32738095238095,11.418,11.32738095238095,11.440654761904762,False,True,SL,-1.0505000000000024,-1.150500000000001
crypto,30m,True,BNBUSD,short,2026-09-29 13:05:00+05:30,770.28,773.08,770.28,,False,False,,,
crypto,30m,True,SOLUSD,short,2026-09-29 13:05:00+05:30,120.0,120.771,120.0,120.96375,False,True,+1R,1.0,0.8754863813229578
crypto,30m,True,AVAXUSD,short,2026-09-29 13:20:00+05:30,11.486,11.554,11.486,11.571,False,True,BE,0.15256110588235822,0.01743169411765086
crypto,30m,True,ETHUSD,short,2026-09-29 13:50:00+05:30,2725.55,2742.3,2725.55,2746.4875,False,True,+1R,1.0,0.8698244776119403
crypto,30m,True,TRUMP/USDT,short,2026-09-29 15:15:00+05:30,2.04,2.045,2.04,2.0462499999999997,False,True,+2R,2.0,1.6735999999999813
crypto,30m,True,AVAXUSD,short,2026-09-29 17:00:00+05:30,11.708,11.796,11.708,11.818,False,True,SL,-1.0537181818181895,-1.1601545454545537
crypto,30m,True,BCHUSD,short,2026-09-29 17:45:00+05:30,314.48,315.58,314.48,,False,False,,,
crypto,30m,True,XRPUSD,short,2026-09-29 17:45:00+05:30,1.5247,1.5333,1.5247,1.5354500000000002,False,True,SL,-1.0714162790697654,-1.2132488372092969
crypto,30m,True,XRPUSD,short,2026-09-29 18:05:00+05:30,1.5537,1.5552,1.5537,,False,False,,,
crypto,30m,True,XRPUSD,short,2026-09-29 18:05:00+05:30,1.5409,1.5479,1.5409,1.5496500000000002,False,True,SL,-1.0885514285714173,-1.2646542857142693
crypto,30m,True,VELVETUSD,short,2026-09-29 20:10:00+05:30,0.0572,0.0575,0.0572,0.057575,False,True,SL,-1.0767666666666722,-1.2293000000000054
crypto,30m,True,BNBUSD,long,2026-09-29 20:50:00+05:30,753.44,754.9,754.9,753.075,True,True,BE,0.46700389041099,0.05336005479453626
crypto,30m,True,BTCUSD,long,2026-09-29 20:50:00+05:30,82500.0,82991.0,82991.0,82377.25,False,True,+1R,1.0,0.8647804480651731
crypto,30m,True,HYPEUSD,long,2026-09-29 21:35:00+05:30,85.638,85.98,85.98,85.55250000000001,False,True,BE,0.22706764912282382,0.02594484210527756
crypto,30m,True,LINKUSD,long,2026-09-29 22:15:00+05:30,14.576,14.649,14.649,14.55775,False,True,SL,-1.0797684931506948,-1.240305479452067
crypto,30m,True,BCHUSD,long,2026-09-29 23:10:00+05:30,302.83,303.55,303.55,302.65,False,True,+2R,2.0,1.6627222222222349
crypto,30m,True,HUSD,short,2026-09-30 08:00:00+05:30,0.06948,0.06995,0.06948,0.0700675,False,True,+1R,1.0,0.8817361702127668
crypto,30m,True,BTCUSD,long,2026-09-30 08:45:00+05:30,82500.0,82991.0,82991.0,,False,False,,,
crypto,30m,True,ETHUSD,long,2026-09-30 12:10:00+05:30,2650.7,2655.0,2655.0,,False,False,,,
crypto,30m,True,AVAXUSD,long,2026-09-30 12:15:00+05:30,11.04,11.094,11.094,11.026499999999999,False,True,SL,-1.0816777777777755,-1.246033333333329
crypto,30m,True,TRUMP/USDT,long,2026-09-30 12:15:00+05:30,2.003,2.012,2.012,2.00075,False,True,+1R,1.0,0.8211555555555552
crypto,30m,True,SOLUSD,long,2026-09-30 12:35:00+05:30,117.358,117.719,117.719,,False,False,,,
crypto,30m,True,ZECUSD,long,2026-09-30 12:40:00+05:30,1380.0,1390.64,1390.64,,False,False,,,
crypto,30m,True,BTCUSD,long,2026-09-30 12:45:00+05:30,82500.0,82991.0,82991.0,82377.25,False,True,+2R,2.0,1.864780448065173
crypto,30m,True,AKE/USDT,short,2026-09-30 14:00:00+05:30,0.0336092,0.0337685,0.0336092,0.033808325,False,True,SL,-1.0848922159447463,-1.2536766478342618
crypto,30m,True,RIVERUSD,short,2026-09-30 14:20:00+05:30,1.146,1.155,1.146,1.1572500000000001,False,True,SL,-1.0514333333333274,-1.1532999999999922
crypto,30m,True,AKE/USDT,short,2026-09-30 14:30:00+05:30,0.034894,0.035029,0.034894,0.03506275,False,True,SL,-1.103889629629618,-1.3106688888888829
crypto,30m,True,AKE/USDT,short,2026-09-30 14:40:00+05:30,0.0370861,0.0373806,0.0370861,0.037454225,False,True,data_quality_ambiguous,,
crypto,30m,True,TACUSD,short,2026-09-30 15:30:00+05:30,0.0015654761904761905,0.001578,0.0015654761904761905,0.0015811309523809523,False,True,+2R,2.0,1.8999999999999997
crypto,30m,True,BNBUSD,short,2026-09-30 15:35:00+05:30,767.96,769.28,767.96,769.6099999999999,False,True,SL,-1.2332151515151881,-1.6986454545455296
crypto,30m,True,HUSD,short,2026-09-30 15:40:00+05:30,0.07092,0.07105,0.07092,0.0710825,False,True,SL,-1.2187153846154135,-1.6551461538461563
crypto,30m,True,BNBUSD,short,2026-09-30 16:00:00+05:30,770.28,773.08,770.28,773.7800000000001,False,True,BE,0.24847031999998345,0.028390319999990588
crypto,30m,True,HUSD,short,2026-09-30 16:10:00+05:30,0.07223,0.07235,0.07223,0.07238,False,True,SL,-1.2412666666667067,-1.7228000000000485
crypto,30m,True,DOGEUSD,short,2026-09-30 17:10:00+05:30,0.0962,0.09647,0.0962,0.0965375,True,True,data_quality_ambiguous,,
crypto,30m,True,BLESSUSD,short,2026-09-30 18:00:00+05:30,0.008854166666666666,0.008925,0.008854166666666666,0.008942708333333334,False,True,+1R,1.0,0.9000000000000007
crypto,30m,True,BTCUSD,short,2026-09-30 18:00:00+05:30,84316.5,84530.0,84316.5,84583.375,True,True,SL,-1.1584700234191803,-1.4744100702575877
crypto,30m,True,DOGEUSD,short,2026-09-30 18:00:00+05:30,0.09786,0.09792,0.09786,,False,False,,,
crypto,30m,True,SOLUSD,short,2026-09-30 18:00:00+05:30,121.15,121.662,121.15,121.79,True,True,SL,-1.0951484375000033,-1.2844453125000033
crypto,30m,True,TRUMP/USDT,short,2026-09-30 18:00:00+05:30,2.096,2.111,2.096,2.1147500000000004,True,True,SL,-1.0563933333333222,-1.1681799999999873
crypto,30m,True,ZECUSD,short,2026-09-30 18:00:00+05:30,1458.5,1461.71,1458.5,1462.5125,False,True,SL,-1.1822445482865742,-1.5457336448597787
crypto,30m,True,BTCUSD,short,2026-09-30 18:05:00+05:30,84893.5,85224.0,84893.5,85306.625,True,True,SL,-1.1032455370650498,-1.3087366111951557
crypto,30m,True,BCHUSD,short,2026-09-30 18:10:00+05:30,314.48,315.58,314.48,315.85499999999996,False,True,SL,-1.1148563636363886,-1.3435690909091254
crypto,30m,True,ETHUSD,short,2026-09-30 18:10:00+05:30,2736.0,2748.4,2736.0,2751.5,True,True,BE,0.19928670967742473,0.022770580645166655
crypto,30m,True,LINKUSD,short,2026-09-30 18:15:00+05:30,14.733,14.771,14.733,14.7805,False,True,SL,-1.1555842105263232,-1.4657526315789586
crypto,30m,True,UNIUSD,short,2026-09-30 18:25:00+05:30,9.213293650793652,9.287,9.213293650793652,,False,False,,,
crypto,30m,True,BNBUSD,short,2026-09-30 18:35:00+05:30,780.03,784.3,780.03,,False,False,,,
crypto,30m,True,ZECUSD,short,2026-09-30 18:55:00+05:30,1489.51,1490.55,1489.51,,False,False,,,
crypto,30m,True,DOGEUSD,short,2026-09-30 19:00:00+05:30,0.09832,0.09902,0.09832,,True,False,,,
crypto,30m,True,HYPEUSD,long,2026-09-30 19:55:00+05:30,84.966,85.126,85.126,84.92599999999999,True,True,SL,-1.2123149999999714,-1.6379449999999351
crypto,30m,True,BCHUSD,long,2026-09-30 20:00:00+05:30,302.83,303.55,303.55,302.65,False,True,+2R,2.0,1.6627222222222349
crypto,30m,True,XRPUSD,long,2026-09-30 20:00:00+05:30,1.4865,1.4915,1.4915,1.48525,False,True,+2R,2.0,1.7613600000000034
crypto,30m,True,TACUSD,short,2026-09-30 20:05:00+05:30,0.0015654761904761905,0.001578,0.0015654761904761905,,False,False,,,
crypto,30m,True,RIVERUSD,short,2026-09-30 20:40:00+05:30,1.243,1.245,1.243,1.2455,False,True,+2R,2.0,1.5027999999999893
crypto,30m,True,HYPEUSD,short,2026-09-30 21:50:00+05:30,88.714,89.119,88.714,89.22025,False,True,SL,-1.0881187654321105,-1.26335629629631
crypto,30m,True,ZORAUSD,short,2026-09-30 22:10:00+05:30,0.008147,0.008149,0.008147,,False,False,,,
crypto,30m,True,HYPEUSD,short,2026-09-30 22:20:00+05:30,90.321,90.653,90.321,90.736,False,True,+1R,1.0,0.7823590361445816
crypto,30m,True,VELVETUSD,short,2026-09-30 23:20:00+05:30,0.058,0.0583,0.058,,False,False,,,
crypto,30m,True,XRPUSD,long,2026-10-01 00:00:00+05:30,1.4865,1.4915,1.4915,,False,False,,,
crypto,30m,True,LTCUSD,long,2026-10-01 00:10:00+05:30,65.63,66.03,66.03,65.53,False,True,+2R,2.0,1.86794
crypto,30m,True,TACUSD,long,2026-10-01 00:15:00+05:30,0.001517,0.00152,0.00152,0.0015162499999999998,False,True,SL,-1.2021666666666362,-1.607499999999939
crypto,30m,True,SOLUSD,long,2026-10-01 00:45:00+05:30,117.358,117.719,117.719,117.26775,False,True,+1R,1.0,0.7391268698060869
crypto,30m,True,TRUMP/USDT,short,2026-10-01 08:00:00+05:30,2.118,2.12,2.118,,True,False,,,
crypto,30m,True,TRUMP/USDT,short,2026-10-01 08:05:00+05:30,2.159,2.161,2.159,,False,False,,,
crypto,30m,True,TRUMP/USDT,short,2026-10-01 08:15:00+05:30,2.188,2.195,2.188,2.1967499999999998,False,True,SL,-1.125528571428601,-1.3755857142857555
crypto,30m,True,AAVEUSD,short,2026-10-01 09:05:00+05:30,165.19,166.35,165.19,166.64,False,True,SL,-1.0574620689655083,-1.1713862068965437
crypto,30m,True,HUSD,long,2026-10-01 09:50:00+05:30,0.06859,0.06905,0.06905,0.068475,False,True,BE,0.13557817391304047,0.015491217391302589
crypto,30m,True,VELVETUSD,short,2026-10-01 12:45:00+05:30,0.058,0.0583,0.058,0.058374999999999996,False,True,+1R,1.0,0.8453333333333306
crypto,30m,True,BNBUSD,long,2026-10-01 12:50:00+05:30,763.08,765.48,765.48,762.48,False,True,+1R,1.0,0.74484
crypto,30m,True,BCHUSD,long,2026-10-01 12:55:00+05:30,302.83,303.55,303.55,,False,False,,,
crypto,30m,True,ETHUSD,long,2026-10-01 12:55:00+05:30,2666.3,2676.3,2676.3,2663.8,False,True,+1R,1.0,0.7858959999999999
crypto,30m,True,SOLUSD,long,2026-10-01 12:55:00+05:30,117.038,117.219,117.219,,True,False,,,
crypto,30m,True,UNIUSD,long,2026-10-01 12:55:00+05:30,8.721,8.764,8.764,8.71025,False,True,+2R,2.0,1.8369488372092995
crypto,30m,True,DOGEUSD,long,2026-10-01 13:35:00+05:30,0.09367,0.09404,0.09404,0.09357750000000001,False,True,BE,0.2295592648648727,0.026229535135138843
crypto,30m,True,LINKUSD,long,2026-10-01 13:35:00+05:30,14.057,14.167,14.167,14.0295,False,True,BE,0.11632394909090747,0.013291221818179655
crypto,30m,True,BTCUSD,long,2026-10-01 14:00:00+05:30,82500.0,82991.0,82991.0,,False,False,,,
crypto,30m,True,BLESSUSD,short,2026-10-01 14:10:00+05:30,0.009054,0.009096,0.009054,0.0091065,True,True,SL,-1.086728571428585,-1.2591857142857263
crypto,30m,True,ZECUSD,long,2026-10-01 15:30:00+05:30,1380.0,1390.64,1390.64,1377.34,False,True,BE,0.11804756090225947,0.013488162406020271
crypto,30m,True,DOGEUSD,long,2026-10-01 15:35:00+05:30,0.09284,0.09336,0.09336,,False,False,,,
crypto,30m,True,BLESSUSD,short,2026-10-01 15:55:00+05:30,0.009287,0.0093,0.009287,,False,False,,,
crypto,30m,True,ZORAUSD,long,2026-10-01 18:40:00+05:30,0.007712,0.007723,0.007723,,False,False,,,
crypto,30m,True,AVAXUSD,long,2026-10-01 18:45:00+05:30,10.806,10.862,10.862,,False,False,,,
crypto,30m,True,UNIUSD,short,2026-10-01 19:50:00+05:30,9.213293650793652,9.287,9.213293650793652,9.305426587301588,False,True,+1R,1.0,0.8999999999999989
crypto,30m,True,ZECUSD,long,2026-10-01 20:20:00+05:30,1361.0,1366.05,1366.05,,True,False,,,
crypto,30m,True,ZECUSD,long,2026-10-01 22:05:00+05:30,1327.34,1334.22,1334.22,,False,False,,,
crypto,30m,True,BCHUSD,long,2026-10-01 22:25:00+05:30,302.83,303.55,303.55,,False,False,,,
crypto,30m,True,TACUSD,short,2026-10-01 23:30:00+05:30,0.001588,0.001593,0.001588,0.00159425,True,True,SL,-1.127540000000003,-1.3816200000000047
crypto,30m,True,XRPUSD,short,2026-10-02 00:00:00+05:30,1.5097,1.5117,1.5097,,False,False,,,
crypto,30m,True,BTCUSD,short,2026-10-02 00:05:00+05:30,85260.0,85619.0,85260.0,,True,False,,,
crypto,30m,True,LINKUSD,short,2026-10-02 00:40:00+05:30,14.515,14.557,14.515,,False,False,,,
crypto,30m,True,VELVETUSD,short,2026-10-02 08:05:00+05:30,0.0605,0.0609,0.0605,0.061000000000000006,True,True,SL,-1.0610000000000046,-1.1820000000000028
crypto,30m,True,BTCUSD,short,2026-10-02 08:15:00+05:30,85260.0,85619.0,85260.0,85708.75,True,True,SL,-1.0954972144846693,-1.2854916434540287
crypto,30m,True,ETHUSD,short,2026-10-02 08:15:00+05:30,2720.6,2721.2,2720.6,,False,False,,,
crypto,30m,True,LINKUSD,short,2026-10-02 08:30:00+05:30,14.515,14.557,14.515,14.5675,False,True,SL,-1.1387380952380783,-1.4152142857142678
crypto,30m,True,XRPUSD,short,2026-10-02 08:30:00+05:30,1.5097,1.5117,1.5097,,False,False,,,
crypto,30m,True,VELVETUSD,short,2026-10-02 08:45:00+05:30,0.0623,0.0627,0.0623,0.06280000000000001,False,True,SL,-1.0628000000000009,-1.187399999999999
crypto,30m,True,BNBUSD,short,2026-10-02 09:00:00+05:30,777.01,779.15,777.01,779.685,True,True,SL,-1.145735514018689,-1.436206542056077
crypto,30m,True,AVAXUSD,short,2026-10-02 09:50:00+05:30,11.15,11.19,11.15,11.2,False,True,SL,-1.11199999999999,-1.3349999999999949
crypto,30m,True,BNBUSD,short,2026-10-02 09:50:00+05:30,780.03,784.3,780.03,785.3675,False,True,+1R,1.0,0.853858548009367
crypto,30m,True,DOGEUSD,short,2026-10-02 09:50:00+05:30,0.09601,0.09619,0.09601,0.096235,False,True,SL,-1.2138555555555528,-1.6405666666666583
crypto,30m,True,ETHUSD,short,2026-10-02 09:50:00+05:30,2736.0,2748.4,2736.0,2751.5,True,True,+1R,1.0,0.8234838709677419
crypto,30m,True,UNIUSD,short,2026-10-02 09:50:00+05:30,9.213293650793652,9.287,9.213293650793652,9.305426587301588,False,True,SL,-1.0504999999999922,-1.1504999999999934
crypto,30m,True,BCHUSD,short,2026-10-02 10:00:00+05:30,315.95,318.17,315.95,318.725,True,True,+1R,1.0,0.8861441441441456
crypto,30m,True,XRPUSD,short,2026-10-02 10:00:00+05:30,1.536,1.5459,1.536,,False,False,,,
crypto,30m,True,SOLUSD,short,2026-10-02 10:15:00+05:30,123.282,123.442,123.282,,False,False,,,
crypto,30m,True,HYPEUSD,short,2026-10-02 11:25:00+05:30,90.53,90.706,90.53,90.75,False,True,SL,-1.2062500000000331,-1.6177500000000353
crypto,30m,True,BEAT/USDT,long,2026-10-02 12:25:00+05:30,0.0894,0.0898,0.0898,0.08929999999999999,False,True,BE,0.2027683999999916,0.023168399999996758
crypto,30m,True,ETHUSD,short,2026-10-02 13:45:00+05:30,2778.75,2787.85,2778.75,,False,False,,,
crypto,30m,True,BNBUSD,short,2026-10-02 13:50:00+05:30,780.03,784.3,780.03,,False,False,,,
crypto,30m,True,XRPUSD,short,2026-10-02 14:00:00+05:30,1.536,1.5459,1.536,1.548375,False,True,SL,-1.0625606060606079,-1.1866818181818197
crypto,30m,True,TACUSD,long,2026-10-02 15:40:00+05:30,0.001517,0.00152,0.00152,0.0015162499999999998,False,True,SL,-1.2021666666666362,-1.607499999999939
crypto,30m,True,XRPUSD,short,2026-10-02 15:55:00+05:30,1.55,1.5624,1.55,1.5655000000000001,True,True,+1R,1.0,0.9000000000000005
crypto,30m,True,HYPEUSD,short,2026-10-02 16:40:00+05:30,91.623,91.977,91.623,,False,False,,,
crypto,30m,True,BEAT/USDT,long,2026-10-02 17:30:00+05:30,0.0894,0.0898,0.0898,,False,False,,,
crypto,30m,True,RIVERUSD,long,2026-10-02 17:30:00+05:30,1.183,1.189,1.189,,False,False,,,
crypto,30m,True,BTCUSD,short,2026-10-02 18:00:00+05:30,87247.5,87386.0,87247.5,,False,False,,,
crypto,30m,True,VELVETUSD,short,2026-10-02 18:40:00+05:30,0.0661,0.0662,0.0661,,True,False,,,
crypto,30m,True,BNBUSD,short,2026-10-02 19:05:00+05:30,785.18,785.73,785.18,,False,False,,,
crypto,30m,True,LINKUSD,long,2026-10-02 20:20:00+05:30,14.057,14.167,14.167,14.0295,False,True,BE,0.11632394909090747,0.013291221818179655
crypto,30m,True,AKE/USDT,short,2026-10-02 21:25:00+05:30,0.033375,0.0335223,0.033375,0.033559124999999995,False,True,SL,-1.0911313645621186,-1.2723940936863614
crypto,30m,True,RIVERUSD,long,2026-10-02 22:10:00+05:30,1.183,1.189,1.189,1.1815,False,True,BE,0.17898413333332494,0.02045079999999294
crypto,30m,True,ETHUSD,long,2026-10-02 22:40:00+05:30,2666.3,2676.3,2676.3,2663.8,False,True,BE,0.24172341599998617,0.027619415999986158
crypto,30m,True,UNIUSD,long,2026-10-02 23:10:00+05:30,8.872,8.895,8.895,8.86625,False,True,SL,-1.154195652173929,-1.4635869565217687
crypto,30m,True,XRPUSD,long,2026-10-02 23:10:00+05:30,1.4871,1.4907,1.4907,1.4862000000000002,False,True,SL,-1.1651333333333427,-1.4964000000000295
crypto,30m,True,BEAT/USDT,long,2026-10-02 23:15:00+05:30,0.0894,0.0898,0.0898,,False,False,,,
crypto,30m,True,AVAXUSD,long,2026-10-02 23:45:00+05:30,10.876,10.898,10.898,10.8705,False,True,data_quality_ambiguous,,
crypto,30m,True,BNBUSD,long,2026-10-02 23:45:00+05:30,768.06,769.33,769.33,767.7425,False,True,SL,-1.24180866141729,-1.726425984251908
crypto,30m,True,DOGEUSD,long,2026-10-02 23:55:00+05:30,0.09284,0.09336,0.09336,0.09271000000000001,False,True,SL,-1.0713153846153831,-1.214946153846156
crypto,30m,True,ZORAUSD,long,2026-10-02 23:55:00+05:30,0.00769,0.007690466357955351,0.007690466357955351,,False,False,,,
crypto,30m,True,BEAT/USDT,long,2026-10-03 00:00:00+05:30,0.0881,0.0886,0.0886,0.087975,False,True,SL,-1.0703799999999921,-1.212139999999992
crypto,30m,True,AVAXUSD,long,2026-10-03 00:05:00+05:30,10.738,10.772,10.772,10.7295,True,True,SL,-1.1262294117647054,-1.3796882352941147
crypto,30m,True,BCHUSD,long,2026-10-03 00:05:00+05:30,302.21,303.77,303.77,301.82,True,True,SL,-1.0773897435897493,-1.2331692307692372
crypto,30m,True,BEAT/USDT,long,2026-10-03 00:05:00+05:30,0.0804,0.08041016993370192,0.08041016993370192,,False,False,,,
crypto,30m,True,BEAT/USDT,long,2026-10-03 00:05:00+05:30,0.0831,0.0837648,0.0837648,0.08293379999999999,True,True,+2R,2.0,1.8992000000000016
crypto,30m,True,BEAT/USDT,long,2026-10-03 00:05:00+05:30,0.0848,0.0854784,0.0854784,0.0846304,False,True,data_quality_ambiguous,,
crypto,30m,True,BLESSUSD,long,2026-10-03 00:05:00+05:30,0.008562,0.008565,0.008565,,False,False,,,
crypto,30m,True,BNBUSD,long,2026-10-03 00:05:00+05:30,763.01,763.43,763.43,,True,False,,,
crypto,30m,True,DOGEUSD,long,2026-10-03 00:05:00+05:30,0.09127,0.09187,0.09187,0.09112,True,True,SL,-1.0607466666666678,-1.1832400000000034
crypto,30m,True,ETHUSD,long,2026-10-03 00:05:00+05:30,2650.7,2655.0,2655.0,2649.625,False,True,+2R,2.0,1.5060465116279071
crypto,30m,True,LINKUSD,long,2026-10-03 00:05:00+05:30,13.537,13.571,13.571,13.528500000000001,True,True,SL,-1.1591588235294121,-1.4784764705882458
crypto,30m,True,TACUSD,long,2026-10-03 00:05:00+05:30,0.001502,0.0015021328682412907,0.0015021328682412907,,False,False,,,
crypto,30m,True,TRUMP/USDT,long,2026-10-03 00:05:00+05:30,2.003,2.012,2.012,2.00075,False,True,SL,-1.088922222222227,-1.2677666666666718
crypto,30m,True,TRUMP/USDT,long,2026-10-03 00:05:00+05:30,2.026,2.04,2.04,2.0225,False,True,SL,-1.0577857142857088,-1.1743571428571369
crypto,30m,True,UNIUSD,long,2026-10-03 00:05:00+05:30,8.721,8.764,8.764,8.71025,False,True,SL,-1.0810255813953504,-1.244076744186051
crypto,30m,True,XRPUSD,long,2026-10-03 00:05:00+05:30,1.4525,1.4583,1.4583,1.45105,False,True,data_quality_ambiguous,,
crypto,30m,True,XRPUSD,long,2026-10-03 00:05:00+05:30,1.4664,1.4716,1.4716,1.4650999999999998,True,True,SL,-1.1126999999999883,-1.3390999999999822
crypto,30m,True,ZECUSD,long,2026-10-03 00:05:00+05:30,1308.0,1310.69,1310.69,1307.3274999999999,True,True,SL,-1.1943981412639533,-1.5841944237918133
crypto,30m,True,ZORAUSD,long,2026-10-03 00:05:00+05:30,0.007595,0.007595484784921414,0.007595484784921414,,False,False,,,
crypto,30m,True,HYPEUSD,long,2026-10-03 00:45:00+05:30,86.541,86.54767305233463,86.54767305233463,,False,False,,,
crypto,30m,True,AKE/USDT,short,2026-10-03 09:30:00+05:30,0.0336549,0.0338083,0.0336549,0.03384665,True,True,+1R,1.0,0.8244855280312884
crypto,30m,True,BNBUSD,long,2026-10-03 10:10:00+05:30,760.18,763.65,763.65,,True,False,,,
crypto,30m,True,RIVERUSD,short,2026-10-03 10:40:00+05:30,1.235,1.24,1.235,1.24125,False,True,+2R,2.0,1.8023999999999958
crypto,30m,True,UNIUSD,short,2026-10-03 11:00:00+05:30,9.288,9.312,9.288,,True,False,,,
crypto,30m,True,TACUSD,long,2026-10-03 12:50:00+05:30,0.001491,0.001502,0.001502,0.00148825,True,True,Neither,-0.5090909090909103,-0.6183272727272732
crypto,30m,True,DOGEUSD,short,2026-10-03 20:15:00+05:30,0.09364,0.09375,0.09364,,False,False,,,
crypto,30m,True,XRPUSD,short,2026-10-03 20:15:00+05:30,1.493,1.4946,1.493,,False,False,,,
crypto,30m,True,BNBUSD,short,2026-10-03 22:35:00+05:30,785.18,785.73,785.18,,False,False,,,
crypto,30m,True,LTCUSD,long,2026-10-03 23:00:00+05:30,68.51,68.7,68.7,,False,False,,,
crypto,30m,True,RIVERUSD,short,2026-10-04 08:05:00+05:30,1.208,1.211,1.208,1.21175,False,True,Pending,,
crypto,30m,True,RIVERUSD,short,2026-10-04 08:15:00+05:30,1.235,1.24,1.235,1.24125,False,True,Pending,,
crypto,30m,True,BLESSUSD,short,2026-10-04 08:30:00+05:30,0.008965,0.009005,0.008965,0.009015,False,True,Pending,,
crypto,30m,True,DOGEUSD,long,2026-10-04 08:30:00+05:30,0.09252,0.09255,0.09255,,False,False,,,
crypto,30m,True,HYPEUSD,short,2026-10-04 09:05:00+05:30,90.075,90.076,90.075,,False,False,,,
crypto,30m,True,XRPUSD,short,2026-10-04 09:05:00+05:30,1.495,1.4975,1.495,,True,False,,,
crypto,30m,True,ZORAUSD,short,2026-10-04 11:20:00+05:30,0.007805611671501077,0.007806,0.007805611671501077,,False,False,,,
crypto,30m,True,BNBUSD,short,2026-10-04 12:20:00+05:30,790.27,792.88,790.27,,True,False,,,
crypto,4h,False,LTCUSD,short,2026-08-07 13:30:00+05:30,45.66,45.93,45.66,45.9975,False,True,SL,-1.0681444444444412,-1.2034333333333278
crypto,4h,False,ETHUSD,short,2026-08-07 16:50:00+05:30,1922.5,1936.3,1922.5,1939.75,False,True,SL,-1.0562246376811595,-1.1676739130434783
crypto,4h,False,BTCUSD,short,2026-08-07 17:40:00+05:30,65383.5,65720.0,65383.5,,False,False,,,
crypto,4h,False,HUSD,short,2026-08-07 20:45:00+05:30,0.09329,0.09368,0.09329,0.0937775,False,True,data_quality_ambiguous,,
crypto,4h,False,ETHUSD,short,2026-08-07 21:00:00+05:30,1922.5,1936.3,1922.5,,False,False,,,
crypto,4h,False,XRPUSD,long,2026-08-07 22:25:00+05:30,1.0088,1.0168704,1.0168704,1.0067823999999999,True,True,BE,0.11380320000000563,0.013003200000006584
crypto,4h,False,SOLUSD,short,2026-08-08 09:25:00+05:30,74.777,75.318,74.777,75.45325,False,True,Neither,-0.14787430683917915,-0.25845027726431846
crypto,4h,False,BNBUSD,short,2026-08-08 19:50:00+05:30,602.67,605.34,602.67,606.0075,True,True,SL,-1.0907876404494405,-1.271362921348312
crypto,4h,False,DOGEUSD,short,2026-08-08 19:55:00+05:30,0.07098,0.07154,0.07098,0.07168000000000001,False,True,Neither,-0.1571428571428543,-0.2585428571428534
crypto,4h,False,SOLUSD,short,2026-08-08 20:45:00+05:30,76.9047619047619,77.52,76.9047619047619,,False,False,,,
crypto,4h,False,ZECUSD,short,2026-08-09 15:30:00+05:30,524.42,526.01,524.42,526.4075,True,True,SL,-1.1324295597484244,-1.3962886792452707
crypto,4h,False,SOLUSD,short,2026-08-09 18:45:00+05:30,76.9047619047619,77.52,76.9047619047619,77.67380952380952,False,True,Neither,-0.4203095975232175,-0.5203095975232166
crypto,4h,False,BTCUSD,short,2026-08-09 20:25:00+05:30,65383.5,65720.0,65383.5,65804.125,False,True,+1R,1.0,0.8445563150074294
crypto,4h,False,BTCUSD,short,2026-08-10 11:35:00+05:30,65383.5,65720.0,65383.5,,False,False,,,
crypto,4h,False,ZORAUSD,long,2026-08-10 20:50:00+05:30,0.00517,0.00521,0.00521,0.00516,True,True,+1R,1.0,0.8958000000000012
crypto,4h,False,XRPUSD,long,2026-08-10 22:15:00+05:30,1.0088,1.0168704,1.0168704,1.0067823999999999,True,True,BE,0.11380320000000563,0.013003200000006584
crypto,4h,False,ZECUSD,long,2026-08-11 08:00:00+05:30,488.93,492.75,492.75,487.975,False,True,BE,0.11650570680628594,0.013311989528798529
crypto,4h,False,LINKUSD,short,2026-08-11 11:50:00+05:30,8.485,8.529,8.485,8.54,False,True,BE,0.17417390909089608,0.019901181818168023
crypto,4h,False,TACUSD,long,2026-08-11 14:30:00+05:30,0.002846,0.002868768,0.002868768,0.002840308,False,True,+1R,1.0,0.8991999999999989
crypto,4h,False,VELVETUSD,short,2026-08-11 14:55:00+05:30,0.5575396825396826,0.562,0.5575396825396826,0.5631150793650794,True,True,+2R,2.0,1.9000000000000008
crypto,4h,False,VELVETUSD,short,2026-08-11 15:35:00+05:30,0.621031746031746,0.626,0.621031746031746,0.6272420634920635,True,True,SL,-1.050500000000001,-1.1505000000000019
crypto,4h,False,BEAT/USDT,long,2026-08-11 16:05:00+05:30,0.9409,0.9484271999999999,0.9484271999999999,0.9390182,False,True,+1R,1.0,0.8991999999999989
crypto,4h,False,VELVETUSD,short,2026-08-11 16:15:00+05:30,0.7351190476190476,0.741,0.7351190476190476,0.7424702380952382,True,True,SL,-1.050499999999993,-1.1504999999999914
crypto,4h,False,DOGEUSD,short,2026-08-11 19:30:00+05:30,0.07126,0.07161,0.07126,0.0716975,True,True,+2R,2.0,1.8371199999999976
crypto,4h,False,UNIUSD,long,2026-08-11 19:55:00+05:30,3.786,3.816288,3.816288,3.778428,False,True,SL,-1.049900000000005,-1.1507000000000043
crypto,4h,False,AAVEUSD,long,2026-08-11 21:10:00+05:30,85.97,86.5,86.5,85.8375,False,True,+2R,2.0,1.8694339622641498
crypto,4h,False,TACUSD,long,2026-08-11 21:20:00+05:30,0.002846,0.002868768,0.002868768,,False,False,,,
crypto,4h,False,DOGEUSD,short,2026-08-11 23:30:00+05:30,0.07126,0.07161,0.07126,,True,False,,,
crypto,4h,False,UNIUSD,long,2026-08-12 12:20:00+05:30,3.615,3.64392,3.64392,3.6077700000000004,False,True,SL,-1.0499000000000052,-1.150700000000006
crypto,4h,False,LINKUSD,short,2026-08-12 16:05:00+05:30,8.841269841269842,8.912,8.841269841269842,8.92968253968254,True,True,BE,0.11289999999999147,0.012899999999991293
crypto,4h,False,SOLUSD,short,2026-08-12 17:55:00+05:30,77.448,77.88,77.448,,True,False,,,
crypto,4h,False,TRUMP/USDT,long,2026-08-12 21:35:00+05:30,1.436,1.441,1.441,1.43475,False,True,+2R,2.0,1.7694400000000032
crypto,4h,False,HYPEUSD,short,2026-08-13 15:10:00+05:30,57.7,58.02,57.7,58.1,True,True,+1R,1.0,0.8557499999999995
crypto,4h,False,BLESSUSD,long,2026-08-13 15:25:00+05:30,0.009896,0.009975168,0.009975168,0.009876208000000001,False,True,SL,-1.0499000000000087,-1.15070000000001
crypto,4h,False,LINKUSD,short,2026-08-13 19:10:00+05:30,8.841269841269842,8.912,8.841269841269842,8.92968253968254,True,True,+1R,1.0,0.8999999999999998
crypto,4h,False,HYPEUSD,short,2026-08-13 19:25:00+05:30,57.7,58.02,57.7,,True,False,,,
crypto,4h,False,HUSD,short,2026-08-13 19:55:00+05:30,0.09693452380952382,0.09771,0.09693452380952382,0.09790386904761905,True,True,+2R,2.0,1.8999999999999997
crypto,4h,False,AKE/USDT,short,2026-08-13 21:15:00+05:30,0.0064639880952380956,0.0065157,0.0064639880952380956,0.006528627976190476,True,True,SL,-1.050500000000001,-1.1505000000000019
crypto,4h,False,BCHUSD,long,2026-08-13 21:30:00+05:30,204.59,205.61,205.61,204.335,True,True,BE,0.18206563921569482,0.02080289411765629
crypto,4h,False,BCHUSD,long,2026-08-14 09:00:00+05:30,204.59,205.61,205.61,,True,False,,,
crypto,4h,False,UNIUSD,long,2026-08-14 09:15:00+05:30,3.415,3.428,3.428,3.41175,True,True,SL,-1.104976923076915,-1.315930769230763
crypto,4h,False,VELVETUSD,short,2026-08-14 10:55:00+05:30,0.8829365079365079,0.89,0.8829365079365079,0.8917658730158731,True,True,SL,-1.0504999999999993,-1.1504999999999985
crypto,4h,False,BCHUSD,long,2026-08-14 13:00:00+05:30,204.59,205.61,205.61,204.335,True,True,SL,-1.080131372549025,-1.2413941176470635
crypto,4h,False,UNIUSD,long,2026-08-14 15:00:00+05:30,3.415,3.428,3.428,,True,False,,,
crypto,4h,False,AAVEUSD,long,2026-08-14 15:30:00+05:30,85.97,86.5,86.5,85.8375,False,True,+1R,1.0,0.8694339622641498
crypto,4h,False,BCHUSD,long,2026-08-14 17:05:00+05:30,204.59,205.61,205.61,,True,False,,,
crypto,4h,False,BTCUSD,long,2026-08-14 18:30:00+05:30,62245.0,62508.0,62508.0,62179.25,True,True,+2R,2.0,1.8098615969581748
crypto,4h,False,LTCUSD,long,2026-08-14 19:55:00+05:30,43.62,43.968959999999996,43.968959999999996,43.532759999999996,True,True,SL,-1.0499000000000058,-1.150700000000006
crypto,4h,False,AAVEUSD,long,2026-08-14 21:25:00+05:30,85.97,86.5,86.5,,False,False,,,
crypto,4h,False,LTCUSD,long,2026-08-14 23:55:00+05:30,43.62,43.968959999999996,43.968959999999996,,True,False,,,
crypto,4h,False,LINKUSD,short,2026-08-15 08:05:00+05:30,9.638,9.681,9.638,9.691749999999999,False,True,SL,-1.0901558139535064,-1.269467441860486
crypto,4h,False,BEAT/USDT,long,2026-08-15 13:00:00+05:30,0.5323,0.5365584,0.5365584,0.5312354,False,True,SL,-1.0499,-1.1507000000000007
crypto,4h,False,BEAT/USDT,long,2026-08-15 14:40:00+05:30,0.477,0.48081599999999997,0.48081599999999997,0.47604599999999997,True,True,SL,-1.049899999999995,-1.150699999999995
crypto,4h,False,LINKUSD,short,2026-08-15 21:10:00+05:30,9.945436507936508,10.025,9.945436507936508,,False,False,,,
crypto,4h,False,BEAT/USDT,long,2026-08-15 22:50:00+05:30,0.4206,0.4239648,0.4239648,0.4197588,False,True,SL,-1.0499000000000005,-1.1507000000000007
crypto,4h,False,HYPEUSD,short,2026-08-16 21:40:00+05:30,58.03,58.46,58.03,58.5675,True,True,+1R,1.0,0.8920372093023259
crypto,4h,False,HYPEUSD,short,2026-08-17 16:15:00+05:30,60.01,60.48,60.01,,False,False,,,
crypto,4h,False,BLESSUSD,long,2026-08-18 08:00:00+05:30,0.00761,0.00767088,0.00767088,0.00759478,False,True,SL,-1.0499,-1.1507
crypto,4h,False,HYPEUSD,short,2026-08-18 12:00:00+05:30,60.01,60.48,60.01,60.5975,False,True,+1R,1.0,0.8978553191489359
crypto,4h,False,HYPEUSD,short,2026-08-18 16:15:00+05:30,60.01,60.48,60.01,,False,False,,,
crypto,4h,False,BNBUSD,long,2026-08-18 18:50:00+05:30,597.3,599.04,599.04,,False,False,,,
crypto,4h,False,ETHUSD,short,2026-08-18 20:00:00+05:30,1925.1984126984125,1940.6,1925.1984126984125,,True,False,,,
crypto,4h,False,SOLUSD,short,2026-08-18 20:00:00+05:30,77.448,77.88,77.448,,True,False,,,
crypto,4h,False,SOLUSD,short,2026-08-19 00:00:00+05:30,77.448,77.88,77.448,,True,False,,,
crypto,4h,False,TACUSD,long,2026-08-19 12:10:00+05:30,0.002551,0.002571408,0.002571408,0.002545898,True,True,SL,-1.0499000000000078,-1.1507000000000085
crypto,4h,False,ETHUSD,short,2026-08-19 14:05:00+05:30,1925.1984126984125,1940.6,1925.1984126984125,1944.4503968253966,True,True,Neither,-0.7740286509327059,-0.8740286509327061
crypto,4h,False,SOLUSD,short,2026-08-19 14:05:00+05:30,77.448,77.88,77.448,77.988,True,True,SL,-1.0722111111111148,-1.2156333333333353
crypto,4h,False,BEAT/USDT,long,2026-08-19 14:55:00+05:30,0.1905,0.192024,0.192024,0.190119,True,True,+2R,2.0,1.8991999999999996
crypto,4h,False,ETHUSD,short,2026-08-19 18:05:00+05:30,1925.1984126984125,1940.6,1925.1984126984125,,True,False,,,
crypto,4h,False,BTCUSD,short,2026-08-19 19:35:00+05:30,65383.5,65720.0,65383.5,65804.125,False,True,SL,-1.0782218424962795,-1.2336655274888502
crypto,4h,False,ZECUSD,short,2026-08-19 20:10:00+05:30,524.86,529.0,524.86,530.035,True,True,SL,-1.0512111111111113,-1.1526333333333345
crypto,4h,False,SOLUSD,short,2026-08-19 20:15:00+05:30,79.39,79.66,79.39,79.72749999999999,False,True,SL,-1.118114814814803,-1.3533444444444387
crypto,4h,False,ETHUSD,short,2026-08-19 20:25:00+05:30,1971.4,1981.0,1971.4,1983.4,True,True,SL,-1.0826416666666698,-1.2469250000000032
crypto,4h,False,HYPEUSD,short,2026-08-19 20:25:00+05:30,60.01,60.48,60.01,60.5975,False,True,BE,0.1153213446808459,0.013176663829781818
crypto,4h,False,LTCUSD,short,2026-08-19 20:25:00+05:30,45.51,45.68,45.51,45.7225,False,True,SL,-1.107582352941169,-1.3217470588235234
crypto,4h,False,TRUMP/USDT,short,2026-08-19 20:35:00+05:30,1.44,1.451,1.44,1.45375,False,True,BE,0.11823709090909192,0.013509818181820343
crypto,4h,False,XRPUSD,short,2026-08-19 20:40:00+05:30,1.046,1.0494,1.046,1.0502500000000001,False,True,SL,-1.1235588235294127,-1.3696764705882312
crypto,4h,False,BTCUSD,short,2026-08-19 20:50:00+05:30,67256.0,67262.0,67256.0,,True,False,,,
crypto,4h,False,AAVEUSD,short,2026-08-19 20:55:00+05:30,93.6,94.11,93.6,94.2375,False,True,+1R,1.0,0.853176470588236
crypto,4h,False,BNBUSD,short,2026-08-19 20:55:00+05:30,616.61,620.29,616.61,621.2099999999999,True,True,BE,0.15133754130434268,0.01729188913042698
crypto,4h,False,DOGEUSD,short,2026-08-19 20:55:00+05:30,0.07383,0.07409,0.07383,0.074155,True,True,SL,-1.1140846153846065,-1.3412538461538428
crypto,4h,False,DOGEUSD,short,2026-08-19 20:55:00+05:30,0.07262896825396825,0.07321,0.07262896825396825,0.07335525793650793,True,True,SL,-1.0504999999999964,-1.1504999999999965
crypto,4h,False,LINKUSD,short,2026-08-19 20:55:00+05:30,9.945436507936508,10.025,9.945436507936508,10.044890873015873,False,True,BE,0.11289999999999505,0.01289999999999554
crypto,4h,False,HYPEUSD,short,2026-08-20 00:40:00+05:30,62.95,63.4,62.95,63.512499999999996,False,True,SL,-1.0564555555555577,-1.1683666666666703
crypto,4h,False,HYPEUSD,short,2026-08-20 00:45:00+05:30,72.32,72.88,72.32,73.02,True,True,+1R,1.0,0.8966857142857148
crypto,4h,False,HYPEUSD,short,2026-08-20 00:45:00+05:30,68.95,69.41,68.95,69.52499999999999,False,True,SL,-1.0604565217391306,-1.180369565217394
crypto,4h,False,BNBUSD,short,2026-08-20 00:55:00+05:30,616.61,620.29,616.61,,True,False,,,
crypto,4h,False,HYPEUSD,short,2026-08-20 12:00:00+05:30,72.32,72.88,72.32,,True,False,,,
crypto,4h,False,BLESSUSD,long,2026-08-20 12:45:00+05:30,0.00687,0.006895,0.006895,0.00686375,False,True,SL,-1.1098200000000105,-1.3304600000000102
crypto,4h,False,BCHUSD,short,2026-08-20 13:45:00+05:30,217.6,218.87,217.6,219.1875,True,True,+1R,1.0,0.8629291338582682
crypto,4h,False,SOLUSD,short,2026-08-20 13:45:00+05:30,87.8677,88.038,87.8677,88.080575,False,True,+1R,1.0,0.5872333529066291
crypto,4h,False,AVAXUSD,short,2026-08-20 14:15:00+05:30,6.938492063492063,6.994,6.938492063492063,7.007876984126984,False,True,+1R,1.0,0.9
crypto,4h,False,XRPUSD,short,2026-08-20 14:20:00+05:30,1.1569,1.1646,1.1569,1.166525,True,True,BE,0.1357028675324754,0.01550546493507271
crypto,4h,False,BEAT/USDT,long,2026-08-20 14:50:00+05:30,0.1304,0.13144319999999998,0.13144319999999998,0.13013919999999998,True,True,BE,0.11380320000000509,0.013003200000005072
crypto,4h,False,XRPUSD,short,2026-08-20 17:00:00+05:30,1.1801,1.1843,1.1801,1.18535,True,True,SL,-1.1128904761904848,-1.3376714285714382
crypto,4h,False,BCHUSD,short,2026-08-20 18:25:00+05:30,217.6,218.87,217.6,,True,False,,,
crypto,4h,False,AVAXUSD,short,2026-08-20 19:25:00+05:30,6.938492063492063,6.994,6.938492063492063,,False,False,,,
crypto,4h,False,DOGEUSD,short,2026-08-20 20:30:00+05:30,0.07883928571428571,0.07947,0.07883928571428571,0.07962767857142858,True,True,SL,-1.0504999999999938,-1.1504999999999923
crypto,4h,False,AVAXUSD,short,2026-08-20 20:35:00+05:30,7.055555555555555,7.112,7.055555555555555,7.126111111111111,True,True,SL,-1.0504999999999987,-1.150499999999998
crypto,4h,False,BCHUSD,short,2026-08-20 20:45:00+05:30,221.51,222.03,221.51,222.16,True,True,+1R,1.0,0.6592153846153876
crypto,4h,False,LTCUSD,short,2026-08-20 21:20:00+05:30,48.14,48.26,48.14,48.29,True,True,+2R,2.0,1.6790666666666636
crypto,4h,False,ZECUSD,short,2026-08-20 22:00:00+05:30,584.484126984127,589.16,584.484126984127,590.3289682539682,True,True,SL,-1.0505000000000004,-1.1505000000000007
crypto,4h,False,XRPUSD,short,2026-08-20 22:05:00+05:30,1.2829365079365078,1.2932,1.2829365079365078,1.295765873015873,True,True,SL,-1.0505000000000024,-1.1505000000000019
crypto,4h,False,BCHUSD,short,2026-08-20 22:15:00+05:30,225.81,226.73,225.81,226.95999999999998,False,True,+2R,2.0,1.8036434782608657
crypto,4h,False,AAVEUSD,short,2026-08-21 08:05:00+05:30,100.79365079365078,101.6,100.79365079365078,101.80158730158729,False,True,BE,0.11290000000000247,0.012900000000002285
crypto,4h,False,BCHUSD,short,2026-08-21 08:30:00+05:30,225.81,226.73,225.81,,False,False,,,
crypto,4h,False,ZORAUSD,short,2026-08-21 09:45:00+05:30,0.005942460317460317,0.00599,0.005942460317460317,0.006001884920634921,True,True,SL,-1.0505000000000027,-1.1505000000000016
crypto,4h,False,ETHUSD,short,2026-08-21 11:25:00+05:30,2370.4,2381.95,2370.4,2384.8374999999996,False,True,BE,0.1853632277056222,0.021179677922067236
crypto,4h,False,AAVEUSD,short,2026-08-21 12:05:00+05:30,100.79365079365078,101.6,100.79365079365078,,False,False,,,
crypto,4h,False,BCHUSD,short,2026-08-21 12:30:00+05:30,252.97619047619048,255.0,252.97619047619048,255.50595238095238,True,True,SL,-1.0504999999999955,-1.1504999999999959
crypto,4h,False,RIVERUSD,short,2026-08-21 12:50:00+05:30,2.834325396825397,2.857,2.834325396825397,2.862668650793651,False,True,SL,-1.050500000000002,-1.1505000000000019
crypto,4h,False,DOGEUSD,short,2026-08-21 13:05:00+05:30,0.08457,0.08514,0.08457,0.08528249999999998,False,True,+1R,1.0,0.8813052631578909
crypto,4h,False,AAVEUSD,short,2026-08-21 13:10:00+05:30,103.27,103.55,103.27,103.62,True,True,SL,-1.1480285714285772,-1.4430857142857128
crypto,4h,False,ZECUSD,short,2026-08-21 13:10:00+05:30,639.8809523809524,645.0,639.8809523809524,646.2797619047619,False,True,+1R,1.0,0.8999999999999999
crypto,4h,False,XRPUSD,short,2026-08-21 13:45:00+05:30,1.3555555555555556,1.3664,1.3555555555555556,1.3691111111111112,True,True,SL,-1.0504999999999936,-1.1504999999999936
crypto,4h,False,ETHUSD,short,2026-08-21 14:05:00+05:30,2409.0,2422.5,2409.0,2425.875,True,True,SL,-1.071877777777775,-1.2146333333333306
crypto,4h,False,BTCUSD,short,2026-08-21 14:15:00+05:30,78039.5,78180.0,78039.5,78215.125,False,True,SL,-1.2226765124554815,-1.6670295373665136
crypto,4h,False,XRPUSD,short,2026-08-21 14:15:00+05:30,1.3794,1.3868,1.3794,1.3886500000000002,False,True,SL,-1.07506216216216,-1.224186486486481
crypto,4h,False,ZORAUSD,short,2026-08-21 18:00:00+05:30,0.006706349206349206,0.00676,0.006706349206349206,0.006773412698412699,False,True,SL,-1.0505000000000055,-1.150500000000005
crypto,4h,False,TRUMP/USDT,short,2026-08-21 18:05:00+05:30,1.8670634920634919,1.882,1.8670634920634919,1.885734126984127,True,True,SL,-1.0505000000000022,-1.150500000000001
crypto,4h,False,ZORAUSD,short,2026-08-21 18:05:00+05:30,0.007192460317460318,0.00725,0.007192460317460318,0.007264384920634921,False,True,+2R,2.0,1.9000000000000001
crypto,4h,False,ZORAUSD,short,2026-08-21 18:25:00+05:30,0.0073511904761904764,0.00741,0.0073511904761904764,0.007424702380952381,False,True,+2R,2.0,1.8999999999999995
crypto,4h,False,HYPEUSD,short,2026-08-21 18:40:00+05:30,76.47,77.02,76.47,77.1575,True,True,BE,0.12557764363635793,0.014348552727267025
crypto,4h,False,ZECUSD,short,2026-08-21 22:30:00+05:30,684.29,689.0,684.29,690.1775,True,True,+1R,1.0,0.883772399150744
crypto,4h,False,XRPUSD,short,2026-08-22 08:00:00+05:30,1.536706349206349,1.549,1.536706349206349,1.5520734126984126,True,True,BE,0.11289999999999704,0.012899999999997191
crypto,4h,False,LTCUSD,short,2026-08-22 08:10:00+05:30,54.47,54.7,54.47,54.75750000000001,False,True,BE,0.2139013217391262,0.02444045217391444
crypto,4h,False,AAVEUSD,short,2026-08-22 08:20:00+05:30,125.70436507936508,126.71,125.70436507936508,126.96140873015872,True,True,SL,-1.050499999999998,-1.1504999999999983
crypto,4h,False,BCHUSD,short,2026-08-22 08:25:00+05:30,306.38,307.81,306.38,,False,False,,,
crypto,4h,False,XRPUSD,short,2026-08-22 08:50:00+05:30,1.59375,1.6065,1.59375,1.6096875000000002,True,True,BE,0.11289999999999287,0.01289999999999386
crypto,4h,False,TRUMP/USDT,short,2026-08-22 09:10:00+05:30,2.3511904761904763,2.37,2.3511904761904763,2.374702380952381,True,True,data_quality_ambiguous,,
crypto,4h,False,TRUMP/USDT,short,2026-08-22 09:20:00+05:30,2.558531746031746,2.579,2.558531746031746,2.5841170634920636,True,True,SL,-1.0504999999999973,-1.150499999999997
crypto,4h,False,SOLUSD,short,2026-08-22 09:55:00+05:30,98.213,98.401,98.213,98.448,True,True,SL,-1.2094638297872145,-1.6273914893616837
crypto,4h,False,XRPUSD,short,2026-08-22 10:10:00+05:30,1.6561507936507935,1.6694,1.6561507936507935,1.6727123015873016,False,True,data_quality_ambiguous,,
crypto,4h,False,TRUMP/USDT,short,2026-08-22 10:15:00+05:30,3.1021825396825395,3.127,3.1021825396825395,3.133204365079365,True,True,SL,-1.0505000000000033,-1.150500000000003
crypto,4h,False,TRUMP/USDT,short,2026-08-22 10:20:00+05:30,3.366,3.383,3.366,3.38725,False,True,SL,-1.0797000000000077,-1.2381000000000093
crypto,4h,False,HUSD,long,2026-08-22 10:40:00+05:30,0.0539,0.0543312,0.0543312,,True,False,,,
crypto,4h,False,HUSD,long,2026-08-22 10:40:00+05:30,0.0575,0.057960000000000005,0.057960000000000005,,False,False,,,
crypto,4h,False,HUSD,long,2026-08-22 10:40:00+05:30,0.06177,0.06209,0.06209,,False,False,,,
crypto,4h,False,HUSD,long,2026-08-22 10:40:00+05:30,0.0711,0.07166879999999999,0.07166879999999999,0.0709578,False,True,+2R,2.0,1.8991999999999984
crypto,4h,False,RIVERUSD,long,2026-08-22 10:40:00+05:30,2.374,2.385,2.385,,True,False,,,
crypto,4h,False,RIVERUSD,long,2026-08-22 10:40:00+05:30,2.469,2.476,2.476,2.46725,False,True,+1R,1.0,0.7170285714285725
crypto,4h,False,XRPUSD,short,2026-08-22 12:50:00+05:30,1.59375,1.6065,1.59375,,True,False,,,
crypto,4h,False,AAVEUSD,short,2026-08-23 18:00:00+05:30,131.26,131.79,131.26,131.92249999999999,True,True,SL,-1.099564150943377,-1.297692452830171
crypto,4h,False,UNIUSD,short,2026-08-23 19:00:00+05:30,4.569,4.579,4.569,4.5815,True,True,SL,-1.1832600000000157,-1.5487800000000105
crypto,4h,False,VELVETUSD,long,2026-08-24 17:20:00+05:30,0.387,0.390096,0.390096,0.386226,False,True,SL,-1.049900000000006,-1.1507000000000065
crypto,4h,False,VELVETUSD,long,2026-08-24 17:20:00+05:30,0.428,0.431,0.431,0.42725,True,True,SL,-1.0569666666666657,-1.1718999999999997
crypto,4h,False,VELVETUSD,long,2026-08-24 17:25:00+05:30,0.255,0.25704,0.25704,0.25449,True,True,SL,-1.0498999999999994,-1.1506999999999996
crypto,4h,False,BTCUSD,short,2026-08-24 18:10:00+05:30,78915.17857142857,79546.5,78915.17857142857,79704.33035714286,True,True,+1R,1.0,0.9000000000000006
crypto,4h,False,SOLUSD,short,2026-08-25 08:00:00+05:30,102.06349206349206,102.88,102.06349206349206,103.08412698412698,True,True,+1R,1.0,0.8999999999999998
crypto,4h,False,BTCUSD,short,2026-08-25 08:10:00+05:30,81398.5,81999.0,81398.5,,False,False,,,
crypto,4h,False,SOLUSD,short,2026-08-25 12:55:00+05:30,102.06349206349206,102.88,102.06349206349206,,True,False,,,
crypto,4h,False,TACUSD,short,2026-08-26 10:10:00+05:30,0.0029543650793650796,0.002978,0.0029543650793650796,0.0029839087301587303,False,True,data_quality_ambiguous,,
crypto,4h,False,TACUSD,short,2026-08-26 14:40:00+05:30,0.003767857142857143,0.003798,0.003767857142857143,0.0038055357142857144,True,True,SL,-1.0504999999999958,-1.150499999999996
crypto,4h,False,RIVERUSD,long,2026-08-26 17:05:00+05:30,1.95,1.9656,1.9656,1.9461,True,True,SL,-1.0499000000000014,-1.150700000000001
crypto,4h,False,AKE/USDT,long,2026-08-26 17:10:00+05:30,0.0080613,0.008125790400000001,0.008125790400000001,0.0080451774,True,True,+2R,2.0,1.8992000000000002
crypto,4h,False,BLESSUSD,short,2026-08-27 08:15:00+05:30,0.010262896825396826,0.010345,0.010262896825396826,0.010365525793650793,False,True,SL,-1.0504999999999967,-1.1504999999999979
crypto,4h,False,UNIUSD,short,2026-08-30 08:15:00+05:30,4.869,4.8738,4.869,,False,False,,,
crypto,4h,False,ZECUSD,short,2026-08-30 22:15:00+05:30,881.4484126984127,888.5,881.4484126984127,890.2628968253969,True,True,+2R,2.0,1.900000000000001
crypto,4h,False,UNIUSD,short,2026-08-30 23:20:00+05:30,5.43,5.443,5.43,5.446249999999999,False,True,SL,-1.1675769230769388,-1.5017307692307966
crypto,4h,False,ZORAUSD,short,2026-08-31 08:05:00+05:30,0.00882,0.00883,0.00882,,True,False,,,
crypto,4h,False,UNIUSD,short,2026-09-01 11:55:00+05:30,5.815,5.848,5.815,5.856249999999999,False,True,SL,-1.0709848484848599,-1.2119545454545606
crypto,4h,False,HUSD,long,2026-09-01 22:15:00+05:30,0.07075,0.07131599999999999,0.07131599999999999,0.07060849999999999,False,True,SL,-1.0499000000000094,-1.1507000000000094
crypto,4h,False,BLESSUSD,long,2026-09-01 23:55:00+05:30,0.0085,0.008568000000000001,0.008568000000000001,0.008483000000000001,False,True,+1R,1.0,0.8992
crypto,4h,False,AAVEUSD,short,2026-09-02 08:55:00+05:30,130.57539682539684,131.62,130.57539682539684,131.8811507936508,False,True,BE,0.1129000000000053,0.012900000000004103
crypto,4h,False,UNIUSD,short,2026-09-02 10:00:00+05:30,6.35813492063492,6.409,6.35813492063492,6.421716269841269,True,True,+2R,2.0,1.9000000000000001
crypto,4h,False,ETHUSD,long,2026-09-02 14:50:00+05:30,2355.65,2374.4952000000003,2374.4952000000003,2350.9387,False,True,BE,0.11380319999999626,0.013003199999996856
crypto,4h,False,BCHUSD,long,2026-09-02 20:30:00+05:30,239.8,241.66,241.66,239.335,True,True,+1R,1.0,0.8960602150537629
crypto,4h,False,AKE/USDT,short,2026-09-02 22:00:00+05:30,0.012103174603174604,0.0122,0.012103174603174604,0.01222420634920635,True,True,data_quality_ambiguous,,
crypto,4h,False,AKE/USDT,short,2026-09-02 23:50:00+05:30,0.01604126984126984,0.0161696,0.01604126984126984,0.01620168253968254,True,True,data_quality_ambiguous,,
crypto,4h,False,HUSD,short,2026-09-03 08:55:00+05:30,0.08059,0.08117,0.08059,0.08131500000000001,False,True,SL,-1.0560793103448252,-1.1672379310344776
crypto,4h,False,UNIUSD,short,2026-09-03 18:45:00+05:30,6.35813492063492,6.409,6.35813492063492,6.421716269841269,True,True,BE,0.11289999999999294,0.012899999999993056
crypto,4h,False,BNBUSD,short,2026-09-03 20:15:00+05:30,722.13,726.22,722.13,727.2425000000001,True,True,BE,0.15946890366746944,0.018220981907080103
crypto,4h,False,XRPUSD,short,2026-09-03 20:30:00+05:30,1.4676,1.4745,1.4676,1.476225,False,True,+1R,1.0,0.8298434782608672
crypto,4h,False,ZECUSD,short,2026-09-03 20:45:00+05:30,881.8253968253969,888.88,881.8253968253969,890.6436507936507,True,True,SL,-1.050500000000001,-1.150500000000002
crypto,4h,False,BTCUSD,short,2026-09-03 21:20:00+05:30,81398.5,81999.0,81398.5,82149.125,False,True,SL,-1.0547204829308885,-1.1631614487926702
crypto,4h,False,AVAXUSD,short,2026-09-03 21:25:00+05:30,7.537698412698412,7.598,7.537698412698412,7.613075396825397,False,True,BE,0.11290000000000254,0.01290000000000327
crypto,4h,False,DOGEUSD,short,2026-09-03 21:25:00+05:30,0.08966269841269842,0.09038,0.08966269841269842,0.0905593253968254,False,True,BE,0.11290000000000627,0.012900000000006448
crypto,4h,False,XRPUSD,short,2026-09-04 00:30:00+05:30,1.4676,1.4745,1.4676,,False,False,,,
crypto,4h,False,UNIUSD,short,2026-09-04 08:05:00+05:30,6.507936507936508,6.56,6.507936507936508,6.573015873015873,True,True,+2R,2.0,1.8999999999999997
crypto,4h,False,AVAXUSD,short,2026-09-04 08:30:00+05:30,7.537698412698412,7.598,7.537698412698412,7.613075396825397,False,True,+2R,2.0,1.9000000000000008
crypto,4h,False,LINKUSD,short,2026-09-04 09:50:00+05:30,11.973,12.041,11.973,12.058,True,True,+1R,1.0,0.8591411764705867
crypto,4h,False,VELVETUSD,long,2026-09-04 12:00:00+05:30,0.0873,0.0879984,0.0879984,0.0871254,True,True,SL,-1.0498999999999994,-1.1506999999999996
crypto,4h,False,LINKUSD,short,2026-09-04 13:50:00+05:30,11.973,12.041,11.973,,True,False,,,
crypto,4h,False,AVAXUSD,short,2026-09-04 14:20:00+05:30,7.537698412698412,7.598,7.537698412698412,,False,False,,,
crypto,4h,False,ETHUSD,short,2026-09-04 14:45:00+05:30,2545.8829365079364,2566.25,2545.8829365079364,,True,False,,,
crypto,4h,False,TRUMP/USDT,long,2026-09-04 18:00:00+05:30,2.115,2.13192,2.13192,,False,False,,,
crypto,4h,False,LTCUSD,short,2026-09-05 11:40:00+05:30,53.75,54.13,53.75,54.225,False,True,BE,0.1277552631578998,0.014597368421058049
crypto,4h,False,BNBUSD,short,2026-09-05 13:05:00+05:30,740.25,746.13,740.25,747.6,True,True,SL,-1.0508571428571374,-1.1515714285714227
crypto,4h,False,UNIUSD,short,2026-09-05 21:50:00+05:30,6.507936507936508,6.56,6.507936507936508,6.573015873015873,True,True,SL,-1.0505000000000024,-1.1505000000000027
crypto,4h,False,DOGEUSD,short,2026-09-05 22:40:00+05:30,0.08966269841269842,0.09038,0.08966269841269842,0.0905593253968254,False,True,BE,0.11290000000000627,0.012900000000006448
crypto,4h,False,LTCUSD,short,2026-09-06 00:00:00+05:30,55.13,55.56,55.13,55.667500000000004,True,True,+2R,2.0,1.897432558139535
crypto,4h,False,AVAXUSD,short,2026-09-06 08:00:00+05:30,7.708,7.728,7.708,7.733,False,True,+1R,1.0,0.6916799999999934
crypto,4h,False,LTCUSD,short,2026-09-06 09:05:00+05:30,55.13,55.56,55.13,,True,False,,,
crypto,4h,False,SOLUSD,short,2026-09-06 09:05:00+05:30,107.144,107.453,107.144,107.53025,False,True,+2R,2.0,1.7226045307443292
crypto,4h,False,SOLUSD,short,2026-09-06 14:55:00+05:30,107.144,107.453,107.144,,False,False,,,
crypto,4h,False,SOLUSD,short,2026-09-06 19:25:00+05:30,107.144,107.453,107.144,,False,False,,,
crypto,4h,False,SOLUSD,short,2026-09-07 08:05:00+05:30,107.144,107.453,107.144,,False,False,,,
crypto,4h,False,LTCUSD,short,2026-09-07 18:20:00+05:30,59.03769841269841,59.51,59.03769841269841,59.628075396825395,False,True,+2R,2.0,1.9
crypto,4h,False,TACUSD,long,2026-09-08 16:40:00+05:30,0.0021,0.0021168,0.0021168,0.0020958,False,True,+1R,1.0,0.8991999999999988
crypto,4h,False,BCHUSD,long,2026-09-10 18:05:00+05:30,239.8,241.66,241.66,239.335,True,True,SL,-1.0514698924731147,-1.1554096774193519
crypto,4h,False,AAVEUSD,long,2026-09-10 18:15:00+05:30,120.0,120.9,120.9,119.775,True,True,+2R,2.0,1.8925333333333334
crypto,4h,False,HYPEUSD,long,2026-09-10 21:45:00+05:30,79.06,79.57,79.57,78.9325,False,True,SL,-1.061907843137262,-1.186723529411774
crypto,4h,False,AKE/USDT,long,2026-09-11 10:40:00+05:30,0.0113863,0.0114773904,0.0114773904,0.0113635274,False,True,SL,-1.0498999999999954,-1.150699999999995
crypto,4h,False,BTCUSD,long,2026-09-11 18:00:00+05:30,75595.5,76028.0,76028.0,,False,False,,,
crypto,4h,False,SOLUSD,long,2026-09-11 18:00:00+05:30,97.408,98.1,98.1,,True,False,,,
crypto,4h,False,XRPUSD,long,2026-09-11 18:00:00+05:30,1.3106,1.3181,1.3181,,True,False,,,
crypto,4h,False,ETHUSD,short,2026-09-11 19:15:00+05:30,2545.8829365079364,2566.25,2545.8829365079364,2571.341765873016,True,True,SL,-1.0504999999999916,-1.150499999999991
crypto,4h,False,RIVERUSD,short,2026-09-12 08:15:00+05:30,1.4067460317460316,1.418,1.4067460317460316,1.420813492063492,False,True,+1R,1.0,0.9000000000000008
crypto,4h,False,HUSD,short,2026-09-12 12:50:00+05:30,0.08721230158730159,0.08791,0.08721230158730159,0.0880844246031746,True,True,BE,0.11289999999999917,0.012899999999998912
crypto,4h,False,ZORAUSD,short,2026-09-13 12:55:00+05:30,0.008958333333333334,0.00903,0.008958333333333334,,False,False,,,
crypto,4h,False,HYPEUSD,long,2026-09-13 14:50:00+05:30,76.8,77.4144,77.4144,76.6464,False,True,BE,0.11380320000000285,0.013003200000002935
crypto,4h,False,HYPEUSD,long,2026-09-13 18:50:00+05:30,76.8,77.4144,77.4144,,False,False,,,
crypto,4h,False,XRPUSD,short,2026-09-14 23:20:00+05:30,1.439484126984127,1.451,1.439484126984127,1.4538789682539683,False,True,BE,0.11289999999999223,0.012899999999992862
crypto,4h,False,XRPUSD,short,2026-09-15 00:15:00+05:30,1.4737,1.484,1.4737,1.486575,True,True,+1R,1.0,0.8855378640776697
crypto,4h,False,AKE/USDT,short,2026-09-15 15:15:00+05:30,0.02145714285714286,0.0216288,0.02145714285714286,0.021671714285714287,True,True,SL,-1.050500000000001,-1.1505000000000012
crypto,4h,False,ZORAUSD,long,2026-09-15 15:25:00+05:30,0.00768,0.00771,0.00771,0.0076725000000000005,True,True,BE,0.2321224000000107,0.026522400000007107
crypto,4h,False,BTCUSD,long,2026-09-15 19:05:00+05:30,75595.5,76028.0,76028.0,75487.375,False,True,+2R,2.0,1.8593701734104047
crypto,4h,False,ETHUSD,long,2026-09-15 20:05:00+05:30,2403.8,2423.0304,2423.0304,2398.9924,True,True,SL,-1.0498999999999952,-1.1506999999999952
crypto,4h,False,DOGEUSD,long,2026-09-15 20:20:00+05:30,0.08023,0.08075,0.08075,0.08009999999999999,True,True,SL,-1.0616153846153833,-1.1858461538461502
crypto,4h,False,LTCUSD,long,2026-09-15 20:20:00+05:30,51.67,51.69,51.69,,False,False,,,
crypto,4h,False,SOLUSD,long,2026-09-15 20:20:00+05:30,97.408,98.1,98.1,97.235,True,True,SL,-1.056205202312146,-1.169615606936424
crypto,4h,False,TRUMP/USDT,long,2026-09-15 20:20:00+05:30,1.917,1.924,1.924,1.9152500000000001,True,True,SL,-1.1094428571428678,-1.3293285714285867
crypto,4h,False,ETHUSD,long,2026-09-16 00:05:00+05:30,2355.1,2373.9408,2373.9408,2350.3898,True,True,+1R,1.0,0.8991999999999997
crypto,4h,False,XRPUSD,long,2026-09-16 00:10:00+05:30,1.3106,1.3181,1.3181,1.308725,True,True,SL,-1.0697986666666603,-1.2103959999999916
crypto,4h,False,BNBUSD,long,2026-09-16 00:15:00+05:30,702.96,707.82,707.82,,True,False,,,
crypto,4h,False,LINKUSD,long,2026-09-16 00:15:00+05:30,10.91,10.97,10.97,10.895,True,True,data_quality_ambiguous,,
crypto,4h,False,DOGEUSD,long,2026-09-16 00:25:00+05:30,0.08023,0.08075,0.08075,,True,False,,,
crypto,4h,False,SOLUSD,long,2026-09-16 00:25:00+05:30,97.408,98.1,98.1,,True,False,,,
crypto,4h,False,AAVEUSD,long,2026-09-16 08:35:00+05:30,120.0,120.9,120.9,119.775,True,True,BE,0.12132986666666865,0.013863200000001963
crypto,4h,False,HUSD,short,2026-09-16 12:30:00+05:30,0.08982142857142857,0.09054,0.08982142857142857,0.09071964285714285,True,True,BE,0.11290000000000519,0.01290000000000456
crypto,4h,False,AAVEUSD,long,2026-09-16 12:35:00+05:30,120.0,120.9,120.9,,True,False,,,
crypto,4h,False,BNBUSD,long,2026-09-16 13:30:00+05:30,702.96,707.82,707.82,701.745,True,True,+1R,1.0,0.8834864197530873
crypto,4h,False,HUSD,short,2026-09-16 17:50:00+05:30,0.08982142857142857,0.09054,0.08982142857142857,,True,False,,,
crypto,4h,False,ETHUSD,long,2026-09-16 23:05:00+05:30,2355.1,2373.9408,2373.9408,2350.3898,True,True,data_quality_ambiguous,,
crypto,4h,False,HUSD,short,2026-09-16 23:35:00+05:30,0.08982142857142857,0.09054,0.08982142857142857,0.09071964285714285,True,True,BE,0.11290000000000519,0.01290000000000456
crypto,4h,False,ZECUSD,short,2026-09-16 23:35:00+05:30,1292.8,1295.19,1292.8,1295.7875000000001,True,True,SL,-1.2168682008368383,-1.6496046025104523
crypto,4h,False,UNIUSD,short,2026-09-17 22:15:00+05:30,7.428571428571429,7.488,7.428571428571429,7.502857142857144,True,True,SL,-1.0504999999999975,-1.150499999999997
crypto,4h,False,AAVEUSD,short,2026-09-18 08:40:00+05:30,132.53968253968253,133.6,132.53968253968253,133.86507936507937,True,True,SL,-1.0504999999999998,-1.150499999999999
crypto,4h,False,HYPEUSD,short,2026-09-18 08:40:00+05:30,86.89,87.08,86.89,87.1275,False,True,SL,-1.1834263157894933,-1.549278947368445
crypto,4h,False,LTCUSD,short,2026-09-18 08:45:00+05:30,54.9,55.3,54.9,55.4,False,True,+1R,1.0,0.8902
crypto,4h,False,SOLUSD,short,2026-09-18 09:20:00+05:30,104.97321428571429,105.813,104.97321428571429,106.02294642857143,False,True,SL,-1.050499999999998,-1.1504999999999985
crypto,4h,False,BNBUSD,short,2026-09-18 11:35:00+05:30,756.21,760.86,756.21,762.0225,False,True,BE,0.14688362838710273,0.016782983225812398
crypto,4h,False,HYPEUSD,short,2026-09-18 14:25:00+05:30,88.90575396825398,89.617,88.90575396825398,89.79481150793652,True,True,SL,-1.0505000000000035,-1.1505000000000036
crypto,4h,False,AAVEUSD,short,2026-09-18 18:45:00+05:30,138.88888888888889,140.0,138.88888888888889,140.27777777777777,True,True,SL,-1.050500000000002,-1.1505000000000023
crypto,4h,False,BNBUSD,short,2026-09-18 19:05:00+05:30,756.21,760.86,756.21,,False,False,,,
crypto,4h,False,SOLUSD,short,2026-09-18 19:05:00+05:30,107.144,107.453,107.144,107.53025,False,True,SL,-1.1391977346278308,-1.4165932038835016
crypto,4h,False,BTCUSD,short,2026-09-18 19:10:00+05:30,79234.62301587302,79868.5,79234.62301587302,80026.96924603175,False,True,SL,-1.0505000000000069,-1.1505000000000072
crypto,4h,False,BTCUSD,short,2026-09-18 19:20:00+05:30,80309.0,80537.0,80309.0,80594.0,False,True,data_quality_ambiguous,,
crypto,4h,False,DOGEUSD,short,2026-09-18 19:20:00+05:30,0.08760912698412698,0.08831,0.08760912698412698,0.08848521825396825,False,True,BE,0.11289999999999374,0.012899999999993736
crypto,4h,False,LINKUSD,short,2026-09-18 19:20:00+05:30,12.103174603174603,12.2,12.103174603174603,12.224206349206348,False,True,BE,0.11290000000000124,0.012900000000000494
crypto,4h,False,SOLUSD,short,2026-09-18 19:50:00+05:30,109.911,110.635,109.911,110.816,True,True,BE,0.13711549060772873,0.015666871823198494
crypto,4h,False,DOGEUSD,short,2026-09-18 23:20:00+05:30,0.08760912698412698,0.08831,0.08760912698412698,,False,False,,,
crypto,4h,False,AVAXUSD,short,2026-09-19 00:10:00+05:30,8.267857142857142,8.334,8.267857142857142,8.350535714285714,True,True,+1R,1.0,0.9000000000000002
crypto,4h,False,AAVEUSD,short,2026-09-19 08:00:00+05:30,144.22619047619048,145.38,144.22619047619048,145.66845238095237,True,True,SL,-1.050500000000003,-1.150500000000004
crypto,4h,False,LTCUSD,short,2026-09-19 08:00:00+05:30,59.03769841269841,59.51,59.03769841269841,59.628075396825395,False,True,+2R,2.0,1.9
crypto,4h,False,ETHUSD,short,2026-09-19 13:50:00+05:30,2644.8908730158732,2666.05,2644.8908730158732,2671.339781746032,True,True,BE,0.11290000000000647,0.012900000000005823
crypto,4h,False,VELVETUSD,short,2026-09-19 14:05:00+05:30,0.06279761904761905,0.0633,0.06279761904761905,0.06342559523809524,False,True,data_quality_ambiguous,,
crypto,4h,False,AVAXUSD,short,2026-09-19 14:50:00+05:30,9.018,9.088,9.018,9.1055,False,True,+1R,1.0,0.8969371428571412
crypto,4h,False,AVAXUSD,short,2026-09-19 21:40:00+05:30,9.534,9.594,9.534,9.608999999999998,False,True,SL,-1.0640600000000093,-1.1911800000000135
crypto,4h,False,HUSD,long,2026-09-20 08:25:00+05:30,0.07651,0.07712208,0.07712208,0.07635697999999999,False,True,BE,0.11380320000000513,0.013003200000005738
crypto,4h,False,LTCUSD,short,2026-09-20 22:15:00+05:30,59.03769841269841,59.51,59.03769841269841,59.628075396825395,False,True,BE,0.11289999999999588,0.012899999999995762
crypto,4h,False,BNBUSD,short,2026-09-21 08:05:00+05:30,782.25,784.08,782.25,784.5375,False,True,+2R,2.0,1.6580327868852494
crypto,4h,False,HUSD,long,2026-09-21 10:25:00+05:30,0.07042,0.07098336,0.07098336,0.07027916,True,True,+2R,2.0,1.8992000000000002
crypto,4h,False,BTCUSD,short,2026-09-21 14:00:00+05:30,82485.5,82811.5,82485.5,82893.0,True,True,SL,-1.1017092024540012,-1.3041276073619767
crypto,4h,False,SOLUSD,short,2026-09-21 14:00:00+05:30,114.2671,114.368,114.2671,,True,False,,,
crypto,4h,False,XRPUSD,short,2026-09-21 14:10:00+05:30,1.4808,1.4921,1.4808,1.494925,True,True,BE,0.11835916460176302,0.013523766371675752
crypto,4h,False,DOGEUSD,short,2026-09-21 15:05:00+05:30,0.09436507936507936,0.09512,0.09436507936507936,0.09530873015873015,True,True,+2R,2.0,1.8999999999999995
crypto,4h,False,LTCUSD,short,2026-09-21 17:00:00+05:30,60.75396825396825,61.24,60.75396825396825,61.36150793650794,False,True,SL,-1.0505000000000015,-1.1505000000000007
crypto,4h,False,BCHUSD,short,2026-09-21 17:55:00+05:30,272.43,274.22,272.43,,False,False,,,
crypto,4h,False,DOGEUSD,short,2026-09-21 20:05:00+05:30,0.09436507936507936,0.09512,0.09436507936507936,,True,False,,,
crypto,4h,False,DOGEUSD,short,2026-09-22 09:30:00+05:30,0.10311507936507937,0.10394,0.10311507936507937,0.10414623015873016,False,True,SL,-1.0504999999999975,-1.1504999999999976
crypto,4h,False,BCHUSD,short,2026-09-22 15:50:00+05:30,272.43,274.22,272.43,274.6675,False,True,+1R,1.0,0.878243575418995
crypto,4h,False,BCHUSD,short,2026-09-22 18:05:00+05:30,283.343253968254,285.61,283.343253968254,286.17668650793655,False,True,SL,-1.050499999999998,-1.1504999999999967
crypto,4h,False,UNIUSD,short,2026-09-22 18:15:00+05:30,9.435912698412698,9.5114,9.435912698412698,9.530271825396825,True,True,SL,-1.0505000000000038,-1.1505000000000036
crypto,4h,False,BCHUSD,short,2026-09-22 18:25:00+05:30,306.38,307.81,306.38,308.1675,False,True,SL,-1.0862006993006892,-1.2576020979020857
crypto,4h,False,BCHUSD,short,2026-09-23 11:30:00+05:30,353.55,355.0,353.55,355.3625,False,True,+2R,2.0,1.8049379310344826
crypto,4h,False,BLESSUSD,short,2026-09-23 17:30:00+05:30,0.009955,0.009985,0.009955,0.009992500000000001,False,True,+1R,1.0,0.7345333333333409
crypto,4h,False,RIVERUSD,long,2026-09-23 19:40:00+05:30,1.111,1.119888,1.119888,1.108778,False,True,SL,-1.0498999999999943,-1.1506999999999947
crypto,4h,False,TRUMP/USDT,long,2026-09-23 19:40:00+05:30,1.942,1.948,1.948,1.9405,True,True,+2R,2.0,1.7402666666666688
crypto,4h,False,LTCUSD,short,2026-09-24 19:00:00+05:30,70.06,70.45,70.06,70.5475,True,True,SL,-1.0723564102564143,-1.2160692307692356
crypto,4h,False,VELVETUSD,short,2026-09-24 20:45:00+05:30,0.06488095238095239,0.0654,0.06488095238095239,0.0655297619047619,True,True,+1R,1.0,0.8999999999999978
crypto,4h,False,RIVERUSD,short,2026-09-24 21:45:00+05:30,1.3035714285714286,1.314,1.3035714285714286,1.3166071428571429,True,True,+2R,2.0,1.9
crypto,4h,False,LINKUSD,short,2026-09-25 13:45:00+05:30,13.882,13.886,13.882,,False,False,,,
crypto,4h,False,LINKUSD,short,2026-09-26 16:25:00+05:30,14.285714285714286,14.4,14.285714285714286,14.428571428571429,True,True,BE,0.11290000000000551,0.01290000000000513
crypto,4h,False,TACUSD,short,2026-09-26 17:30:00+05:30,0.0016617063492063492,0.001675,0.0016617063492063492,0.0016783234126984128,False,True,+2R,2.0,1.9000000000000008
crypto,4h,False,BEAT/USDT,short,2026-09-26 18:35:00+05:30,0.10625,0.1071,0.10625,0.1073125,False,True,BE,0.11289999999999664,0.012899999999997372
crypto,4h,False,LINKUSD,short,2026-09-26 20:35:00+05:30,14.285714285714286,14.4,14.285714285714286,,True,False,,,
crypto,4h,False,TACUSD,long,2026-09-28 09:00:00+05:30,0.001469,0.0014807520000000001,0.0014807520000000001,0.001466062,True,True,+1R,1.0,0.899200000000001
crypto,4h,False,BNBUSD,long,2026-09-28 11:05:00+05:30,756.58,760.9,760.9,755.5,False,True,BE,0.15908446296295906,0.018177055555551047
crypto,4h,False,BNBUSD,long,2026-09-28 15:15:00+05:30,756.58,760.9,760.9,,False,False,,,
crypto,4h,False,BNBUSD,long,2026-09-28 19:45:00+05:30,756.58,760.9,760.9,,False,False,,,
crypto,4h,False,ZORAUSD,long,2026-09-28 20:05:00+05:30,0.007861,0.007895,0.007895,0.0078525,False,True,SL,-1.0923823529411654,-1.2781470588235222
crypto,4h,False,DOGEUSD,long,2026-09-28 20:10:00+05:30,0.09127,0.09174,0.09174,0.0911525,False,True,+2R,2.0,1.8438468085106394
crypto,4h,False,TRUMP/USDT,long,2026-09-28 20:20:00+05:30,1.938,1.948,1.948,1.9355,True,True,+2R,2.0,1.8441599999999994
crypto,4h,False,VELVETUSD,long,2026-09-28 20:45:00+05:30,0.0544,0.0546,0.0546,0.054349999999999996,True,True,+2R,2.0,1.7816000000000063
crypto,4h,False,DOGEUSD,long,2026-09-29 08:00:00+05:30,0.09127,0.09174,0.09174,,False,False,,,
crypto,4h,False,TRUMP/USDT,long,2026-09-29 08:20:00+05:30,1.938,1.948,1.948,,True,False,,,
crypto,4h,False,AAVEUSD,short,2026-09-29 13:05:00+05:30,162.75,163.8,162.75,164.0625,False,True,SL,-1.0625,-1.1865
crypto,4h,False,AVAXUSD,short,2026-09-29 15:50:00+05:30,11.702380952380953,11.796,11.702380952380953,11.81940476190476,True,True,SL,-1.0505000000000013,-1.150500000000003
crypto,4h,False,BTCUSD,short,2026-09-30 18:05:00+05:30,84660.0,85224.0,84660.0,85365.0,False,True,SL,-1.0605425531914827,-1.1806276595744614
crypto,4h,False,TRUMP/USDT,short,2026-10-01 08:15:00+05:30,2.188,2.195,2.188,2.1967499999999998,False,True,SL,-1.125528571428601,-1.3755857142857555
crypto,4h,False,AAVEUSD,short,2026-10-02 09:55:00+05:30,179.02,180.1,179.02,180.37,True,True,SL,-1.0668037037036975,-1.1994111111111054
crypto,4h,False,BTCUSD,short,2026-10-02 09:55:00+05:30,86875.5,87386.0,86875.5,87513.625,True,True,+1R,1.0,0.8638581782566112
crypto,4h,False,VELVETUSD,short,2026-10-02 09:55:00+05:30,0.06567460317460316,0.0662,0.06567460317460316,0.0663313492063492,True,True,+2R,2.0,1.9000000000000006
crypto,4h,False,AAVEUSD,short,2026-10-02 10:20:00+05:30,186.67,187.42,186.67,187.6075,False,True,+2R,2.0,1.8008853333333334
crypto,4h,False,VELVETUSD,short,2026-10-02 17:40:00+05:30,0.06567460317460316,0.0662,0.06567460317460316,,True,False,,,
crypto,4h,False,BTCUSD,short,2026-10-02 18:00:00+05:30,86875.5,87386.0,86875.5,,True,False,,,
crypto,4h,False,ZORAUSD,long,2026-10-02 23:55:00+05:30,0.007616,0.007676928,0.007676928,0.007600768000000001,True,True,SL,-1.0499000000000027,-1.1507000000000032
crypto,4h,False,BEAT/USDT,long,2026-10-03 00:05:00+05:30,0.0831,0.0837648,0.0837648,0.08293379999999999,True,True,+2R,2.0,1.8992000000000016
crypto,4h,False,DOGEUSD,long,2026-10-03 00:05:00+05:30,0.09127,0.09174,0.09174,0.0911525,False,True,SL,-1.0775765957446775,-1.2337297872340378
crypto,4h,False,ETHUSD,long,2026-10-03 00:05:00+05:30,2626.6,2646.0,2646.0,,False,False,,,
crypto,4h,False,LINKUSD,long,2026-10-03 00:05:00+05:30,13.537,13.645296,13.645296,13.509926,False,True,SL,-1.049900000000004,-1.150700000000004
crypto,4h,False,XRPUSD,long,2026-10-03 00:05:00+05:30,1.4525,1.4641199999999999,1.4641199999999999,1.449595,False,True,SL,-1.0498999999999994,-1.1507
crypto,4h,True,LTCUSD,short,2026-08-07 13:30:00+05:30,45.66,45.93,45.66,45.9975,False,True,SL,-1.0681444444444412,-1.2034333333333278
crypto,4h,True,ETHUSD,short,2026-08-07 16:50:00+05:30,1922.5,1936.3,1922.5,1939.75,False,True,SL,-1.0562246376811595,-1.1676739130434783
crypto,4h,True,BTCUSD,short,2026-08-07 17:40:00+05:30,65383.5,65720.0,65383.5,,False,False,,,
crypto,4h,True,HUSD,short,2026-08-07 20:45:00+05:30,0.09329,0.09368,0.09329,0.0937775,False,True,data_quality_ambiguous,,
crypto,4h,True,ETHUSD,short,2026-08-07 21:00:00+05:30,1922.5,1936.3,1922.5,,False,False,,,
crypto,4h,True,XRPUSD,long,2026-08-07 22:25:00+05:30,1.0088,1.0168704,1.0168704,1.0067823999999999,False,True,BE,0.11380320000000563,0.013003200000006584
crypto,4h,True,SOLUSD,short,2026-08-08 09:25:00+05:30,74.777,75.318,74.777,75.45325,False,True,Neither,-0.14787430683917915,-0.25845027726431846
crypto,4h,True,BNBUSD,short,2026-08-08 19:50:00+05:30,602.67,605.34,602.67,606.0075,True,True,SL,-1.0907876404494405,-1.271362921348312
crypto,4h,True,DOGEUSD,short,2026-08-08 19:55:00+05:30,0.07098,0.07154,0.07098,0.07168000000000001,False,True,Neither,-0.1571428571428543,-0.2585428571428534
crypto,4h,True,SOLUSD,short,2026-08-08 20:45:00+05:30,76.9047619047619,77.52,76.9047619047619,,False,False,,,
crypto,4h,True,SOLUSD,short,2026-08-09 18:45:00+05:30,76.9047619047619,77.52,76.9047619047619,77.67380952380952,False,True,Neither,-0.4203095975232175,-0.5203095975232166
crypto,4h,True,BTCUSD,short,2026-08-09 20:25:00+05:30,65383.5,65720.0,65383.5,65804.125,False,True,+1R,1.0,0.8445563150074294
crypto,4h,True,BTCUSD,short,2026-08-10 11:35:00+05:30,65383.5,65720.0,65383.5,,False,False,,,
crypto,4h,True,XRPUSD,long,2026-08-10 22:15:00+05:30,1.0088,1.0168704,1.0168704,1.0067823999999999,False,True,BE,0.11380320000000563,0.013003200000006584
crypto,4h,True,ZECUSD,long,2026-08-11 08:00:00+05:30,488.93,492.75,492.75,487.975,False,True,BE,0.11650570680628594,0.013311989528798529
crypto,4h,True,LINKUSD,short,2026-08-11 11:50:00+05:30,8.485,8.529,8.485,8.54,False,True,BE,0.17417390909089608,0.019901181818168023
crypto,4h,True,TACUSD,long,2026-08-11 14:30:00+05:30,0.002846,0.002868768,0.002868768,0.002840308,False,True,+1R,1.0,0.8991999999999989
crypto,4h,True,VELVETUSD,short,2026-08-11 14:55:00+05:30,0.5575396825396826,0.562,0.5575396825396826,0.5631150793650794,True,True,+2R,2.0,1.9000000000000008
crypto,4h,True,VELVETUSD,short,2026-08-11 15:35:00+05:30,0.621031746031746,0.626,0.621031746031746,0.6272420634920635,False,True,SL,-1.050500000000001,-1.1505000000000019
crypto,4h,True,BEAT/USDT,long,2026-08-11 16:05:00+05:30,0.9409,0.9484271999999999,0.9484271999999999,0.9390182,False,True,+1R,1.0,0.8991999999999989
crypto,4h,True,VELVETUSD,short,2026-08-11 16:15:00+05:30,0.7351190476190476,0.741,0.7351190476190476,0.7424702380952382,True,True,SL,-1.050499999999993,-1.1504999999999914
crypto,4h,True,DOGEUSD,short,2026-08-11 19:30:00+05:30,0.07126,0.07161,0.07126,0.0716975,True,True,+2R,2.0,1.8371199999999976
crypto,4h,True,UNIUSD,long,2026-08-11 19:55:00+05:30,3.786,3.816288,3.816288,3.778428,False,True,SL,-1.049900000000005,-1.1507000000000043
crypto,4h,True,AAVEUSD,long,2026-08-11 21:10:00+05:30,85.97,86.5,86.5,85.8375,False,True,+2R,2.0,1.8694339622641498
crypto,4h,True,TACUSD,long,2026-08-11 21:20:00+05:30,0.002846,0.002868768,0.002868768,,False,False,,,
crypto,4h,True,DOGEUSD,short,2026-08-11 23:30:00+05:30,0.07126,0.07161,0.07126,,True,False,,,
crypto,4h,True,UNIUSD,long,2026-08-12 12:20:00+05:30,3.615,3.64392,3.64392,3.6077700000000004,False,True,SL,-1.0499000000000052,-1.150700000000006
crypto,4h,True,LINKUSD,short,2026-08-12 16:05:00+05:30,8.841269841269842,8.912,8.841269841269842,8.92968253968254,False,True,BE,0.11289999999999147,0.012899999999991293
crypto,4h,True,SOLUSD,short,2026-08-12 17:55:00+05:30,77.448,77.88,77.448,,True,False,,,
crypto,4h,True,TRUMP/USDT,long,2026-08-12 21:35:00+05:30,1.436,1.441,1.441,1.43475,False,True,+2R,2.0,1.7694400000000032
crypto,4h,True,HYPEUSD,short,2026-08-13 15:10:00+05:30,57.7,58.02,57.7,58.1,False,True,+1R,1.0,0.8557499999999995
crypto,4h,True,BLESSUSD,long,2026-08-13 15:25:00+05:30,0.009896,0.009975168,0.009975168,0.009876208000000001,False,True,SL,-1.0499000000000087,-1.15070000000001
crypto,4h,True,LINKUSD,short,2026-08-13 19:10:00+05:30,8.841269841269842,8.912,8.841269841269842,8.92968253968254,False,True,+1R,1.0,0.8999999999999998
crypto,4h,True,HYPEUSD,short,2026-08-13 19:25:00+05:30,57.7,58.02,57.7,,False,False,,,
crypto,4h,True,HUSD,short,2026-08-13 19:55:00+05:30,0.09693452380952382,0.09771,0.09693452380952382,0.09790386904761905,True,True,+2R,2.0,1.8999999999999997
crypto,4h,True,AKE/USDT,short,2026-08-13 21:15:00+05:30,0.0064639880952380956,0.0065157,0.0064639880952380956,0.006528627976190476,False,True,SL,-1.050500000000001,-1.1505000000000019
crypto,4h,True,BCHUSD,long,2026-08-13 21:30:00+05:30,204.59,205.61,205.61,204.335,True,True,BE,0.18206563921569482,0.02080289411765629
crypto,4h,True,BCHUSD,long,2026-08-14 09:00:00+05:30,204.59,205.61,205.61,,True,False,,,
crypto,4h,True,UNIUSD,long,2026-08-14 09:15:00+05:30,3.415,3.428,3.428,3.41175,False,True,SL,-1.104976923076915,-1.315930769230763
crypto,4h,True,VELVETUSD,short,2026-08-14 10:55:00+05:30,0.8829365079365079,0.89,0.8829365079365079,0.8917658730158731,True,True,SL,-1.0504999999999993,-1.1504999999999985
crypto,4h,True,BCHUSD,long,2026-08-14 13:00:00+05:30,204.59,205.61,205.61,204.335,True,True,SL,-1.080131372549025,-1.2413941176470635
crypto,4h,True,UNIUSD,long,2026-08-14 15:00:00+05:30,3.415,3.428,3.428,,False,False,,,
crypto,4h,True,AAVEUSD,long,2026-08-14 15:30:00+05:30,85.97,86.5,86.5,85.8375,False,True,+1R,1.0,0.8694339622641498
crypto,4h,True,BCHUSD,long,2026-08-14 17:05:00+05:30,204.59,205.61,205.61,,True,False,,,
crypto,4h,True,BTCUSD,long,2026-08-14 18:30:00+05:30,62245.0,62508.0,62508.0,62179.25,False,True,+2R,2.0,1.8098615969581748
crypto,4h,True,LTCUSD,long,2026-08-14 19:55:00+05:30,43.62,43.968959999999996,43.968959999999996,43.532759999999996,True,True,SL,-1.0499000000000058,-1.150700000000006
crypto,4h,True,AAVEUSD,long,2026-08-14 21:25:00+05:30,85.97,86.5,86.5,,False,False,,,
crypto,4h,True,LTCUSD,long,2026-08-14 23:55:00+05:30,43.62,43.968959999999996,43.968959999999996,,True,False,,,
crypto,4h,True,LINKUSD,short,2026-08-15 08:05:00+05:30,9.638,9.681,9.638,9.691749999999999,False,True,SL,-1.0901558139535064,-1.269467441860486
crypto,4h,True,BEAT/USDT,long,2026-08-15 13:00:00+05:30,0.5323,0.5365584,0.5365584,0.5312354,False,True,SL,-1.0499,-1.1507000000000007
crypto,4h,True,BEAT/USDT,long,2026-08-15 14:40:00+05:30,0.477,0.48081599999999997,0.48081599999999997,0.47604599999999997,False,True,SL,-1.049899999999995,-1.150699999999995
crypto,4h,True,LINKUSD,short,2026-08-15 21:10:00+05:30,9.945436507936508,10.025,9.945436507936508,,False,False,,,
crypto,4h,True,BEAT/USDT,long,2026-08-15 22:50:00+05:30,0.4206,0.4239648,0.4239648,0.4197588,False,True,SL,-1.0499000000000005,-1.1507000000000007
crypto,4h,True,HYPEUSD,short,2026-08-16 21:40:00+05:30,58.03,58.46,58.03,58.5675,True,True,+1R,1.0,0.8920372093023259
crypto,4h,True,HYPEUSD,short,2026-08-17 16:15:00+05:30,60.01,60.48,60.01,,False,False,,,
crypto,4h,True,BLESSUSD,long,2026-08-18 08:00:00+05:30,0.00761,0.00767088,0.00767088,0.00759478,False,True,SL,-1.0499,-1.1507
crypto,4h,True,HYPEUSD,short,2026-08-18 12:00:00+05:30,60.01,60.48,60.01,60.5975,False,True,+1R,1.0,0.8978553191489359
crypto,4h,True,HYPEUSD,short,2026-08-18 16:15:00+05:30,60.01,60.48,60.01,,False,False,,,
crypto,4h,True,BNBUSD,long,2026-08-18 18:50:00+05:30,597.3,599.04,599.04,,False,False,,,
crypto,4h,True,ETHUSD,short,2026-08-18 20:00:00+05:30,1925.1984126984125,1940.6,1925.1984126984125,,True,False,,,
crypto,4h,True,SOLUSD,short,2026-08-18 20:00:00+05:30,77.448,77.88,77.448,,True,False,,,
crypto,4h,True,SOLUSD,short,2026-08-19 00:00:00+05:30,77.448,77.88,77.448,,True,False,,,
crypto,4h,True,TACUSD,long,2026-08-19 12:10:00+05:30,0.002551,0.002571408,0.002571408,0.002545898,False,True,SL,-1.0499000000000078,-1.1507000000000085
crypto,4h,True,ETHUSD,short,2026-08-19 14:05:00+05:30,1925.1984126984125,1940.6,1925.1984126984125,1944.4503968253966,True,True,Neither,-0.7740286509327059,-0.8740286509327061
crypto,4h,True,SOLUSD,short,2026-08-19 14:05:00+05:30,77.448,77.88,77.448,77.988,True,True,SL,-1.0722111111111148,-1.2156333333333353
crypto,4h,True,BEAT/USDT,long,2026-08-19 14:55:00+05:30,0.1905,0.192024,0.192024,0.190119,False,True,+2R,2.0,1.8991999999999996
crypto,4h,True,ETHUSD,short,2026-08-19 18:05:00+05:30,1925.1984126984125,1940.6,1925.1984126984125,,True,False,,,
crypto,4h,True,BTCUSD,short,2026-08-19 19:35:00+05:30,65383.5,65720.0,65383.5,65804.125,False,True,SL,-1.0782218424962795,-1.2336655274888502
crypto,4h,True,ZECUSD,short,2026-08-19 20:10:00+05:30,524.86,529.0,524.86,530.035,False,True,SL,-1.0512111111111113,-1.1526333333333345
crypto,4h,True,SOLUSD,short,2026-08-19 20:15:00+05:30,79.39,79.66,79.39,79.72749999999999,False,True,SL,-1.118114814814803,-1.3533444444444387
crypto,4h,True,ETHUSD,short,2026-08-19 20:25:00+05:30,1971.4,1981.0,1971.4,1983.4,False,True,SL,-1.0826416666666698,-1.2469250000000032
crypto,4h,True,HYPEUSD,short,2026-08-19 20:25:00+05:30,60.01,60.48,60.01,60.5975,False,True,BE,0.1153213446808459,0.013176663829781818
crypto,4h,True,LTCUSD,short,2026-08-19 20:25:00+05:30,45.51,45.68,45.51,45.7225,False,True,SL,-1.107582352941169,-1.3217470588235234
crypto,4h,True,TRUMP/USDT,short,2026-08-19 20:35:00+05:30,1.44,1.451,1.44,1.45375,False,True,BE,0.11823709090909192,0.013509818181820343
crypto,4h,True,XRPUSD,short,2026-08-19 20:40:00+05:30,1.046,1.0494,1.046,1.0502500000000001,False,True,SL,-1.1235588235294127,-1.3696764705882312
crypto,4h,True,BTCUSD,short,2026-08-19 20:50:00+05:30,67256.0,67262.0,67256.0,,False,False,,,
crypto,4h,True,AAVEUSD,short,2026-08-19 20:55:00+05:30,93.6,94.11,93.6,94.2375,False,True,+1R,1.0,0.853176470588236
crypto,4h,True,BNBUSD,short,2026-08-19 20:55:00+05:30,616.61,620.29,616.61,621.2099999999999,False,True,BE,0.15133754130434268,0.01729188913042698
crypto,4h,True,DOGEUSD,short,2026-08-19 20:55:00+05:30,0.07383,0.07409,0.07383,0.074155,False,True,SL,-1.1140846153846065,-1.3412538461538428
crypto,4h,True,DOGEUSD,short,2026-08-19 20:55:00+05:30,0.07262896825396825,0.07321,0.07262896825396825,0.07335525793650793,True,True,SL,-1.0504999999999964,-1.1504999999999965
crypto,4h,True,LINKUSD,short,2026-08-19 20:55:00+05:30,9.945436507936508,10.025,9.945436507936508,10.044890873015873,False,True,BE,0.11289999999999505,0.01289999999999554
crypto,4h,True,HYPEUSD,short,2026-08-20 00:40:00+05:30,62.95,63.4,62.95,63.512499999999996,False,True,SL,-1.0564555555555577,-1.1683666666666703
crypto,4h,True,HYPEUSD,short,2026-08-20 00:45:00+05:30,72.32,72.88,72.32,73.02,False,True,+1R,1.0,0.8966857142857148
crypto,4h,True,HYPEUSD,short,2026-08-20 00:45:00+05:30,68.95,69.41,68.95,69.52499999999999,False,True,SL,-1.0604565217391306,-1.180369565217394
crypto,4h,True,BNBUSD,short,2026-08-20 00:55:00+05:30,616.61,620.29,616.61,,False,False,,,
crypto,4h,True,HYPEUSD,short,2026-08-20 12:00:00+05:30,72.32,72.88,72.32,,False,False,,,
crypto,4h,True,BLESSUSD,long,2026-08-20 12:45:00+05:30,0.00687,0.006895,0.006895,0.00686375,False,True,SL,-1.1098200000000105,-1.3304600000000102
crypto,4h,True,BCHUSD,short,2026-08-20 13:45:00+05:30,217.6,218.87,217.6,219.1875,False,True,+1R,1.0,0.8629291338582682
crypto,4h,True,SOLUSD,short,2026-08-20 13:45:00+05:30,87.8677,88.038,87.8677,88.080575,False,True,+1R,1.0,0.5872333529066291
crypto,4h,True,AVAXUSD,short,2026-08-20 14:15:00+05:30,6.938492063492063,6.994,6.938492063492063,7.007876984126984,False,True,+1R,1.0,0.9
crypto,4h,True,XRPUSD,short,2026-08-20 14:20:00+05:30,1.1569,1.1646,1.1569,1.166525,False,True,BE,0.1357028675324754,0.01550546493507271
crypto,4h,True,BEAT/USDT,long,2026-08-20 14:50:00+05:30,0.1304,0.13144319999999998,0.13144319999999998,0.13013919999999998,False,True,BE,0.11380320000000509,0.013003200000005072
crypto,4h,True,XRPUSD,short,2026-08-20 17:00:00+05:30,1.1801,1.1843,1.1801,1.18535,True,True,SL,-1.1128904761904848,-1.3376714285714382
crypto,4h,True,BCHUSD,short,2026-08-20 18:25:00+05:30,217.6,218.87,217.6,,False,False,,,
crypto,4h,True,AVAXUSD,short,2026-08-20 19:25:00+05:30,6.938492063492063,6.994,6.938492063492063,,False,False,,,
crypto,4h,True,DOGEUSD,short,2026-08-20 20:30:00+05:30,0.07883928571428571,0.07947,0.07883928571428571,0.07962767857142858,False,True,SL,-1.0504999999999938,-1.1504999999999923
crypto,4h,True,AVAXUSD,short,2026-08-20 20:35:00+05:30,7.055555555555555,7.112,7.055555555555555,7.126111111111111,True,True,SL,-1.0504999999999987,-1.150499999999998
crypto,4h,True,BCHUSD,short,2026-08-20 20:45:00+05:30,221.51,222.03,221.51,222.16,False,True,+1R,1.0,0.6592153846153876
crypto,4h,True,LTCUSD,short,2026-08-20 21:20:00+05:30,48.14,48.26,48.14,48.29,True,True,+2R,2.0,1.6790666666666636
crypto,4h,True,ZECUSD,short,2026-08-20 22:00:00+05:30,584.484126984127,589.16,584.484126984127,590.3289682539682,False,True,SL,-1.0505000000000004,-1.1505000000000007
crypto,4h,True,XRPUSD,short,2026-08-20 22:05:00+05:30,1.2829365079365078,1.2932,1.2829365079365078,1.295765873015873,False,True,SL,-1.0505000000000024,-1.1505000000000019
crypto,4h,True,BCHUSD,short,2026-08-20 22:15:00+05:30,225.81,226.73,225.81,226.95999999999998,False,True,+2R,2.0,1.8036434782608657
crypto,4h,True,AAVEUSD,short,2026-08-21 08:05:00+05:30,100.79365079365078,101.6,100.79365079365078,101.80158730158729,False,True,BE,0.11290000000000247,0.012900000000002285
crypto,4h,True,BCHUSD,short,2026-08-21 08:30:00+05:30,225.81,226.73,225.81,,False,False,,,
crypto,4h,True,ZORAUSD,short,2026-08-21 09:45:00+05:30,0.005942460317460317,0.00599,0.005942460317460317,0.006001884920634921,False,True,SL,-1.0505000000000027,-1.1505000000000016
crypto,4h,True,ETHUSD,short,2026-08-21 11:25:00+05:30,2370.4,2381.95,2370.4,2384.8374999999996,False,True,BE,0.1853632277056222,0.021179677922067236
crypto,4h,True,AAVEUSD,short,2026-08-21 12:05:00+05:30,100.79365079365078,101.6,100.79365079365078,,False,False,,,
crypto,4h,True,BCHUSD,short,2026-08-21 12:30:00+05:30,252.97619047619048,255.0,252.97619047619048,255.50595238095238,False,True,SL,-1.0504999999999955,-1.1504999999999959
crypto,4h,True,RIVERUSD,short,2026-08-21 12:50:00+05:30,2.834325396825397,2.857,2.834325396825397,2.862668650793651,False,True,SL,-1.050500000000002,-1.1505000000000019
crypto,4h,True,DOGEUSD,short,2026-08-21 13:05:00+05:30,0.08457,0.08514,0.08457,0.08528249999999998,False,True,+1R,1.0,0.8813052631578909
crypto,4h,True,AAVEUSD,short,2026-08-21 13:10:00+05:30,103.27,103.55,103.27,103.62,True,True,SL,-1.1480285714285772,-1.4430857142857128
crypto,4h,True,ZECUSD,short,2026-08-21 13:10:00+05:30,639.8809523809524,645.0,639.8809523809524,646.2797619047619,False,True,+1R,1.0,0.8999999999999999
crypto,4h,True,XRPUSD,short,2026-08-21 13:45:00+05:30,1.3555555555555556,1.3664,1.3555555555555556,1.3691111111111112,False,True,SL,-1.0504999999999936,-1.1504999999999936
crypto,4h,True,ETHUSD,short,2026-08-21 14:05:00+05:30,2409.0,2422.5,2409.0,2425.875,True,True,SL,-1.071877777777775,-1.2146333333333306
crypto,4h,True,BTCUSD,short,2026-08-21 14:15:00+05:30,78039.5,78180.0,78039.5,78215.125,False,True,SL,-1.2226765124554815,-1.6670295373665136
crypto,4h,True,XRPUSD,short,2026-08-21 14:15:00+05:30,1.3794,1.3868,1.3794,1.3886500000000002,False,True,SL,-1.07506216216216,-1.224186486486481
crypto,4h,True,ZORAUSD,short,2026-08-21 18:00:00+05:30,0.006706349206349206,0.00676,0.006706349206349206,0.006773412698412699,False,True,SL,-1.0505000000000055,-1.150500000000005
crypto,4h,True,TRUMP/USDT,short,2026-08-21 18:05:00+05:30,1.8670634920634919,1.882,1.8670634920634919,1.885734126984127,False,True,SL,-1.0505000000000022,-1.150500000000001
crypto,4h,True,ZORAUSD,short,2026-08-21 18:05:00+05:30,0.007192460317460318,0.00725,0.007192460317460318,0.007264384920634921,False,True,+2R,2.0,1.9000000000000001
crypto,4h,True,ZORAUSD,short,2026-08-21 18:25:00+05:30,0.0073511904761904764,0.00741,0.0073511904761904764,0.007424702380952381,False,True,+2R,2.0,1.8999999999999995
crypto,4h,True,HYPEUSD,short,2026-08-21 18:40:00+05:30,76.47,77.02,76.47,77.1575,True,True,BE,0.12557764363635793,0.014348552727267025
crypto,4h,True,ZECUSD,short,2026-08-21 22:30:00+05:30,684.29,689.0,684.29,690.1775,True,True,+1R,1.0,0.883772399150744
crypto,4h,True,XRPUSD,short,2026-08-22 08:00:00+05:30,1.536706349206349,1.549,1.536706349206349,1.5520734126984126,True,True,BE,0.11289999999999704,0.012899999999997191
crypto,4h,True,LTCUSD,short,2026-08-22 08:10:00+05:30,54.47,54.7,54.47,54.75750000000001,False,True,BE,0.2139013217391262,0.02444045217391444
crypto,4h,True,AAVEUSD,short,2026-08-22 08:20:00+05:30,125.70436507936508,126.71,125.70436507936508,126.96140873015872,True,True,SL,-1.050499999999998,-1.1504999999999983
crypto,4h,True,BCHUSD,short,2026-08-22 08:25:00+05:30,306.38,307.81,306.38,,False,False,,,
crypto,4h,True,XRPUSD,short,2026-08-22 08:50:00+05:30,1.59375,1.6065,1.59375,1.6096875000000002,True,True,BE,0.11289999999999287,0.01289999999999386
crypto,4h,True,TRUMP/USDT,short,2026-08-22 09:10:00+05:30,2.3511904761904763,2.37,2.3511904761904763,2.374702380952381,False,True,data_quality_ambiguous,,
crypto,4h,True,TRUMP/USDT,short,2026-08-22 09:20:00+05:30,2.558531746031746,2.579,2.558531746031746,2.5841170634920636,False,True,SL,-1.0504999999999973,-1.150499999999997
crypto,4h,True,SOLUSD,short,2026-08-22 09:55:00+05:30,98.213,98.401,98.213,98.448,True,True,SL,-1.2094638297872145,-1.6273914893616837
crypto,4h,True,XRPUSD,short,2026-08-22 10:10:00+05:30,1.6561507936507935,1.6694,1.6561507936507935,1.6727123015873016,False,True,data_quality_ambiguous,,
crypto,4h,True,TRUMP/USDT,short,2026-08-22 10:15:00+05:30,3.1021825396825395,3.127,3.1021825396825395,3.133204365079365,True,True,SL,-1.0505000000000033,-1.150500000000003
crypto,4h,True,TRUMP/USDT,short,2026-08-22 10:20:00+05:30,3.366,3.383,3.366,3.38725,False,True,SL,-1.0797000000000077,-1.2381000000000093
crypto,4h,True,HUSD,long,2026-08-22 10:40:00+05:30,0.0575,0.057960000000000005,0.057960000000000005,,False,False,,,
crypto,4h,True,HUSD,long,2026-08-22 10:40:00+05:30,0.06177,0.06209,0.06209,,False,False,,,
crypto,4h,True,HUSD,long,2026-08-22 10:40:00+05:30,0.0711,0.07166879999999999,0.07166879999999999,0.0709578,False,True,+2R,2.0,1.8991999999999984
crypto,4h,True,RIVERUSD,long,2026-08-22 10:40:00+05:30,2.374,2.385,2.385,,False,False,,,
crypto,4h,True,RIVERUSD,long,2026-08-22 10:40:00+05:30,2.469,2.476,2.476,2.46725,False,True,+1R,1.0,0.7170285714285725
crypto,4h,True,XRPUSD,short,2026-08-22 12:50:00+05:30,1.59375,1.6065,1.59375,,True,False,,,
crypto,4h,True,AAVEUSD,short,2026-08-23 18:00:00+05:30,131.26,131.79,131.26,131.92249999999999,True,True,SL,-1.099564150943377,-1.297692452830171
crypto,4h,True,UNIUSD,short,2026-08-23 19:00:00+05:30,4.569,4.579,4.569,4.5815,True,True,SL,-1.1832600000000157,-1.5487800000000105
crypto,4h,True,VELVETUSD,long,2026-08-24 17:20:00+05:30,0.387,0.390096,0.390096,0.386226,False,True,SL,-1.049900000000006,-1.1507000000000065
crypto,4h,True,VELVETUSD,long,2026-08-24 17:20:00+05:30,0.4717,0.4754736,0.4754736,0.4707566,False,True,SL,-1.0498999999999956,-1.1506999999999963
crypto,4h,True,VELVETUSD,long,2026-08-24 17:25:00+05:30,0.255,0.25704,0.25704,0.25449,True,True,SL,-1.0498999999999994,-1.1506999999999996
crypto,4h,True,BTCUSD,short,2026-08-24 18:10:00+05:30,78915.17857142857,79546.5,78915.17857142857,79704.33035714286,True,True,+1R,1.0,0.9000000000000006
crypto,4h,True,SOLUSD,short,2026-08-25 08:00:00+05:30,102.06349206349206,102.88,102.06349206349206,103.08412698412698,True,True,+1R,1.0,0.8999999999999998
crypto,4h,True,BTCUSD,short,2026-08-25 08:10:00+05:30,81398.5,81999.0,81398.5,,False,False,,,
crypto,4h,True,SOLUSD,short,2026-08-25 12:55:00+05:30,102.06349206349206,102.88,102.06349206349206,,True,False,,,
crypto,4h,True,TACUSD,short,2026-08-26 10:10:00+05:30,0.0029543650793650796,0.002978,0.0029543650793650796,0.0029839087301587303,False,True,data_quality_ambiguous,,
crypto,4h,True,TACUSD,short,2026-08-26 14:40:00+05:30,0.003767857142857143,0.003798,0.003767857142857143,0.0038055357142857144,True,True,SL,-1.0504999999999958,-1.150499999999996
crypto,4h,True,RIVERUSD,long,2026-08-26 17:05:00+05:30,1.95,1.9656,1.9656,1.9461,True,True,SL,-1.0499000000000014,-1.150700000000001
crypto,4h,True,AKE/USDT,long,2026-08-26 17:10:00+05:30,0.0080613,0.008125790400000001,0.008125790400000001,0.0080451774,False,True,+2R,2.0,1.8992000000000002
crypto,4h,True,BLESSUSD,short,2026-08-27 08:15:00+05:30,0.010262896825396826,0.010345,0.010262896825396826,0.010365525793650793,False,True,SL,-1.0504999999999967,-1.1504999999999979
crypto,4h,True,UNIUSD,short,2026-08-30 08:15:00+05:30,4.869,4.8738,4.869,,False,False,,,
crypto,4h,True,ZECUSD,short,2026-08-30 22:15:00+05:30,881.4484126984127,888.5,881.4484126984127,890.2628968253969,False,True,+2R,2.0,1.900000000000001
crypto,4h,True,UNIUSD,short,2026-08-30 23:20:00+05:30,5.43,5.443,5.43,5.446249999999999,False,True,SL,-1.1675769230769388,-1.5017307692307966
crypto,4h,True,ZORAUSD,short,2026-08-31 08:05:00+05:30,0.00882,0.00883,0.00882,,False,False,,,
crypto,4h,True,UNIUSD,short,2026-09-01 11:55:00+05:30,5.815,5.848,5.815,5.856249999999999,False,True,SL,-1.0709848484848599,-1.2119545454545606
crypto,4h,True,HUSD,long,2026-09-01 22:15:00+05:30,0.07075,0.07131599999999999,0.07131599999999999,0.07060849999999999,False,True,SL,-1.0499000000000094,-1.1507000000000094
crypto,4h,True,BLESSUSD,long,2026-09-01 23:55:00+05:30,0.0085,0.008568000000000001,0.008568000000000001,0.008483000000000001,False,True,+1R,1.0,0.8992
crypto,4h,True,AAVEUSD,short,2026-09-02 08:55:00+05:30,130.57539682539684,131.62,130.57539682539684,131.8811507936508,False,True,BE,0.1129000000000053,0.012900000000004103
crypto,4h,True,ETHUSD,long,2026-09-02 14:50:00+05:30,2355.65,2374.4952000000003,2374.4952000000003,2350.9387,False,True,BE,0.11380319999999626,0.013003199999996856
crypto,4h,True,AKE/USDT,short,2026-09-02 22:00:00+05:30,0.012103174603174604,0.0122,0.012103174603174604,0.01222420634920635,False,True,data_quality_ambiguous,,
crypto,4h,True,AKE/USDT,short,2026-09-02 23:50:00+05:30,0.01604126984126984,0.0161696,0.01604126984126984,0.01620168253968254,False,True,data_quality_ambiguous,,
crypto,4h,True,HUSD,short,2026-09-03 08:55:00+05:30,0.08059,0.08117,0.08059,0.08131500000000001,False,True,SL,-1.0560793103448252,-1.1672379310344776
crypto,4h,True,BNBUSD,short,2026-09-03 20:15:00+05:30,722.13,726.22,722.13,727.2425000000001,False,True,BE,0.15946890366746944,0.018220981907080103
crypto,4h,True,XRPUSD,short,2026-09-03 20:30:00+05:30,1.4676,1.4745,1.4676,1.476225,False,True,+1R,1.0,0.8298434782608672
crypto,4h,True,ZECUSD,short,2026-09-03 20:45:00+05:30,881.8253968253969,888.88,881.8253968253969,890.6436507936507,True,True,SL,-1.050500000000001,-1.150500000000002
crypto,4h,True,BTCUSD,short,2026-09-03 21:20:00+05:30,81398.5,81999.0,81398.5,82149.125,False,True,SL,-1.0547204829308885,-1.1631614487926702
crypto,4h,True,AVAXUSD,short,2026-09-03 21:25:00+05:30,7.537698412698412,7.598,7.537698412698412,7.613075396825397,False,True,BE,0.11290000000000254,0.01290000000000327
crypto,4h,True,DOGEUSD,short,2026-09-03 21:25:00+05:30,0.08966269841269842,0.09038,0.08966269841269842,0.0905593253968254,False,True,BE,0.11290000000000627,0.012900000000006448
crypto,4h,True,XRPUSD,short,2026-09-04 00:30:00+05:30,1.4676,1.4745,1.4676,,False,False,,,
crypto,4h,True,UNIUSD,short,2026-09-04 08:05:00+05:30,6.507936507936508,6.56,6.507936507936508,6.573015873015873,True,True,+2R,2.0,1.8999999999999997
crypto,4h,True,AVAXUSD,short,2026-09-04 08:30:00+05:30,7.537698412698412,7.598,7.537698412698412,7.613075396825397,False,True,+2R,2.0,1.9000000000000008
crypto,4h,True,LINKUSD,short,2026-09-04 09:50:00+05:30,11.973,12.041,11.973,12.058,False,True,+1R,1.0,0.8591411764705867
crypto,4h,True,LINKUSD,short,2026-09-04 13:50:00+05:30,11.973,12.041,11.973,,False,False,,,
crypto,4h,True,AVAXUSD,short,2026-09-04 14:20:00+05:30,7.537698412698412,7.598,7.537698412698412,,False,False,,,
crypto,4h,True,ETHUSD,short,2026-09-04 14:45:00+05:30,2545.8829365079364,2566.25,2545.8829365079364,,False,False,,,
crypto,4h,True,TRUMP/USDT,long,2026-09-04 18:00:00+05:30,2.115,2.13192,2.13192,,False,False,,,
crypto,4h,True,LTCUSD,short,2026-09-05 11:40:00+05:30,53.75,54.13,53.75,54.225,False,True,BE,0.1277552631578998,0.014597368421058049
crypto,4h,True,BNBUSD,short,2026-09-05 13:05:00+05:30,740.25,746.13,740.25,747.6,True,True,SL,-1.0508571428571374,-1.1515714285714227
crypto,4h,True,UNIUSD,short,2026-09-05 21:50:00+05:30,6.507936507936508,6.56,6.507936507936508,6.573015873015873,True,True,SL,-1.0505000000000024,-1.1505000000000027
crypto,4h,True,DOGEUSD,short,2026-09-05 22:40:00+05:30,0.08966269841269842,0.09038,0.08966269841269842,0.0905593253968254,False,True,BE,0.11290000000000627,0.012900000000006448
crypto,4h,True,LTCUSD,short,2026-09-06 00:00:00+05:30,55.13,55.56,55.13,55.667500000000004,True,True,+2R,2.0,1.897432558139535
crypto,4h,True,AVAXUSD,short,2026-09-06 08:00:00+05:30,7.708,7.728,7.708,7.733,False,True,+1R,1.0,0.6916799999999934
crypto,4h,True,LTCUSD,short,2026-09-06 09:05:00+05:30,55.13,55.56,55.13,,True,False,,,
crypto,4h,True,SOLUSD,short,2026-09-06 09:05:00+05:30,107.144,107.453,107.144,107.53025,False,True,+2R,2.0,1.7226045307443292
crypto,4h,True,SOLUSD,short,2026-09-06 14:55:00+05:30,107.144,107.453,107.144,,False,False,,,
crypto,4h,True,SOLUSD,short,2026-09-06 19:25:00+05:30,107.144,107.453,107.144,,False,False,,,
crypto,4h,True,SOLUSD,short,2026-09-07 08:05:00+05:30,107.144,107.453,107.144,,False,False,,,
crypto,4h,True,LTCUSD,short,2026-09-07 18:20:00+05:30,59.03769841269841,59.51,59.03769841269841,59.628075396825395,False,True,+2R,2.0,1.9
crypto,4h,True,TACUSD,long,2026-09-08 16:40:00+05:30,0.0021,0.0021168,0.0021168,0.0020958,False,True,+1R,1.0,0.8991999999999988
crypto,4h,True,BCHUSD,long,2026-09-10 18:05:00+05:30,239.8,241.66,241.66,239.335,False,True,SL,-1.0514698924731147,-1.1554096774193519
crypto,4h,True,AAVEUSD,long,2026-09-10 18:15:00+05:30,120.0,120.9,120.9,119.775,False,True,+2R,2.0,1.8925333333333334
crypto,4h,True,HYPEUSD,long,2026-09-10 21:45:00+05:30,79.06,79.57,79.57,78.9325,False,True,SL,-1.061907843137262,-1.186723529411774
crypto,4h,True,BTCUSD,long,2026-09-11 18:00:00+05:30,75595.5,76028.0,76028.0,,False,False,,,
crypto,4h,True,SOLUSD,long,2026-09-11 18:00:00+05:30,97.408,98.1,98.1,,False,False,,,
crypto,4h,True,XRPUSD,long,2026-09-11 18:00:00+05:30,1.3106,1.3181,1.3181,,False,False,,,
crypto,4h,True,ETHUSD,short,2026-09-11 19:15:00+05:30,2545.8829365079364,2566.25,2545.8829365079364,2571.341765873016,False,True,SL,-1.0504999999999916,-1.150499999999991
crypto,4h,True,RIVERUSD,short,2026-09-12 08:15:00+05:30,1.4067460317460316,1.418,1.4067460317460316,1.420813492063492,False,True,+1R,1.0,0.9000000000000008
crypto,4h,True,HUSD,short,2026-09-12 12:50:00+05:30,0.08721230158730159,0.08791,0.08721230158730159,0.0880844246031746,True,True,BE,0.11289999999999917,0.012899999999998912
crypto,4h,True,ZORAUSD,short,2026-09-13 12:55:00+05:30,0.008958333333333334,0.00903,0.008958333333333334,,False,False,,,
crypto,4h,True,HYPEUSD,long,2026-09-13 14:50:00+05:30,76.8,77.4144,77.4144,76.6464,False,True,BE,0.11380320000000285,0.013003200000002935
crypto,4h,True,HYPEUSD,long,2026-09-13 18:50:00+05:30,76.8,77.4144,77.4144,,False,False,,,
crypto,4h,True,XRPUSD,short,2026-09-14 23:20:00+05:30,1.439484126984127,1.451,1.439484126984127,1.4538789682539683,False,True,BE,0.11289999999999223,0.012899999999992862
crypto,4h,True,XRPUSD,short,2026-09-15 00:15:00+05:30,1.4737,1.484,1.4737,1.486575,True,True,+1R,1.0,0.8855378640776697
crypto,4h,True,AKE/USDT,short,2026-09-15 15:15:00+05:30,0.02145714285714286,0.0216288,0.02145714285714286,0.021671714285714287,False,True,SL,-1.050500000000001,-1.1505000000000012
crypto,4h,True,BTCUSD,long,2026-09-15 19:05:00+05:30,75595.5,76028.0,76028.0,75487.375,False,True,+2R,2.0,1.8593701734104047
crypto,4h,True,ETHUSD,long,2026-09-15 20:05:00+05:30,2403.8,2423.0304,2423.0304,2398.9924,False,True,SL,-1.0498999999999952,-1.1506999999999952
crypto,4h,True,DOGEUSD,long,2026-09-15 20:20:00+05:30,0.08023,0.08075,0.08075,0.08009999999999999,False,True,SL,-1.0616153846153833,-1.1858461538461502
crypto,4h,True,LTCUSD,long,2026-09-15 20:20:00+05:30,51.67,51.69,51.69,,False,False,,,
crypto,4h,True,SOLUSD,long,2026-09-15 20:20:00+05:30,97.408,98.1,98.1,97.235,False,True,SL,-1.056205202312146,-1.169615606936424
crypto,4h,True,ETHUSD,long,2026-09-16 00:05:00+05:30,2355.1,2373.9408,2373.9408,2350.3898,True,True,+1R,1.0,0.8991999999999997
crypto,4h,True,XRPUSD,long,2026-09-16 00:10:00+05:30,1.3106,1.3181,1.3181,1.308725,False,True,SL,-1.0697986666666603,-1.2103959999999916
crypto,4h,True,BNBUSD,long,2026-09-16 00:15:00+05:30,702.96,707.82,707.82,,False,False,,,
crypto,4h,True,LINKUSD,long,2026-09-16 00:15:00+05:30,10.91,10.97,10.97,10.895,False,True,data_quality_ambiguous,,
crypto,4h,True,DOGEUSD,long,2026-09-16 00:25:00+05:30,0.08023,0.08075,0.08075,,False,False,,,
crypto,4h,True,SOLUSD,long,2026-09-16 00:25:00+05:30,97.408,98.1,98.1,,False,False,,,
crypto,4h,True,AAVEUSD,long,2026-09-16 08:35:00+05:30,120.0,120.9,120.9,119.775,False,True,BE,0.12132986666666865,0.013863200000001963
crypto,4h,True,AAVEUSD,long,2026-09-16 12:35:00+05:30,120.0,120.9,120.9,,False,False,,,
crypto,4h,True,BNBUSD,long,2026-09-16 13:30:00+05:30,702.96,707.82,707.82,701.745,False,True,+1R,1.0,0.8834864197530873
crypto,4h,True,ETHUSD,long,2026-09-16 23:05:00+05:30,2355.1,2373.9408,2373.9408,2350.3898,True,True,data_quality_ambiguous,,
crypto,4h,True,ZECUSD,short,2026-09-16 23:35:00+05:30,1292.8,1295.19,1292.8,1295.7875000000001,False,True,SL,-1.2168682008368383,-1.6496046025104523
crypto,4h,True,UNIUSD,short,2026-09-17 22:15:00+05:30,7.428571428571429,7.488,7.428571428571429,7.502857142857144,True,True,SL,-1.0504999999999975,-1.150499999999997
crypto,4h,True,HYPEUSD,short,2026-09-18 08:40:00+05:30,86.89,87.08,86.89,87.1275,False,True,SL,-1.1834263157894933,-1.549278947368445
crypto,4h,True,LTCUSD,short,2026-09-18 08:45:00+05:30,54.9,55.3,54.9,55.4,False,True,+1R,1.0,0.8902
crypto,4h,True,SOLUSD,short,2026-09-18 09:20:00+05:30,104.97321428571429,105.813,104.97321428571429,106.02294642857143,False,True,SL,-1.050499999999998,-1.1504999999999985
crypto,4h,True,BNBUSD,short,2026-09-18 11:35:00+05:30,756.21,760.86,756.21,762.0225,False,True,BE,0.14688362838710273,0.016782983225812398
crypto,4h,True,HYPEUSD,short,2026-09-18 14:25:00+05:30,88.90575396825398,89.617,88.90575396825398,89.79481150793652,False,True,SL,-1.0505000000000035,-1.1505000000000036
crypto,4h,True,AAVEUSD,short,2026-09-18 18:45:00+05:30,138.88888888888889,140.0,138.88888888888889,140.27777777777777,False,True,SL,-1.050500000000002,-1.1505000000000023
crypto,4h,True,BNBUSD,short,2026-09-18 19:05:00+05:30,756.21,760.86,756.21,,False,False,,,
crypto,4h,True,SOLUSD,short,2026-09-18 19:05:00+05:30,107.144,107.453,107.144,107.53025,False,True,SL,-1.1391977346278308,-1.4165932038835016
crypto,4h,True,BTCUSD,short,2026-09-18 19:10:00+05:30,79234.62301587302,79868.5,79234.62301587302,80026.96924603175,False,True,SL,-1.0505000000000069,-1.1505000000000072
crypto,4h,True,BTCUSD,short,2026-09-18 19:20:00+05:30,80309.0,80537.0,80309.0,80594.0,False,True,data_quality_ambiguous,,
crypto,4h,True,DOGEUSD,short,2026-09-18 19:20:00+05:30,0.08760912698412698,0.08831,0.08760912698412698,0.08848521825396825,False,True,BE,0.11289999999999374,0.012899999999993736
crypto,4h,True,LINKUSD,short,2026-09-18 19:20:00+05:30,12.103174603174603,12.2,12.103174603174603,12.224206349206348,False,True,BE,0.11290000000000124,0.012900000000000494
crypto,4h,True,SOLUSD,short,2026-09-18 19:50:00+05:30,109.911,110.635,109.911,110.816,False,True,BE,0.13711549060772873,0.015666871823198494
crypto,4h,True,DOGEUSD,short,2026-09-18 23:20:00+05:30,0.08760912698412698,0.08831,0.08760912698412698,,False,False,,,
crypto,4h,True,AVAXUSD,short,2026-09-19 00:10:00+05:30,8.267857142857142,8.334,8.267857142857142,8.350535714285714,False,True,+1R,1.0,0.9000000000000002
crypto,4h,True,AAVEUSD,short,2026-09-19 08:00:00+05:30,144.22619047619048,145.38,144.22619047619048,145.66845238095237,False,True,SL,-1.050500000000003,-1.150500000000004
crypto,4h,True,LTCUSD,short,2026-09-19 08:00:00+05:30,59.03769841269841,59.51,59.03769841269841,59.628075396825395,False,True,+2R,2.0,1.9
crypto,4h,True,ETHUSD,short,2026-09-19 13:50:00+05:30,2644.8908730158732,2666.05,2644.8908730158732,2671.339781746032,True,True,BE,0.11290000000000647,0.012900000000005823
crypto,4h,True,VELVETUSD,short,2026-09-19 14:05:00+05:30,0.06279761904761905,0.0633,0.06279761904761905,0.06342559523809524,False,True,data_quality_ambiguous,,
crypto,4h,True,AVAXUSD,short,2026-09-19 14:50:00+05:30,9.018,9.088,9.018,9.1055,False,True,+1R,1.0,0.8969371428571412
crypto,4h,True,AVAXUSD,short,2026-09-19 21:40:00+05:30,9.534,9.594,9.534,9.608999999999998,False,True,SL,-1.0640600000000093,-1.1911800000000135
crypto,4h,True,HUSD,long,2026-09-20 08:25:00+05:30,0.07651,0.07712208,0.07712208,0.07635697999999999,False,True,BE,0.11380320000000513,0.013003200000005738
crypto,4h,True,LTCUSD,short,2026-09-20 22:15:00+05:30,59.03769841269841,59.51,59.03769841269841,59.628075396825395,False,True,BE,0.11289999999999588,0.012899999999995762
crypto,4h,True,BNBUSD,short,2026-09-21 08:05:00+05:30,782.25,784.08,782.25,784.5375,False,True,+2R,2.0,1.6580327868852494
crypto,4h,True,HUSD,long,2026-09-21 10:25:00+05:30,0.07042,0.07098336,0.07098336,0.07027916,True,True,+2R,2.0,1.8992000000000002
crypto,4h,True,BTCUSD,short,2026-09-21 14:00:00+05:30,82485.5,82811.5,82485.5,82893.0,False,True,SL,-1.1017092024540012,-1.3041276073619767
crypto,4h,True,XRPUSD,short,2026-09-21 14:10:00+05:30,1.4808,1.4921,1.4808,1.494925,True,True,BE,0.11835916460176302,0.013523766371675752
crypto,4h,True,DOGEUSD,short,2026-09-21 15:05:00+05:30,0.09436507936507936,0.09512,0.09436507936507936,0.09530873015873015,True,True,+2R,2.0,1.8999999999999995
crypto,4h,True,LTCUSD,short,2026-09-21 17:00:00+05:30,60.75396825396825,61.24,60.75396825396825,61.36150793650794,False,True,SL,-1.0505000000000015,-1.1505000000000007
crypto,4h,True,BCHUSD,short,2026-09-21 17:55:00+05:30,272.43,274.22,272.43,,False,False,,,
crypto,4h,True,DOGEUSD,short,2026-09-21 20:05:00+05:30,0.09436507936507936,0.09512,0.09436507936507936,,True,False,,,
crypto,4h,True,DOGEUSD,short,2026-09-22 09:30:00+05:30,0.10311507936507937,0.10394,0.10311507936507937,0.10414623015873016,False,True,SL,-1.0504999999999975,-1.1504999999999976
crypto,4h,True,BCHUSD,short,2026-09-22 15:50:00+05:30,272.43,274.22,272.43,274.6675,False,True,+1R,1.0,0.878243575418995
crypto,4h,True,BCHUSD,short,2026-09-22 18:05:00+05:30,283.343253968254,285.61,283.343253968254,286.17668650793655,False,True,SL,-1.050499999999998,-1.1504999999999967
crypto,4h,True,BCHUSD,short,2026-09-22 18:25:00+05:30,306.38,307.81,306.38,308.1675,False,True,SL,-1.0862006993006892,-1.2576020979020857
crypto,4h,True,BCHUSD,short,2026-09-23 11:30:00+05:30,353.55,355.0,353.55,355.3625,False,True,+2R,2.0,1.8049379310344826
crypto,4h,True,BLESSUSD,short,2026-09-23 17:30:00+05:30,0.009955,0.009985,0.009955,0.009992500000000001,False,True,+1R,1.0,0.7345333333333409
crypto,4h,True,RIVERUSD,long,2026-09-23 19:40:00+05:30,1.111,1.119888,1.119888,1.108778,False,True,SL,-1.0498999999999943,-1.1506999999999947
crypto,4h,True,LTCUSD,short,2026-09-24 19:00:00+05:30,70.06,70.45,70.06,70.5475,False,True,SL,-1.0723564102564143,-1.2160692307692356
crypto,4h,True,VELVETUSD,short,2026-09-24 20:45:00+05:30,0.06488095238095239,0.0654,0.06488095238095239,0.0655297619047619,True,True,+1R,1.0,0.8999999999999978
crypto,4h,True,RIVERUSD,short,2026-09-24 21:45:00+05:30,1.3035714285714286,1.314,1.3035714285714286,1.3166071428571429,False,True,+2R,2.0,1.9
crypto,4h,True,LINKUSD,short,2026-09-25 13:45:00+05:30,13.882,13.886,13.882,,False,False,,,
crypto,4h,True,LINKUSD,short,2026-09-26 16:25:00+05:30,14.285714285714286,14.4,14.285714285714286,14.428571428571429,False,True,BE,0.11290000000000551,0.01290000000000513
crypto,4h,True,TACUSD,short,2026-09-26 17:30:00+05:30,0.0016617063492063492,0.001675,0.0016617063492063492,0.0016783234126984128,False,True,+2R,2.0,1.9000000000000008
crypto,4h,True,BEAT/USDT,short,2026-09-26 18:35:00+05:30,0.10625,0.1071,0.10625,0.1073125,False,True,BE,0.11289999999999664,0.012899999999997372
crypto,4h,True,LINKUSD,short,2026-09-26 20:35:00+05:30,14.285714285714286,14.4,14.285714285714286,,False,False,,,
crypto,4h,True,TACUSD,long,2026-09-28 09:00:00+05:30,0.001469,0.0014807520000000001,0.0014807520000000001,0.001466062,False,True,+1R,1.0,0.899200000000001
crypto,4h,True,BNBUSD,long,2026-09-28 11:05:00+05:30,756.58,760.9,760.9,755.5,False,True,BE,0.15908446296295906,0.018177055555551047
crypto,4h,True,BNBUSD,long,2026-09-28 15:15:00+05:30,756.58,760.9,760.9,,False,False,,,
crypto,4h,True,BNBUSD,long,2026-09-28 19:45:00+05:30,756.58,760.9,760.9,,False,False,,,
crypto,4h,True,ZORAUSD,long,2026-09-28 20:05:00+05:30,0.007861,0.007895,0.007895,0.0078525,False,True,SL,-1.0923823529411654,-1.2781470588235222
crypto,4h,True,DOGEUSD,long,2026-09-28 20:10:00+05:30,0.09127,0.09174,0.09174,0.0911525,False,True,+2R,2.0,1.8438468085106394
crypto,4h,True,TRUMP/USDT,long,2026-09-28 20:20:00+05:30,1.938,1.948,1.948,1.9355,False,True,+2R,2.0,1.8441599999999994
crypto,4h,True,VELVETUSD,long,2026-09-28 20:45:00+05:30,0.0544,0.0546,0.0546,0.054349999999999996,False,True,+2R,2.0,1.7816000000000063
crypto,4h,True,DOGEUSD,long,2026-09-29 08:00:00+05:30,0.09127,0.09174,0.09174,,False,False,,,
crypto,4h,True,TRUMP/USDT,long,2026-09-29 08:20:00+05:30,1.938,1.948,1.948,,False,False,,,
crypto,4h,True,AAVEUSD,short,2026-09-29 13:05:00+05:30,162.75,163.8,162.75,164.0625,False,True,SL,-1.0625,-1.1865
crypto,4h,True,AVAXUSD,short,2026-09-29 15:50:00+05:30,11.702380952380953,11.796,11.702380952380953,11.81940476190476,False,True,SL,-1.0505000000000013,-1.150500000000003
crypto,4h,True,TRUMP/USDT,short,2026-10-01 08:15:00+05:30,2.188,2.195,2.188,2.1967499999999998,False,True,SL,-1.125528571428601,-1.3755857142857555
crypto,4h,True,AAVEUSD,short,2026-10-02 09:55:00+05:30,179.02,180.1,179.02,180.37,False,True,SL,-1.0668037037036975,-1.1994111111111054
crypto,4h,True,BTCUSD,short,2026-10-02 09:55:00+05:30,86875.5,87386.0,86875.5,87513.625,True,True,+1R,1.0,0.8638581782566112
crypto,4h,True,VELVETUSD,short,2026-10-02 09:55:00+05:30,0.06567460317460316,0.0662,0.06567460317460316,0.0663313492063492,True,True,+2R,2.0,1.9000000000000006
crypto,4h,True,AAVEUSD,short,2026-10-02 10:20:00+05:30,186.67,187.42,186.67,187.6075,False,True,+2R,2.0,1.8008853333333334
crypto,4h,True,VELVETUSD,short,2026-10-02 17:40:00+05:30,0.06567460317460316,0.0662,0.06567460317460316,,True,False,,,
crypto,4h,True,BTCUSD,short,2026-10-02 18:00:00+05:30,86875.5,87386.0,86875.5,,True,False,,,
crypto,4h,True,ZORAUSD,long,2026-10-02 23:55:00+05:30,0.007616,0.007676928,0.007676928,0.007600768000000001,True,True,SL,-1.0499000000000027,-1.1507000000000032
crypto,4h,True,BEAT/USDT,long,2026-10-03 00:05:00+05:30,0.0831,0.0837648,0.0837648,0.08293379999999999,False,True,+2R,2.0,1.8992000000000016
crypto,4h,True,DOGEUSD,long,2026-10-03 00:05:00+05:30,0.09127,0.09174,0.09174,0.0911525,False,True,SL,-1.0775765957446775,-1.2337297872340378
crypto,4h,True,ETHUSD,long,2026-10-03 00:05:00+05:30,2626.6,2646.0,2646.0,,False,False,,,
crypto,4h,True,LINKUSD,long,2026-10-03 00:05:00+05:30,13.537,13.645296,13.645296,13.509926,False,True,SL,-1.049900000000004,-1.150700000000004
crypto,4h,True,XRPUSD,long,2026-10-03 00:05:00+05:30,1.4525,1.4641199999999999,1.4641199999999999,1.449595,False,True,SL,-1.0498999999999994,-1.1507
